solid OpenSCAD_Model
  facet normal -0.896874 -0.442286 0
    outer loop
      vertex -5.96746 4.8419 0
      vertex -6.09474 5.1 3
      vertex -6.09474 5.1 0
    endloop
  endfacet
  facet normal -0.896874 -0.442286 0
    outer loop
      vertex -6.09474 5.1 3
      vertex -5.96746 4.8419 0
      vertex -5.96746 4.8419 3
    endloop
  endfacet
  facet normal -0.0653981 -0.997859 0
    outer loop
      vertex -8 6.2 0
      vertex -7.71284 6.18118 3
      vertex -8 6.2 3
    endloop
  endfacet
  facet normal -0.0653981 -0.997859 -0
    outer loop
      vertex -7.71284 6.18118 3
      vertex -8 6.2 0
      vertex -7.71284 6.18118 0
    endloop
  endfacet
  facet normal -1 0 0
    outer loop
      vertex -5.8 -4 0
      vertex -5.8 4 3
      vertex -5.8 4 0
    endloop
  endfacet
  facet normal -1 -0 0
    outer loop
      vertex -5.8 4 3
      vertex -5.8 -4 0
      vertex -5.8 -4 3
    endloop
  endfacet
  facet normal 0.896929 -0.442175 0
    outer loop
      vertex -10.0325 4.8419 3
      vertex -9.90526 5.1 0
      vertex -9.90526 5.1 3
    endloop
  endfacet
  facet normal 0.896929 -0.442175 0
    outer loop
      vertex -9.90526 5.1 0
      vertex -10.0325 4.8419 3
      vertex -10.0325 4.8419 0
    endloop
  endfacet
  facet normal -0.997859 -0.0653981 0
    outer loop
      vertex -5.8 4 0
      vertex -5.81882 4.28716 3
      vertex -5.81882 4.28716 0
    endloop
  endfacet
  facet normal -0.997859 -0.0653981 0
    outer loop
      vertex -5.81882 4.28716 3
      vertex -5.8 4 0
      vertex -5.8 4 3
    endloop
  endfacet
  facet normal 0.997864 0.0653289 0
    outer loop
      vertex -10.1812 -4.28716 3
      vertex -10.2 -4 0
      vertex -10.2 -4 3
    endloop
  endfacet
  facet normal 0.997864 0.0653289 0
    outer loop
      vertex -10.2 -4 0
      vertex -10.1812 -4.28716 3
      vertex -10.1812 -4.28716 0
    endloop
  endfacet
  facet normal 0.997864 -0.0653289 0
    outer loop
      vertex -10.2 4 3
      vertex -10.1812 4.28716 0
      vertex -10.1812 4.28716 3
    endloop
  endfacet
  facet normal 0.997864 -0.0653289 0
    outer loop
      vertex -10.1812 4.28716 0
      vertex -10.2 4 3
      vertex -10.2 4 0
    endloop
  endfacet
  facet normal 0.321467 -0.946921 0
    outer loop
      vertex -8.8419 6.03253 0
      vertex -8.5694 6.12504 3
      vertex -8.8419 6.03253 3
    endloop
  endfacet
  facet normal 0.321467 -0.946921 0
    outer loop
      vertex -8.5694 6.12504 3
      vertex -8.8419 6.03253 0
      vertex -8.5694 6.12504 0
    endloop
  endfacet
  facet normal 0.65936 0.751827 -0
    outer loop
      vertex -9.33927 -5.74538 0
      vertex -9.55563 -5.55563 3
      vertex -9.33927 -5.74538 3
    endloop
  endfacet
  facet normal 0.65936 0.751827 0
    outer loop
      vertex -9.55563 -5.55563 3
      vertex -9.33927 -5.74538 0
      vertex -9.55563 -5.55563 0
    endloop
  endfacet
  facet normal 1 -0 0
    outer loop
      vertex -10.2 -4 3
      vertex -10.2 4 0
      vertex -10.2 4 3
    endloop
  endfacet
  facet normal 1 0 0
    outer loop
      vertex -10.2 4 0
      vertex -10.2 -4 3
      vertex -10.2 -4 0
    endloop
  endfacet
  facet normal 0.946931 -0.321435 0
    outer loop
      vertex -10.125 4.5694 3
      vertex -10.0325 4.8419 0
      vertex -10.0325 4.8419 3
    endloop
  endfacet
  facet normal 0.946931 -0.321435 0
    outer loop
      vertex -10.0325 4.8419 0
      vertex -10.125 4.5694 3
      vertex -10.125 4.5694 0
    endloop
  endfacet
  facet normal 0.65936 -0.751827 0
    outer loop
      vertex -9.55563 5.55563 0
      vertex -9.33927 5.74538 3
      vertex -9.55563 5.55563 3
    endloop
  endfacet
  facet normal 0.65936 -0.751827 0
    outer loop
      vertex -9.33927 5.74538 3
      vertex -9.55563 5.55563 0
      vertex -9.33927 5.74538 0
    endloop
  endfacet
  facet normal 0.195087 -0.980786 0
    outer loop
      vertex -8.5694 6.12504 0
      vertex -8.28716 6.18118 3
      vertex -8.5694 6.12504 3
    endloop
  endfacet
  facet normal 0.195087 -0.980786 0
    outer loop
      vertex -8.28716 6.18118 3
      vertex -8.5694 6.12504 0
      vertex -8.28716 6.18118 0
    endloop
  endfacet
  facet normal -0.195087 -0.980786 0
    outer loop
      vertex -7.71284 6.18118 0
      vertex -7.4306 6.12504 3
      vertex -7.71284 6.18118 3
    endloop
  endfacet
  facet normal -0.195087 -0.980786 -0
    outer loop
      vertex -7.4306 6.12504 3
      vertex -7.71284 6.18118 0
      vertex -7.4306 6.12504 0
    endloop
  endfacet
  facet normal 0.946931 0.321435 0
    outer loop
      vertex -10.0325 -4.8419 3
      vertex -10.125 -4.5694 0
      vertex -10.125 -4.5694 3
    endloop
  endfacet
  facet normal 0.946931 0.321435 0
    outer loop
      vertex -10.125 -4.5694 0
      vertex -10.0325 -4.8419 3
      vertex -10.0325 -4.8419 0
    endloop
  endfacet
  facet normal 0.980746 0.195287 0
    outer loop
      vertex -10.125 -4.5694 3
      vertex -10.1812 -4.28716 0
      vertex -10.1812 -4.28716 3
    endloop
  endfacet
  facet normal 0.980746 0.195287 0
    outer loop
      vertex -10.1812 -4.28716 0
      vertex -10.125 -4.5694 3
      vertex -10.125 -4.5694 0
    endloop
  endfacet
  facet normal -0.0653981 0.997859 0
    outer loop
      vertex -7.71284 -6.18118 0
      vertex -8 -6.2 3
      vertex -7.71284 -6.18118 3
    endloop
  endfacet
  facet normal -0.0653981 0.997859 0
    outer loop
      vertex -8 -6.2 3
      vertex -7.71284 -6.18118 0
      vertex -8 -6.2 0
    endloop
  endfacet
  facet normal -0.195087 0.980786 0
    outer loop
      vertex -7.4306 -6.12504 0
      vertex -7.71284 -6.18118 3
      vertex -7.4306 -6.12504 3
    endloop
  endfacet
  facet normal -0.195087 0.980786 0
    outer loop
      vertex -7.71284 -6.18118 3
      vertex -7.4306 -6.12504 0
      vertex -7.71284 -6.18118 0
    endloop
  endfacet
  facet normal 0.980746 -0.195287 0
    outer loop
      vertex -10.1812 4.28716 3
      vertex -10.125 4.5694 0
      vertex -10.125 4.5694 3
    endloop
  endfacet
  facet normal 0.980746 -0.195287 0
    outer loop
      vertex -10.125 4.5694 0
      vertex -10.1812 4.28716 3
      vertex -10.1812 4.28716 0
    endloop
  endfacet
  facet normal 0.831462 -0.555582 0
    outer loop
      vertex -9.90526 5.1 3
      vertex -9.74538 5.33927 0
      vertex -9.74538 5.33927 3
    endloop
  endfacet
  facet normal 0.831462 -0.555582 0
    outer loop
      vertex -9.74538 5.33927 0
      vertex -9.90526 5.1 3
      vertex -9.90526 5.1 0
    endloop
  endfacet
  facet normal 0.442258 -0.896888 0
    outer loop
      vertex -9.1 5.90526 0
      vertex -8.8419 6.03253 3
      vertex -9.1 5.90526 3
    endloop
  endfacet
  facet normal 0.442258 -0.896888 0
    outer loop
      vertex -8.8419 6.03253 3
      vertex -9.1 5.90526 0
      vertex -8.8419 6.03253 0
    endloop
  endfacet
  facet normal 0.555582 -0.831462 0
    outer loop
      vertex -9.33927 5.74538 0
      vertex -9.1 5.90526 3
      vertex -9.33927 5.74538 3
    endloop
  endfacet
  facet normal 0.555582 -0.831462 0
    outer loop
      vertex -9.1 5.90526 3
      vertex -9.33927 5.74538 0
      vertex -9.1 5.90526 0
    endloop
  endfacet
  facet normal -0.442258 -0.896888 0
    outer loop
      vertex -7.1581 6.03253 0
      vertex -6.9 5.90526 3
      vertex -7.1581 6.03253 3
    endloop
  endfacet
  facet normal -0.442258 -0.896888 -0
    outer loop
      vertex -6.9 5.90526 3
      vertex -7.1581 6.03253 0
      vertex -6.9 5.90526 0
    endloop
  endfacet
  facet normal -0.321467 -0.946921 0
    outer loop
      vertex -7.4306 6.12504 0
      vertex -7.1581 6.03253 3
      vertex -7.4306 6.12504 3
    endloop
  endfacet
  facet normal -0.321467 -0.946921 -0
    outer loop
      vertex -7.1581 6.03253 3
      vertex -7.4306 6.12504 0
      vertex -7.1581 6.03253 0
    endloop
  endfacet
  facet normal -0.946931 -0.321435 0
    outer loop
      vertex -5.87496 4.5694 0
      vertex -5.96746 4.8419 3
      vertex -5.96746 4.8419 0
    endloop
  endfacet
  facet normal -0.946931 -0.321435 0
    outer loop
      vertex -5.96746 4.8419 3
      vertex -5.87496 4.5694 0
      vertex -5.87496 4.5694 3
    endloop
  endfacet
  facet normal -0.980786 -0.195087 0
    outer loop
      vertex -5.81882 4.28716 0
      vertex -5.87496 4.5694 3
      vertex -5.87496 4.5694 0
    endloop
  endfacet
  facet normal -0.980786 -0.195087 0
    outer loop
      vertex -5.87496 4.5694 3
      vertex -5.81882 4.28716 0
      vertex -5.81882 4.28716 3
    endloop
  endfacet
  facet normal -0.751844 0.659341 0
    outer loop
      vertex -6.44436 -5.55563 0
      vertex -6.25462 -5.33927 3
      vertex -6.25462 -5.33927 0
    endloop
  endfacet
  facet normal -0.751844 0.659341 0
    outer loop
      vertex -6.25462 -5.33927 3
      vertex -6.44436 -5.55563 0
      vertex -6.44436 -5.55563 3
    endloop
  endfacet
  facet normal -0.896874 0.442286 0
    outer loop
      vertex -6.09474 -5.1 0
      vertex -5.96746 -4.8419 3
      vertex -5.96746 -4.8419 0
    endloop
  endfacet
  facet normal -0.896874 0.442286 0
    outer loop
      vertex -5.96746 -4.8419 3
      vertex -6.09474 -5.1 0
      vertex -6.09474 -5.1 3
    endloop
  endfacet
  facet normal -0.980786 0.195087 0
    outer loop
      vertex -5.87496 -4.5694 0
      vertex -5.81882 -4.28716 3
      vertex -5.81882 -4.28716 0
    endloop
  endfacet
  facet normal -0.980786 0.195087 0
    outer loop
      vertex -5.81882 -4.28716 3
      vertex -5.87496 -4.5694 0
      vertex -5.87496 -4.5694 3
    endloop
  endfacet
  facet normal 0.442258 0.896888 -0
    outer loop
      vertex -8.8419 -6.03253 0
      vertex -9.1 -5.90526 3
      vertex -8.8419 -6.03253 3
    endloop
  endfacet
  facet normal 0.442258 0.896888 0
    outer loop
      vertex -9.1 -5.90526 3
      vertex -8.8419 -6.03253 0
      vertex -9.1 -5.90526 0
    endloop
  endfacet
  facet normal 0.831462 0.555582 0
    outer loop
      vertex -9.74538 -5.33927 3
      vertex -9.90526 -5.1 0
      vertex -9.90526 -5.1 3
    endloop
  endfacet
  facet normal 0.831462 0.555582 0
    outer loop
      vertex -9.90526 -5.1 0
      vertex -9.74538 -5.33927 3
      vertex -9.74538 -5.33927 0
    endloop
  endfacet
  facet normal 0.751827 0.65936 0
    outer loop
      vertex -9.55563 -5.55563 3
      vertex -9.74538 -5.33927 0
      vertex -9.74538 -5.33927 3
    endloop
  endfacet
  facet normal 0.751827 0.65936 0
    outer loop
      vertex -9.74538 -5.33927 0
      vertex -9.55563 -5.55563 3
      vertex -9.55563 -5.55563 0
    endloop
  endfacet
  facet normal -0.442258 0.896888 0
    outer loop
      vertex -6.9 -5.90526 0
      vertex -7.1581 -6.03253 3
      vertex -6.9 -5.90526 3
    endloop
  endfacet
  facet normal -0.442258 0.896888 0
    outer loop
      vertex -7.1581 -6.03253 3
      vertex -6.9 -5.90526 0
      vertex -7.1581 -6.03253 0
    endloop
  endfacet
  facet normal 0.0653981 -0.997859 0
    outer loop
      vertex -8.28716 6.18118 0
      vertex -8 6.2 3
      vertex -8.28716 6.18118 3
    endloop
  endfacet
  facet normal 0.0653981 -0.997859 0
    outer loop
      vertex -8 6.2 3
      vertex -8.28716 6.18118 0
      vertex -8 6.2 0
    endloop
  endfacet
  facet normal 0.751827 -0.65936 0
    outer loop
      vertex -9.74538 5.33927 3
      vertex -9.55563 5.55563 0
      vertex -9.55563 5.55563 3
    endloop
  endfacet
  facet normal 0.751827 -0.65936 0
    outer loop
      vertex -9.55563 5.55563 0
      vertex -9.74538 5.33927 3
      vertex -9.74538 5.33927 0
    endloop
  endfacet
  facet normal -0.555566 -0.831472 0
    outer loop
      vertex -6.9 5.90526 0
      vertex -6.66072 5.74538 3
      vertex -6.9 5.90526 3
    endloop
  endfacet
  facet normal -0.555566 -0.831472 -0
    outer loop
      vertex -6.66072 5.74538 3
      vertex -6.9 5.90526 0
      vertex -6.66072 5.74538 0
    endloop
  endfacet
  facet normal -0.555566 0.831472 0
    outer loop
      vertex -6.66072 -5.74538 0
      vertex -6.9 -5.90526 3
      vertex -6.66072 -5.74538 3
    endloop
  endfacet
  facet normal -0.555566 0.831472 0
    outer loop
      vertex -6.9 -5.90526 3
      vertex -6.66072 -5.74538 0
      vertex -6.9 -5.90526 0
    endloop
  endfacet
  facet normal -0.946931 0.321435 0
    outer loop
      vertex -5.96746 -4.8419 0
      vertex -5.87496 -4.5694 3
      vertex -5.87496 -4.5694 0
    endloop
  endfacet
  facet normal -0.946931 0.321435 0
    outer loop
      vertex -5.87496 -4.5694 3
      vertex -5.96746 -4.8419 0
      vertex -5.96746 -4.8419 3
    endloop
  endfacet
  facet normal -0.831462 0.555582 0
    outer loop
      vertex -6.25462 -5.33927 0
      vertex -6.09474 -5.1 3
      vertex -6.09474 -5.1 0
    endloop
  endfacet
  facet normal -0.831462 0.555582 0
    outer loop
      vertex -6.09474 -5.1 3
      vertex -6.25462 -5.33927 0
      vertex -6.25462 -5.33927 3
    endloop
  endfacet
  facet normal -0.997859 0.0653981 0
    outer loop
      vertex -5.81882 -4.28716 0
      vertex -5.8 -4 3
      vertex -5.8 -4 0
    endloop
  endfacet
  facet normal -0.997859 0.0653981 0
    outer loop
      vertex -5.8 -4 3
      vertex -5.81882 -4.28716 0
      vertex -5.81882 -4.28716 3
    endloop
  endfacet
  facet normal 0.896929 0.442175 0
    outer loop
      vertex -9.90526 -5.1 3
      vertex -10.0325 -4.8419 0
      vertex -10.0325 -4.8419 3
    endloop
  endfacet
  facet normal 0.896929 0.442175 0
    outer loop
      vertex -10.0325 -4.8419 0
      vertex -9.90526 -5.1 3
      vertex -9.90526 -5.1 0
    endloop
  endfacet
  facet normal -0.321467 0.946921 0
    outer loop
      vertex -7.1581 -6.03253 0
      vertex -7.4306 -6.12504 3
      vertex -7.1581 -6.03253 3
    endloop
  endfacet
  facet normal -0.321467 0.946921 0
    outer loop
      vertex -7.4306 -6.12504 3
      vertex -7.1581 -6.03253 0
      vertex -7.4306 -6.12504 0
    endloop
  endfacet
  facet normal -0.751844 -0.659341 0
    outer loop
      vertex -6.25462 5.33927 0
      vertex -6.44436 5.55563 3
      vertex -6.44436 5.55563 0
    endloop
  endfacet
  facet normal -0.751844 -0.659341 0
    outer loop
      vertex -6.44436 5.55563 3
      vertex -6.25462 5.33927 0
      vertex -6.25462 5.33927 3
    endloop
  endfacet
  facet normal -0.831462 -0.555582 0
    outer loop
      vertex -6.09474 5.1 0
      vertex -6.25462 5.33927 3
      vertex -6.25462 5.33927 0
    endloop
  endfacet
  facet normal -0.831462 -0.555582 0
    outer loop
      vertex -6.25462 5.33927 3
      vertex -6.09474 5.1 0
      vertex -6.09474 5.1 3
    endloop
  endfacet
  facet normal -0.65936 -0.751827 0
    outer loop
      vertex -6.66072 5.74538 0
      vertex -6.44436 5.55563 3
      vertex -6.66072 5.74538 3
    endloop
  endfacet
  facet normal -0.65936 -0.751827 -0
    outer loop
      vertex -6.44436 5.55563 3
      vertex -6.66072 5.74538 0
      vertex -6.44436 5.55563 0
    endloop
  endfacet
  facet normal -0.65936 0.751827 0
    outer loop
      vertex -6.44436 -5.55563 0
      vertex -6.66072 -5.74538 3
      vertex -6.44436 -5.55563 3
    endloop
  endfacet
  facet normal -0.65936 0.751827 0
    outer loop
      vertex -6.66072 -5.74538 3
      vertex -6.44436 -5.55563 0
      vertex -6.66072 -5.74538 0
    endloop
  endfacet
  facet normal 0.0653981 0.997859 -0
    outer loop
      vertex -8 -6.2 0
      vertex -8.28716 -6.18118 3
      vertex -8 -6.2 3
    endloop
  endfacet
  facet normal 0.0653981 0.997859 0
    outer loop
      vertex -8.28716 -6.18118 3
      vertex -8 -6.2 0
      vertex -8.28716 -6.18118 0
    endloop
  endfacet
  facet normal 0.195087 0.980786 -0
    outer loop
      vertex -8.28716 -6.18118 0
      vertex -8.5694 -6.12504 3
      vertex -8.28716 -6.18118 3
    endloop
  endfacet
  facet normal 0.195087 0.980786 0
    outer loop
      vertex -8.5694 -6.12504 3
      vertex -8.28716 -6.18118 0
      vertex -8.5694 -6.12504 0
    endloop
  endfacet
  facet normal 0.321467 0.946921 -0
    outer loop
      vertex -8.5694 -6.12504 0
      vertex -8.8419 -6.03253 3
      vertex -8.5694 -6.12504 3
    endloop
  endfacet
  facet normal 0.321467 0.946921 0
    outer loop
      vertex -8.8419 -6.03253 3
      vertex -8.5694 -6.12504 0
      vertex -8.8419 -6.03253 0
    endloop
  endfacet
  facet normal 0.555582 0.831462 -0
    outer loop
      vertex -9.1 -5.90526 0
      vertex -9.33927 -5.74538 3
      vertex -9.1 -5.90526 3
    endloop
  endfacet
  facet normal 0.555582 0.831462 0
    outer loop
      vertex -9.33927 -5.74538 3
      vertex -9.1 -5.90526 0
      vertex -9.33927 -5.74538 0
    endloop
  endfacet
  facet normal 0.980786 0.195087 0
    outer loop
      vertex 5.87496 -4.5694 3
      vertex 5.81882 -4.28716 0
      vertex 5.81882 -4.28716 3
    endloop
  endfacet
  facet normal 0.980786 0.195087 0
    outer loop
      vertex 5.81882 -4.28716 0
      vertex 5.87496 -4.5694 3
      vertex 5.87496 -4.5694 0
    endloop
  endfacet
  facet normal -0.0653981 -0.997859 0
    outer loop
      vertex 8 6.2 0
      vertex 8.28716 6.18118 3
      vertex 8 6.2 3
    endloop
  endfacet
  facet normal -0.0653981 -0.997859 -0
    outer loop
      vertex 8.28716 6.18118 3
      vertex 8 6.2 0
      vertex 8.28716 6.18118 0
    endloop
  endfacet
  facet normal -1 0 0
    outer loop
      vertex 10.2 -4 0
      vertex 10.2 4 3
      vertex 10.2 4 0
    endloop
  endfacet
  facet normal -1 -0 0
    outer loop
      vertex 10.2 4 3
      vertex 10.2 -4 0
      vertex 10.2 -4 3
    endloop
  endfacet
  facet normal 0.896874 -0.442286 0
    outer loop
      vertex 5.96746 4.8419 3
      vertex 6.09474 5.1 0
      vertex 6.09474 5.1 3
    endloop
  endfacet
  facet normal 0.896874 -0.442286 0
    outer loop
      vertex 6.09474 5.1 0
      vertex 5.96746 4.8419 3
      vertex 5.96746 4.8419 0
    endloop
  endfacet
  facet normal -0.997864 -0.0653289 0
    outer loop
      vertex 10.2 4 0
      vertex 10.1812 4.28716 3
      vertex 10.1812 4.28716 0
    endloop
  endfacet
  facet normal -0.997864 -0.0653289 0
    outer loop
      vertex 10.1812 4.28716 3
      vertex 10.2 4 0
      vertex 10.2 4 3
    endloop
  endfacet
  facet normal 0.997859 0.0653981 0
    outer loop
      vertex 5.81882 -4.28716 3
      vertex 5.8 -4 0
      vertex 5.8 -4 3
    endloop
  endfacet
  facet normal 0.997859 0.0653981 0
    outer loop
      vertex 5.8 -4 0
      vertex 5.81882 -4.28716 3
      vertex 5.81882 -4.28716 0
    endloop
  endfacet
  facet normal 0.997859 -0.0653981 0
    outer loop
      vertex 5.8 4 3
      vertex 5.81882 4.28716 0
      vertex 5.81882 4.28716 3
    endloop
  endfacet
  facet normal 0.997859 -0.0653981 0
    outer loop
      vertex 5.81882 4.28716 0
      vertex 5.8 4 3
      vertex 5.8 4 0
    endloop
  endfacet
  facet normal 0.442258 -0.896888 0
    outer loop
      vertex 6.9 5.90526 0
      vertex 7.1581 6.03253 3
      vertex 6.9 5.90526 3
    endloop
  endfacet
  facet normal 0.442258 -0.896888 0
    outer loop
      vertex 7.1581 6.03253 3
      vertex 6.9 5.90526 0
      vertex 7.1581 6.03253 0
    endloop
  endfacet
  facet normal 0.555566 0.831472 -0
    outer loop
      vertex 6.9 -5.90526 0
      vertex 6.66072 -5.74538 3
      vertex 6.9 -5.90526 3
    endloop
  endfacet
  facet normal 0.555566 0.831472 0
    outer loop
      vertex 6.66072 -5.74538 3
      vertex 6.9 -5.90526 0
      vertex 6.66072 -5.74538 0
    endloop
  endfacet
  facet normal -0.946931 0.321435 0
    outer loop
      vertex 10.0325 -4.8419 0
      vertex 10.125 -4.5694 3
      vertex 10.125 -4.5694 0
    endloop
  endfacet
  facet normal -0.946931 0.321435 0
    outer loop
      vertex 10.125 -4.5694 3
      vertex 10.0325 -4.8419 0
      vertex 10.0325 -4.8419 3
    endloop
  endfacet
  facet normal 1 -0 0
    outer loop
      vertex 5.8 -4 3
      vertex 5.8 4 0
      vertex 5.8 4 3
    endloop
  endfacet
  facet normal 1 0 0
    outer loop
      vertex 5.8 4 0
      vertex 5.8 -4 3
      vertex 5.8 -4 0
    endloop
  endfacet
  facet normal 0.946931 -0.321435 0
    outer loop
      vertex 5.87496 4.5694 3
      vertex 5.96746 4.8419 0
      vertex 5.96746 4.8419 3
    endloop
  endfacet
  facet normal 0.946931 -0.321435 0
    outer loop
      vertex 5.96746 4.8419 0
      vertex 5.87496 4.5694 3
      vertex 5.87496 4.5694 0
    endloop
  endfacet
  facet normal 0.946931 0.321435 0
    outer loop
      vertex 5.96746 -4.8419 3
      vertex 5.87496 -4.5694 0
      vertex 5.87496 -4.5694 3
    endloop
  endfacet
  facet normal 0.946931 0.321435 0
    outer loop
      vertex 5.87496 -4.5694 0
      vertex 5.96746 -4.8419 3
      vertex 5.96746 -4.8419 0
    endloop
  endfacet
  facet normal -0.0653981 0.997859 0
    outer loop
      vertex 8.28716 -6.18118 0
      vertex 8 -6.2 3
      vertex 8.28716 -6.18118 3
    endloop
  endfacet
  facet normal -0.0653981 0.997859 0
    outer loop
      vertex 8 -6.2 3
      vertex 8.28716 -6.18118 0
      vertex 8 -6.2 0
    endloop
  endfacet
  facet normal -0.195087 0.980786 0
    outer loop
      vertex 8.5694 -6.12504 0
      vertex 8.28716 -6.18118 3
      vertex 8.5694 -6.12504 3
    endloop
  endfacet
  facet normal -0.195087 0.980786 0
    outer loop
      vertex 8.28716 -6.18118 3
      vertex 8.5694 -6.12504 0
      vertex 8.28716 -6.18118 0
    endloop
  endfacet
  facet normal -0.442258 0.896888 0
    outer loop
      vertex 9.1 -5.90526 0
      vertex 8.8419 -6.03253 3
      vertex 9.1 -5.90526 3
    endloop
  endfacet
  facet normal -0.442258 0.896888 0
    outer loop
      vertex 8.8419 -6.03253 3
      vertex 9.1 -5.90526 0
      vertex 8.8419 -6.03253 0
    endloop
  endfacet
  facet normal 0.980786 -0.195087 0
    outer loop
      vertex 5.81882 4.28716 3
      vertex 5.87496 4.5694 0
      vertex 5.87496 4.5694 3
    endloop
  endfacet
  facet normal 0.980786 -0.195087 0
    outer loop
      vertex 5.87496 4.5694 0
      vertex 5.81882 4.28716 3
      vertex 5.81882 4.28716 0
    endloop
  endfacet
  facet normal 0.831462 -0.555582 0
    outer loop
      vertex 6.09474 5.1 3
      vertex 6.25462 5.33927 0
      vertex 6.25462 5.33927 3
    endloop
  endfacet
  facet normal 0.831462 -0.555582 0
    outer loop
      vertex 6.25462 5.33927 0
      vertex 6.09474 5.1 3
      vertex 6.09474 5.1 0
    endloop
  endfacet
  facet normal 0.195087 -0.980786 0
    outer loop
      vertex 7.4306 6.12504 0
      vertex 7.71284 6.18118 3
      vertex 7.4306 6.12504 3
    endloop
  endfacet
  facet normal 0.195087 -0.980786 0
    outer loop
      vertex 7.71284 6.18118 3
      vertex 7.4306 6.12504 0
      vertex 7.71284 6.18118 0
    endloop
  endfacet
  facet normal 0.0653981 -0.997859 0
    outer loop
      vertex 7.71284 6.18118 0
      vertex 8 6.2 3
      vertex 7.71284 6.18118 3
    endloop
  endfacet
  facet normal 0.0653981 -0.997859 0
    outer loop
      vertex 8 6.2 3
      vertex 7.71284 6.18118 0
      vertex 8 6.2 0
    endloop
  endfacet
  facet normal 0.321467 -0.946921 0
    outer loop
      vertex 7.1581 6.03253 0
      vertex 7.4306 6.12504 3
      vertex 7.1581 6.03253 3
    endloop
  endfacet
  facet normal 0.321467 -0.946921 0
    outer loop
      vertex 7.4306 6.12504 3
      vertex 7.1581 6.03253 0
      vertex 7.4306 6.12504 0
    endloop
  endfacet
  facet normal -0.442258 -0.896888 0
    outer loop
      vertex 8.8419 6.03253 0
      vertex 9.1 5.90526 3
      vertex 8.8419 6.03253 3
    endloop
  endfacet
  facet normal -0.442258 -0.896888 -0
    outer loop
      vertex 9.1 5.90526 3
      vertex 8.8419 6.03253 0
      vertex 9.1 5.90526 0
    endloop
  endfacet
  facet normal -0.321467 -0.946921 0
    outer loop
      vertex 8.5694 6.12504 0
      vertex 8.8419 6.03253 3
      vertex 8.5694 6.12504 3
    endloop
  endfacet
  facet normal -0.321467 -0.946921 -0
    outer loop
      vertex 8.8419 6.03253 3
      vertex 8.5694 6.12504 0
      vertex 8.8419 6.03253 0
    endloop
  endfacet
  facet normal -0.946931 -0.321435 0
    outer loop
      vertex 10.125 4.5694 0
      vertex 10.0325 4.8419 3
      vertex 10.0325 4.8419 0
    endloop
  endfacet
  facet normal -0.946931 -0.321435 0
    outer loop
      vertex 10.0325 4.8419 3
      vertex 10.125 4.5694 0
      vertex 10.125 4.5694 3
    endloop
  endfacet
  facet normal -0.980746 -0.195287 0
    outer loop
      vertex 10.1812 4.28716 0
      vertex 10.125 4.5694 3
      vertex 10.125 4.5694 0
    endloop
  endfacet
  facet normal -0.980746 -0.195287 0
    outer loop
      vertex 10.125 4.5694 3
      vertex 10.1812 4.28716 0
      vertex 10.1812 4.28716 3
    endloop
  endfacet
  facet normal -0.555582 0.831462 0
    outer loop
      vertex 9.33927 -5.74538 0
      vertex 9.1 -5.90526 3
      vertex 9.33927 -5.74538 3
    endloop
  endfacet
  facet normal -0.555582 0.831462 0
    outer loop
      vertex 9.1 -5.90526 3
      vertex 9.33927 -5.74538 0
      vertex 9.1 -5.90526 0
    endloop
  endfacet
  facet normal -0.751827 0.65936 0
    outer loop
      vertex 9.55563 -5.55563 0
      vertex 9.74538 -5.33927 3
      vertex 9.74538 -5.33927 0
    endloop
  endfacet
  facet normal -0.751827 0.65936 0
    outer loop
      vertex 9.74538 -5.33927 3
      vertex 9.55563 -5.55563 0
      vertex 9.55563 -5.55563 3
    endloop
  endfacet
  facet normal -0.896929 0.442175 0
    outer loop
      vertex 9.90526 -5.1 0
      vertex 10.0325 -4.8419 3
      vertex 10.0325 -4.8419 0
    endloop
  endfacet
  facet normal -0.896929 0.442175 0
    outer loop
      vertex 10.0325 -4.8419 3
      vertex 9.90526 -5.1 0
      vertex 9.90526 -5.1 3
    endloop
  endfacet
  facet normal -0.980746 0.195287 0
    outer loop
      vertex 10.125 -4.5694 0
      vertex 10.1812 -4.28716 3
      vertex 10.1812 -4.28716 0
    endloop
  endfacet
  facet normal -0.980746 0.195287 0
    outer loop
      vertex 10.1812 -4.28716 3
      vertex 10.125 -4.5694 0
      vertex 10.125 -4.5694 3
    endloop
  endfacet
  facet normal 0.831462 0.555582 0
    outer loop
      vertex 6.25462 -5.33927 3
      vertex 6.09474 -5.1 0
      vertex 6.09474 -5.1 3
    endloop
  endfacet
  facet normal 0.831462 0.555582 0
    outer loop
      vertex 6.09474 -5.1 0
      vertex 6.25462 -5.33927 3
      vertex 6.25462 -5.33927 0
    endloop
  endfacet
  facet normal 0.65936 -0.751827 0
    outer loop
      vertex 6.44436 5.55563 0
      vertex 6.66072 5.74538 3
      vertex 6.44436 5.55563 3
    endloop
  endfacet
  facet normal 0.65936 -0.751827 0
    outer loop
      vertex 6.66072 5.74538 3
      vertex 6.44436 5.55563 0
      vertex 6.66072 5.74538 0
    endloop
  endfacet
  facet normal 0.555566 -0.831472 0
    outer loop
      vertex 6.66072 5.74538 0
      vertex 6.9 5.90526 3
      vertex 6.66072 5.74538 3
    endloop
  endfacet
  facet normal 0.555566 -0.831472 0
    outer loop
      vertex 6.9 5.90526 3
      vertex 6.66072 5.74538 0
      vertex 6.9 5.90526 0
    endloop
  endfacet
  facet normal 0.751844 -0.659341 0
    outer loop
      vertex 6.25462 5.33927 3
      vertex 6.44436 5.55563 0
      vertex 6.44436 5.55563 3
    endloop
  endfacet
  facet normal 0.751844 -0.659341 0
    outer loop
      vertex 6.44436 5.55563 0
      vertex 6.25462 5.33927 3
      vertex 6.25462 5.33927 0
    endloop
  endfacet
  facet normal -0.896929 -0.442175 0
    outer loop
      vertex 10.0325 4.8419 0
      vertex 9.90526 5.1 3
      vertex 9.90526 5.1 0
    endloop
  endfacet
  facet normal -0.896929 -0.442175 0
    outer loop
      vertex 9.90526 5.1 3
      vertex 10.0325 4.8419 0
      vertex 10.0325 4.8419 3
    endloop
  endfacet
  facet normal -0.751827 -0.65936 0
    outer loop
      vertex 9.74538 5.33927 0
      vertex 9.55563 5.55563 3
      vertex 9.55563 5.55563 0
    endloop
  endfacet
  facet normal -0.751827 -0.65936 0
    outer loop
      vertex 9.55563 5.55563 3
      vertex 9.74538 5.33927 0
      vertex 9.74538 5.33927 3
    endloop
  endfacet
  facet normal -0.555582 -0.831462 0
    outer loop
      vertex 9.1 5.90526 0
      vertex 9.33927 5.74538 3
      vertex 9.1 5.90526 3
    endloop
  endfacet
  facet normal -0.555582 -0.831462 -0
    outer loop
      vertex 9.33927 5.74538 3
      vertex 9.1 5.90526 0
      vertex 9.33927 5.74538 0
    endloop
  endfacet
  facet normal -0.65936 -0.751827 0
    outer loop
      vertex 9.33927 5.74538 0
      vertex 9.55563 5.55563 3
      vertex 9.33927 5.74538 3
    endloop
  endfacet
  facet normal -0.65936 -0.751827 -0
    outer loop
      vertex 9.55563 5.55563 3
      vertex 9.33927 5.74538 0
      vertex 9.55563 5.55563 0
    endloop
  endfacet
  facet normal -0.195087 -0.980786 0
    outer loop
      vertex 8.28716 6.18118 0
      vertex 8.5694 6.12504 3
      vertex 8.28716 6.18118 3
    endloop
  endfacet
  facet normal -0.195087 -0.980786 -0
    outer loop
      vertex 8.5694 6.12504 3
      vertex 8.28716 6.18118 0
      vertex 8.5694 6.12504 0
    endloop
  endfacet
  facet normal -0.831462 0.555582 0
    outer loop
      vertex 9.74538 -5.33927 0
      vertex 9.90526 -5.1 3
      vertex 9.90526 -5.1 0
    endloop
  endfacet
  facet normal -0.831462 0.555582 0
    outer loop
      vertex 9.90526 -5.1 3
      vertex 9.74538 -5.33927 0
      vertex 9.74538 -5.33927 3
    endloop
  endfacet
  facet normal -0.997864 0.0653289 0
    outer loop
      vertex 10.1812 -4.28716 0
      vertex 10.2 -4 3
      vertex 10.2 -4 0
    endloop
  endfacet
  facet normal -0.997864 0.0653289 0
    outer loop
      vertex 10.2 -4 3
      vertex 10.1812 -4.28716 0
      vertex 10.1812 -4.28716 3
    endloop
  endfacet
  facet normal 0.321467 0.946921 -0
    outer loop
      vertex 7.4306 -6.12504 0
      vertex 7.1581 -6.03253 3
      vertex 7.4306 -6.12504 3
    endloop
  endfacet
  facet normal 0.321467 0.946921 0
    outer loop
      vertex 7.1581 -6.03253 3
      vertex 7.4306 -6.12504 0
      vertex 7.1581 -6.03253 0
    endloop
  endfacet
  facet normal 0.442258 0.896888 -0
    outer loop
      vertex 7.1581 -6.03253 0
      vertex 6.9 -5.90526 3
      vertex 7.1581 -6.03253 3
    endloop
  endfacet
  facet normal 0.442258 0.896888 0
    outer loop
      vertex 6.9 -5.90526 3
      vertex 7.1581 -6.03253 0
      vertex 6.9 -5.90526 0
    endloop
  endfacet
  facet normal 0.896874 0.442286 0
    outer loop
      vertex 6.09474 -5.1 3
      vertex 5.96746 -4.8419 0
      vertex 5.96746 -4.8419 3
    endloop
  endfacet
  facet normal 0.896874 0.442286 0
    outer loop
      vertex 5.96746 -4.8419 0
      vertex 6.09474 -5.1 3
      vertex 6.09474 -5.1 0
    endloop
  endfacet
  facet normal 0.65936 0.751827 -0
    outer loop
      vertex 6.66072 -5.74538 0
      vertex 6.44436 -5.55563 3
      vertex 6.66072 -5.74538 3
    endloop
  endfacet
  facet normal 0.65936 0.751827 0
    outer loop
      vertex 6.44436 -5.55563 3
      vertex 6.66072 -5.74538 0
      vertex 6.44436 -5.55563 0
    endloop
  endfacet
  facet normal 0.751844 0.659341 0
    outer loop
      vertex 6.44436 -5.55563 3
      vertex 6.25462 -5.33927 0
      vertex 6.25462 -5.33927 3
    endloop
  endfacet
  facet normal 0.751844 0.659341 0
    outer loop
      vertex 6.25462 -5.33927 0
      vertex 6.44436 -5.55563 3
      vertex 6.44436 -5.55563 0
    endloop
  endfacet
  facet normal -0.321467 0.946921 0
    outer loop
      vertex 8.8419 -6.03253 0
      vertex 8.5694 -6.12504 3
      vertex 8.8419 -6.03253 3
    endloop
  endfacet
  facet normal -0.321467 0.946921 0
    outer loop
      vertex 8.5694 -6.12504 3
      vertex 8.8419 -6.03253 0
      vertex 8.5694 -6.12504 0
    endloop
  endfacet
  facet normal -0.831462 -0.555582 0
    outer loop
      vertex 9.90526 5.1 0
      vertex 9.74538 5.33927 3
      vertex 9.74538 5.33927 0
    endloop
  endfacet
  facet normal -0.831462 -0.555582 0
    outer loop
      vertex 9.74538 5.33927 3
      vertex 9.90526 5.1 0
      vertex 9.90526 5.1 3
    endloop
  endfacet
  facet normal -0.65936 0.751827 0
    outer loop
      vertex 9.55563 -5.55563 0
      vertex 9.33927 -5.74538 3
      vertex 9.55563 -5.55563 3
    endloop
  endfacet
  facet normal -0.65936 0.751827 0
    outer loop
      vertex 9.33927 -5.74538 3
      vertex 9.55563 -5.55563 0
      vertex 9.33927 -5.74538 0
    endloop
  endfacet
  facet normal 0.0653981 0.997859 -0
    outer loop
      vertex 8 -6.2 0
      vertex 7.71284 -6.18118 3
      vertex 8 -6.2 3
    endloop
  endfacet
  facet normal 0.0653981 0.997859 0
    outer loop
      vertex 7.71284 -6.18118 3
      vertex 8 -6.2 0
      vertex 7.71284 -6.18118 0
    endloop
  endfacet
  facet normal 0.195087 0.980786 -0
    outer loop
      vertex 7.71284 -6.18118 0
      vertex 7.4306 -6.12504 3
      vertex 7.71284 -6.18118 3
    endloop
  endfacet
  facet normal 0.195087 0.980786 0
    outer loop
      vertex 7.4306 -6.12504 3
      vertex 7.71284 -6.18118 0
      vertex 7.4306 -6.12504 0
    endloop
  endfacet
  facet normal 0.321574 -0.946885 0
    outer loop
      vertex 19.0764 -21.8978 0
      vertex 19.448 -21.7716 3
      vertex 19.0764 -21.8978 3
    endloop
  endfacet
  facet normal 0.321574 -0.946885 0
    outer loop
      vertex 19.448 -21.7716 3
      vertex 19.0764 -21.8978 0
      vertex 19.448 -21.7716 0
    endloop
  endfacet
  facet normal 0.0654873 -0.997853 0
    outer loop
      vertex 18.3 -22 0
      vertex 18.6916 -21.9743 3
      vertex 18.3 -22 3
    endloop
  endfacet
  facet normal 0.0654873 -0.997853 0
    outer loop
      vertex 18.6916 -21.9743 3
      vertex 18.3 -22 0
      vertex 18.6916 -21.9743 0
    endloop
  endfacet
  facet normal -0.194989 0.980806 0
    outer loop
      vertex -18.6916 21.9743 0
      vertex -19.0764 21.8978 3
      vertex -18.6916 21.9743 3
    endloop
  endfacet
  facet normal -0.194989 0.980806 0
    outer loop
      vertex -19.0764 21.8978 3
      vertex -18.6916 21.9743 0
      vertex -19.0764 21.8978 0
    endloop
  endfacet
  facet normal 0.194989 -0.980806 0
    outer loop
      vertex 18.6916 -21.9743 0
      vertex 19.0764 -21.8978 3
      vertex 18.6916 -21.9743 3
    endloop
  endfacet
  facet normal 0.194989 -0.980806 0
    outer loop
      vertex 19.0764 -21.8978 3
      vertex 18.6916 -21.9743 0
      vertex 19.0764 -21.8978 0
    endloop
  endfacet
  facet normal 0.751724 0.659478 0
    outer loop
      vertex 20.6801 20.8263 3
      vertex 20.4213 21.1213 0
      vertex 20.4213 21.1213 3
    endloop
  endfacet
  facet normal 0.751724 0.659478 0
    outer loop
      vertex 20.4213 21.1213 0
      vertex 20.6801 20.8263 3
      vertex 20.6801 20.8263 0
    endloop
  endfacet
  facet normal -0.831501 -0.555523 0
    outer loop
      vertex -20.6801 -20.8263 0
      vertex -20.8981 -20.5 3
      vertex -20.8981 -20.5 0
    endloop
  endfacet
  facet normal -0.831501 -0.555523 0
    outer loop
      vertex -20.8981 -20.5 3
      vertex -20.6801 -20.8263 0
      vertex -20.6801 -20.8263 3
    endloop
  endfacet
  facet normal 0.997853 -0.0654873 0
    outer loop
      vertex 21.2743 -19.3916 3
      vertex 21.3 -19 0
      vertex 21.3 -19 3
    endloop
  endfacet
  facet normal 0.997853 -0.0654873 0
    outer loop
      vertex 21.3 -19 0
      vertex 21.2743 -19.3916 3
      vertex 21.2743 -19.3916 0
    endloop
  endfacet
  facet normal -0.0654873 -0.997853 0
    outer loop
      vertex -18.6916 -21.9743 0
      vertex -18.3 -22 3
      vertex -18.6916 -21.9743 3
    endloop
  endfacet
  facet normal -0.0654873 -0.997853 -0
    outer loop
      vertex -18.3 -22 3
      vertex -18.6916 -21.9743 0
      vertex -18.3 -22 0
    endloop
  endfacet
  facet normal -0.997853 0.0654873 0
    outer loop
      vertex -21.3 19 0
      vertex -21.2743 19.3916 3
      vertex -21.2743 19.3916 0
    endloop
  endfacet
  facet normal -0.997853 0.0654873 0
    outer loop
      vertex -21.2743 19.3916 3
      vertex -21.3 19 0
      vertex -21.3 19 3
    endloop
  endfacet
  facet normal 0 0 1
    outer loop
      vertex 18.3 22 3
      vertex 21.3 19 3
      vertex 21.2743 19.3916 3
    endloop
  endfacet
  facet normal 0 0 1
    outer loop
      vertex 21.3 19 3
      vertex 17.3 0 3
      vertex 21.3 -19 3
    endloop
  endfacet
  facet normal 0 0 1
    outer loop
      vertex 18.3 22 3
      vertex 21.2743 19.3916 3
      vertex 21.1978 19.7765 3
    endloop
  endfacet
  facet normal -0 0 1
    outer loop
      vertex 17.3 -4.26479 3
      vertex 21.3 -19 3
      vertex 17.3 0 3
    endloop
  endfacet
  facet normal 0 0 1
    outer loop
      vertex 18.3 22 3
      vertex 21.1978 19.7765 3
      vertex 21.0716 20.1481 3
    endloop
  endfacet
  facet normal -0 0 1
    outer loop
      vertex 14.3 -4.26479 3
      vertex 21.3 -19 3
      vertex 17.3 -4.26479 3
    endloop
  endfacet
  facet normal 0 0 1
    outer loop
      vertex 18.3 22 3
      vertex 21.0716 20.1481 3
      vertex 20.8981 20.5 3
    endloop
  endfacet
  facet normal -0 0 1
    outer loop
      vertex 9.33927 -5.74538 3
      vertex 21.3 -19 3
      vertex 14.3 -4.26479 3
    endloop
  endfacet
  facet normal 0 0 1
    outer loop
      vertex 18.3 22 3
      vertex 20.8981 20.5 3
      vertex 20.6801 20.8263 3
    endloop
  endfacet
  facet normal -0 0 1
    outer loop
      vertex 9.1 -5.90526 3
      vertex 21.3 -19 3
      vertex 9.33927 -5.74538 3
    endloop
  endfacet
  facet normal 0 0 1
    outer loop
      vertex 18.3 22 3
      vertex 20.6801 20.8263 3
      vertex 20.4213 21.1213 3
    endloop
  endfacet
  facet normal 0 -0 1
    outer loop
      vertex 18.3 -22 3
      vertex 21.3 -19 3
      vertex 9.1 -5.90526 3
    endloop
  endfacet
  facet normal 0 0 1
    outer loop
      vertex 18.3 22 3
      vertex 20.4213 21.1213 3
      vertex 20.1263 21.3801 3
    endloop
  endfacet
  facet normal 0 0 1
    outer loop
      vertex 21.1978 -19.7765 3
      vertex 18.3 -22 3
      vertex 21.0716 -20.1481 3
    endloop
  endfacet
  facet normal 0 0 1
    outer loop
      vertex 18.3 22 3
      vertex 20.1263 21.3801 3
      vertex 19.8 21.5981 3
    endloop
  endfacet
  facet normal 0 0 1
    outer loop
      vertex 21.0716 -20.1481 3
      vertex 18.3 -22 3
      vertex 20.8981 -20.5 3
    endloop
  endfacet
  facet normal 0 0 1
    outer loop
      vertex 18.3 22 3
      vertex 19.8 21.5981 3
      vertex 19.448 21.7716 3
    endloop
  endfacet
  facet normal 0 0 1
    outer loop
      vertex 20.6801 -20.8263 3
      vertex 18.3 -22 3
      vertex 20.4213 -21.1213 3
    endloop
  endfacet
  facet normal 0 0 1
    outer loop
      vertex 18.3 22 3
      vertex 19.448 21.7716 3
      vertex 19.0764 21.8978 3
    endloop
  endfacet
  facet normal 0 0 1
    outer loop
      vertex 20.4213 -21.1213 3
      vertex 18.3 -22 3
      vertex 20.1263 -21.3801 3
    endloop
  endfacet
  facet normal 0 0 1
    outer loop
      vertex 18.3 22 3
      vertex 19.0764 21.8978 3
      vertex 18.6916 21.9743 3
    endloop
  endfacet
  facet normal 0 0 1
    outer loop
      vertex 20.1263 -21.3801 3
      vertex 18.3 -22 3
      vertex 19.8 -21.5981 3
    endloop
  endfacet
  facet normal 0 0 1
    outer loop
      vertex 21.3 19 3
      vertex 18.3 22 3
      vertex 9.1 5.90526 3
    endloop
  endfacet
  facet normal 0 0 1
    outer loop
      vertex 19.8 -21.5981 3
      vertex 18.3 -22 3
      vertex 19.448 -21.7716 3
    endloop
  endfacet
  facet normal 0 0 1
    outer loop
      vertex 19.448 -21.7716 3
      vertex 18.3 -22 3
      vertex 19.0764 -21.8978 3
    endloop
  endfacet
  facet normal 0 0 1
    outer loop
      vertex 21.3 19 3
      vertex 9.90526 5.1 3
      vertex 17.3 0 3
    endloop
  endfacet
  facet normal 0 0 1
    outer loop
      vertex 10.2 -4 3
      vertex 14.3 0 3
      vertex 10.2 4 3
    endloop
  endfacet
  facet normal -0 -0 1
    outer loop
      vertex 10.125 4.5694 3
      vertex 17.3 0 3
      vertex 10.0325 4.8419 3
    endloop
  endfacet
  facet normal 0 0 1
    outer loop
      vertex 14.3 0 3
      vertex 10.1812 4.28716 3
      vertex 10.2 4 3
    endloop
  endfacet
  facet normal 0 0 1
    outer loop
      vertex 14.3 0 3
      vertex 10.125 4.5694 3
      vertex 10.1812 4.28716 3
    endloop
  endfacet
  facet normal 0 0 1
    outer loop
      vertex 17.3 0 3
      vertex 10.125 4.5694 3
      vertex 14.3 0 3
    endloop
  endfacet
  facet normal 0 0 1
    outer loop
      vertex 17.3 0 3
      vertex 9.90526 5.1 3
      vertex 10.0325 4.8419 3
    endloop
  endfacet
  facet normal 0 0 1
    outer loop
      vertex 21.3 19 3
      vertex 9.74538 5.33927 3
      vertex 9.90526 5.1 3
    endloop
  endfacet
  facet normal 0 0 1
    outer loop
      vertex 21.3 19 3
      vertex 9.55563 5.55563 3
      vertex 9.74538 5.33927 3
    endloop
  endfacet
  facet normal 0 0 1
    outer loop
      vertex 21.3 19 3
      vertex 9.33927 5.74538 3
      vertex 9.55563 5.55563 3
    endloop
  endfacet
  facet normal 0 0 1
    outer loop
      vertex 21.3 19 3
      vertex 9.1 5.90526 3
      vertex 9.33927 5.74538 3
    endloop
  endfacet
  facet normal 0 0 1
    outer loop
      vertex 18.3 22 3
      vertex 8.8419 6.03253 3
      vertex 9.1 5.90526 3
    endloop
  endfacet
  facet normal 0 0 1
    outer loop
      vertex 18.3 22 3
      vertex 8.5694 6.12504 3
      vertex 8.8419 6.03253 3
    endloop
  endfacet
  facet normal 0 0 1
    outer loop
      vertex 18.3 22 3
      vertex 8.28716 6.18118 3
      vertex 8.5694 6.12504 3
    endloop
  endfacet
  facet normal 0 0 1
    outer loop
      vertex 18.3 22 3
      vertex 8 6.2 3
      vertex 8.28716 6.18118 3
    endloop
  endfacet
  facet normal 0 0 1
    outer loop
      vertex 18.3 22 3
      vertex 7.71284 6.18118 3
      vertex 8 6.2 3
    endloop
  endfacet
  facet normal 0 0 1
    outer loop
      vertex 18.3 22 3
      vertex 7.4306 6.12504 3
      vertex 7.71284 6.18118 3
    endloop
  endfacet
  facet normal 0 0 1
    outer loop
      vertex 18.3 22 3
      vertex 7.1581 6.03253 3
      vertex 7.4306 6.12504 3
    endloop
  endfacet
  facet normal 0 0 1
    outer loop
      vertex -7.1581 6.03253 3
      vertex 7.1581 6.03253 3
      vertex 18.3 22 3
    endloop
  endfacet
  facet normal 0 0 1
    outer loop
      vertex 7.1581 6.03253 3
      vertex -7.1581 6.03253 3
      vertex 6.9 5.90526 3
    endloop
  endfacet
  facet normal 0 -0 1
    outer loop
      vertex -6.9 5.90526 3
      vertex 6.9 5.90526 3
      vertex -7.1581 6.03253 3
    endloop
  endfacet
  facet normal 0 0 1
    outer loop
      vertex 6.9 5.90526 3
      vertex -6.9 5.90526 3
      vertex 6.66072 5.74538 3
    endloop
  endfacet
  facet normal 0 0 1
    outer loop
      vertex 5.8 4 3
      vertex -5.8 4 3
      vertex 5.8 -4 3
    endloop
  endfacet
  facet normal 0 0 1
    outer loop
      vertex 5.81882 4.28716 3
      vertex -5.8 4 3
      vertex 5.8 4 3
    endloop
  endfacet
  facet normal 0 0 1
    outer loop
      vertex -5.81882 4.28716 3
      vertex 5.81882 4.28716 3
      vertex 5.87496 4.5694 3
    endloop
  endfacet
  facet normal 0 0 1
    outer loop
      vertex -5.87496 4.5694 3
      vertex 5.87496 4.5694 3
      vertex 5.96746 4.8419 3
    endloop
  endfacet
  facet normal 0 0 1
    outer loop
      vertex -5.96746 4.8419 3
      vertex 5.96746 4.8419 3
      vertex 6.09474 5.1 3
    endloop
  endfacet
  facet normal 0 0 1
    outer loop
      vertex -6.09474 5.1 3
      vertex 6.09474 5.1 3
      vertex 6.25462 5.33927 3
    endloop
  endfacet
  facet normal 0 -0 1
    outer loop
      vertex -6.66072 5.74538 3
      vertex 6.66072 5.74538 3
      vertex -6.9 5.90526 3
    endloop
  endfacet
  facet normal 0 0 1
    outer loop
      vertex 5.81882 4.28716 3
      vertex -5.81882 4.28716 3
      vertex -5.8 4 3
    endloop
  endfacet
  facet normal 0 0 1
    outer loop
      vertex 5.87496 4.5694 3
      vertex -5.87496 4.5694 3
      vertex -5.81882 4.28716 3
    endloop
  endfacet
  facet normal 0 0 1
    outer loop
      vertex 5.96746 4.8419 3
      vertex -5.96746 4.8419 3
      vertex -5.87496 4.5694 3
    endloop
  endfacet
  facet normal 0 0 1
    outer loop
      vertex 6.09474 5.1 3
      vertex -6.09474 5.1 3
      vertex -5.96746 4.8419 3
    endloop
  endfacet
  facet normal 0 0 1
    outer loop
      vertex 6.25462 5.33927 3
      vertex -6.25462 5.33927 3
      vertex -6.09474 5.1 3
    endloop
  endfacet
  facet normal 0 0 1
    outer loop
      vertex 6.25462 5.33927 3
      vertex -6.44436 5.55563 3
      vertex -6.25462 5.33927 3
    endloop
  endfacet
  facet normal 0 0 1
    outer loop
      vertex 6.44436 5.55563 3
      vertex -6.44436 5.55563 3
      vertex 6.25462 5.33927 3
    endloop
  endfacet
  facet normal 0 -0 1
    outer loop
      vertex -6.44436 5.55563 3
      vertex 6.44436 5.55563 3
      vertex -6.66072 5.74538 3
    endloop
  endfacet
  facet normal 0 0 1
    outer loop
      vertex 6.66072 5.74538 3
      vertex -6.66072 5.74538 3
      vertex 6.44436 5.55563 3
    endloop
  endfacet
  facet normal -0 0 1
    outer loop
      vertex -18.3 22 3
      vertex -7.1581 6.03253 3
      vertex 18.3 22 3
    endloop
  endfacet
  facet normal 0 0 1
    outer loop
      vertex -7.1581 6.03253 3
      vertex -18.3 22 3
      vertex -7.4306 6.12504 3
    endloop
  endfacet
  facet normal 0 0 1
    outer loop
      vertex -7.4306 6.12504 3
      vertex -18.3 22 3
      vertex -7.71284 6.18118 3
    endloop
  endfacet
  facet normal 0 0 1
    outer loop
      vertex -7.71284 6.18118 3
      vertex -18.3 22 3
      vertex -8 6.2 3
    endloop
  endfacet
  facet normal 0 0 1
    outer loop
      vertex -8 6.2 3
      vertex -18.3 22 3
      vertex -8.28716 6.18118 3
    endloop
  endfacet
  facet normal 0 0 1
    outer loop
      vertex -8.28716 6.18118 3
      vertex -18.3 22 3
      vertex -8.5694 6.12504 3
    endloop
  endfacet
  facet normal 0 0 1
    outer loop
      vertex -8.5694 6.12504 3
      vertex -18.3 22 3
      vertex -8.8419 6.03253 3
    endloop
  endfacet
  facet normal 0 0 1
    outer loop
      vertex -10.2 4 3
      vertex -14.3 0 3
      vertex -10.2 -4 3
    endloop
  endfacet
  facet normal 0 0 1
    outer loop
      vertex -10.1812 4.28716 3
      vertex -14.3 0 3
      vertex -10.2 4 3
    endloop
  endfacet
  facet normal 0 0 1
    outer loop
      vertex -10.125 4.5694 3
      vertex -14.3 0 3
      vertex -10.1812 4.28716 3
    endloop
  endfacet
  facet normal 0 0 1
    outer loop
      vertex -17.3 0 3
      vertex -10.125 4.5694 3
      vertex -10.0325 4.8419 3
    endloop
  endfacet
  facet normal 0 0 1
    outer loop
      vertex -17.3 0 3
      vertex -10.0325 4.8419 3
      vertex -9.90526 5.1 3
    endloop
  endfacet
  facet normal 0 0 1
    outer loop
      vertex -21.3 19 3
      vertex -9.90526 5.1 3
      vertex -9.74538 5.33927 3
    endloop
  endfacet
  facet normal 0 0 1
    outer loop
      vertex -10.125 4.5694 3
      vertex -17.3 0 3
      vertex -14.3 0 3
    endloop
  endfacet
  facet normal 0 0 1
    outer loop
      vertex -21.3 19 3
      vertex -9.74538 5.33927 3
      vertex -9.55563 5.55563 3
    endloop
  endfacet
  facet normal 0 0 1
    outer loop
      vertex -21.3 19 3
      vertex -9.55563 5.55563 3
      vertex -9.33927 5.74538 3
    endloop
  endfacet
  facet normal 0 0 1
    outer loop
      vertex -9.90526 5.1 3
      vertex -21.3 19 3
      vertex -17.3 0 3
    endloop
  endfacet
  facet normal 0 0 1
    outer loop
      vertex -9.1 5.90526 3
      vertex -21.3 19 3
      vertex -9.33927 5.74538 3
    endloop
  endfacet
  facet normal -0 0 1
    outer loop
      vertex -21.3 19 3
      vertex -9.1 5.90526 3
      vertex -18.3 22 3
    endloop
  endfacet
  facet normal 0 0 1
    outer loop
      vertex -8.8419 6.03253 3
      vertex -18.3 22 3
      vertex -9.1 5.90526 3
    endloop
  endfacet
  facet normal 0 0 1
    outer loop
      vertex 19.0764 -21.8978 3
      vertex 18.3 -22 3
      vertex 18.6916 -21.9743 3
    endloop
  endfacet
  facet normal 0 0 1
    outer loop
      vertex 20.8981 -20.5 3
      vertex 18.3 -22 3
      vertex 20.6801 -20.8263 3
    endloop
  endfacet
  facet normal 0 0 1
    outer loop
      vertex 14.3 0 3
      vertex 10.2 -4 3
      vertex 14.3 -4.26479 3
    endloop
  endfacet
  facet normal 0 0 1
    outer loop
      vertex 10.1812 -4.28716 3
      vertex 14.3 -4.26479 3
      vertex 10.2 -4 3
    endloop
  endfacet
  facet normal 0 0 1
    outer loop
      vertex 10.125 -4.5694 3
      vertex 14.3 -4.26479 3
      vertex 10.1812 -4.28716 3
    endloop
  endfacet
  facet normal 0 0 1
    outer loop
      vertex 10.0325 -4.8419 3
      vertex 14.3 -4.26479 3
      vertex 10.125 -4.5694 3
    endloop
  endfacet
  facet normal 0 0 1
    outer loop
      vertex 9.90526 -5.1 3
      vertex 14.3 -4.26479 3
      vertex 10.0325 -4.8419 3
    endloop
  endfacet
  facet normal 0 0 1
    outer loop
      vertex 9.74538 -5.33927 3
      vertex 14.3 -4.26479 3
      vertex 9.90526 -5.1 3
    endloop
  endfacet
  facet normal 0 0 1
    outer loop
      vertex 9.55563 -5.55563 3
      vertex 14.3 -4.26479 3
      vertex 9.74538 -5.33927 3
    endloop
  endfacet
  facet normal 0 0 1
    outer loop
      vertex 9.33927 -5.74538 3
      vertex 14.3 -4.26479 3
      vertex 9.55563 -5.55563 3
    endloop
  endfacet
  facet normal 0 0 1
    outer loop
      vertex 21.3 -19 3
      vertex 18.3 -22 3
      vertex 21.2743 -19.3916 3
    endloop
  endfacet
  facet normal 0 0 1
    outer loop
      vertex 21.2743 -19.3916 3
      vertex 18.3 -22 3
      vertex 21.1978 -19.7765 3
    endloop
  endfacet
  facet normal -0 0 1
    outer loop
      vertex 8.8419 -6.03253 3
      vertex 18.3 -22 3
      vertex 9.1 -5.90526 3
    endloop
  endfacet
  facet normal -0 0 1
    outer loop
      vertex 8.5694 -6.12504 3
      vertex 18.3 -22 3
      vertex 8.8419 -6.03253 3
    endloop
  endfacet
  facet normal -0 0 1
    outer loop
      vertex 8.28716 -6.18118 3
      vertex 18.3 -22 3
      vertex 8.5694 -6.12504 3
    endloop
  endfacet
  facet normal -0 0 1
    outer loop
      vertex 8 -6.2 3
      vertex 18.3 -22 3
      vertex 8.28716 -6.18118 3
    endloop
  endfacet
  facet normal 0 0 1
    outer loop
      vertex 7.71284 -6.18118 3
      vertex 18.3 -22 3
      vertex 8 -6.2 3
    endloop
  endfacet
  facet normal 0 0 1
    outer loop
      vertex 7.4306 -6.12504 3
      vertex 18.3 -22 3
      vertex 7.71284 -6.18118 3
    endloop
  endfacet
  facet normal 0 0 1
    outer loop
      vertex 7.1581 -6.03253 3
      vertex 18.3 -22 3
      vertex 7.4306 -6.12504 3
    endloop
  endfacet
  facet normal 0 0 1
    outer loop
      vertex -7.1581 -6.03253 3
      vertex 7.1581 -6.03253 3
      vertex 6.9 -5.90526 3
    endloop
  endfacet
  facet normal 0 0 1
    outer loop
      vertex -6.9 -5.90526 3
      vertex 6.9 -5.90526 3
      vertex 6.66072 -5.74538 3
    endloop
  endfacet
  facet normal 0 0 1
    outer loop
      vertex -6.66072 -5.74538 3
      vertex 6.66072 -5.74538 3
      vertex 6.44436 -5.55563 3
    endloop
  endfacet
  facet normal 0 0 1
    outer loop
      vertex -6.44436 -5.55563 3
      vertex 6.44436 -5.55563 3
      vertex 6.25462 -5.33927 3
    endloop
  endfacet
  facet normal 0 0 1
    outer loop
      vertex -5.8 -4 3
      vertex 5.8 -4 3
      vertex -5.8 4 3
    endloop
  endfacet
  facet normal 0 0 1
    outer loop
      vertex 5.8 -4 3
      vertex -5.8 -4 3
      vertex 5.81882 -4.28716 3
    endloop
  endfacet
  facet normal 0 0 1
    outer loop
      vertex -5.81882 -4.28716 3
      vertex 5.81882 -4.28716 3
      vertex -5.8 -4 3
    endloop
  endfacet
  facet normal 0 0 1
    outer loop
      vertex 5.81882 -4.28716 3
      vertex -5.81882 -4.28716 3
      vertex 5.87496 -4.5694 3
    endloop
  endfacet
  facet normal 0 0 1
    outer loop
      vertex -5.87496 -4.5694 3
      vertex 5.87496 -4.5694 3
      vertex -5.81882 -4.28716 3
    endloop
  endfacet
  facet normal 0 0 1
    outer loop
      vertex 5.87496 -4.5694 3
      vertex -5.87496 -4.5694 3
      vertex 5.96746 -4.8419 3
    endloop
  endfacet
  facet normal 0 0 1
    outer loop
      vertex -5.96746 -4.8419 3
      vertex 5.96746 -4.8419 3
      vertex -5.87496 -4.5694 3
    endloop
  endfacet
  facet normal 0 0 1
    outer loop
      vertex 5.96746 -4.8419 3
      vertex -5.96746 -4.8419 3
      vertex 6.09474 -5.1 3
    endloop
  endfacet
  facet normal 0 0 1
    outer loop
      vertex -6.09474 -5.1 3
      vertex 6.09474 -5.1 3
      vertex -5.96746 -4.8419 3
    endloop
  endfacet
  facet normal 0 0 1
    outer loop
      vertex 6.09474 -5.1 3
      vertex -6.09474 -5.1 3
      vertex 6.25462 -5.33927 3
    endloop
  endfacet
  facet normal 0 0 1
    outer loop
      vertex -6.25462 -5.33927 3
      vertex 6.25462 -5.33927 3
      vertex -6.09474 -5.1 3
    endloop
  endfacet
  facet normal 0 0 1
    outer loop
      vertex -6.44436 -5.55563 3
      vertex 6.25462 -5.33927 3
      vertex -6.25462 -5.33927 3
    endloop
  endfacet
  facet normal 0 0 1
    outer loop
      vertex 6.44436 -5.55563 3
      vertex -6.44436 -5.55563 3
      vertex -6.66072 -5.74538 3
    endloop
  endfacet
  facet normal 0 0 1
    outer loop
      vertex 6.66072 -5.74538 3
      vertex -6.66072 -5.74538 3
      vertex -6.9 -5.90526 3
    endloop
  endfacet
  facet normal 0 0 1
    outer loop
      vertex 6.9 -5.90526 3
      vertex -6.9 -5.90526 3
      vertex -7.1581 -6.03253 3
    endloop
  endfacet
  facet normal 0 0 1
    outer loop
      vertex 7.1581 -6.03253 3
      vertex -7.1581 -6.03253 3
      vertex 18.3 -22 3
    endloop
  endfacet
  facet normal 0 0 1
    outer loop
      vertex -18.3 -22 3
      vertex -7.1581 -6.03253 3
      vertex -7.4306 -6.12504 3
    endloop
  endfacet
  facet normal 0 0 1
    outer loop
      vertex -18.3 -22 3
      vertex -7.4306 -6.12504 3
      vertex -7.71284 -6.18118 3
    endloop
  endfacet
  facet normal 0 0 1
    outer loop
      vertex -18.3 -22 3
      vertex -7.71284 -6.18118 3
      vertex -8 -6.2 3
    endloop
  endfacet
  facet normal 0 0 1
    outer loop
      vertex -18.3 -22 3
      vertex -8 -6.2 3
      vertex -8.28716 -6.18118 3
    endloop
  endfacet
  facet normal 0 0 1
    outer loop
      vertex -18.3 -22 3
      vertex -8.28716 -6.18118 3
      vertex -8.5694 -6.12504 3
    endloop
  endfacet
  facet normal 0 0 1
    outer loop
      vertex -18.3 -22 3
      vertex -8.5694 -6.12504 3
      vertex -8.8419 -6.03253 3
    endloop
  endfacet
  facet normal 0 0 1
    outer loop
      vertex -18.3 -22 3
      vertex -8.8419 -6.03253 3
      vertex -9.1 -5.90526 3
    endloop
  endfacet
  facet normal 0 0 1
    outer loop
      vertex -14.3 -4.26479 3
      vertex -10.2 -4 3
      vertex -14.3 0 3
    endloop
  endfacet
  facet normal 0 0 1
    outer loop
      vertex -10.2 -4 3
      vertex -14.3 -4.26479 3
      vertex -10.1812 -4.28716 3
    endloop
  endfacet
  facet normal 0 0 1
    outer loop
      vertex -10.1812 -4.28716 3
      vertex -14.3 -4.26479 3
      vertex -10.125 -4.5694 3
    endloop
  endfacet
  facet normal 0 0 1
    outer loop
      vertex -10.125 -4.5694 3
      vertex -14.3 -4.26479 3
      vertex -10.0325 -4.8419 3
    endloop
  endfacet
  facet normal 0 0 1
    outer loop
      vertex -10.0325 -4.8419 3
      vertex -14.3 -4.26479 3
      vertex -9.90526 -5.1 3
    endloop
  endfacet
  facet normal 0 0 1
    outer loop
      vertex -9.90526 -5.1 3
      vertex -14.3 -4.26479 3
      vertex -9.74538 -5.33927 3
    endloop
  endfacet
  facet normal 0 0 1
    outer loop
      vertex -14.3 -4.26479 3
      vertex -9.55563 -5.55563 3
      vertex -9.74538 -5.33927 3
    endloop
  endfacet
  facet normal 0 0 1
    outer loop
      vertex -14.3 -4.26479 3
      vertex -9.33927 -5.74538 3
      vertex -9.55563 -5.55563 3
    endloop
  endfacet
  facet normal 0 0 1
    outer loop
      vertex -14.3 -4.26479 3
      vertex -9.1 -5.90526 3
      vertex -9.33927 -5.74538 3
    endloop
  endfacet
  facet normal 0 0 1
    outer loop
      vertex -21.3 -19 3
      vertex -9.1 -5.90526 3
      vertex -14.3 -4.26479 3
    endloop
  endfacet
  facet normal 0 0 1
    outer loop
      vertex -21.3 -19 3
      vertex -14.3 -4.26479 3
      vertex -17.3 -4.26479 3
    endloop
  endfacet
  facet normal 0 0 1
    outer loop
      vertex -7.1581 -6.03253 3
      vertex -18.3 -22 3
      vertex 18.3 -22 3
    endloop
  endfacet
  facet normal 0 0 1
    outer loop
      vertex -21.3 -19 3
      vertex -17.3 0 3
      vertex -21.3 19 3
    endloop
  endfacet
  facet normal 0 0 1
    outer loop
      vertex -21.3 19 3
      vertex -18.3 22 3
      vertex -18.6916 21.9743 3
    endloop
  endfacet
  facet normal 0 0 1
    outer loop
      vertex -17.3 0 3
      vertex -21.3 -19 3
      vertex -17.3 -4.26479 3
    endloop
  endfacet
  facet normal 0 0 1
    outer loop
      vertex -21.3 19 3
      vertex -18.6916 21.9743 3
      vertex -19.0764 21.8978 3
    endloop
  endfacet
  facet normal 0 0 1
    outer loop
      vertex -9.1 -5.90526 3
      vertex -21.3 -19 3
      vertex -18.3 -22 3
    endloop
  endfacet
  facet normal 0 0 1
    outer loop
      vertex -21.3 19 3
      vertex -19.0764 21.8978 3
      vertex -19.448 21.7716 3
    endloop
  endfacet
  facet normal 0 0 1
    outer loop
      vertex -18.3 -22 3
      vertex -21.3 -19 3
      vertex -18.6916 -21.9743 3
    endloop
  endfacet
  facet normal 0 0 1
    outer loop
      vertex -21.3 19 3
      vertex -19.448 21.7716 3
      vertex -19.8 21.5981 3
    endloop
  endfacet
  facet normal 0 0 1
    outer loop
      vertex -18.6916 -21.9743 3
      vertex -21.3 -19 3
      vertex -19.0764 -21.8978 3
    endloop
  endfacet
  facet normal 0 0 1
    outer loop
      vertex -21.3 19 3
      vertex -19.8 21.5981 3
      vertex -20.1263 21.3801 3
    endloop
  endfacet
  facet normal 0 0 1
    outer loop
      vertex -19.0764 -21.8978 3
      vertex -21.3 -19 3
      vertex -19.448 -21.7716 3
    endloop
  endfacet
  facet normal 0 0 1
    outer loop
      vertex -21.3 19 3
      vertex -20.1263 21.3801 3
      vertex -20.4213 21.1213 3
    endloop
  endfacet
  facet normal 0 0 1
    outer loop
      vertex -19.448 -21.7716 3
      vertex -21.3 -19 3
      vertex -19.8 -21.5981 3
    endloop
  endfacet
  facet normal 0 0 1
    outer loop
      vertex -21.3 19 3
      vertex -20.4213 21.1213 3
      vertex -20.6801 20.8263 3
    endloop
  endfacet
  facet normal 0 0 1
    outer loop
      vertex -19.8 -21.5981 3
      vertex -21.3 -19 3
      vertex -20.1263 -21.3801 3
    endloop
  endfacet
  facet normal 0 0 1
    outer loop
      vertex -21.3 19 3
      vertex -20.6801 20.8263 3
      vertex -20.8981 20.5 3
    endloop
  endfacet
  facet normal 0 0 1
    outer loop
      vertex -20.1263 -21.3801 3
      vertex -21.3 -19 3
      vertex -20.4213 -21.1213 3
    endloop
  endfacet
  facet normal 0 0 1
    outer loop
      vertex -21.3 19 3
      vertex -20.8981 20.5 3
      vertex -21.0716 20.1481 3
    endloop
  endfacet
  facet normal 0 0 1
    outer loop
      vertex -20.4213 -21.1213 3
      vertex -21.3 -19 3
      vertex -20.6801 -20.8263 3
    endloop
  endfacet
  facet normal 0 0 1
    outer loop
      vertex -21.3 19 3
      vertex -21.0716 20.1481 3
      vertex -21.1978 19.7765 3
    endloop
  endfacet
  facet normal 0 0 1
    outer loop
      vertex -20.6801 -20.8263 3
      vertex -21.3 -19 3
      vertex -20.8981 -20.5 3
    endloop
  endfacet
  facet normal 0 0 1
    outer loop
      vertex -21.3 19 3
      vertex -21.1978 19.7765 3
      vertex -21.2743 19.3916 3
    endloop
  endfacet
  facet normal 0 0 1
    outer loop
      vertex -20.8981 -20.5 3
      vertex -21.3 -19 3
      vertex -21.0716 -20.1481 3
    endloop
  endfacet
  facet normal 0 0 1
    outer loop
      vertex -21.0716 -20.1481 3
      vertex -21.3 -19 3
      vertex -21.1978 -19.7765 3
    endloop
  endfacet
  facet normal 0 0 1
    outer loop
      vertex -21.1978 -19.7765 3
      vertex -21.3 -19 3
      vertex -21.2743 -19.3916 3
    endloop
  endfacet
  facet normal -1 0 0
    outer loop
      vertex -21.3 -19 0
      vertex -21.3 19 3
      vertex -21.3 19 0
    endloop
  endfacet
  facet normal -1 -0 0
    outer loop
      vertex -21.3 19 3
      vertex -21.3 -19 0
      vertex -21.3 -19 3
    endloop
  endfacet
  facet normal 0 -1 0
    outer loop
      vertex -18.3 -22 0
      vertex 18.3 -22 3
      vertex -18.3 -22 3
    endloop
  endfacet
  facet normal 0 -1 -0
    outer loop
      vertex 18.3 -22 3
      vertex -18.3 -22 0
      vertex 18.3 -22 0
    endloop
  endfacet
  facet normal 0.0654873 0.997853 -0
    outer loop
      vertex 18.6916 21.9743 0
      vertex 18.3 22 3
      vertex 18.6916 21.9743 3
    endloop
  endfacet
  facet normal 0.0654873 0.997853 0
    outer loop
      vertex 18.3 22 3
      vertex 18.6916 21.9743 0
      vertex 18.3 22 0
    endloop
  endfacet
  facet normal 0 1 -0
    outer loop
      vertex 18.3 22 0
      vertex -18.3 22 3
      vertex 18.3 22 3
    endloop
  endfacet
  facet normal 0 1 0
    outer loop
      vertex -18.3 22 3
      vertex 18.3 22 0
      vertex -18.3 22 0
    endloop
  endfacet
  facet normal 1 -0 0
    outer loop
      vertex 21.3 -19 3
      vertex 21.3 19 0
      vertex 21.3 19 3
    endloop
  endfacet
  facet normal 1 0 0
    outer loop
      vertex 21.3 19 0
      vertex 21.3 -19 3
      vertex 21.3 -19 0
    endloop
  endfacet
  facet normal 0.831501 -0.555523 0
    outer loop
      vertex 20.6801 -20.8263 3
      vertex 20.8981 -20.5 0
      vertex 20.8981 -20.5 3
    endloop
  endfacet
  facet normal 0.831501 -0.555523 0
    outer loop
      vertex 20.8981 -20.5 0
      vertex 20.6801 -20.8263 3
      vertex 20.6801 -20.8263 0
    endloop
  endfacet
  facet normal -0.751724 0.659478 0
    outer loop
      vertex -20.6801 20.8263 0
      vertex -20.4213 21.1213 3
      vertex -20.4213 21.1213 0
    endloop
  endfacet
  facet normal -0.751724 0.659478 0
    outer loop
      vertex -20.4213 21.1213 3
      vertex -20.6801 20.8263 0
      vertex -20.6801 20.8263 3
    endloop
  endfacet
  facet normal 0 0 -1
    outer loop
      vertex 18.3 -22 0
      vertex 21.3 -19 0
      vertex 21.2743 -19.3916 0
    endloop
  endfacet
  facet normal 0 0 -1
    outer loop
      vertex 21.3 -19 0
      vertex 10.2 -4 0
      vertex 21.3 19 0
    endloop
  endfacet
  facet normal 0 0 -1
    outer loop
      vertex 18.3 -22 0
      vertex 21.2743 -19.3916 0
      vertex 21.1978 -19.7765 0
    endloop
  endfacet
  facet normal 0 0 -1
    outer loop
      vertex 10.2 4 0
      vertex 21.3 19 0
      vertex 10.2 -4 0
    endloop
  endfacet
  facet normal 0 0 -1
    outer loop
      vertex 18.3 -22 0
      vertex 21.1978 -19.7765 0
      vertex 21.0716 -20.1481 0
    endloop
  endfacet
  facet normal 0 0 -1
    outer loop
      vertex 10.1812 4.28716 0
      vertex 21.3 19 0
      vertex 10.2 4 0
    endloop
  endfacet
  facet normal 0 0 -1
    outer loop
      vertex 18.3 -22 0
      vertex 21.0716 -20.1481 0
      vertex 20.8981 -20.5 0
    endloop
  endfacet
  facet normal 0 0 -1
    outer loop
      vertex 10.125 4.5694 0
      vertex 21.3 19 0
      vertex 10.1812 4.28716 0
    endloop
  endfacet
  facet normal 0 0 -1
    outer loop
      vertex 18.3 -22 0
      vertex 20.8981 -20.5 0
      vertex 20.6801 -20.8263 0
    endloop
  endfacet
  facet normal 0 0 -1
    outer loop
      vertex 10.0325 4.8419 0
      vertex 21.3 19 0
      vertex 10.125 4.5694 0
    endloop
  endfacet
  facet normal 0 0 -1
    outer loop
      vertex 18.3 -22 0
      vertex 20.6801 -20.8263 0
      vertex 20.4213 -21.1213 0
    endloop
  endfacet
  facet normal 0 0 -1
    outer loop
      vertex 9.90526 5.1 0
      vertex 21.3 19 0
      vertex 10.0325 4.8419 0
    endloop
  endfacet
  facet normal 0 0 -1
    outer loop
      vertex 18.3 -22 0
      vertex 20.4213 -21.1213 0
      vertex 20.1263 -21.3801 0
    endloop
  endfacet
  facet normal 0 0 -1
    outer loop
      vertex 9.74538 5.33927 0
      vertex 21.3 19 0
      vertex 9.90526 5.1 0
    endloop
  endfacet
  facet normal 0 0 -1
    outer loop
      vertex 18.3 -22 0
      vertex 20.1263 -21.3801 0
      vertex 19.8 -21.5981 0
    endloop
  endfacet
  facet normal 0 0 -1
    outer loop
      vertex 9.55563 5.55563 0
      vertex 21.3 19 0
      vertex 9.74538 5.33927 0
    endloop
  endfacet
  facet normal 0 0 -1
    outer loop
      vertex 18.3 -22 0
      vertex 19.8 -21.5981 0
      vertex 19.448 -21.7716 0
    endloop
  endfacet
  facet normal 0 0 -1
    outer loop
      vertex 9.33927 5.74538 0
      vertex 21.3 19 0
      vertex 9.55563 5.55563 0
    endloop
  endfacet
  facet normal 0 0 -1
    outer loop
      vertex 18.3 -22 0
      vertex 19.448 -21.7716 0
      vertex 19.0764 -21.8978 0
    endloop
  endfacet
  facet normal 0 0 -1
    outer loop
      vertex 9.1 5.90526 0
      vertex 21.3 19 0
      vertex 9.33927 5.74538 0
    endloop
  endfacet
  facet normal 0 0 -1
    outer loop
      vertex 18.3 -22 0
      vertex 19.0764 -21.8978 0
      vertex 18.6916 -21.9743 0
    endloop
  endfacet
  facet normal 0 -0 -1
    outer loop
      vertex 18.3 22 0
      vertex 21.3 19 0
      vertex 9.1 5.90526 0
    endloop
  endfacet
  facet normal -0 0 -1
    outer loop
      vertex 21.3 -19 0
      vertex 18.3 -22 0
      vertex 9.1 -5.90526 0
    endloop
  endfacet
  facet normal 0 0 -1
    outer loop
      vertex 21.3 19 0
      vertex 18.3 22 0
      vertex 21.2743 19.3916 0
    endloop
  endfacet
  facet normal 0 0 -1
    outer loop
      vertex 21.1978 19.7765 0
      vertex 18.3 22 0
      vertex 21.0716 20.1481 0
    endloop
  endfacet
  facet normal 0 0 -1
    outer loop
      vertex 21.3 -19 0
      vertex 10.1812 -4.28716 0
      vertex 10.2 -4 0
    endloop
  endfacet
  facet normal 0 0 -1
    outer loop
      vertex 21.3 -19 0
      vertex 10.125 -4.5694 0
      vertex 10.1812 -4.28716 0
    endloop
  endfacet
  facet normal 0 0 -1
    outer loop
      vertex 21.3 -19 0
      vertex 10.0325 -4.8419 0
      vertex 10.125 -4.5694 0
    endloop
  endfacet
  facet normal 0 0 -1
    outer loop
      vertex 21.3 -19 0
      vertex 9.90526 -5.1 0
      vertex 10.0325 -4.8419 0
    endloop
  endfacet
  facet normal 0 0 -1
    outer loop
      vertex 21.3 -19 0
      vertex 9.74538 -5.33927 0
      vertex 9.90526 -5.1 0
    endloop
  endfacet
  facet normal 0 0 -1
    outer loop
      vertex 21.3 -19 0
      vertex 9.55563 -5.55563 0
      vertex 9.74538 -5.33927 0
    endloop
  endfacet
  facet normal 0 0 -1
    outer loop
      vertex 21.3 -19 0
      vertex 9.33927 -5.74538 0
      vertex 9.55563 -5.55563 0
    endloop
  endfacet
  facet normal 0 0 -1
    outer loop
      vertex 21.3 -19 0
      vertex 9.1 -5.90526 0
      vertex 9.33927 -5.74538 0
    endloop
  endfacet
  facet normal 0 0 -1
    outer loop
      vertex 18.3 -22 0
      vertex 8.8419 -6.03253 0
      vertex 9.1 -5.90526 0
    endloop
  endfacet
  facet normal 0 0 -1
    outer loop
      vertex 18.3 -22 0
      vertex 8.5694 -6.12504 0
      vertex 8.8419 -6.03253 0
    endloop
  endfacet
  facet normal 0 0 -1
    outer loop
      vertex 18.3 -22 0
      vertex 8.28716 -6.18118 0
      vertex 8.5694 -6.12504 0
    endloop
  endfacet
  facet normal 0 0 -1
    outer loop
      vertex 18.3 -22 0
      vertex 8 -6.2 0
      vertex 8.28716 -6.18118 0
    endloop
  endfacet
  facet normal 0 0 -1
    outer loop
      vertex 18.3 -22 0
      vertex 7.71284 -6.18118 0
      vertex 8 -6.2 0
    endloop
  endfacet
  facet normal 0 0 -1
    outer loop
      vertex 18.3 -22 0
      vertex 7.4306 -6.12504 0
      vertex 7.71284 -6.18118 0
    endloop
  endfacet
  facet normal 0 0 -1
    outer loop
      vertex 18.3 -22 0
      vertex 7.1581 -6.03253 0
      vertex 7.4306 -6.12504 0
    endloop
  endfacet
  facet normal 0 0 -1
    outer loop
      vertex -7.1581 -6.03253 0
      vertex 7.1581 -6.03253 0
      vertex 18.3 -22 0
    endloop
  endfacet
  facet normal 0 0 -1
    outer loop
      vertex 7.1581 -6.03253 0
      vertex -7.1581 -6.03253 0
      vertex 6.9 -5.90526 0
    endloop
  endfacet
  facet normal 0 -0 -1
    outer loop
      vertex -6.9 -5.90526 0
      vertex 6.9 -5.90526 0
      vertex -7.1581 -6.03253 0
    endloop
  endfacet
  facet normal 0 0 -1
    outer loop
      vertex 6.9 -5.90526 0
      vertex -6.9 -5.90526 0
      vertex 6.66072 -5.74538 0
    endloop
  endfacet
  facet normal 0 0 -1
    outer loop
      vertex 5.8 -4 0
      vertex -5.8 -4 0
      vertex 5.8 4 0
    endloop
  endfacet
  facet normal 0 0 -1
    outer loop
      vertex 5.81882 -4.28716 0
      vertex -5.8 -4 0
      vertex 5.8 -4 0
    endloop
  endfacet
  facet normal 0 0 -1
    outer loop
      vertex -5.81882 -4.28716 0
      vertex 5.81882 -4.28716 0
      vertex 5.87496 -4.5694 0
    endloop
  endfacet
  facet normal 0 0 -1
    outer loop
      vertex -5.87496 -4.5694 0
      vertex 5.87496 -4.5694 0
      vertex 5.96746 -4.8419 0
    endloop
  endfacet
  facet normal 0 0 -1
    outer loop
      vertex -5.96746 -4.8419 0
      vertex 5.96746 -4.8419 0
      vertex 6.09474 -5.1 0
    endloop
  endfacet
  facet normal 0 0 -1
    outer loop
      vertex -6.09474 -5.1 0
      vertex 6.09474 -5.1 0
      vertex 6.25462 -5.33927 0
    endloop
  endfacet
  facet normal 0 -0 -1
    outer loop
      vertex -6.66072 -5.74538 0
      vertex 6.66072 -5.74538 0
      vertex -6.9 -5.90526 0
    endloop
  endfacet
  facet normal 0 0 -1
    outer loop
      vertex 5.81882 -4.28716 0
      vertex -5.81882 -4.28716 0
      vertex -5.8 -4 0
    endloop
  endfacet
  facet normal 0 0 -1
    outer loop
      vertex 5.87496 -4.5694 0
      vertex -5.87496 -4.5694 0
      vertex -5.81882 -4.28716 0
    endloop
  endfacet
  facet normal 0 0 -1
    outer loop
      vertex 5.96746 -4.8419 0
      vertex -5.96746 -4.8419 0
      vertex -5.87496 -4.5694 0
    endloop
  endfacet
  facet normal 0 0 -1
    outer loop
      vertex 6.09474 -5.1 0
      vertex -6.09474 -5.1 0
      vertex -5.96746 -4.8419 0
    endloop
  endfacet
  facet normal 0 0 -1
    outer loop
      vertex 6.25462 -5.33927 0
      vertex -6.25462 -5.33927 0
      vertex -6.09474 -5.1 0
    endloop
  endfacet
  facet normal -0 0 -1
    outer loop
      vertex 6.25462 -5.33927 0
      vertex -6.44436 -5.55563 0
      vertex -6.25462 -5.33927 0
    endloop
  endfacet
  facet normal 0 0 -1
    outer loop
      vertex 6.44436 -5.55563 0
      vertex -6.44436 -5.55563 0
      vertex 6.25462 -5.33927 0
    endloop
  endfacet
  facet normal 0 -0 -1
    outer loop
      vertex -6.44436 -5.55563 0
      vertex 6.44436 -5.55563 0
      vertex -6.66072 -5.74538 0
    endloop
  endfacet
  facet normal 0 0 -1
    outer loop
      vertex 6.66072 -5.74538 0
      vertex -6.66072 -5.74538 0
      vertex 6.44436 -5.55563 0
    endloop
  endfacet
  facet normal 0 0 -1
    outer loop
      vertex -18.3 -22 0
      vertex -7.1581 -6.03253 0
      vertex 18.3 -22 0
    endloop
  endfacet
  facet normal 0 0 -1
    outer loop
      vertex -7.1581 -6.03253 0
      vertex -18.3 -22 0
      vertex -7.4306 -6.12504 0
    endloop
  endfacet
  facet normal 0 0 -1
    outer loop
      vertex -7.4306 -6.12504 0
      vertex -18.3 -22 0
      vertex -7.71284 -6.18118 0
    endloop
  endfacet
  facet normal 0 0 -1
    outer loop
      vertex -7.71284 -6.18118 0
      vertex -18.3 -22 0
      vertex -8 -6.2 0
    endloop
  endfacet
  facet normal -0 0 -1
    outer loop
      vertex -8 -6.2 0
      vertex -18.3 -22 0
      vertex -8.28716 -6.18118 0
    endloop
  endfacet
  facet normal -0 0 -1
    outer loop
      vertex -8.28716 -6.18118 0
      vertex -18.3 -22 0
      vertex -8.5694 -6.12504 0
    endloop
  endfacet
  facet normal -0 0 -1
    outer loop
      vertex -8.5694 -6.12504 0
      vertex -18.3 -22 0
      vertex -8.8419 -6.03253 0
    endloop
  endfacet
  facet normal -0 0 -1
    outer loop
      vertex -10.1812 -4.28716 0
      vertex -21.3 -19 0
      vertex -10.2 -4 0
    endloop
  endfacet
  facet normal -0 0 -1
    outer loop
      vertex -10.125 -4.5694 0
      vertex -21.3 -19 0
      vertex -10.1812 -4.28716 0
    endloop
  endfacet
  facet normal -0 0 -1
    outer loop
      vertex -10.0325 -4.8419 0
      vertex -21.3 -19 0
      vertex -10.125 -4.5694 0
    endloop
  endfacet
  facet normal -0 0 -1
    outer loop
      vertex -9.90526 -5.1 0
      vertex -21.3 -19 0
      vertex -10.0325 -4.8419 0
    endloop
  endfacet
  facet normal -0 0 -1
    outer loop
      vertex -9.74538 -5.33927 0
      vertex -21.3 -19 0
      vertex -9.90526 -5.1 0
    endloop
  endfacet
  facet normal -0 0 -1
    outer loop
      vertex -9.55563 -5.55563 0
      vertex -21.3 -19 0
      vertex -9.74538 -5.33927 0
    endloop
  endfacet
  facet normal -0 0 -1
    outer loop
      vertex -9.33927 -5.74538 0
      vertex -21.3 -19 0
      vertex -9.55563 -5.55563 0
    endloop
  endfacet
  facet normal -0 0 -1
    outer loop
      vertex -9.1 -5.90526 0
      vertex -21.3 -19 0
      vertex -9.33927 -5.74538 0
    endloop
  endfacet
  facet normal 0 0 -1
    outer loop
      vertex -21.3 -19 0
      vertex -9.1 -5.90526 0
      vertex -18.3 -22 0
    endloop
  endfacet
  facet normal -0 0 -1
    outer loop
      vertex -8.8419 -6.03253 0
      vertex -18.3 -22 0
      vertex -9.1 -5.90526 0
    endloop
  endfacet
  facet normal 0 0 -1
    outer loop
      vertex 21.0716 20.1481 0
      vertex 18.3 22 0
      vertex 20.8981 20.5 0
    endloop
  endfacet
  facet normal 0 0 -1
    outer loop
      vertex 20.6801 20.8263 0
      vertex 18.3 22 0
      vertex 20.4213 21.1213 0
    endloop
  endfacet
  facet normal 0 0 -1
    outer loop
      vertex 20.4213 21.1213 0
      vertex 18.3 22 0
      vertex 20.1263 21.3801 0
    endloop
  endfacet
  facet normal 0 0 -1
    outer loop
      vertex 20.1263 21.3801 0
      vertex 18.3 22 0
      vertex 19.8 21.5981 0
    endloop
  endfacet
  facet normal 0 0 -1
    outer loop
      vertex 19.448 21.7716 0
      vertex 18.3 22 0
      vertex 19.0764 21.8978 0
    endloop
  endfacet
  facet normal 0 0 -1
    outer loop
      vertex 19.0764 21.8978 0
      vertex 18.3 22 0
      vertex 18.6916 21.9743 0
    endloop
  endfacet
  facet normal 0 0 -1
    outer loop
      vertex 19.8 21.5981 0
      vertex 18.3 22 0
      vertex 19.448 21.7716 0
    endloop
  endfacet
  facet normal 0 0 -1
    outer loop
      vertex 20.8981 20.5 0
      vertex 18.3 22 0
      vertex 20.6801 20.8263 0
    endloop
  endfacet
  facet normal 0 0 -1
    outer loop
      vertex 21.2743 19.3916 0
      vertex 18.3 22 0
      vertex 21.1978 19.7765 0
    endloop
  endfacet
  facet normal 0 0 -1
    outer loop
      vertex 8.8419 6.03253 0
      vertex 18.3 22 0
      vertex 9.1 5.90526 0
    endloop
  endfacet
  facet normal 0 0 -1
    outer loop
      vertex 8.5694 6.12504 0
      vertex 18.3 22 0
      vertex 8.8419 6.03253 0
    endloop
  endfacet
  facet normal 0 0 -1
    outer loop
      vertex 8.28716 6.18118 0
      vertex 18.3 22 0
      vertex 8.5694 6.12504 0
    endloop
  endfacet
  facet normal 0 0 -1
    outer loop
      vertex 8 6.2 0
      vertex 18.3 22 0
      vertex 8.28716 6.18118 0
    endloop
  endfacet
  facet normal 0 0 -1
    outer loop
      vertex 7.71284 6.18118 0
      vertex 18.3 22 0
      vertex 8 6.2 0
    endloop
  endfacet
  facet normal 0 0 -1
    outer loop
      vertex 7.4306 6.12504 0
      vertex 18.3 22 0
      vertex 7.71284 6.18118 0
    endloop
  endfacet
  facet normal 0 0 -1
    outer loop
      vertex 7.1581 6.03253 0
      vertex 18.3 22 0
      vertex 7.4306 6.12504 0
    endloop
  endfacet
  facet normal 0 0 -1
    outer loop
      vertex -7.1581 6.03253 0
      vertex 7.1581 6.03253 0
      vertex 6.9 5.90526 0
    endloop
  endfacet
  facet normal 0 0 -1
    outer loop
      vertex -6.9 5.90526 0
      vertex 6.9 5.90526 0
      vertex 6.66072 5.74538 0
    endloop
  endfacet
  facet normal 0 0 -1
    outer loop
      vertex -6.66072 5.74538 0
      vertex 6.66072 5.74538 0
      vertex 6.44436 5.55563 0
    endloop
  endfacet
  facet normal 0 0 -1
    outer loop
      vertex -6.44436 5.55563 0
      vertex 6.44436 5.55563 0
      vertex 6.25462 5.33927 0
    endloop
  endfacet
  facet normal 0 0 -1
    outer loop
      vertex -5.8 4 0
      vertex 5.8 4 0
      vertex -5.8 -4 0
    endloop
  endfacet
  facet normal 0 0 -1
    outer loop
      vertex 5.8 4 0
      vertex -5.8 4 0
      vertex 5.81882 4.28716 0
    endloop
  endfacet
  facet normal 0 0 -1
    outer loop
      vertex -5.81882 4.28716 0
      vertex 5.81882 4.28716 0
      vertex -5.8 4 0
    endloop
  endfacet
  facet normal 0 0 -1
    outer loop
      vertex 5.81882 4.28716 0
      vertex -5.81882 4.28716 0
      vertex 5.87496 4.5694 0
    endloop
  endfacet
  facet normal 0 0 -1
    outer loop
      vertex -5.87496 4.5694 0
      vertex 5.87496 4.5694 0
      vertex -5.81882 4.28716 0
    endloop
  endfacet
  facet normal 0 0 -1
    outer loop
      vertex 5.87496 4.5694 0
      vertex -5.87496 4.5694 0
      vertex 5.96746 4.8419 0
    endloop
  endfacet
  facet normal 0 0 -1
    outer loop
      vertex -5.96746 4.8419 0
      vertex 5.96746 4.8419 0
      vertex -5.87496 4.5694 0
    endloop
  endfacet
  facet normal 0 0 -1
    outer loop
      vertex 5.96746 4.8419 0
      vertex -5.96746 4.8419 0
      vertex 6.09474 5.1 0
    endloop
  endfacet
  facet normal 0 0 -1
    outer loop
      vertex -6.09474 5.1 0
      vertex 6.09474 5.1 0
      vertex -5.96746 4.8419 0
    endloop
  endfacet
  facet normal 0 0 -1
    outer loop
      vertex 6.09474 5.1 0
      vertex -6.09474 5.1 0
      vertex 6.25462 5.33927 0
    endloop
  endfacet
  facet normal 0 0 -1
    outer loop
      vertex -6.25462 5.33927 0
      vertex 6.25462 5.33927 0
      vertex -6.09474 5.1 0
    endloop
  endfacet
  facet normal 0 0 -1
    outer loop
      vertex -6.44436 5.55563 0
      vertex 6.25462 5.33927 0
      vertex -6.25462 5.33927 0
    endloop
  endfacet
  facet normal 0 0 -1
    outer loop
      vertex 6.44436 5.55563 0
      vertex -6.44436 5.55563 0
      vertex -6.66072 5.74538 0
    endloop
  endfacet
  facet normal 0 0 -1
    outer loop
      vertex 6.66072 5.74538 0
      vertex -6.66072 5.74538 0
      vertex -6.9 5.90526 0
    endloop
  endfacet
  facet normal 0 0 -1
    outer loop
      vertex 6.9 5.90526 0
      vertex -6.9 5.90526 0
      vertex -7.1581 6.03253 0
    endloop
  endfacet
  facet normal 0 0 -1
    outer loop
      vertex 7.1581 6.03253 0
      vertex -7.1581 6.03253 0
      vertex 18.3 22 0
    endloop
  endfacet
  facet normal 0 0 -1
    outer loop
      vertex -18.3 22 0
      vertex -7.1581 6.03253 0
      vertex -7.4306 6.12504 0
    endloop
  endfacet
  facet normal 0 0 -1
    outer loop
      vertex -18.3 22 0
      vertex -7.4306 6.12504 0
      vertex -7.71284 6.18118 0
    endloop
  endfacet
  facet normal 0 0 -1
    outer loop
      vertex -18.3 22 0
      vertex -7.71284 6.18118 0
      vertex -8 6.2 0
    endloop
  endfacet
  facet normal 0 0 -1
    outer loop
      vertex -18.3 22 0
      vertex -8 6.2 0
      vertex -8.28716 6.18118 0
    endloop
  endfacet
  facet normal 0 0 -1
    outer loop
      vertex -18.3 22 0
      vertex -8.28716 6.18118 0
      vertex -8.5694 6.12504 0
    endloop
  endfacet
  facet normal 0 0 -1
    outer loop
      vertex -18.3 22 0
      vertex -8.5694 6.12504 0
      vertex -8.8419 6.03253 0
    endloop
  endfacet
  facet normal 0 0 -1
    outer loop
      vertex -18.3 22 0
      vertex -8.8419 6.03253 0
      vertex -9.1 5.90526 0
    endloop
  endfacet
  facet normal -0 0 -1
    outer loop
      vertex -10.2 -4 0
      vertex -21.3 -19 0
      vertex -10.2 4 0
    endloop
  endfacet
  facet normal 0 0 -1
    outer loop
      vertex -21.3 19 0
      vertex -10.2 4 0
      vertex -21.3 -19 0
    endloop
  endfacet
  facet normal 0 0 -1
    outer loop
      vertex -7.1581 6.03253 0
      vertex -18.3 22 0
      vertex 18.3 22 0
    endloop
  endfacet
  facet normal 0 0 -1
    outer loop
      vertex -21.3 19 0
      vertex -9.1 5.90526 0
      vertex -9.33927 5.74538 0
    endloop
  endfacet
  facet normal 0 0 -1
    outer loop
      vertex -21.3 19 0
      vertex -9.33927 5.74538 0
      vertex -9.55563 5.55563 0
    endloop
  endfacet
  facet normal 0 0 -1
    outer loop
      vertex -21.3 19 0
      vertex -9.55563 5.55563 0
      vertex -9.74538 5.33927 0
    endloop
  endfacet
  facet normal 0 0 -1
    outer loop
      vertex -21.3 19 0
      vertex -9.74538 5.33927 0
      vertex -9.90526 5.1 0
    endloop
  endfacet
  facet normal 0 0 -1
    outer loop
      vertex -21.3 19 0
      vertex -9.90526 5.1 0
      vertex -10.0325 4.8419 0
    endloop
  endfacet
  facet normal 0 0 -1
    outer loop
      vertex -21.3 19 0
      vertex -10.0325 4.8419 0
      vertex -10.125 4.5694 0
    endloop
  endfacet
  facet normal 0 0 -1
    outer loop
      vertex -10.2 4 0
      vertex -21.3 19 0
      vertex -10.1812 4.28716 0
    endloop
  endfacet
  facet normal 0 0 -1
    outer loop
      vertex -21.3 -19 0
      vertex -18.3 -22 0
      vertex -18.6916 -21.9743 0
    endloop
  endfacet
  facet normal 0 0 -1
    outer loop
      vertex -10.1812 4.28716 0
      vertex -21.3 19 0
      vertex -10.125 4.5694 0
    endloop
  endfacet
  facet normal 0 0 -1
    outer loop
      vertex -21.3 -19 0
      vertex -18.6916 -21.9743 0
      vertex -19.0764 -21.8978 0
    endloop
  endfacet
  facet normal 0 0 -1
    outer loop
      vertex -9.1 5.90526 0
      vertex -21.3 19 0
      vertex -18.3 22 0
    endloop
  endfacet
  facet normal 0 0 -1
    outer loop
      vertex -21.3 -19 0
      vertex -19.0764 -21.8978 0
      vertex -19.448 -21.7716 0
    endloop
  endfacet
  facet normal 0 0 -1
    outer loop
      vertex -18.3 22 0
      vertex -21.3 19 0
      vertex -18.6916 21.9743 0
    endloop
  endfacet
  facet normal 0 0 -1
    outer loop
      vertex -21.3 -19 0
      vertex -19.448 -21.7716 0
      vertex -19.8 -21.5981 0
    endloop
  endfacet
  facet normal 0 0 -1
    outer loop
      vertex -18.6916 21.9743 0
      vertex -21.3 19 0
      vertex -19.0764 21.8978 0
    endloop
  endfacet
  facet normal 0 0 -1
    outer loop
      vertex -21.3 -19 0
      vertex -19.8 -21.5981 0
      vertex -20.1263 -21.3801 0
    endloop
  endfacet
  facet normal 0 0 -1
    outer loop
      vertex -19.0764 21.8978 0
      vertex -21.3 19 0
      vertex -19.448 21.7716 0
    endloop
  endfacet
  facet normal 0 0 -1
    outer loop
      vertex -21.3 -19 0
      vertex -20.1263 -21.3801 0
      vertex -20.4213 -21.1213 0
    endloop
  endfacet
  facet normal 0 0 -1
    outer loop
      vertex -19.448 21.7716 0
      vertex -21.3 19 0
      vertex -19.8 21.5981 0
    endloop
  endfacet
  facet normal 0 0 -1
    outer loop
      vertex -21.3 -19 0
      vertex -20.4213 -21.1213 0
      vertex -20.6801 -20.8263 0
    endloop
  endfacet
  facet normal 0 0 -1
    outer loop
      vertex -19.8 21.5981 0
      vertex -21.3 19 0
      vertex -20.1263 21.3801 0
    endloop
  endfacet
  facet normal 0 0 -1
    outer loop
      vertex -21.3 -19 0
      vertex -20.6801 -20.8263 0
      vertex -20.8981 -20.5 0
    endloop
  endfacet
  facet normal 0 0 -1
    outer loop
      vertex -20.1263 21.3801 0
      vertex -21.3 19 0
      vertex -20.4213 21.1213 0
    endloop
  endfacet
  facet normal 0 0 -1
    outer loop
      vertex -21.3 -19 0
      vertex -20.8981 -20.5 0
      vertex -21.0716 -20.1481 0
    endloop
  endfacet
  facet normal 0 0 -1
    outer loop
      vertex -20.4213 21.1213 0
      vertex -21.3 19 0
      vertex -20.6801 20.8263 0
    endloop
  endfacet
  facet normal 0 0 -1
    outer loop
      vertex -21.3 -19 0
      vertex -21.0716 -20.1481 0
      vertex -21.1978 -19.7765 0
    endloop
  endfacet
  facet normal 0 0 -1
    outer loop
      vertex -20.6801 20.8263 0
      vertex -21.3 19 0
      vertex -20.8981 20.5 0
    endloop
  endfacet
  facet normal 0 0 -1
    outer loop
      vertex -21.3 -19 0
      vertex -21.1978 -19.7765 0
      vertex -21.2743 -19.3916 0
    endloop
  endfacet
  facet normal 0 0 -1
    outer loop
      vertex -20.8981 20.5 0
      vertex -21.3 19 0
      vertex -21.0716 20.1481 0
    endloop
  endfacet
  facet normal 0 0 -1
    outer loop
      vertex -21.0716 20.1481 0
      vertex -21.3 19 0
      vertex -21.1978 19.7765 0
    endloop
  endfacet
  facet normal 0 0 -1
    outer loop
      vertex -21.1978 19.7765 0
      vertex -21.3 19 0
      vertex -21.2743 19.3916 0
    endloop
  endfacet
  facet normal -0.751724 -0.659478 0
    outer loop
      vertex -20.4213 -21.1213 0
      vertex -20.6801 -20.8263 3
      vertex -20.6801 -20.8263 0
    endloop
  endfacet
  facet normal -0.751724 -0.659478 0
    outer loop
      vertex -20.6801 -20.8263 3
      vertex -20.4213 -21.1213 0
      vertex -20.4213 -21.1213 3
    endloop
  endfacet
  facet normal 0.44211 0.896961 -0
    outer loop
      vertex 19.8 21.5981 0
      vertex 19.448 21.7716 3
      vertex 19.8 21.5981 3
    endloop
  endfacet
  facet normal 0.44211 0.896961 0
    outer loop
      vertex 19.448 21.7716 3
      vertex 19.8 21.5981 0
      vertex 19.448 21.7716 0
    endloop
  endfacet
  facet normal 0.321574 0.946885 -0
    outer loop
      vertex 19.448 21.7716 0
      vertex 19.0764 21.8978 3
      vertex 19.448 21.7716 3
    endloop
  endfacet
  facet normal 0.321574 0.946885 0
    outer loop
      vertex 19.0764 21.8978 3
      vertex 19.448 21.7716 0
      vertex 19.0764 21.8978 0
    endloop
  endfacet
  facet normal -0.0654873 0.997853 0
    outer loop
      vertex -18.3 22 0
      vertex -18.6916 21.9743 3
      vertex -18.3 22 3
    endloop
  endfacet
  facet normal -0.0654873 0.997853 0
    outer loop
      vertex -18.6916 21.9743 3
      vertex -18.3 22 0
      vertex -18.6916 21.9743 0
    endloop
  endfacet
  facet normal -0.44211 0.896961 0
    outer loop
      vertex -19.448 21.7716 0
      vertex -19.8 21.5981 3
      vertex -19.448 21.7716 3
    endloop
  endfacet
  facet normal -0.44211 0.896961 0
    outer loop
      vertex -19.8 21.5981 3
      vertex -19.448 21.7716 0
      vertex -19.8 21.5981 0
    endloop
  endfacet
  facet normal -0.321574 0.946885 0
    outer loop
      vertex -19.0764 21.8978 0
      vertex -19.448 21.7716 3
      vertex -19.0764 21.8978 3
    endloop
  endfacet
  facet normal -0.321574 0.946885 0
    outer loop
      vertex -19.448 21.7716 3
      vertex -19.0764 21.8978 0
      vertex -19.448 21.7716 0
    endloop
  endfacet
  facet normal -0.946885 0.321574 0
    outer loop
      vertex -21.1978 19.7765 0
      vertex -21.0716 20.1481 3
      vertex -21.0716 20.1481 0
    endloop
  endfacet
  facet normal -0.946885 0.321574 0
    outer loop
      vertex -21.0716 20.1481 3
      vertex -21.1978 19.7765 0
      vertex -21.1978 19.7765 3
    endloop
  endfacet
  facet normal -0.980815 0.19494 0
    outer loop
      vertex -21.2743 19.3916 0
      vertex -21.1978 19.7765 3
      vertex -21.1978 19.7765 0
    endloop
  endfacet
  facet normal -0.980815 0.19494 0
    outer loop
      vertex -21.1978 19.7765 3
      vertex -21.2743 19.3916 0
      vertex -21.2743 19.3916 3
    endloop
  endfacet
  facet normal -0.831501 0.555523 0
    outer loop
      vertex -20.8981 20.5 0
      vertex -20.6801 20.8263 3
      vertex -20.6801 20.8263 0
    endloop
  endfacet
  facet normal -0.831501 0.555523 0
    outer loop
      vertex -20.6801 20.8263 3
      vertex -20.8981 20.5 0
      vertex -20.8981 20.5 3
    endloop
  endfacet
  facet normal -0.997853 -0.0654873 0
    outer loop
      vertex -21.2743 -19.3916 0
      vertex -21.3 -19 3
      vertex -21.3 -19 0
    endloop
  endfacet
  facet normal -0.997853 -0.0654873 0
    outer loop
      vertex -21.3 -19 3
      vertex -21.2743 -19.3916 0
      vertex -21.2743 -19.3916 3
    endloop
  endfacet
  facet normal -0.659478 -0.751724 0
    outer loop
      vertex -20.4213 -21.1213 0
      vertex -20.1263 -21.3801 3
      vertex -20.4213 -21.1213 3
    endloop
  endfacet
  facet normal -0.659478 -0.751724 -0
    outer loop
      vertex -20.1263 -21.3801 3
      vertex -20.4213 -21.1213 0
      vertex -20.1263 -21.3801 0
    endloop
  endfacet
  facet normal -0.194989 -0.980806 0
    outer loop
      vertex -19.0764 -21.8978 0
      vertex -18.6916 -21.9743 3
      vertex -19.0764 -21.8978 3
    endloop
  endfacet
  facet normal -0.194989 -0.980806 -0
    outer loop
      vertex -18.6916 -21.9743 3
      vertex -19.0764 -21.8978 0
      vertex -18.6916 -21.9743 0
    endloop
  endfacet
  facet normal -0.44211 -0.896961 0
    outer loop
      vertex -19.8 -21.5981 0
      vertex -19.448 -21.7716 3
      vertex -19.8 -21.5981 3
    endloop
  endfacet
  facet normal -0.44211 -0.896961 -0
    outer loop
      vertex -19.448 -21.7716 3
      vertex -19.8 -21.5981 0
      vertex -19.448 -21.7716 0
    endloop
  endfacet
  facet normal 0.555523 0.831501 -0
    outer loop
      vertex 20.1263 21.3801 0
      vertex 19.8 21.5981 3
      vertex 20.1263 21.3801 3
    endloop
  endfacet
  facet normal 0.555523 0.831501 0
    outer loop
      vertex 19.8 21.5981 3
      vertex 20.1263 21.3801 0
      vertex 19.8 21.5981 0
    endloop
  endfacet
  facet normal 0.659478 0.751724 -0
    outer loop
      vertex 20.4213 21.1213 0
      vertex 20.1263 21.3801 3
      vertex 20.4213 21.1213 3
    endloop
  endfacet
  facet normal 0.659478 0.751724 0
    outer loop
      vertex 20.1263 21.3801 3
      vertex 20.4213 21.1213 0
      vertex 20.1263 21.3801 0
    endloop
  endfacet
  facet normal 0.194989 0.980806 -0
    outer loop
      vertex 19.0764 21.8978 0
      vertex 18.6916 21.9743 3
      vertex 19.0764 21.8978 3
    endloop
  endfacet
  facet normal 0.194989 0.980806 0
    outer loop
      vertex 18.6916 21.9743 3
      vertex 19.0764 21.8978 0
      vertex 18.6916 21.9743 0
    endloop
  endfacet
  facet normal 0.946885 0.321574 0
    outer loop
      vertex 21.1978 19.7765 3
      vertex 21.0716 20.1481 0
      vertex 21.0716 20.1481 3
    endloop
  endfacet
  facet normal 0.946885 0.321574 0
    outer loop
      vertex 21.0716 20.1481 0
      vertex 21.1978 19.7765 3
      vertex 21.1978 19.7765 0
    endloop
  endfacet
  facet normal 0.896911 0.442211 0
    outer loop
      vertex 21.0716 20.1481 3
      vertex 20.8981 20.5 0
      vertex 20.8981 20.5 3
    endloop
  endfacet
  facet normal 0.896911 0.442211 0
    outer loop
      vertex 20.8981 20.5 0
      vertex 21.0716 20.1481 3
      vertex 21.0716 20.1481 0
    endloop
  endfacet
  facet normal 0.896911 -0.442211 0
    outer loop
      vertex 20.8981 -20.5 3
      vertex 21.0716 -20.1481 0
      vertex 21.0716 -20.1481 3
    endloop
  endfacet
  facet normal 0.896911 -0.442211 0
    outer loop
      vertex 21.0716 -20.1481 0
      vertex 20.8981 -20.5 3
      vertex 20.8981 -20.5 0
    endloop
  endfacet
  facet normal 0.980815 -0.19494 0
    outer loop
      vertex 21.1978 -19.7765 3
      vertex 21.2743 -19.3916 0
      vertex 21.2743 -19.3916 3
    endloop
  endfacet
  facet normal 0.980815 -0.19494 0
    outer loop
      vertex 21.2743 -19.3916 0
      vertex 21.1978 -19.7765 3
      vertex 21.1978 -19.7765 0
    endloop
  endfacet
  facet normal 0.751724 -0.659478 0
    outer loop
      vertex 20.4213 -21.1213 3
      vertex 20.6801 -20.8263 0
      vertex 20.6801 -20.8263 3
    endloop
  endfacet
  facet normal 0.751724 -0.659478 0
    outer loop
      vertex 20.6801 -20.8263 0
      vertex 20.4213 -21.1213 3
      vertex 20.4213 -21.1213 0
    endloop
  endfacet
  facet normal 0.44211 -0.896961 0
    outer loop
      vertex 19.448 -21.7716 0
      vertex 19.8 -21.5981 3
      vertex 19.448 -21.7716 3
    endloop
  endfacet
  facet normal 0.44211 -0.896961 0
    outer loop
      vertex 19.8 -21.5981 3
      vertex 19.448 -21.7716 0
      vertex 19.8 -21.5981 0
    endloop
  endfacet
  facet normal -0.659478 0.751724 0
    outer loop
      vertex -20.1263 21.3801 0
      vertex -20.4213 21.1213 3
      vertex -20.1263 21.3801 3
    endloop
  endfacet
  facet normal -0.659478 0.751724 0
    outer loop
      vertex -20.4213 21.1213 3
      vertex -20.1263 21.3801 0
      vertex -20.4213 21.1213 0
    endloop
  endfacet
  facet normal -0.555523 0.831501 0
    outer loop
      vertex -19.8 21.5981 0
      vertex -20.1263 21.3801 3
      vertex -19.8 21.5981 3
    endloop
  endfacet
  facet normal -0.555523 0.831501 0
    outer loop
      vertex -20.1263 21.3801 3
      vertex -19.8 21.5981 0
      vertex -20.1263 21.3801 0
    endloop
  endfacet
  facet normal -0.896911 0.442211 0
    outer loop
      vertex -21.0716 20.1481 0
      vertex -20.8981 20.5 3
      vertex -20.8981 20.5 0
    endloop
  endfacet
  facet normal -0.896911 0.442211 0
    outer loop
      vertex -20.8981 20.5 3
      vertex -21.0716 20.1481 0
      vertex -21.0716 20.1481 3
    endloop
  endfacet
  facet normal -0.980815 -0.19494 0
    outer loop
      vertex -21.1978 -19.7765 0
      vertex -21.2743 -19.3916 3
      vertex -21.2743 -19.3916 0
    endloop
  endfacet
  facet normal -0.980815 -0.19494 0
    outer loop
      vertex -21.2743 -19.3916 3
      vertex -21.1978 -19.7765 0
      vertex -21.1978 -19.7765 3
    endloop
  endfacet
  facet normal -0.946885 -0.321574 0
    outer loop
      vertex -21.0716 -20.1481 0
      vertex -21.1978 -19.7765 3
      vertex -21.1978 -19.7765 0
    endloop
  endfacet
  facet normal -0.946885 -0.321574 0
    outer loop
      vertex -21.1978 -19.7765 3
      vertex -21.0716 -20.1481 0
      vertex -21.0716 -20.1481 3
    endloop
  endfacet
  facet normal -0.555523 -0.831501 0
    outer loop
      vertex -20.1263 -21.3801 0
      vertex -19.8 -21.5981 3
      vertex -20.1263 -21.3801 3
    endloop
  endfacet
  facet normal -0.555523 -0.831501 -0
    outer loop
      vertex -19.8 -21.5981 3
      vertex -20.1263 -21.3801 0
      vertex -19.8 -21.5981 0
    endloop
  endfacet
  facet normal -0.321574 -0.946885 0
    outer loop
      vertex -19.448 -21.7716 0
      vertex -19.0764 -21.8978 3
      vertex -19.448 -21.7716 3
    endloop
  endfacet
  facet normal -0.321574 -0.946885 -0
    outer loop
      vertex -19.0764 -21.8978 3
      vertex -19.448 -21.7716 0
      vertex -19.0764 -21.8978 0
    endloop
  endfacet
  facet normal 0.980815 0.19494 0
    outer loop
      vertex 21.2743 19.3916 3
      vertex 21.1978 19.7765 0
      vertex 21.1978 19.7765 3
    endloop
  endfacet
  facet normal 0.980815 0.19494 0
    outer loop
      vertex 21.1978 19.7765 0
      vertex 21.2743 19.3916 3
      vertex 21.2743 19.3916 0
    endloop
  endfacet
  facet normal 0.997853 0.0654873 0
    outer loop
      vertex 21.3 19 3
      vertex 21.2743 19.3916 0
      vertex 21.2743 19.3916 3
    endloop
  endfacet
  facet normal 0.997853 0.0654873 0
    outer loop
      vertex 21.2743 19.3916 0
      vertex 21.3 19 3
      vertex 21.3 19 0
    endloop
  endfacet
  facet normal 0.831501 0.555523 0
    outer loop
      vertex 20.8981 20.5 3
      vertex 20.6801 20.8263 0
      vertex 20.6801 20.8263 3
    endloop
  endfacet
  facet normal 0.831501 0.555523 0
    outer loop
      vertex 20.6801 20.8263 0
      vertex 20.8981 20.5 3
      vertex 20.8981 20.5 0
    endloop
  endfacet
  facet normal 0.946885 -0.321574 0
    outer loop
      vertex 21.0716 -20.1481 3
      vertex 21.1978 -19.7765 0
      vertex 21.1978 -19.7765 3
    endloop
  endfacet
  facet normal 0.946885 -0.321574 0
    outer loop
      vertex 21.1978 -19.7765 0
      vertex 21.0716 -20.1481 3
      vertex 21.0716 -20.1481 0
    endloop
  endfacet
  facet normal 0.555523 -0.831501 0
    outer loop
      vertex 19.8 -21.5981 0
      vertex 20.1263 -21.3801 3
      vertex 19.8 -21.5981 3
    endloop
  endfacet
  facet normal 0.555523 -0.831501 0
    outer loop
      vertex 20.1263 -21.3801 3
      vertex 19.8 -21.5981 0
      vertex 20.1263 -21.3801 0
    endloop
  endfacet
  facet normal 0.659478 -0.751724 0
    outer loop
      vertex 20.1263 -21.3801 0
      vertex 20.4213 -21.1213 3
      vertex 20.1263 -21.3801 3
    endloop
  endfacet
  facet normal 0.659478 -0.751724 0
    outer loop
      vertex 20.4213 -21.1213 3
      vertex 20.1263 -21.3801 0
      vertex 20.4213 -21.1213 0
    endloop
  endfacet
  facet normal -0.896911 -0.442211 0
    outer loop
      vertex -20.8981 -20.5 0
      vertex -21.0716 -20.1481 3
      vertex -21.0716 -20.1481 0
    endloop
  endfacet
  facet normal -0.896911 -0.442211 0
    outer loop
      vertex -21.0716 -20.1481 3
      vertex -20.8981 -20.5 0
      vertex -20.8981 -20.5 3
    endloop
  endfacet
  facet normal -1 0 0
    outer loop
      vertex -17.3 0 3
      vertex -17.3 4.63623 17.018
      vertex -17.3 6.89365 4.21554
    endloop
  endfacet
  facet normal -1 0 0
    outer loop
      vertex -17.3 -6.39362 15.0732
      vertex -17.3 0 3
      vertex -17.3 -4.26479 3
    endloop
  endfacet
  facet normal -1 0 0
    outer loop
      vertex -17.3 0 3
      vertex -17.3 -6.39362 15.0732
      vertex -17.3 4.63623 17.018
    endloop
  endfacet
  facet normal -1 0 0
    outer loop
      vertex -17.3 -6.91456 18.0276
      vertex -17.3 -6.6509 81.0305
      vertex -17.3 4.11528 19.9725
    endloop
  endfacet
  facet normal -1 0 0
    outer loop
      vertex -17.3 -6.6509 81.0305
      vertex -17.3 -6.91456 18.0276
      vertex -17.3 -17.6807 79.0857
    endloop
  endfacet
  facet normal 0 -0.984808 -0.173647
    outer loop
      vertex -17.3 -6.91456 18.0276
      vertex -14.3 -17.6807 79.0857
      vertex -17.3 -17.6807 79.0857
    endloop
  endfacet
  facet normal -0 -0.984808 -0.173648
    outer loop
      vertex -17.3 -6.39362 15.0732
      vertex -17.3 -6.91456 18.0276
      vertex -19.3 -6.39362 15.0732
    endloop
  endfacet
  facet normal 2.82669e-07 -0.984808 -0.173648
    outer loop
      vertex -14.3 -4.26479 3
      vertex -17.3 -6.91456 18.0276
      vertex -17.3 -6.39362 15.0732
    endloop
  endfacet
  facet normal -0 -0.984808 -0.173648
    outer loop
      vertex -14.3 -4.26479 3
      vertex -17.3 -6.39362 15.0732
      vertex -17.3 -4.26479 3
    endloop
  endfacet
  facet normal 2.91733e-06 -0.984808 -0.173648
    outer loop
      vertex -17.3 -6.91456 18.0276
      vertex -14.3 -4.26479 3
      vertex -14.3 -17.6807 79.0857
    endloop
  endfacet
  facet normal 0 -0.984808 -0.173648
    outer loop
      vertex -19.3 -6.91456 18.0276
      vertex -19.3 -6.39362 15.0732
      vertex -17.3 -6.91456 18.0276
    endloop
  endfacet
  facet normal 1 0 0
    outer loop
      vertex -14.3 2.43348 6.47537
      vertex -14.3 -4.26479 3
      vertex -14.3 0 3
    endloop
  endfacet
  facet normal 1 0 0
    outer loop
      vertex -14.3 -9.60533 80.5096
      vertex -14.3 0.696997 16.3234
      vertex -14.3 1.6818 16.4971
    endloop
  endfacet
  facet normal 1 -0 0
    outer loop
      vertex -14.3 -17.6807 79.0857
      vertex -14.3 0.696997 16.3234
      vertex -14.3 -9.60533 80.5096
    endloop
  endfacet
  facet normal 1 0 0
    outer loop
      vertex -14.3 0.696997 16.3234
      vertex -14.3 -17.6807 79.0857
      vertex -14.3 -4.26479 3
    endloop
  endfacet
  facet normal 1 -0 0
    outer loop
      vertex -14.3 2.43348 6.47537
      vertex -14.3 3.93923 3.69459
      vertex -14.3 3.41829 6.64902
    endloop
  endfacet
  facet normal 1 0 0
    outer loop
      vertex -14.3 2.43348 6.47537
      vertex -14.3 0 3
      vertex -14.3 3.93923 3.69459
    endloop
  endfacet
  facet normal 1 0 0
    outer loop
      vertex -14.3 -4.26479 3
      vertex -14.3 2.43348 6.47537
      vertex -14.3 0.696997 16.3234
    endloop
  endfacet
  facet normal 1 0 0
    outer loop
      vertex -14.3 4.63623 17.018
      vertex -14.3 3.41829 6.64902
      vertex -14.3 6.37271 7.16996
    endloop
  endfacet
  facet normal 1 -0 0
    outer loop
      vertex -14.3 1.6818 16.4971
      vertex -14.3 3.41829 6.64902
      vertex -14.3 4.63623 17.018
    endloop
  endfacet
  facet normal 1 0 0
    outer loop
      vertex -14.3 3.41829 6.64902
      vertex -14.3 1.6818 16.4971
      vertex -14.3 2.43348 6.47537
    endloop
  endfacet
  facet normal 1 0 0
    outer loop
      vertex -14.3 2.43348 6.47537
      vertex -14.3 1.6818 16.4971
      vertex -14.3 0.696997 16.3234
    endloop
  endfacet
  facet normal 1.04954e-05 -0.173644 0.984809
    outer loop
      vertex 17.3 -6.6509 81.0305
      vertex 14.3 -9.60533 80.5096
      vertex 17.3 -17.6807 79.0857
    endloop
  endfacet
  facet normal 0 -0.173633 0.98481
    outer loop
      vertex 17.3 -6.6509 81.0305
      vertex -14.3 -9.60533 80.5096
      vertex 14.3 -9.60533 80.5096
    endloop
  endfacet
  facet normal 0 -0.173633 0.98481
    outer loop
      vertex -17.3 -6.6509 81.0305
      vertex -14.3 -9.60533 80.5096
      vertex 17.3 -6.6509 81.0305
    endloop
  endfacet
  facet normal -1.04954e-05 -0.173644 0.984809
    outer loop
      vertex -17.3 -17.6807 79.0857
      vertex -14.3 -9.60533 80.5096
      vertex -17.3 -6.6509 81.0305
    endloop
  endfacet
  facet normal 0 -0.173648 0.984808
    outer loop
      vertex -14.3 -9.60533 80.5096
      vertex -17.3 -17.6807 79.0857
      vertex -14.3 -17.6807 79.0857
    endloop
  endfacet
  facet normal 0 -0.173648 0.984808
    outer loop
      vertex 17.3 -17.6807 79.0857
      vertex 14.3 -9.60533 80.5096
      vertex 14.3 -17.6807 79.0857
    endloop
  endfacet
  facet normal 0 0.984808 0.173647
    outer loop
      vertex -6 6.37271 7.16996
      vertex -6 6.89365 4.21554
      vertex -14.3 6.37271 7.16996
    endloop
  endfacet
  facet normal 0 0.984808 0.173646
    outer loop
      vertex 19.3 4.11528 19.9725
      vertex 19.3 4.63623 17.018
      vertex 17.3 4.11528 19.9725
    endloop
  endfacet
  facet normal 0 0.984808 0.173648
    outer loop
      vertex 17.3 -6.6509 81.0305
      vertex 6 3.94164 20.9573
      vertex -17.3 -6.6509 81.0305
    endloop
  endfacet
  facet normal 6.03689e-07 0.984808 0.173648
    outer loop
      vertex 17.3 4.11528 19.9725
      vertex 6 3.94164 20.9573
      vertex 17.3 -6.6509 81.0305
    endloop
  endfacet
  facet normal -0 0.984808 0.173646
    outer loop
      vertex 17.3 4.63623 17.018
      vertex 17.3 4.11528 19.9725
      vertex 19.3 4.63623 17.018
    endloop
  endfacet
  facet normal -0 0.984808 0.173646
    outer loop
      vertex 14.3 4.63623 17.018
      vertex 17.3 4.11528 19.9725
      vertex 17.3 4.63623 17.018
    endloop
  endfacet
  facet normal 3.30074e-07 0.984808 0.173645
    outer loop
      vertex 17.3 4.11528 19.9725
      vertex 14.3 4.63623 17.018
      vertex 6 3.94164 20.9573
    endloop
  endfacet
  facet normal 0 0.984808 0.173645
    outer loop
      vertex 6 3.94164 20.9573
      vertex 14.3 4.63623 17.018
      vertex 6 4.63623 17.018
    endloop
  endfacet
  facet normal -0 0.984808 0.173648
    outer loop
      vertex -6 3.94164 20.9573
      vertex -17.3 -6.6509 81.0305
      vertex 6 3.94164 20.9573
    endloop
  endfacet
  facet normal -6.03689e-07 0.984808 0.173648
    outer loop
      vertex -6 3.94164 20.9573
      vertex -17.3 4.11528 19.9725
      vertex -17.3 -6.6509 81.0305
    endloop
  endfacet
  facet normal -0 0.984808 0.173645
    outer loop
      vertex -14.3 4.63623 17.018
      vertex -6 3.94164 20.9573
      vertex -6 4.63623 17.018
    endloop
  endfacet
  facet normal -3.30074e-07 0.984808 0.173645
    outer loop
      vertex -6 3.94164 20.9573
      vertex -14.3 4.63623 17.018
      vertex -17.3 4.11528 19.9725
    endloop
  endfacet
  facet normal -0 0.984808 0.173646
    outer loop
      vertex -17.3 4.63623 17.018
      vertex -17.3 4.11528 19.9725
      vertex -14.3 4.63623 17.018
    endloop
  endfacet
  facet normal 0 0.984808 0.173646
    outer loop
      vertex -17.3 4.11528 19.9725
      vertex -17.3 4.63623 17.018
      vertex -19.3 4.11528 19.9725
    endloop
  endfacet
  facet normal 0 0.984808 0.173646
    outer loop
      vertex -19.3 4.11528 19.9725
      vertex -17.3 4.63623 17.018
      vertex -19.3 4.63623 17.018
    endloop
  endfacet
  facet normal 0 0.984808 0.173649
    outer loop
      vertex -14.3 6.37271 7.16996
      vertex -17.3 4.63623 17.018
      vertex -14.3 4.63623 17.018
    endloop
  endfacet
  facet normal -1.36626e-06 0.984808 0.173648
    outer loop
      vertex -14.3 6.37271 7.16996
      vertex -17.3 6.89365 4.21554
      vertex -17.3 4.63623 17.018
    endloop
  endfacet
  facet normal -0 0.984808 0.173647
    outer loop
      vertex -17.3 6.89365 4.21554
      vertex -14.3 6.37271 7.16996
      vertex -6 6.89365 4.21554
    endloop
  endfacet
  facet normal 0 0.984808 0.173649
    outer loop
      vertex 17.3 4.63623 17.018
      vertex 14.3 6.37271 7.16996
      vertex 14.3 4.63623 17.018
    endloop
  endfacet
  facet normal 1.36626e-06 0.984808 0.173648
    outer loop
      vertex 17.3 6.89365 4.21554
      vertex 14.3 6.37271 7.16996
      vertex 17.3 4.63623 17.018
    endloop
  endfacet
  facet normal -0 0.984808 0.173647
    outer loop
      vertex 6 6.89365 4.21554
      vertex 14.3 6.37271 7.16996
      vertex 17.3 6.89365 4.21554
    endloop
  endfacet
  facet normal 0 0.984808 0.173647
    outer loop
      vertex 14.3 6.37271 7.16996
      vertex 6 6.89365 4.21554
      vertex 6 6.37271 7.16996
    endloop
  endfacet
  facet normal 0 0.173648 -0.984808
    outer loop
      vertex -14.3 0 3
      vertex -17.3 0 3
      vertex -14.3 3.93923 3.69459
    endloop
  endfacet
  facet normal 0 0.17365 -0.984807
    outer loop
      vertex -14.3 3.93923 3.69459
      vertex -6 6.89365 4.21554
      vertex -6 3.93923 3.69459
    endloop
  endfacet
  facet normal 0 0.17365 -0.984807
    outer loop
      vertex -14.3 3.93923 3.69459
      vertex -17.3 6.89365 4.21554
      vertex -6 6.89365 4.21554
    endloop
  endfacet
  facet normal -1.48956e-06 0.173649 -0.984808
    outer loop
      vertex -17.3 6.89365 4.21554
      vertex -14.3 3.93923 3.69459
      vertex -17.3 0 3
    endloop
  endfacet
  facet normal 0 0.173648 -0.984808
    outer loop
      vertex 14.3 3.93923 3.69459
      vertex 17.3 0 3
      vertex 14.3 0 3
    endloop
  endfacet
  facet normal 1.48956e-06 0.173649 -0.984808
    outer loop
      vertex 17.3 0 3
      vertex 14.3 3.93923 3.69459
      vertex 17.3 6.89365 4.21554
    endloop
  endfacet
  facet normal 0 0.17365 -0.984807
    outer loop
      vertex 6 6.89365 4.21554
      vertex 14.3 3.93923 3.69459
      vertex 6 3.93923 3.69459
    endloop
  endfacet
  facet normal 0 0.17365 -0.984807
    outer loop
      vertex 14.3 3.93923 3.69459
      vertex 6 6.89365 4.21554
      vertex 17.3 6.89365 4.21554
    endloop
  endfacet
  facet normal -1 0 0
    outer loop
      vertex 14.3 3.93923 3.69459
      vertex 14.3 2.43348 6.47537
      vertex 14.3 3.41829 6.64902
    endloop
  endfacet
  facet normal -1 0 0
    outer loop
      vertex 14.3 -4.26479 3
      vertex 14.3 2.43348 6.47537
      vertex 14.3 0 3
    endloop
  endfacet
  facet normal -1 0 0
    outer loop
      vertex 14.3 0 3
      vertex 14.3 2.43348 6.47537
      vertex 14.3 3.93923 3.69459
    endloop
  endfacet
  facet normal -1 -0 0
    outer loop
      vertex 14.3 2.43348 6.47537
      vertex 14.3 -4.26479 3
      vertex 14.3 0.696997 16.3234
    endloop
  endfacet
  facet normal -1 0 0
    outer loop
      vertex 14.3 0.696997 16.3234
      vertex 14.3 -9.60533 80.5096
      vertex 14.3 1.6818 16.4971
    endloop
  endfacet
  facet normal -1 0 0
    outer loop
      vertex 14.3 -17.6807 79.0857
      vertex 14.3 0.696997 16.3234
      vertex 14.3 -4.26479 3
    endloop
  endfacet
  facet normal -1 0 0
    outer loop
      vertex 14.3 0.696997 16.3234
      vertex 14.3 -17.6807 79.0857
      vertex 14.3 -9.60533 80.5096
    endloop
  endfacet
  facet normal -1 0 0
    outer loop
      vertex 14.3 3.41829 6.64902
      vertex 14.3 4.63623 17.018
      vertex 14.3 6.37271 7.16996
    endloop
  endfacet
  facet normal -1 0 0
    outer loop
      vertex 14.3 1.6818 16.4971
      vertex 14.3 3.41829 6.64902
      vertex 14.3 2.43348 6.47537
    endloop
  endfacet
  facet normal -1 0 0
    outer loop
      vertex 14.3 3.41829 6.64902
      vertex 14.3 1.6818 16.4971
      vertex 14.3 4.63623 17.018
    endloop
  endfacet
  facet normal -1 0 -0
    outer loop
      vertex 14.3 1.6818 16.4971
      vertex 14.3 2.43348 6.47537
      vertex 14.3 0.696997 16.3234
    endloop
  endfacet
  facet normal 0 -0.984808 -0.173647
    outer loop
      vertex 14.3 -17.6807 79.0857
      vertex 17.3 -6.91456 18.0276
      vertex 17.3 -17.6807 79.0857
    endloop
  endfacet
  facet normal 0 -0.984808 -0.173648
    outer loop
      vertex 17.3 -6.91456 18.0276
      vertex 17.3 -6.39362 15.0732
      vertex 19.3 -6.91456 18.0276
    endloop
  endfacet
  facet normal -2.91733e-06 -0.984808 -0.173648
    outer loop
      vertex 14.3 -4.26479 3
      vertex 17.3 -6.91456 18.0276
      vertex 14.3 -17.6807 79.0857
    endloop
  endfacet
  facet normal -2.82669e-07 -0.984808 -0.173648
    outer loop
      vertex 17.3 -6.91456 18.0276
      vertex 14.3 -4.26479 3
      vertex 17.3 -6.39362 15.0732
    endloop
  endfacet
  facet normal 0 -0.984808 -0.173648
    outer loop
      vertex 17.3 -6.39362 15.0732
      vertex 14.3 -4.26479 3
      vertex 17.3 -4.26479 3
    endloop
  endfacet
  facet normal 0 -0.984808 -0.173648
    outer loop
      vertex 19.3 -6.91456 18.0276
      vertex 17.3 -6.39362 15.0732
      vertex 19.3 -6.39362 15.0732
    endloop
  endfacet
  facet normal 1 0 0
    outer loop
      vertex 17.3 -6.6509 81.0305
      vertex 17.3 -6.91456 18.0276
      vertex 17.3 4.11528 19.9725
    endloop
  endfacet
  facet normal 1 0 -0
    outer loop
      vertex 17.3 -6.91456 18.0276
      vertex 17.3 -6.6509 81.0305
      vertex 17.3 -17.6807 79.0857
    endloop
  endfacet
  facet normal 1 0 0
    outer loop
      vertex 17.3 4.63623 17.018
      vertex 17.3 0 3
      vertex 17.3 6.89365 4.21554
    endloop
  endfacet
  facet normal 1 -0 0
    outer loop
      vertex 17.3 -6.39362 15.0732
      vertex 17.3 0 3
      vertex 17.3 4.63623 17.018
    endloop
  endfacet
  facet normal 1 0 0
    outer loop
      vertex 17.3 0 3
      vertex 17.3 -6.39362 15.0732
      vertex 17.3 -4.26479 3
    endloop
  endfacet
  facet normal -1 0 0
    outer loop
      vertex -19.3 -6.39362 15.0732
      vertex -19.3 4.11528 19.9725
      vertex -19.3 4.63623 17.018
    endloop
  endfacet
  facet normal -1 0 0
    outer loop
      vertex -19.3 4.11528 19.9725
      vertex -19.3 -6.39362 15.0732
      vertex -19.3 -6.91456 18.0276
    endloop
  endfacet
  facet normal 0 0.173643 -0.984809
    outer loop
      vertex -19.3 -6.39362 15.0732
      vertex -17.3 4.63623 17.018
      vertex -17.3 -6.39362 15.0732
    endloop
  endfacet
  facet normal 0 0.173643 -0.984809
    outer loop
      vertex -17.3 4.63623 17.018
      vertex -19.3 -6.39362 15.0732
      vertex -19.3 4.63623 17.018
    endloop
  endfacet
  facet normal 0 -0.173652 0.984807
    outer loop
      vertex -19.3 4.11528 19.9725
      vertex -17.3 -6.91456 18.0276
      vertex -17.3 4.11528 19.9725
    endloop
  endfacet
  facet normal 0 -0.173652 0.984807
    outer loop
      vertex -17.3 -6.91456 18.0276
      vertex -19.3 4.11528 19.9725
      vertex -19.3 -6.91456 18.0276
    endloop
  endfacet
  facet normal 1 0 0
    outer loop
      vertex 19.3 4.11528 19.9725
      vertex 19.3 -6.39362 15.0732
      vertex 19.3 4.63623 17.018
    endloop
  endfacet
  facet normal 1 0 -0
    outer loop
      vertex 19.3 -6.39362 15.0732
      vertex 19.3 4.11528 19.9725
      vertex 19.3 -6.91456 18.0276
    endloop
  endfacet
  facet normal 0 0.173643 -0.984809
    outer loop
      vertex 17.3 -6.39362 15.0732
      vertex 19.3 4.63623 17.018
      vertex 19.3 -6.39362 15.0732
    endloop
  endfacet
  facet normal 0 0.173643 -0.984809
    outer loop
      vertex 19.3 4.63623 17.018
      vertex 17.3 -6.39362 15.0732
      vertex 17.3 4.63623 17.018
    endloop
  endfacet
  facet normal 0 -0.173652 0.984807
    outer loop
      vertex 17.3 4.11528 19.9725
      vertex 19.3 -6.91456 18.0276
      vertex 19.3 4.11528 19.9725
    endloop
  endfacet
  facet normal 0 -0.173652 0.984807
    outer loop
      vertex 19.3 -6.91456 18.0276
      vertex 17.3 4.11528 19.9725
      vertex 17.3 -6.91456 18.0276
    endloop
  endfacet
  facet normal 0 -0.984808 -0.173646
    outer loop
      vertex -14.3 3.93923 3.69459
      vertex -6 3.41829 6.64902
      vertex -14.3 3.41829 6.64902
    endloop
  endfacet
  facet normal 0 -0.984808 -0.173646
    outer loop
      vertex -6 3.41829 6.64902
      vertex -14.3 3.93923 3.69459
      vertex -6 3.93923 3.69459
    endloop
  endfacet
  facet normal 0 -0.984808 -0.173646
    outer loop
      vertex 6 3.93923 3.69459
      vertex 14.3 3.41829 6.64902
      vertex 6 3.41829 6.64902
    endloop
  endfacet
  facet normal 0 -0.984808 -0.173646
    outer loop
      vertex 14.3 3.41829 6.64902
      vertex 6 3.93923 3.69459
      vertex 14.3 3.93923 3.69459
    endloop
  endfacet
  facet normal 0 -0.984808 -0.173648
    outer loop
      vertex -14.3 -9.60533 80.5096
      vertex -6 0.987212 20.4363
      vertex 14.3 -9.60533 80.5096
    endloop
  endfacet
  facet normal -9.61149e-08 -0.984808 -0.173648
    outer loop
      vertex -14.3 1.6818 16.4971
      vertex -6 0.987212 20.4363
      vertex -14.3 -9.60533 80.5096
    endloop
  endfacet
  facet normal 0 -0.984808 -0.173648
    outer loop
      vertex -6 0.987212 20.4363
      vertex -14.3 1.6818 16.4971
      vertex -6 1.6818 16.4971
    endloop
  endfacet
  facet normal -0 -0.984808 -0.173648
    outer loop
      vertex 6 0.987212 20.4363
      vertex 14.3 -9.60533 80.5096
      vertex -6 0.987212 20.4363
    endloop
  endfacet
  facet normal -0 -0.984808 -0.173648
    outer loop
      vertex 14.3 1.6818 16.4971
      vertex 6 0.987212 20.4363
      vertex 6 1.6818 16.4971
    endloop
  endfacet
  facet normal 9.61149e-08 -0.984808 -0.173648
    outer loop
      vertex 6 0.987212 20.4363
      vertex 14.3 1.6818 16.4971
      vertex 14.3 -9.60533 80.5096
    endloop
  endfacet
  facet normal 1 0 0
    outer loop
      vertex -6 6.37271 7.16996
      vertex -6 3.93923 3.69459
      vertex -6 6.89365 4.21554
    endloop
  endfacet
  facet normal 1 0 -0
    outer loop
      vertex -6 3.93923 3.69459
      vertex -6 6.37271 7.16996
      vertex -6 3.41829 6.64902
    endloop
  endfacet
  facet normal 1 0 0
    outer loop
      vertex -6 3.94164 20.9573
      vertex -6 1.6818 16.4971
      vertex -6 4.63623 17.018
    endloop
  endfacet
  facet normal 1 0 -0
    outer loop
      vertex -6 1.6818 16.4971
      vertex -6 3.94164 20.9573
      vertex -6 0.987212 20.4363
    endloop
  endfacet
  facet normal -1 0 0
    outer loop
      vertex 6 3.93923 3.69459
      vertex 6 6.37271 7.16996
      vertex 6 6.89365 4.21554
    endloop
  endfacet
  facet normal -1 0 0
    outer loop
      vertex 6 6.37271 7.16996
      vertex 6 3.93923 3.69459
      vertex 6 3.41829 6.64902
    endloop
  endfacet
  facet normal -1 0 0
    outer loop
      vertex 6 1.6818 16.4971
      vertex 6 3.94164 20.9573
      vertex 6 4.63623 17.018
    endloop
  endfacet
  facet normal -1 0 0
    outer loop
      vertex 6 3.94164 20.9573
      vertex 6 1.6818 16.4971
      vertex 6 0.987212 20.4363
    endloop
  endfacet
  facet normal 0 0.173666 -0.984805
    outer loop
      vertex -6 0.987212 20.4363
      vertex 6 3.94164 20.9573
      vertex 6 0.987212 20.4363
    endloop
  endfacet
  facet normal 0 0.173666 -0.984805
    outer loop
      vertex 6 3.94164 20.9573
      vertex -6 0.987212 20.4363
      vertex -6 3.94164 20.9573
    endloop
  endfacet
  facet normal 0 -0.173647 0.984808
    outer loop
      vertex -14.3 6.37271 7.16996
      vertex -6 3.41829 6.64902
      vertex -6 6.37271 7.16996
    endloop
  endfacet
  facet normal 0 -0.173647 0.984808
    outer loop
      vertex -6 3.41829 6.64902
      vertex -14.3 6.37271 7.16996
      vertex -14.3 3.41829 6.64902
    endloop
  endfacet
  facet normal 0 -0.173647 0.984808
    outer loop
      vertex 6 6.37271 7.16996
      vertex 14.3 3.41829 6.64902
      vertex 14.3 6.37271 7.16996
    endloop
  endfacet
  facet normal 0 -0.173647 0.984808
    outer loop
      vertex 14.3 3.41829 6.64902
      vertex 6 6.37271 7.16996
      vertex 6 3.41829 6.64902
    endloop
  endfacet
  facet normal 0 0.173633 -0.98481
    outer loop
      vertex -14.3 1.6818 16.4971
      vertex -6 4.63623 17.018
      vertex -6 1.6818 16.4971
    endloop
  endfacet
  facet normal 0 0.173633 -0.98481
    outer loop
      vertex -6 4.63623 17.018
      vertex -14.3 1.6818 16.4971
      vertex -14.3 4.63623 17.018
    endloop
  endfacet
  facet normal 0 0.173633 -0.98481
    outer loop
      vertex 6 1.6818 16.4971
      vertex 14.3 4.63623 17.018
      vertex 14.3 1.6818 16.4971
    endloop
  endfacet
  facet normal 0 0.173633 -0.98481
    outer loop
      vertex 14.3 4.63623 17.018
      vertex 6 1.6818 16.4971
      vertex 6 4.63623 17.018
    endloop
  endfacet
endsolid OpenSCAD_Model
