solid OpenSCAD_Model
  facet normal 0.411749 0.646317 0.642447
    outer loop
      vertex 5.95355 8.50256 30.8813
      vertex 5.18985 8.98909 30.8813
      vertex 5.53274 7.90158 31.7556
    endloop
  endfacet
  facet normal 0.509059 -0.264999 0.818923
    outer loop
      vertex 7.2184 -3.366 33.2964
      vertex 6.08787 -3.51483 33.951
      vertex 6.89757 -3.98231 33.2964
    endloop
  endfacet
  facet normal -0.29698 -0.570495 0.765727
    outer loop
      vertex -3.366 -7.2184 33.2964
      vertex -3.98231 -6.89757 33.2964
      vertex -3.73551 -8.01083 32.5627
    endloop
  endfacet
  facet normal 0.642553 -0.0280503 0.765727
    outer loop
      vertex 8.83897 0 32.5627
      vertex 7.93432 -0.694162 33.2964
      vertex 8.80534 -0.770367 32.5627
    endloop
  endfacet
  facet normal 0.517729 0.564992 0.642449
    outer loop
      vertex 6.67195 7.95132 30.8813
      vertex 6.20036 7.3893 31.7556
      vertex 6.82078 6.82078 31.7556
    endloop
  endfacet
  facet normal 0.335566 0.257491 0.906142
    outer loop
      vertex 4.62784 3.88321 34.5217
      vertex 4.10131 2.87177 35.0041
      vertex 4.94867 3.4651 34.5217
    endloop
  endfacet
  facet normal 0.270735 -0.653603 0.706757
    outer loop
      vertex 3.73551 -8.01083 32.5627
      vertex 3.02311 -8.30592 32.5627
      vertex 3.29914 -9.06432 31.7556
    endloop
  endfacet
  facet normal -0.172575 0.547345 0.818921
    outer loop
      vertex -1.81941 6.79014 33.951
      vertex -2.72406 7.4843 33.2964
      vertex -2.40429 6.60573 33.951
    endloop
  endfacet
  facet normal -0.100032 -0.759777 0.642442
    outer loop
      vertex -0.840708 -9.60934 31.7556
      vertex -1.80242 -10.222 30.8813
      vertex -0.904651 -10.3402 30.8813
    endloop
  endfacet
  facet normal -0.378363 0.726825 0.573208
    outer loop
      vertex -4.64745 9.96648 30
      vertex -5.4523 9.5475 30
      vertex -4.38665 9.40721 30.8813
    endloop
  endfacet
  facet normal -0.553593 0.604132 0.573201
    outer loop
      vertex -7.0686 8.42403 30
      vertex -7.33956 7.33956 30.8813
      vertex -6.67195 7.95132 30.8813
    endloop
  endfacet
  facet normal -0.553539 0.604148 0.573236
    outer loop
      vertex -7.33956 7.33956 30.8813
      vertex -7.0686 8.42403 30
      vertex -7.10692 8.38892 30
    endloop
  endfacet
  facet normal -0.0839476 -0.637663 0.765728
    outer loop
      vertex -0.694162 -7.93432 33.2964
      vertex -1.38304 -7.84363 33.2964
      vertex -0.770367 -8.80534 32.5627
    endloop
  endfacet
  facet normal 0.391535 0.51026 0.765725
    outer loop
      vertex 5.68158 6.77104 32.5627
      vertex 4.56832 6.52424 33.2964
      vertex 5.11956 6.10126 33.2964
    endloop
  endfacet
  facet normal -0.304606 0.396966 0.865814
    outer loop
      vertex -3.4651 4.94867 34.5217
      vertex -4.51858 5.38504 33.951
      vertex -3.88321 4.62784 34.5217
    endloop
  endfacet
  facet normal -0.642553 -0.0280503 0.765727
    outer loop
      vertex -7.93432 -0.694162 33.2964
      vertex -8.83897 0 32.5627
      vertex -8.80534 -0.770367 32.5627
    endloop
  endfacet
  facet normal -0.128147 0.117425 0.984779
    outer loop
      vertex -1.20754 1.20754 35.8881
      vertex -2.16925 1.82021 35.6899
      vertex -1.30819 1.0977 35.8881
    endloop
  endfacet
  facet normal -0.46651 0.607971 0.642449
    outer loop
      vertex -5.53274 7.90158 31.7556
      vertex -6.67195 7.95132 30.8813
      vertex -6.20036 7.3893 31.7556
    endloop
  endfacet
  facet normal 0.335564 0.257493 0.906142
    outer loop
      vertex 4.62784 3.88321 34.5217
      vertex 3.83541 3.21829 35.0041
      vertex 4.10131 2.87177 35.0041
    endloop
  endfacet
  facet normal 0.334216 -0.074089 0.93958
    outer loop
      vertex 3.87446 -0.683172 35.3945
      vertex 3.80018 -1.01825 35.3945
      vertex 4.83617 -1.29585 35.0041
    endloop
  endfacet
  facet normal -0.21273 -0.674714 0.706758
    outer loop
      vertex -2.28769 -8.53779 32.5627
      vertex -3.02311 -8.30592 32.5627
      vertex -2.49658 -9.31736 31.7556
    endloop
  endfacet
  facet normal 0.391538 -0.510254 0.765728
    outer loop
      vertex 5.68158 -6.77104 32.5627
      vertex 4.56832 -6.52424 33.2964
      vertex 5.06983 -7.24046 32.5627
    endloop
  endfacet
  facet normal -0.818647 -0.0357618 0.573182
    outer loop
      vertex -10.3402 -0.904651 30.8813
      vertex -10.9945 -0.0519236 30
      vertex -10.9549 -0.958433 30
    endloop
  endfacet
  facet normal -0.218469 -0.139187 0.965866
    outer loop
      vertex -2.45237 -1.41588 35.6899
      vertex -3.22274 -2.25658 35.3945
      vertex -2.31963 -1.62423 35.6899
    endloop
  endfacet
  facet normal 0.0691582 0.053065 0.996193
    outer loop
      vertex 1.30819 1.0977 35.8881
      vertex 0.467479 0.327332 35.9875
      vertex 1.39888 0.979506 35.8881
    endloop
  endfacet
  facet normal 0.390776 -0.161867 0.906142
    outer loop
      vertex 4.70483 -1.71242 35.0041
      vertex 4.53768 -2.11595 35.0041
      vertex 5.67688 -2.06622 34.5217
    endloop
  endfacet
  facet normal 0.596663 0.380114 0.706758
    outer loop
      vertex 8.35372 4.82302 31.7556
      vertex 7.24046 5.06983 32.5627
      vertex 7.65477 4.41949 32.5627
    endloop
  endfacet
  facet normal 0.230425 -0.730875 0.642437
    outer loop
      vertex 3.55007 -9.75373 30.8813
      vertex 2.49658 -9.31736 31.7556
      vertex 2.68647 -10.026 30.8813
    endloop
  endfacet
  facet normal 0.0933912 -0.146589 0.984779
    outer loop
      vertex 0.979506 -1.39888 35.8881
      vertex 0.853858 -1.47893 35.8881
      vertex 1.41588 -2.45237 35.6899
    endloop
  endfacet
  facet normal 0.517727 -0.564993 0.64245
    outer loop
      vertex 6.82078 -6.82078 31.7556
      vertex 6.67195 -7.95132 30.8813
      vertex 7.33956 -7.33956 30.8813
    endloop
  endfacet
  facet normal 0.5216 -0.477946 0.706754
    outer loop
      vertex 6.77104 -5.68158 32.5627
      vertex 6.2501 -6.2501 32.5627
      vertex 6.82078 -6.82078 31.7556
    endloop
  endfacet
  facet normal 0.498835 -0.65008 0.573201
    outer loop
      vertex 6.67195 -7.95132 30.8813
      vertex 6.34874 -8.97641 30
      vertex 7.0686 -8.42403 30
    endloop
  endfacet
  facet normal -0.177356 -0.79997 0.57323
    outer loop
      vertex -2.68647 -10.026 30.8813
      vertex -2.84618 -10.6221 30
      vertex -1.96031 -10.8185 30
    endloop
  endfacet
  facet normal 0.765605 -0.0334215 0.642442
    outer loop
      vertex 9.64604 0 31.7556
      vertex 9.60934 -0.840708 31.7556
      vertex 10.3402 -0.904651 30.8813
    endloop
  endfacet
  facet normal 0.542442 -0.345572 0.765727
    outer loop
      vertex 7.65477 -4.41949 32.5627
      vertex 6.89757 -3.98231 33.2964
      vertex 7.24046 -5.06983 32.5627
    endloop
  endfacet
  facet normal 0.270735 0.653603 0.706757
    outer loop
      vertex 3.29914 9.06432 31.7556
      vertex 3.02311 8.30592 32.5627
      vertex 3.73551 8.01083 32.5627
    endloop
  endfacet
  facet normal 0.642556 0.0280567 0.765725
    outer loop
      vertex 8.83897 0 32.5627
      vertex 7.93432 0.694162 33.2964
      vertex 7.96463 0 33.2964
    endloop
  endfacet
  facet normal -0.0560631 0.252902 0.965866
    outer loop
      vertex -0.683172 3.87446 35.3945
      vertex -1.01825 3.80018 35.3945
      vertex -0.732911 2.73526 35.6899
    endloop
  endfacet
  facet normal 0.757043 -0.31356 0.573207
    outer loop
      vertex 10.3137 -3.80914 30
      vertex 9.40721 -4.38665 30.8813
      vertex 9.96648 -4.64745 30
    endloop
  endfacet
  facet normal -0.387722 -0.423134 0.81892
    outer loop
      vertex -4.97073 -4.97073 33.951
      vertex -5.63184 -5.63184 33.2964
      vertex -4.51858 -5.38504 33.951
    endloop
  endfacet
  facet normal -0.335566 0.257491 0.906142
    outer loop
      vertex -4.62784 3.88321 34.5217
      vertex -4.94867 3.4651 34.5217
      vertex -4.10131 2.87177 35.0041
    endloop
  endfacet
  facet normal -0.285758 -0.311846 0.906143
    outer loop
      vertex -3.54032 -3.54032 35.0041
      vertex -4.27178 -4.27178 34.5217
      vertex -3.21829 -3.83541 35.0041
    endloop
  endfacet
  facet normal -0.496084 0.0653103 0.865815
    outer loop
      vertex -5.94943 1.04904 34.5217
      vertex -7.00292 0.612676 33.951
      vertex -6.01822 0.526525 34.5217
    endloop
  endfacet
  facet normal 0.0280567 -0.642556 0.765725
    outer loop
      vertex 0.694162 -7.93432 33.2964
      vertex 0 -7.96463 33.2964
      vertex 0 -8.83897 32.5627
    endloop
  endfacet
  facet normal -0.440269 -0.691084 0.573207
    outer loop
      vertex -5.18985 -8.98909 30.8813
      vertex -6.26367 -9.03597 30
      vertex -5.4984 -9.5235 30
    endloop
  endfacet
  facet normal 0.193398 -0.613398 0.765729
    outer loop
      vertex 2.72406 -7.4843 33.2964
      vertex 2.28769 -8.53779 32.5627
      vertex 3.02311 -8.30592 32.5627
    endloop
  endfacet
  facet normal -0.293262 -0.707998 0.642445
    outer loop
      vertex -3.29914 -9.06432 31.7556
      vertex -4.07659 -8.74229 31.7556
      vertex -3.55007 -9.75373 30.8813
    endloop
  endfacet
  facet normal -0.477952 -0.521584 0.706761
    outer loop
      vertex -5.68158 -6.77104 32.5627
      vertex -6.82078 -6.82078 31.7556
      vertex -6.20036 -7.3893 31.7556
    endloop
  endfacet
  facet normal -0.239322 0.0991325 0.965866
    outer loop
      vertex -2.56644 1.19675 35.6899
      vertex -3.56563 1.66268 35.3945
      vertex -2.66098 0.968515 35.6899
    endloop
  endfacet
  facet normal 0.0933917 -0.146588 0.984779
    outer loop
      vertex 1.62423 -2.31963 35.6899
      vertex 0.979506 -1.39888 35.8881
      vertex 1.41588 -2.45237 35.6899
    endloop
  endfacet
  facet normal 0.390777 -0.161861 0.906143
    outer loop
      vertex 5.67688 -2.06622 34.5217
      vertex 4.53768 -2.11595 35.0041
      vertex 5.4752 -2.55313 34.5217
    endloop
  endfacet
  facet normal 0.423134 -0.387722 0.81892
    outer loop
      vertex 5.38504 -4.51858 33.951
      vertex 4.97073 -4.97073 33.951
      vertex 5.63184 -5.63184 33.2964
    endloop
  endfacet
  facet normal 0.137895 -0.105807 0.984779
    outer loop
      vertex 1.39888 -0.979506 35.8881
      vertex 1.30819 -1.0977 35.8881
      vertex 2.31963 -1.62423 35.6899
    endloop
  endfacet
  facet normal 0.313759 -0.756964 0.573202
    outer loop
      vertex 3.80914 -10.3137 30
      vertex 3.55007 -9.75373 30.8813
      vertex 3.76113 -10.3336 30
    endloop
  endfacet
  facet normal 0.313575 -0.757043 0.573198
    outer loop
      vertex 3.55007 -9.75373 30.8813
      vertex 3.80914 -10.3137 30
      vertex 4.38665 -9.40721 30.8813
    endloop
  endfacet
  facet normal -0.0923427 0.701403 0.706757
    outer loop
      vertex -0.840708 9.60934 31.7556
      vertex -1.53487 8.70469 32.5627
      vertex -0.770367 8.80534 32.5627
    endloop
  endfacet
  facet normal 0.119611 0.229773 0.965866
    outer loop
      vertex 1.66268 3.56563 35.3945
      vertex 1.41588 2.45237 35.6899
      vertex 1.96712 3.40715 35.3945
    endloop
  endfacet
  facet normal 0.570495 -0.296983 0.765726
    outer loop
      vertex 8.01083 -3.73551 32.5627
      vertex 6.89757 -3.98231 33.2964
      vertex 7.65477 -4.41949 32.5627
    endloop
  endfacet
  facet normal 0.607971 -0.46651 0.642449
    outer loop
      vertex 7.90158 -5.53274 31.7556
      vertex 7.3893 -6.20036 31.7556
      vertex 7.95132 -6.67195 30.8813
    endloop
  endfacet
  facet normal -0.246131 -0.594204 0.765729
    outer loop
      vertex -2.72406 -7.4843 33.2964
      vertex -3.73551 -8.01083 32.5627
      vertex -3.02311 -8.30592 32.5627
    endloop
  endfacet
  facet normal 0.378385 0.726814 0.573207
    outer loop
      vertex 5.4523 9.5475 30
      vertex 5.18985 8.98909 30.8813
      vertex 5.4984 9.5235 30
    endloop
  endfacet
  facet normal 0.378362 0.726826 0.573207
    outer loop
      vertex 5.18985 8.98909 30.8813
      vertex 5.4523 9.5475 30
      vertex 4.38665 9.40721 30.8813
    endloop
  endfacet
  facet normal -0.561259 -0.430676 0.706757
    outer loop
      vertex -7.24046 -5.06983 32.5627
      vertex -7.90158 -5.53274 31.7556
      vertex -6.77104 -5.68158 32.5627
    endloop
  endfacet
  facet normal 0.690685 0.153125 0.706758
    outer loop
      vertex 9.31736 2.49658 31.7556
      vertex 8.70469 1.53487 32.5627
      vertex 9.4995 1.67502 31.7556
    endloop
  endfacet
  facet normal 0.627922 -0.139208 0.765725
    outer loop
      vertex 7.84363 -1.38304 33.2964
      vertex 7.69324 -2.0614 33.2964
      vertex 8.53779 -2.28769 32.5627
    endloop
  endfacet
  facet normal 0.646317 -0.411749 0.642447
    outer loop
      vertex 8.98909 -5.18985 30.8813
      vertex 7.90158 -5.53274 31.7556
      vertex 8.50256 -5.95355 30.8813
    endloop
  endfacet
  facet normal -0.21273 0.674714 0.706758
    outer loop
      vertex -2.49658 9.31736 31.7556
      vertex -3.02311 8.30592 32.5627
      vertex -2.28769 8.53779 32.5627
    endloop
  endfacet
  facet normal -0.0691582 -0.053065 0.996193
    outer loop
      vertex -0.467479 -0.327332 35.9875
      vertex -1.39888 -0.979506 35.8881
      vertex -1.30819 -1.0977 35.8881
    endloop
  endfacet
  facet normal -0.0653103 0.496084 0.865815
    outer loop
      vertex -0.612676 7.00292 33.951
      vertex -1.04904 5.94943 34.5217
      vertex -0.526525 6.01822 34.5217
    endloop
  endfacet
  facet normal 0.0184477 0.422571 0.906142
    outer loop
      vertex 0.526525 6.01822 34.5217
      vertex 0 5.00677 35.0041
      vertex 0.436369 4.98772 35.0041
    endloop
  endfacet
  facet normal -0.0446813 0.339399 0.939581
    outer loop
      vertex -0.436369 4.98772 35.0041
      vertex -0.869417 4.93071 35.0041
      vertex -0.683172 3.87446 35.3945
    endloop
  endfacet
  facet normal -0.455309 0.349373 0.818921
    outer loop
      vertex -5.38504 4.51858 33.951
      vertex -6.52424 4.56832 33.2964
      vertex -5.75837 4.03205 33.951
    endloop
  endfacet
  facet normal -0.510254 0.391538 0.765728
    outer loop
      vertex -6.77104 5.68158 32.5627
      vertex -7.24046 5.06983 32.5627
      vertex -6.52424 4.56832 33.2964
    endloop
  endfacet
  facet normal -0.517727 -0.564993 0.64245
    outer loop
      vertex -6.82078 -6.82078 31.7556
      vertex -7.33956 -7.33956 30.8813
      vertex -6.67195 -7.95132 30.8813
    endloop
  endfacet
  facet normal -0.326668 -0.627519 0.706759
    outer loop
      vertex -3.73551 -8.01083 32.5627
      vertex -4.82302 -8.35372 31.7556
      vertex -4.07659 -8.74229 31.7556
    endloop
  endfacet
  facet normal -0.326668 -0.627519 0.706759
    outer loop
      vertex -4.41949 -7.65477 32.5627
      vertex -4.82302 -8.35372 31.7556
      vertex -3.73551 -8.01083 32.5627
    endloop
  endfacet
  facet normal -0.106925 -0.812421 0.573183
    outer loop
      vertex -0.904651 -10.3402 30.8813
      vertex -1.85804 -10.8365 30
      vertex -0.958433 -10.9549 30
    endloop
  endfacet
  facet normal -0.165869 -0.74817 0.642439
    outer loop
      vertex -1.67502 -9.4995 31.7556
      vertex -2.49658 -9.31736 31.7556
      vertex -1.80242 -10.222 30.8813
    endloop
  endfacet
  facet normal 0.0376203 -0.169691 0.984779
    outer loop
      vertex 0.732911 -2.73526 35.6899
      vertex 0.441989 -1.64953 35.8881
      vertex 0.491728 -2.78873 35.6899
    endloop
  endfacet
  facet normal -0.139187 -0.218469 0.965866
    outer loop
      vertex -1.62423 -2.31963 35.6899
      vertex -2.25658 -3.22274 35.3945
      vertex -1.41588 -2.45237 35.6899
    endloop
  endfacet
  facet normal -0.246375 -0.781465 0.573246
    outer loop
      vertex -2.89575 -10.6065 30
      vertex -2.68647 -10.026 30.8813
      vertex -3.55007 -9.75373 30.8813
    endloop
  endfacet
  facet normal -0.245974 -0.781598 0.573238
    outer loop
      vertex -2.68647 -10.026 30.8813
      vertex -2.89575 -10.6065 30
      vertex -2.84618 -10.6221 30
    endloop
  endfacet
  facet normal -0.107202 -0.81237 0.573203
    outer loop
      vertex -1.85804 -10.8365 30
      vertex -1.80242 -10.222 30.8813
      vertex -1.90957 -10.8297 30
    endloop
  endfacet
  facet normal -0.10696 -0.812399 0.573208
    outer loop
      vertex -1.80242 -10.222 30.8813
      vertex -1.85804 -10.8365 30
      vertex -0.904651 -10.3402 30.8813
    endloop
  endfacet
  facet normal -0.553582 -0.604135 0.573209
    outer loop
      vertex -7.33956 -7.33956 30.8813
      vertex -7.77591 -7.77591 30
      vertex -7.10692 -8.38892 30
    endloop
  endfacet
  facet normal -0.440237 -0.691103 0.573208
    outer loop
      vertex -6.26367 -9.03597 30
      vertex -5.95355 -8.50256 30.8813
      vertex -6.3075 -9.00805 30
    endloop
  endfacet
  facet normal -0.440269 -0.691084 0.573207
    outer loop
      vertex -5.95355 -8.50256 30.8813
      vertex -6.26367 -9.03597 30
      vertex -5.18985 -8.98909 30.8813
    endloop
  endfacet
  facet normal -0.246128 -0.594207 0.765728
    outer loop
      vertex -3.366 -7.2184 33.2964
      vertex -3.73551 -8.01083 32.5627
      vertex -2.72406 -7.4843 33.2964
    endloop
  endfacet
  facet normal 0.0308537 -0.706783 0.706757
    outer loop
      vertex 0.840708 -9.60934 31.7556
      vertex 0 -8.83897 32.5627
      vertex 0 -9.64604 31.7556
    endloop
  endfacet
  facet normal -0.0642689 -0.0588917 0.996193
    outer loop
      vertex -0.437171 -0.36683 35.9875
      vertex -1.30819 -1.0977 35.8881
      vertex -1.20754 -1.20754 35.8881
    endloop
  endfacet
  facet normal -0.627519 0.326668 0.706759
    outer loop
      vertex -7.65477 4.41949 32.5627
      vertex -8.35372 4.82302 31.7556
      vertex -8.01083 3.73551 32.5627
    endloop
  endfacet
  facet normal -0.303652 -0.15807 0.93958
    outer loop
      vertex -3.56563 -1.66268 35.3945
      vertex -4.33599 -2.50339 35.0041
      vertex -3.40715 -1.96712 35.3945
    endloop
  endfacet
  facet normal -0.0915476 -0.412947 0.906142
    outer loop
      vertex -1.29585 -4.83617 35.0041
      vertex -1.56358 -5.83536 34.5217
      vertex -1.04904 -5.94943 34.5217
    endloop
  endfacet
  facet normal -0.342003 0.0149312 0.93958
    outer loop
      vertex -3.91926 0.342891 35.3945
      vertex -5.00677 0 35.0041
      vertex -3.93423 0 35.3945
    endloop
  endfacet
  facet normal -0.256826 -0.0338126 0.965866
    outer loop
      vertex -2.78873 -0.491728 35.6899
      vertex -3.91926 -0.342891 35.3945
      vertex -3.87446 -0.683172 35.3945
    endloop
  endfacet
  facet normal -0.208401 -0.271587 0.93958
    outer loop
      vertex -2.52888 -3.0138 35.3945
      vertex -3.21829 -3.83541 35.0041
      vertex -2.87177 -4.10131 35.0041
    endloop
  endfacet
  facet normal -0.0112985 -0.258795 0.965866
    outer loop
      vertex 0 -2.83175 35.6899
      vertex -0.342891 -3.91926 35.3945
      vertex 0 -3.93423 35.3945
    endloop
  endfacet
  facet normal 0.044684 -0.3394 0.93958
    outer loop
      vertex 0.683172 -3.87446 35.3945
      vertex 0.342891 -3.91926 35.3945
      vertex 0.436369 -4.98772 35.0041
    endloop
  endfacet
  facet normal 0.338043 -0.368908 0.865814
    outer loop
      vertex 4.27178 -4.27178 34.5217
      vertex 3.88321 -4.62784 34.5217
      vertex 4.51858 -5.38504 33.951
    endloop
  endfacet
  facet normal 0.0653103 -0.496084 0.865815
    outer loop
      vertex 1.04904 -5.94943 34.5217
      vertex 0.526525 -6.01822 34.5217
      vertex 0.612676 -7.00292 33.951
    endloop
  endfacet
  facet normal 0.169691 -0.0376138 0.984779
    outer loop
      vertex 1.68177 -0.296541 35.8881
      vertex 1.64953 -0.441989 35.8881
      vertex 2.78873 -0.491728 35.6899
    endloop
  endfacet
  facet normal 0.316271 -0.131006 0.93958
    outer loop
      vertex 4.70483 -1.71242 35.0041
      vertex 3.56563 -1.66268 35.3945
      vertex 4.53768 -2.11595 35.0041
    endloop
  endfacet
  facet normal 0.396966 -0.304606 0.865814
    outer loop
      vertex 4.94867 -3.4651 34.5217
      vertex 4.62784 -3.88321 34.5217
      vertex 5.38504 -4.51858 33.951
    endloop
  endfacet
  facet normal 0.62792 0.13921 0.765726
    outer loop
      vertex 8.53779 2.28769 32.5627
      vertex 7.84363 1.38304 33.2964
      vertex 8.70469 1.53487 32.5627
    endloop
  endfacet
  facet normal 0.252902 -0.0560631 0.965866
    outer loop
      vertex 3.87446 -0.683172 35.3945
      vertex 2.73526 -0.732911 35.6899
      vertex 3.80018 -1.01825 35.3945
    endloop
  endfacet
  facet normal 0.0864249 0.0113806 0.996193
    outer loop
      vertex 1.68177 0.296541 35.8881
      vertex 0.562016 0.0990982 35.9875
      vertex 1.70122 0.148837 35.8881
    endloop
  endfacet
  facet normal 0.594207 -0.246128 0.765728
    outer loop
      vertex 7.4843 -2.72406 33.2964
      vertex 7.2184 -3.366 33.2964
      vertex 8.01083 -3.73551 32.5627
    endloop
  endfacet
  facet normal 0.573359 0.0250334 0.818922
    outer loop
      vertex 7.93432 0.694162 33.2964
      vertex 7.00292 0.612676 33.951
      vertex 7.02967 0 33.951
    endloop
  endfacet
  facet normal 0.396967 0.304605 0.865814
    outer loop
      vertex 5.38504 4.51858 33.951
      vertex 4.94867 3.4651 34.5217
      vertex 5.75837 4.03205 33.951
    endloop
  endfacet
  facet normal 0.0653103 0.496084 0.865815
    outer loop
      vertex 0.612676 7.00292 33.951
      vertex 0.526525 6.01822 34.5217
      vertex 1.04904 5.94943 34.5217
    endloop
  endfacet
  facet normal 0.679742 0.353854 0.642447
    outer loop
      vertex 8.98909 5.18985 30.8813
      vertex 8.35372 4.82302 31.7556
      vertex 8.74229 4.07659 31.7556
    endloop
  endfacet
  facet normal 0.0184477 -0.422571 0.906142
    outer loop
      vertex 0.436369 -4.98772 35.0041
      vertex 0 -5.00677 35.0041
      vertex 0.526525 -6.01822 34.5217
    endloop
  endfacet
  facet normal 0.19531 -0.375179 0.906143
    outer loop
      vertex 3.02061 -5.23184 34.5217
      vertex 2.11595 -4.53768 35.0041
      vertex 2.55313 -5.4752 34.5217
    endloop
  endfacet
  facet normal 0.474195 -0.434509 0.765729
    outer loop
      vertex 6.77104 -5.68158 32.5627
      vertex 5.63184 -5.63184 33.2964
      vertex 6.2501 -6.2501 32.5627
    endloop
  endfacet
  facet normal 0.387725 -0.423126 0.818922
    outer loop
      vertex 5.63184 -5.63184 33.2964
      vertex 4.51858 -5.38504 33.951
      vertex 5.11956 -6.10126 33.2964
    endloop
  endfacet
  facet normal 0.0357618 -0.818647 0.573182
    outer loop
      vertex 0.904651 -10.3402 30.8813
      vertex 0.0519236 -10.9945 30
      vertex 0.958433 -10.9549 30
    endloop
  endfacet
  facet normal 0.378362 -0.726826 0.573207
    outer loop
      vertex 5.4523 -9.5475 30
      vertex 5.18985 -8.98909 30.8813
      vertex 4.38665 -9.40721 30.8813
    endloop
  endfacet
  facet normal 0.378385 -0.726814 0.573207
    outer loop
      vertex 5.18985 -8.98909 30.8813
      vertex 5.4523 -9.5475 30
      vertex 5.4984 -9.5235 30
    endloop
  endfacet
  facet normal 0.422008 -0.268844 0.865813
    outer loop
      vertex 6.08787 -3.51483 33.951
      vertex 5.23184 -3.02061 34.5217
      vertex 5.75837 -4.03205 33.951
    endloop
  endfacet
  facet normal 0.0250334 -0.573359 0.818922
    outer loop
      vertex 0.612676 -7.00292 33.951
      vertex 0 -7.02967 33.951
      vertex 0.694162 -7.93432 33.2964
    endloop
  endfacet
  facet normal -0.0334286 -0.765601 0.642446
    outer loop
      vertex 0 -9.64604 31.7556
      vertex -0.904651 -10.3402 30.8813
      vertex 0 -10.3797 30.8813
    endloop
  endfacet
  facet normal 0.378363 -0.726825 0.573208
    outer loop
      vertex 5.4523 -9.5475 30
      vertex 4.38665 -9.40721 30.8813
      vertex 4.64745 -9.96648 30
    endloop
  endfacet
  facet normal 0.29326 -0.707998 0.642446
    outer loop
      vertex 4.07659 -8.74229 31.7556
      vertex 3.55007 -9.75373 30.8813
      vertex 4.38665 -9.40721 30.8813
    endloop
  endfacet
  facet normal 0.466508 0.607974 0.642447
    outer loop
      vertex 5.95355 8.50256 30.8813
      vertex 5.53274 7.90158 31.7556
      vertex 6.67195 7.95132 30.8813
    endloop
  endfacet
  facet normal -0.607971 0.46651 0.642449
    outer loop
      vertex -7.3893 6.20036 31.7556
      vertex -7.95132 6.67195 30.8813
      vertex -7.90158 5.53274 31.7556
    endloop
  endfacet
  facet normal 0.726825 0.378363 0.573208
    outer loop
      vertex 9.5475 5.4523 30
      vertex 9.40721 4.38665 30.8813
      vertex 9.96648 4.64745 30
    endloop
  endfacet
  facet normal 0.730875 -0.230425 0.642437
    outer loop
      vertex 10.026 -2.68647 30.8813
      vertex 9.31736 -2.49658 31.7556
      vertex 9.75373 -3.55007 30.8813
    endloop
  endfacet
  facet normal 0.390777 0.161861 0.906143
    outer loop
      vertex 5.4752 2.55313 34.5217
      vertex 4.53768 2.11595 35.0041
      vertex 5.67688 2.06622 34.5217
    endloop
  endfacet
  facet normal 0.573358 0.0250352 0.818922
    outer loop
      vertex 7.93432 0.694162 33.2964
      vertex 7.02967 0 33.951
      vertex 7.96463 0 33.2964
    endloop
  endfacet
  facet normal 0.613398 -0.193398 0.765729
    outer loop
      vertex 8.53779 -2.28769 32.5627
      vertex 7.4843 -2.72406 33.2964
      vertex 8.30592 -3.02311 32.5627
    endloop
  endfacet
  facet normal 0.637663 -0.0839476 0.765728
    outer loop
      vertex 7.93432 -0.694162 33.2964
      vertex 7.84363 -1.38304 33.2964
      vertex 8.80534 -0.770367 32.5627
    endloop
  endfacet
  facet normal 0.594204 -0.246131 0.765729
    outer loop
      vertex 8.30592 -3.02311 32.5627
      vertex 7.4843 -2.72406 33.2964
      vertex 8.01083 -3.73551 32.5627
    endloop
  endfacet
  facet normal 0.5603 -0.124217 0.818922
    outer loop
      vertex 7.84363 -1.38304 33.2964
      vertex 6.79014 -1.81941 33.951
      vertex 7.69324 -2.0614 33.2964
    endloop
  endfacet
  facet normal 0.604135 -0.553582 0.573209
    outer loop
      vertex 8.38892 -7.10692 30
      vertex 7.33956 -7.33956 30.8813
      vertex 7.77591 -7.77591 30
    endloop
  endfacet
  facet normal 0.79997 -0.177356 0.57323
    outer loop
      vertex 10.8185 -1.96031 30
      vertex 10.026 -2.68647 30.8813
      vertex 10.6221 -2.84618 30
    endloop
  endfacet
  facet normal 0.153125 0.690686 0.706758
    outer loop
      vertex 2.49658 9.31736 31.7556
      vertex 1.53487 8.70469 32.5627
      vertex 2.28769 8.53779 32.5627
    endloop
  endfacet
  facet normal -0.139208 0.627922 0.765725
    outer loop
      vertex -1.38304 7.84363 33.2964
      vertex -2.28769 8.53779 32.5627
      vertex -2.0614 7.69324 33.2964
    endloop
  endfacet
  facet normal 0.391538 0.510254 0.765728
    outer loop
      vertex 5.06983 7.24046 32.5627
      vertex 4.56832 6.52424 33.2964
      vertex 5.68158 6.77104 32.5627
    endloop
  endfacet
  facet normal -0.100028 0.75978 0.642439
    outer loop
      vertex -0.840708 9.60934 31.7556
      vertex -1.80242 10.222 30.8813
      vertex -1.67502 9.4995 31.7556
    endloop
  endfacet
  facet normal -0.0851052 -0.0188644 0.996193
    outer loop
      vertex -0.551241 -0.147704 35.9875
      vertex -1.68177 -0.296541 35.8881
      vertex -1.64953 -0.441989 35.8881
    endloop
  endfacet
  facet normal -0.375181 0.195308 0.906142
    outer loop
      vertex -4.33599 2.50339 35.0041
      vertex -5.23184 3.02061 34.5217
      vertex -4.53768 2.11595 35.0041
    endloop
  endfacet
  facet normal -0.22726 0.356733 0.906142
    outer loop
      vertex -2.50339 4.33599 35.0041
      vertex -3.02061 5.23184 34.5217
      vertex -2.87177 4.10131 35.0041
    endloop
  endfacet
  facet normal -0.49882 0.650085 0.573209
    outer loop
      vertex -6.3075 9.00805 30
      vertex -6.67195 7.95132 30.8813
      vertex -5.95355 8.50256 30.8813
    endloop
  endfacet
  facet normal -0.498764 0.650096 0.573245
    outer loop
      vertex -6.67195 7.95132 30.8813
      vertex -6.3075 9.00805 30
      vertex -6.34874 8.97641 30
    endloop
  endfacet
  facet normal -0.334213 0.0740949 0.939581
    outer loop
      vertex -4.83617 1.29585 35.0041
      vertex -4.93071 0.869417 35.0041
      vertex -3.87446 0.683172 35.3945
    endloop
  endfacet
  facet normal -0.477207 0.150461 0.865815
    outer loop
      vertex -5.67688 2.06622 34.5217
      vertex -6.79014 1.81941 33.951
      vertex -5.83536 1.56358 34.5217
    endloop
  endfacet
  facet normal -0.403398 0.127187 0.906142
    outer loop
      vertex -4.70483 1.71242 35.0041
      vertex -5.83536 1.56358 34.5217
      vertex -4.83617 1.29585 35.0041
    endloop
  endfacet
  facet normal -0.239324 -0.0991292 0.965866
    outer loop
      vertex -2.66098 -0.968515 35.6899
      vertex -3.69697 -1.34559 35.3945
      vertex -3.56563 -1.66268 35.3945
    endloop
  endfacet
  facet normal -0.642556 0.0280567 0.765725
    outer loop
      vertex -7.93432 0.694162 33.2964
      vertex -8.83897 0 32.5627
      vertex -7.96463 0 33.2964
    endloop
  endfacet
  facet normal -0.422008 0.268844 0.865813
    outer loop
      vertex -5.75837 4.03205 33.951
      vertex -6.08787 3.51483 33.951
      vertex -5.23184 3.02061 34.5217
    endloop
  endfacet
  facet normal -0.706783 -0.0308537 0.706757
    outer loop
      vertex -8.83897 0 32.5627
      vertex -9.64604 0 31.7556
      vertex -9.60934 -0.840708 31.7556
    endloop
  endfacet
  facet normal -0.316271 -0.131006 0.93958
    outer loop
      vertex -3.56563 -1.66268 35.3945
      vertex -4.70483 -1.71242 35.0041
      vertex -4.53768 -2.11595 35.0041
    endloop
  endfacet
  facet normal -0.31356 -0.757043 0.573207
    outer loop
      vertex -4.38665 -9.40721 30.8813
      vertex -4.64745 -9.96648 30
      vertex -3.80914 -10.3137 30
    endloop
  endfacet
  facet normal -0.0357618 -0.818647 0.573182
    outer loop
      vertex -0.904651 -10.3402 30.8813
      vertex -0.958433 -10.9549 30
      vertex -0.0519236 -10.9945 30
    endloop
  endfacet
  facet normal 0.21273 -0.674714 0.706758
    outer loop
      vertex 3.02311 -8.30592 32.5627
      vertex 2.28769 -8.53779 32.5627
      vertex 2.49658 -9.31736 31.7556
    endloop
  endfacet
  facet normal -0.127187 -0.403398 0.906142
    outer loop
      vertex -1.29585 -4.83617 35.0041
      vertex -1.71242 -4.70483 35.0041
      vertex -1.56358 -5.83536 34.5217
    endloop
  endfacet
  facet normal -0.056068 -0.252902 0.965866
    outer loop
      vertex -0.491728 -2.78873 35.6899
      vertex -0.732911 -2.73526 35.6899
      vertex -0.683172 -3.87446 35.3945
    endloop
  endfacet
  facet normal -0.604148 -0.553539 0.573236
    outer loop
      vertex -7.33956 -7.33956 30.8813
      vertex -8.42403 -7.0686 30
      vertex -8.38892 -7.10692 30
    endloop
  endfacet
  facet normal -0.604132 -0.553593 0.573201
    outer loop
      vertex -8.42403 -7.0686 30
      vertex -7.33956 -7.33956 30.8813
      vertex -7.95132 -6.67195 30.8813
    endloop
  endfacet
  facet normal -0.46651 -0.607971 0.642449
    outer loop
      vertex -6.20036 -7.3893 31.7556
      vertex -6.67195 -7.95132 30.8813
      vertex -5.53274 -7.90158 31.7556
    endloop
  endfacet
  facet normal -0.498764 -0.650096 0.573245
    outer loop
      vertex -6.3075 -9.00805 30
      vertex -6.67195 -7.95132 30.8813
      vertex -6.34874 -8.97641 30
    endloop
  endfacet
  facet normal -0.49882 -0.650085 0.573209
    outer loop
      vertex -6.67195 -7.95132 30.8813
      vertex -6.3075 -9.00805 30
      vertex -5.95355 -8.50256 30.8813
    endloop
  endfacet
  facet normal -0.391535 -0.51026 0.765725
    outer loop
      vertex -5.11956 -6.10126 33.2964
      vertex -5.68158 -6.77104 32.5627
      vertex -4.56832 -6.52424 33.2964
    endloop
  endfacet
  facet normal -0.430668 -0.561261 0.706761
    outer loop
      vertex -5.68158 -6.77104 32.5627
      vertex -6.20036 -7.3893 31.7556
      vertex -5.53274 -7.90158 31.7556
    endloop
  endfacet
  facet normal -0.353853 -0.679744 0.642446
    outer loop
      vertex -4.07659 -8.74229 31.7556
      vertex -5.18985 -8.98909 30.8813
      vertex -4.38665 -9.40721 30.8813
    endloop
  endfacet
  facet normal -0.270731 -0.653603 0.706759
    outer loop
      vertex -3.73551 -8.01083 32.5627
      vertex -4.07659 -8.74229 31.7556
      vertex -3.29914 -9.06432 31.7556
    endloop
  endfacet
  facet normal -0.270735 -0.653603 0.706757
    outer loop
      vertex -3.02311 -8.30592 32.5627
      vertex -3.73551 -8.01083 32.5627
      vertex -3.29914 -9.06432 31.7556
    endloop
  endfacet
  facet normal -0.356733 -0.227263 0.906142
    outer loop
      vertex -4.10131 -2.87177 35.0041
      vertex -5.23184 -3.02061 34.5217
      vertex -4.94867 -3.4651 34.5217
    endloop
  endfacet
  facet normal -0.34937 -0.45531 0.818922
    outer loop
      vertex -4.51858 -5.38504 33.951
      vertex -5.11956 -6.10126 33.2964
      vertex -4.56832 -6.52424 33.2964
    endloop
  endfacet
  facet normal -0.345573 -0.54244 0.765728
    outer loop
      vertex -4.56832 -6.52424 33.2964
      vertex -5.06983 -7.24046 32.5627
      vertex -3.98231 -6.89757 33.2964
    endloop
  endfacet
  facet normal -0.304606 -0.396966 0.865814
    outer loop
      vertex -3.88321 -4.62784 34.5217
      vertex -4.51858 -5.38504 33.951
      vertex -3.4651 -4.94867 34.5217
    endloop
  endfacet
  facet normal -0.423134 -0.387722 0.81892
    outer loop
      vertex -5.38504 -4.51858 33.951
      vertex -5.63184 -5.63184 33.2964
      vertex -4.97073 -4.97073 33.951
    endloop
  endfacet
  facet normal -0.342003 -0.0149312 0.93958
    outer loop
      vertex -3.93423 0 35.3945
      vertex -5.00677 0 35.0041
      vertex -3.91926 -0.342891 35.3945
    endloop
  endfacet
  facet normal -0.128147 -0.117425 0.984779
    outer loop
      vertex -1.20754 -1.20754 35.8881
      vertex -2.16925 -1.82021 35.6899
      vertex -2.00235 -2.00235 35.6899
    endloop
  endfacet
  facet normal -0.368908 -0.338043 0.865814
    outer loop
      vertex -4.62784 -3.88321 34.5217
      vertex -5.38504 -4.51858 33.951
      vertex -4.27178 -4.27178 34.5217
    endloop
  endfacet
  facet normal -0.0468369 -0.0735191 0.996193
    outer loop
      vertex -0.327332 -0.467479 35.9875
      vertex -0.979506 -1.39888 35.8881
      vertex -0.285343 -0.494229 35.9875
    endloop
  endfacet
  facet normal -0.25239 -0.231276 0.93958
    outer loop
      vertex -2.78192 -2.78192 35.3945
      vertex -3.83541 -3.21829 35.0041
      vertex -3.54032 -3.54032 35.0041
    endloop
  endfacet
  facet normal -0.412948 -0.0915503 0.906142
    outer loop
      vertex -4.93071 -0.869417 35.0041
      vertex -5.94943 -1.04904 34.5217
      vertex -4.83617 -1.29585 35.0041
    endloop
  endfacet
  facet normal -0.0805354 -0.0333586 0.996193
    outer loop
      vertex -0.53627 -0.195186 35.9875
      vertex -1.60473 -0.584073 35.8881
      vertex -0.517218 -0.241182 35.9875
    endloop
  endfacet
  facet normal -0.169691 -0.0376138 0.984779
    outer loop
      vertex -1.68177 -0.296541 35.8881
      vertex -2.78873 -0.491728 35.6899
      vertex -1.64953 -0.441989 35.8881
    endloop
  endfacet
  facet normal 0.0149312 -0.342003 0.93958
    outer loop
      vertex 0.342891 -3.91926 35.3945
      vertex 0 -3.93423 35.3945
      vertex 0 -5.00677 35.0041
    endloop
  endfacet
  facet normal -0.0184509 -0.42257 0.906143
    outer loop
      vertex 0 -5.00677 35.0041
      vertex -0.526525 -6.01822 34.5217
      vertex 0 -6.04121 34.5217
    endloop
  endfacet
  facet normal -0.338043 -0.368908 0.865814
    outer loop
      vertex -4.27178 -4.27178 34.5217
      vertex -4.51858 -5.38504 33.951
      vertex -3.88321 -4.62784 34.5217
    endloop
  endfacet
  facet normal -0.227263 -0.356733 0.906142
    outer loop
      vertex -2.87177 -4.10131 35.0041
      vertex -3.4651 -4.94867 34.5217
      vertex -3.02061 -5.23184 34.5217
    endloop
  endfacet
  facet normal 0.139187 -0.218469 0.965866
    outer loop
      vertex 1.62423 -2.31963 35.6899
      vertex 1.41588 -2.45237 35.6899
      vertex 2.25658 -3.22274 35.3945
    endloop
  endfacet
  facet normal 0.0402505 -0.0773215 0.996193
    outer loop
      vertex 0.853858 -1.47893 35.8881
      vertex 0.285343 -0.494229 35.9875
      vertex 0.721712 -1.54772 35.8881
    endloop
  endfacet
  facet normal 0.271589 -0.208394 0.93958
    outer loop
      vertex 3.22274 -2.25658 35.3945
      vertex 3.0138 -2.52888 35.3945
      vertex 4.10131 -2.87177 35.0041
    endloop
  endfacet
  facet normal 0.154173 -0.0802558 0.984779
    outer loop
      vertex 2.56644 -1.19675 35.6899
      vertex 1.54772 -0.721712 35.8881
      vertex 2.45237 -1.41588 35.6899
    endloop
  endfacet
  facet normal 0.0915503 -0.412948 0.906142
    outer loop
      vertex 1.29585 -4.83617 35.0041
      vertex 0.869417 -4.93071 35.0041
      vertex 1.04904 -5.94943 34.5217
    endloop
  endfacet
  facet normal 0.074089 -0.334216 0.93958
    outer loop
      vertex 1.01825 -3.80018 35.3945
      vertex 0.683172 -3.87446 35.3945
      vertex 1.29585 -4.83617 35.0041
    endloop
  endfacet
  facet normal 0.227263 -0.356733 0.906142
    outer loop
      vertex 3.4651 -4.94867 34.5217
      vertex 2.87177 -4.10131 35.0041
      vertex 3.02061 -5.23184 34.5217
    endloop
  endfacet
  facet normal 0.0653136 -0.496085 0.865814
    outer loop
      vertex 1.04904 -5.94943 34.5217
      vertex 0.612676 -7.00292 33.951
      vertex 1.22069 -6.92287 33.951
    endloop
  endfacet
  facet normal 0.165767 -0.0522622 0.984779
    outer loop
      vertex 2.73526 -0.732911 35.6899
      vertex 1.60473 -0.584073 35.8881
      vertex 2.66098 -0.968515 35.6899
    endloop
  endfacet
  facet normal 0.356733 -0.227263 0.906142
    outer loop
      vertex 5.23184 -3.02061 34.5217
      vertex 4.10131 -2.87177 35.0041
      vertex 4.94867 -3.4651 34.5217
    endloop
  endfacet
  facet normal -0.074089 -0.334216 0.93958
    outer loop
      vertex -1.01825 -3.80018 35.3945
      vertex -1.29585 -4.83617 35.0041
      vertex -0.683172 -3.87446 35.3945
    endloop
  endfacet
  facet normal 0.62792 -0.13921 0.765726
    outer loop
      vertex 8.70469 -1.53487 32.5627
      vertex 7.84363 -1.38304 33.2964
      vertex 8.53779 -2.28769 32.5627
    endloop
  endfacet
  facet normal 0.573359 -0.0250334 0.818922
    outer loop
      vertex 7.02967 0 33.951
      vertex 7.00292 -0.612676 33.951
      vertex 7.93432 -0.694162 33.2964
    endloop
  endfacet
  facet normal 0.42257 0.0184509 0.906143
    outer loop
      vertex 6.01822 0.526525 34.5217
      vertex 5.00677 0 35.0041
      vertex 6.04121 0 34.5217
    endloop
  endfacet
  facet normal 0.5603 -0.124213 0.818923
    outer loop
      vertex 6.92287 -1.22069 33.951
      vertex 6.79014 -1.81941 33.951
      vertex 7.84363 -1.38304 33.2964
    endloop
  endfacet
  facet normal 0.0376138 -0.169691 0.984779
    outer loop
      vertex 0.441989 -1.64953 35.8881
      vertex 0.296541 -1.68177 35.8881
      vertex 0.491728 -2.78873 35.6899
    endloop
  endfacet
  facet normal 0.239324 -0.0991292 0.965866
    outer loop
      vertex 3.69697 -1.34559 35.3945
      vertex 2.66098 -0.968515 35.6899
      vertex 3.56563 -1.66268 35.3945
    endloop
  endfacet
  facet normal 0.477207 -0.150461 0.865815
    outer loop
      vertex 5.83536 -1.56358 34.5217
      vertex 5.67688 -2.06622 34.5217
      vertex 6.79014 -1.81941 33.951
    endloop
  endfacet
  facet normal 0.339399 0.0446813 0.939581
    outer loop
      vertex 4.93071 0.869417 35.0041
      vertex 3.87446 0.683172 35.3945
      vertex 4.98772 0.436369 35.0041
    endloop
  endfacet
  facet normal 0.193398 0.613398 0.765729
    outer loop
      vertex 3.02311 8.30592 32.5627
      vertex 2.28769 8.53779 32.5627
      vertex 2.72406 7.4843 33.2964
    endloop
  endfacet
  facet normal 0.499888 0.0218256 0.865815
    outer loop
      vertex 7.00292 0.612676 33.951
      vertex 6.01822 0.526525 34.5217
      vertex 7.02967 0 33.951
    endloop
  endfacet
  facet normal 0.46651 0.607971 0.642449
    outer loop
      vertex 6.67195 7.95132 30.8813
      vertex 5.53274 7.90158 31.7556
      vertex 6.20036 7.3893 31.7556
    endloop
  endfacet
  facet normal 0.326668 0.627519 0.706759
    outer loop
      vertex 4.82302 8.35372 31.7556
      vertex 3.73551 8.01083 32.5627
      vertex 4.41949 7.65477 32.5627
    endloop
  endfacet
  facet normal 0.252902 0.056068 0.965866
    outer loop
      vertex 3.87446 0.683172 35.3945
      vertex 2.73526 0.732911 35.6899
      vertex 2.78873 0.491728 35.6899
    endloop
  endfacet
  facet normal -0.0112934 0.258797 0.965866
    outer loop
      vertex 0 2.83175 35.6899
      vertex -0.342891 3.91926 35.3945
      vertex -0.246803 2.82098 35.6899
    endloop
  endfacet
  facet normal 0.0802561 0.154172 0.984779
    outer loop
      vertex 1.41588 2.45237 35.6899
      vertex 0.721712 1.54772 35.8881
      vertex 0.853858 1.47893 35.8881
    endloop
  endfacet
  facet normal 0.270731 0.653603 0.706759
    outer loop
      vertex 4.07659 8.74229 31.7556
      vertex 3.29914 9.06432 31.7556
      vertex 3.73551 8.01083 32.5627
    endloop
  endfacet
  facet normal 0.139208 0.627922 0.765725
    outer loop
      vertex 2.28769 8.53779 32.5627
      vertex 1.38304 7.84363 33.2964
      vertex 2.0614 7.69324 33.2964
    endloop
  endfacet
  facet normal -0.044684 -0.3394 0.93958
    outer loop
      vertex -0.342891 -3.91926 35.3945
      vertex -0.683172 -3.87446 35.3945
      vertex -0.436369 -4.98772 35.0041
    endloop
  endfacet
  facet normal 0.430676 -0.561259 0.706757
    outer loop
      vertex 5.68158 -6.77104 32.5627
      vertex 5.06983 -7.24046 32.5627
      vertex 5.53274 -7.90158 31.7556
    endloop
  endfacet
  facet normal 0.349373 -0.455309 0.818921
    outer loop
      vertex 4.51858 -5.38504 33.951
      vertex 4.03205 -5.75837 33.951
      vertex 4.56832 -6.52424 33.2964
    endloop
  endfacet
  facet normal 0.812399 -0.10696 0.573208
    outer loop
      vertex 10.222 -1.80242 30.8813
      vertex 10.8365 -1.85804 30
      vertex 10.3402 -0.904651 30.8813
    endloop
  endfacet
  facet normal 0.81237 -0.107202 0.573203
    outer loop
      vertex 10.8365 -1.85804 30
      vertex 10.222 -1.80242 30.8813
      vertex 10.8297 -1.90957 30
    endloop
  endfacet
  facet normal 0.304606 -0.396966 0.865814
    outer loop
      vertex 3.88321 -4.62784 34.5217
      vertex 3.4651 -4.94867 34.5217
      vertex 4.51858 -5.38504 33.951
    endloop
  endfacet
  facet normal 0.338037 -0.368911 0.865815
    outer loop
      vertex 4.97073 -4.97073 33.951
      vertex 4.27178 -4.27178 34.5217
      vertex 4.51858 -5.38504 33.951
    endloop
  endfacet
  facet normal -0.0280567 -0.642556 0.765725
    outer loop
      vertex 0 -7.96463 33.2964
      vertex -0.694162 -7.93432 33.2964
      vertex 0 -8.83897 32.5627
    endloop
  endfacet
  facet normal 0.150461 -0.477207 0.865815
    outer loop
      vertex 2.06622 -5.67688 34.5217
      vertex 1.56358 -5.83536 34.5217
      vertex 1.81941 -6.79014 33.951
    endloop
  endfacet
  facet normal 0.326668 -0.627519 0.706759
    outer loop
      vertex 4.82302 -8.35372 31.7556
      vertex 3.73551 -8.01083 32.5627
      vertex 4.07659 -8.74229 31.7556
    endloop
  endfacet
  facet normal 0.219629 -0.530219 0.818921
    outer loop
      vertex 2.97087 -6.37104 33.951
      vertex 2.40429 -6.60573 33.951
      vertex 2.72406 -7.4843 33.2964
    endloop
  endfacet
  facet normal 0.036261 -0.81861 0.573204
    outer loop
      vertex 0.0519236 -10.9945 30
      vertex 0 -10.3797 30.8813
      vertex 0 -10.9968 30
    endloop
  endfacet
  facet normal 0.0357445 -0.81864 0.573194
    outer loop
      vertex 0 -10.3797 30.8813
      vertex 0.0519236 -10.9945 30
      vertex 0.904651 -10.3402 30.8813
    endloop
  endfacet
  facet normal 0.0308537 0.706783 0.706757
    outer loop
      vertex 0.840708 9.60934 31.7556
      vertex 0 9.64604 31.7556
      vertex 0 8.83897 32.5627
    endloop
  endfacet
  facet normal -0.212731 0.674714 0.706757
    outer loop
      vertex -2.49658 9.31736 31.7556
      vertex -3.29914 9.06432 31.7556
      vertex -3.02311 8.30592 32.5627
    endloop
  endfacet
  facet normal 0.0923421 0.701403 0.706758
    outer loop
      vertex 1.67502 9.4995 31.7556
      vertex 0.840708 9.60934 31.7556
      vertex 1.53487 8.70469 32.5627
    endloop
  endfacet
  facet normal -0.13921 0.62792 0.765726
    outer loop
      vertex -1.53487 8.70469 32.5627
      vertex -2.28769 8.53779 32.5627
      vertex -1.38304 7.84363 33.2964
    endloop
  endfacet
  facet normal 0.596662 0.380115 0.706758
    outer loop
      vertex 7.90158 5.53274 31.7556
      vertex 7.24046 5.06983 32.5627
      vertex 8.35372 4.82302 31.7556
    endloop
  endfacet
  facet normal 0.564993 0.517727 0.64245
    outer loop
      vertex 7.33956 7.33956 30.8813
      vertex 6.82078 6.82078 31.7556
      vertex 7.95132 6.67195 30.8813
    endloop
  endfacet
  facet normal 0.387725 0.423126 0.818922
    outer loop
      vertex 5.11956 6.10126 33.2964
      vertex 4.51858 5.38504 33.951
      vertex 5.63184 5.63184 33.2964
    endloop
  endfacet
  facet normal 0.646317 0.411749 0.642447
    outer loop
      vertex 8.50256 5.95355 30.8813
      vertex 7.90158 5.53274 31.7556
      vertex 8.98909 5.18985 30.8813
    endloop
  endfacet
  facet normal 0.653603 0.270735 0.706757
    outer loop
      vertex 9.06432 3.29914 31.7556
      vertex 8.01083 3.73551 32.5627
      vertex 8.30592 3.02311 32.5627
    endloop
  endfacet
  facet normal 0.706783 0.0308537 0.706757
    outer loop
      vertex 9.60934 0.840708 31.7556
      vertex 8.83897 0 32.5627
      vertex 9.64604 0 31.7556
    endloop
  endfacet
  facet normal 0.730866 0.230435 0.642445
    outer loop
      vertex 9.75373 3.55007 30.8813
      vertex 9.06432 3.29914 31.7556
      vertex 9.31736 2.49658 31.7556
    endloop
  endfacet
  facet normal 0.568995 -0.0749076 0.818922
    outer loop
      vertex 7.93432 -0.694162 33.2964
      vertex 7.00292 -0.612676 33.951
      vertex 7.84363 -1.38304 33.2964
    endloop
  endfacet
  facet normal 0.573358 -0.0250352 0.818922
    outer loop
      vertex 7.96463 0 33.2964
      vertex 7.02967 0 33.951
      vertex 7.93432 -0.694162 33.2964
    endloop
  endfacet
  facet normal 0.799971 0.177359 0.573228
    outer loop
      vertex 10.222 1.80242 30.8813
      vertex 10.8185 1.96031 30
      vertex 10.026 2.68647 30.8813
    endloop
  endfacet
  facet normal 0.800145 0.176619 0.573213
    outer loop
      vertex 10.8185 1.96031 30
      vertex 10.222 1.80242 30.8813
      vertex 10.8297 1.90957 30
    endloop
  endfacet
  facet normal 0.627519 -0.326668 0.706759
    outer loop
      vertex 8.74229 -4.07659 31.7556
      vertex 8.01083 -3.73551 32.5627
      vertex 8.35372 -4.82302 31.7556
    endloop
  endfacet
  facet normal 0.627519 -0.326668 0.706759
    outer loop
      vertex 8.01083 -3.73551 32.5627
      vertex 7.65477 -4.41949 32.5627
      vertex 8.35372 -4.82302 31.7556
    endloop
  endfacet
  facet normal 0.477207 -0.150461 0.865814
    outer loop
      vertex 6.79014 -1.81941 33.951
      vertex 5.67688 -2.06622 34.5217
      vertex 6.60573 -2.40429 33.951
    endloop
  endfacet
  facet normal 0.570495 -0.29698 0.765727
    outer loop
      vertex 7.2184 -3.366 33.2964
      vertex 6.89757 -3.98231 33.2964
      vertex 8.01083 -3.73551 32.5627
    endloop
  endfacet
  facet normal 0.65008 -0.498835 0.573201
    outer loop
      vertex 8.97641 -6.34874 30
      vertex 7.95132 -6.67195 30.8813
      vertex 8.42403 -7.0686 30
    endloop
  endfacet
  facet normal 0.691084 -0.440269 0.573207
    outer loop
      vertex 8.50256 -5.95355 30.8813
      vertex 9.03597 -6.26367 30
      vertex 8.98909 -5.18985 30.8813
    endloop
  endfacet
  facet normal 0.691103 -0.440237 0.573208
    outer loop
      vertex 9.03597 -6.26367 30
      vertex 8.50256 -5.95355 30.8813
      vertex 9.00805 -6.3075 30
    endloop
  endfacet
  facet normal 0.726826 -0.378362 0.573207
    outer loop
      vertex 8.98909 -5.18985 30.8813
      vertex 9.5475 -5.4523 30
      vertex 9.40721 -4.38665 30.8813
    endloop
  endfacet
  facet normal 0.726814 -0.378385 0.573207
    outer loop
      vertex 9.5475 -5.4523 30
      vertex 8.98909 -5.18985 30.8813
      vertex 9.5235 -5.4984 30
    endloop
  endfacet
  facet normal 0.679742 -0.353854 0.642447
    outer loop
      vertex 8.74229 -4.07659 31.7556
      vertex 8.35372 -4.82302 31.7556
      vertex 8.98909 -5.18985 30.8813
    endloop
  endfacet
  facet normal 0.706783 -0.0308537 0.706757
    outer loop
      vertex 9.64604 0 31.7556
      vertex 8.83897 0 32.5627
      vertex 9.60934 -0.840708 31.7556
    endloop
  endfacet
  facet normal 0.765601 0.0334286 0.642446
    outer loop
      vertex 10.3402 0.904651 30.8813
      vertex 9.64604 0 31.7556
      vertex 10.3797 0 30.8813
    endloop
  endfacet
  facet normal 0.707998 -0.293262 0.642445
    outer loop
      vertex 9.06432 -3.29914 31.7556
      vertex 8.74229 -4.07659 31.7556
      vertex 9.75373 -3.55007 30.8813
    endloop
  endfacet
  facet normal 0.730866 -0.230435 0.642445
    outer loop
      vertex 9.31736 -2.49658 31.7556
      vertex 9.06432 -3.29914 31.7556
      vertex 9.75373 -3.55007 30.8813
    endloop
  endfacet
  facet normal -0.175006 0.190986 0.965866
    outer loop
      vertex -1.82021 2.16925 35.6899
      vertex -2.78192 2.78192 35.3945
      vertex -2.00235 2.00235 35.6899
    endloop
  endfacet
  facet normal 0.0468382 -0.0735181 0.996193
    outer loop
      vertex 0.979506 -1.39888 35.8881
      vertex 0.285343 -0.494229 35.9875
      vertex 0.853858 -1.47893 35.8881
    endloop
  endfacet
  facet normal 0.124213 0.5603 0.818923
    outer loop
      vertex 1.38304 7.84363 33.2964
      vertex 1.22069 6.92287 33.951
      vertex 1.81941 6.79014 33.951
    endloop
  endfacet
  facet normal 0.0749076 0.568995 0.818922
    outer loop
      vertex 0.694162 7.93432 33.2964
      vertex 0.612676 7.00292 33.951
      vertex 1.38304 7.84363 33.2964
    endloop
  endfacet
  facet normal -0.326668 0.627519 0.706759
    outer loop
      vertex -4.07659 8.74229 31.7556
      vertex -4.82302 8.35372 31.7556
      vertex -3.73551 8.01083 32.5627
    endloop
  endfacet
  facet normal -0.270735 0.653603 0.706757
    outer loop
      vertex -3.29914 9.06432 31.7556
      vertex -3.73551 8.01083 32.5627
      vertex -3.02311 8.30592 32.5627
    endloop
  endfacet
  facet normal -0.169691 0.0376203 0.984779
    outer loop
      vertex -2.73526 0.732911 35.6899
      vertex -2.78873 0.491728 35.6899
      vertex -1.64953 0.441989 35.8881
    endloop
  endfacet
  facet normal -0.0530663 0.069157 0.996193
    outer loop
      vertex -0.327332 0.467479 35.9875
      vertex -1.0977 1.30819 35.8881
      vertex -0.36683 0.437171 35.9875
    endloop
  endfacet
  facet normal -0.542442 0.345572 0.765727
    outer loop
      vertex -7.24046 5.06983 32.5627
      vertex -7.65477 4.41949 32.5627
      vertex -6.89757 3.98231 33.2964
    endloop
  endfacet
  facet normal -0.604148 0.553539 0.573236
    outer loop
      vertex -8.42403 7.0686 30
      vertex -7.33956 7.33956 30.8813
      vertex -8.38892 7.10692 30
    endloop
  endfacet
  facet normal -0.604132 0.553593 0.573201
    outer loop
      vertex -7.33956 7.33956 30.8813
      vertex -8.42403 7.0686 30
      vertex -7.95132 6.67195 30.8813
    endloop
  endfacet
  facet normal -0.124217 0.5603 0.818922
    outer loop
      vertex -1.38304 7.84363 33.2964
      vertex -2.0614 7.69324 33.2964
      vertex -1.81941 6.79014 33.951
    endloop
  endfacet
  facet normal 0.230425 0.730875 0.642437
    outer loop
      vertex 2.68647 10.026 30.8813
      vertex 2.49658 9.31736 31.7556
      vertex 3.55007 9.75373 30.8813
    endloop
  endfacet
  facet normal -0.466508 0.607974 0.642447
    outer loop
      vertex -5.95355 8.50256 30.8813
      vertex -6.67195 7.95132 30.8813
      vertex -5.53274 7.90158 31.7556
    endloop
  endfacet
  facet normal -0.440269 0.691084 0.573207
    outer loop
      vertex -6.26367 9.03597 30
      vertex -5.95355 8.50256 30.8813
      vertex -5.18985 8.98909 30.8813
    endloop
  endfacet
  facet normal -0.440237 0.691103 0.573208
    outer loop
      vertex -5.95355 8.50256 30.8813
      vertex -6.26367 9.03597 30
      vertex -6.3075 9.00805 30
    endloop
  endfacet
  facet normal -0.434519 0.474192 0.765725
    outer loop
      vertex -5.11956 6.10126 33.2964
      vertex -5.68158 6.77104 32.5627
      vertex -5.63184 5.63184 33.2964
    endloop
  endfacet
  facet normal -0.726814 0.378385 0.573207
    outer loop
      vertex -9.5475 5.4523 30
      vertex -8.98909 5.18985 30.8813
      vertex -9.5235 5.4984 30
    endloop
  endfacet
  facet normal -0.726826 0.378362 0.573207
    outer loop
      vertex -8.98909 5.18985 30.8813
      vertex -9.5475 5.4523 30
      vertex -9.40721 4.38665 30.8813
    endloop
  endfacet
  facet normal -0.707998 0.293262 0.642445
    outer loop
      vertex -8.74229 4.07659 31.7556
      vertex -9.75373 3.55007 30.8813
      vertex -9.06432 3.29914 31.7556
    endloop
  endfacet
  facet normal -0.443831 0.231045 0.865813
    outer loop
      vertex -6.08787 3.51483 33.951
      vertex -6.37104 2.97087 33.951
      vertex -5.23184 3.02061 34.5217
    endloop
  endfacet
  facet normal -0.218472 0.139185 0.965866
    outer loop
      vertex -3.22274 2.25658 35.3945
      vertex -3.40715 1.96712 35.3945
      vertex -2.45237 1.41588 35.6899
    endloop
  endfacet
  facet normal -0.44383 0.231048 0.865812
    outer loop
      vertex -5.23184 3.02061 34.5217
      vertex -6.37104 2.97087 33.951
      vertex -5.4752 2.55313 34.5217
    endloop
  endfacet
  facet normal -0.422005 0.268846 0.865814
    outer loop
      vertex -4.94867 3.4651 34.5217
      vertex -5.75837 4.03205 33.951
      vertex -5.23184 3.02061 34.5217
    endloop
  endfacet
  facet normal -0.10294 0.326484 0.93958
    outer loop
      vertex -1.01825 3.80018 35.3945
      vertex -1.71242 4.70483 35.0041
      vertex -1.34559 3.69697 35.3945
    endloop
  endfacet
  facet normal -0.561261 0.430668 0.706761
    outer loop
      vertex -7.3893 6.20036 31.7556
      vertex -7.90158 5.53274 31.7556
      vertex -6.77104 5.68158 32.5627
    endloop
  endfacet
  facet normal -0.5603 -0.124213 0.818923
    outer loop
      vertex -6.92287 -1.22069 33.951
      vertex -7.84363 -1.38304 33.2964
      vertex -6.79014 -1.81941 33.951
    endloop
  endfacet
  facet normal -0.596663 -0.380114 0.706758
    outer loop
      vertex -7.65477 -4.41949 32.5627
      vertex -8.35372 -4.82302 31.7556
      vertex -7.24046 -5.06983 32.5627
    endloop
  endfacet
  facet normal -0.604135 -0.553582 0.573209
    outer loop
      vertex -7.33956 -7.33956 30.8813
      vertex -8.38892 -7.10692 30
      vertex -7.77591 -7.77591 30
    endloop
  endfacet
  facet normal -0.24644 -0.781474 0.573207
    outer loop
      vertex -3.55007 -9.75373 30.8813
      vertex -3.76113 -10.3336 30
      vertex -2.89575 -10.6065 30
    endloop
  endfacet
  facet normal -0.230425 -0.730875 0.642437
    outer loop
      vertex -2.49658 -9.31736 31.7556
      vertex -3.55007 -9.75373 30.8813
      vertex -2.68647 -10.026 30.8813
    endloop
  endfacet
  facet normal -0.230435 -0.730866 0.642445
    outer loop
      vertex -3.29914 -9.06432 31.7556
      vertex -3.55007 -9.75373 30.8813
      vertex -2.49658 -9.31736 31.7556
    endloop
  endfacet
  facet normal -0.177359 -0.799971 0.573228
    outer loop
      vertex -1.96031 -10.8185 30
      vertex -1.80242 -10.222 30.8813
      vertex -2.68647 -10.026 30.8813
    endloop
  endfacet
  facet normal -0.176619 -0.800145 0.573213
    outer loop
      vertex -1.80242 -10.222 30.8813
      vertex -1.96031 -10.8185 30
      vertex -1.90957 -10.8297 30
    endloop
  endfacet
  facet normal -0.0334215 -0.765605 0.642442
    outer loop
      vertex -0.840708 -9.60934 31.7556
      vertex -0.904651 -10.3402 30.8813
      vertex 0 -9.64604 31.7556
    endloop
  endfacet
  facet normal 0.0839476 -0.637663 0.765728
    outer loop
      vertex 1.38304 -7.84363 33.2964
      vertex 0.694162 -7.93432 33.2964
      vertex 0.770367 -8.80534 32.5627
    endloop
  endfacet
  facet normal -0.231045 -0.443831 0.865813
    outer loop
      vertex -3.02061 -5.23184 34.5217
      vertex -3.51483 -6.08787 33.951
      vertex -2.97087 -6.37104 33.951
    endloop
  endfacet
  facet normal -0.124213 -0.5603 0.818923
    outer loop
      vertex -1.22069 -6.92287 33.951
      vertex -1.81941 -6.79014 33.951
      vertex -1.38304 -7.84363 33.2964
    endloop
  endfacet
  facet normal -0.0749076 -0.568995 0.818922
    outer loop
      vertex -0.612676 -7.00292 33.951
      vertex -1.38304 -7.84363 33.2964
      vertex -0.694162 -7.93432 33.2964
    endloop
  endfacet
  facet normal -0.553539 -0.604148 0.573236
    outer loop
      vertex -7.0686 -8.42403 30
      vertex -7.33956 -7.33956 30.8813
      vertex -7.10692 -8.38892 30
    endloop
  endfacet
  facet normal -0.553593 -0.604132 0.573201
    outer loop
      vertex -7.33956 -7.33956 30.8813
      vertex -7.0686 -8.42403 30
      vertex -6.67195 -7.95132 30.8813
    endloop
  endfacet
  facet normal -0.498835 -0.65008 0.573201
    outer loop
      vertex -6.67195 -7.95132 30.8813
      vertex -7.0686 -8.42403 30
      vertex -6.34874 -8.97641 30
    endloop
  endfacet
  facet normal -0.564993 -0.517727 0.64245
    outer loop
      vertex -6.82078 -6.82078 31.7556
      vertex -7.95132 -6.67195 30.8813
      vertex -7.33956 -7.33956 30.8813
    endloop
  endfacet
  facet normal -0.517729 -0.564992 0.642449
    outer loop
      vertex -6.20036 -7.3893 31.7556
      vertex -6.82078 -6.82078 31.7556
      vertex -6.67195 -7.95132 30.8813
    endloop
  endfacet
  facet normal -0.378385 -0.726814 0.573207
    outer loop
      vertex -5.4523 -9.5475 30
      vertex -5.18985 -8.98909 30.8813
      vertex -5.4984 -9.5235 30
    endloop
  endfacet
  facet normal -0.378362 -0.726826 0.573207
    outer loop
      vertex -5.18985 -8.98909 30.8813
      vertex -5.4523 -9.5475 30
      vertex -4.38665 -9.40721 30.8813
    endloop
  endfacet
  facet normal -0.378363 -0.726825 0.573208
    outer loop
      vertex -4.38665 -9.40721 30.8813
      vertex -5.4523 -9.5475 30
      vertex -4.64745 -9.96648 30
    endloop
  endfacet
  facet normal -0.212731 -0.674714 0.706757
    outer loop
      vertex -3.02311 -8.30592 32.5627
      vertex -3.29914 -9.06432 31.7556
      vertex -2.49658 -9.31736 31.7556
    endloop
  endfacet
  facet normal -0.193398 -0.613398 0.765729
    outer loop
      vertex -2.72406 -7.4843 33.2964
      vertex -3.02311 -8.30592 32.5627
      vertex -2.28769 -8.53779 32.5627
    endloop
  endfacet
  facet normal -0.0923427 -0.701403 0.706757
    outer loop
      vertex -0.770367 -8.80534 32.5627
      vertex -1.53487 -8.70469 32.5627
      vertex -0.840708 -9.60934 31.7556
    endloop
  endfacet
  facet normal -0.0839511 -0.637664 0.765726
    outer loop
      vertex -1.38304 -7.84363 33.2964
      vertex -1.53487 -8.70469 32.5627
      vertex -0.770367 -8.80534 32.5627
    endloop
  endfacet
  facet normal -0.139208 -0.627922 0.765725
    outer loop
      vertex -2.0614 -7.69324 33.2964
      vertex -2.28769 -8.53779 32.5627
      vertex -1.38304 -7.84363 33.2964
    endloop
  endfacet
  facet normal -0.193408 -0.613399 0.765725
    outer loop
      vertex -2.0614 -7.69324 33.2964
      vertex -2.72406 -7.4843 33.2964
      vertex -2.28769 -8.53779 32.5627
    endloop
  endfacet
  facet normal -0.296983 -0.570495 0.765726
    outer loop
      vertex -3.98231 -6.89757 33.2964
      vertex -4.41949 -7.65477 32.5627
      vertex -3.73551 -8.01083 32.5627
    endloop
  endfacet
  facet normal -0.380114 -0.596663 0.706758
    outer loop
      vertex -4.41949 -7.65477 32.5627
      vertex -5.06983 -7.24046 32.5627
      vertex -4.82302 -8.35372 31.7556
    endloop
  endfacet
  facet normal -0.434509 -0.474195 0.765729
    outer loop
      vertex -5.63184 -5.63184 33.2964
      vertex -6.2501 -6.2501 32.5627
      vertex -5.68158 -6.77104 32.5627
    endloop
  endfacet
  facet normal -0.607971 -0.46651 0.642449
    outer loop
      vertex -7.90158 -5.53274 31.7556
      vertex -7.95132 -6.67195 30.8813
      vertex -7.3893 -6.20036 31.7556
    endloop
  endfacet
  facet normal -0.403398 -0.127187 0.906142
    outer loop
      vertex -4.83617 -1.29585 35.0041
      vertex -5.83536 -1.56358 34.5217
      vertex -4.70483 -1.71242 35.0041
    endloop
  endfacet
  facet normal -0.484025 -0.308359 0.818923
    outer loop
      vertex -6.08787 -3.51483 33.951
      vertex -6.89757 -3.98231 33.2964
      vertex -6.52424 -4.56832 33.2964
    endloop
  endfacet
  facet normal -0.345572 -0.542442 0.765727
    outer loop
      vertex -3.98231 -6.89757 33.2964
      vertex -5.06983 -7.24046 32.5627
      vertex -4.41949 -7.65477 32.5627
    endloop
  endfacet
  facet normal -0.391538 -0.510254 0.765728
    outer loop
      vertex -4.56832 -6.52424 33.2964
      vertex -5.68158 -6.77104 32.5627
      vertex -5.06983 -7.24046 32.5627
    endloop
  endfacet
  facet normal -0.264999 -0.509059 0.818923
    outer loop
      vertex -3.51483 -6.08787 33.951
      vertex -3.98231 -6.89757 33.2964
      vertex -3.366 -7.2184 33.2964
    endloop
  endfacet
  facet normal -0.308359 -0.484025 0.818923
    outer loop
      vertex -3.51483 -6.08787 33.951
      vertex -4.56832 -6.52424 33.2964
      vertex -3.98231 -6.89757 33.2964
    endloop
  endfacet
  facet normal -0.268846 -0.422005 0.865814
    outer loop
      vertex -3.4651 -4.94867 34.5217
      vertex -4.03205 -5.75837 33.951
      vertex -3.02061 -5.23184 34.5217
    endloop
  endfacet
  facet normal -0.304605 -0.396967 0.865814
    outer loop
      vertex -3.4651 -4.94867 34.5217
      vertex -4.51858 -5.38504 33.951
      vertex -4.03205 -5.75837 33.951
    endloop
  endfacet
  facet normal -0.165766 0.0522672 0.984779
    outer loop
      vertex -1.60473 0.584073 35.8881
      vertex -2.73526 0.732911 35.6899
      vertex -1.64953 0.441989 35.8881
    endloop
  endfacet
  facet normal -0.412947 0.0915476 0.906142
    outer loop
      vertex -5.83536 1.56358 34.5217
      vertex -5.94943 1.04904 34.5217
      vertex -4.83617 1.29585 35.0041
    endloop
  endfacet
  facet normal -0.419355 0.0552088 0.906142
    outer loop
      vertex -5.94943 1.04904 34.5217
      vertex -6.01822 0.526525 34.5217
      vertex -4.98772 0.436369 35.0041
    endloop
  endfacet
  facet normal -0.339399 0.0446813 0.939581
    outer loop
      vertex -4.93071 0.869417 35.0041
      vertex -4.98772 0.436369 35.0041
      vertex -3.87446 0.683172 35.3945
    endloop
  endfacet
  facet normal -0.547345 -0.172575 0.818921
    outer loop
      vertex -6.79014 -1.81941 33.951
      vertex -7.4843 -2.72406 33.2964
      vertex -6.60573 -2.40429 33.951
    endloop
  endfacet
  facet normal -0.403398 -0.127189 0.906142
    outer loop
      vertex -4.70483 -1.71242 35.0041
      vertex -5.83536 -1.56358 34.5217
      vertex -5.67688 -2.06622 34.5217
    endloop
  endfacet
  facet normal -0.419355 -0.0552088 0.906142
    outer loop
      vertex -4.98772 -0.436369 35.0041
      vertex -6.01822 -0.526525 34.5217
      vertex -5.94943 -1.04904 34.5217
    endloop
  endfacet
  facet normal -0.679742 -0.353854 0.642447
    outer loop
      vertex -8.74229 -4.07659 31.7556
      vertex -8.98909 -5.18985 30.8813
      vertex -8.35372 -4.82302 31.7556
    endloop
  endfacet
  facet normal -0.342003 -0.0149304 0.93958
    outer loop
      vertex -3.91926 -0.342891 35.3945
      vertex -5.00677 0 35.0041
      vertex -4.98772 -0.436369 35.0041
    endloop
  endfacet
  facet normal -0.288715 -0.183936 0.93958
    outer loop
      vertex -3.40715 -1.96712 35.3945
      vertex -4.10131 -2.87177 35.0041
      vertex -3.22274 -2.25658 35.3945
    endloop
  endfacet
  facet normal -0.19098 -0.17501 0.965866
    outer loop
      vertex -2.16925 -1.82021 35.6899
      vertex -3.0138 -2.52888 35.3945
      vertex -2.78192 -2.78192 35.3945
    endloop
  endfacet
  facet normal -0.205511 -0.157693 0.965866
    outer loop
      vertex -2.31963 -1.62423 35.6899
      vertex -3.0138 -2.52888 35.3945
      vertex -2.16925 -1.82021 35.6899
    endloop
  endfacet
  facet normal -0.175006 -0.190986 0.965866
    outer loop
      vertex -2.00235 -2.00235 35.6899
      vertex -2.78192 -2.78192 35.3945
      vertex -1.82021 -2.16925 35.6899
    endloop
  endfacet
  facet normal -0.146588 0.0933917 0.984779
    outer loop
      vertex -2.31963 1.62423 35.6899
      vertex -2.45237 1.41588 35.6899
      vertex -1.39888 0.979506 35.8881
    endloop
  endfacet
  facet normal -0.183936 -0.288715 0.93958
    outer loop
      vertex -2.25658 -3.22274 35.3945
      vertex -2.87177 -4.10131 35.0041
      vertex -1.96712 -3.40715 35.3945
    endloop
  endfacet
  facet normal -0.191479 -0.462282 0.865812
    outer loop
      vertex -2.55313 -5.4752 34.5217
      vertex -2.97087 -6.37104 33.951
      vertex -2.06622 -5.67688 34.5217
    endloop
  endfacet
  facet normal -0.131006 -0.316271 0.93958
    outer loop
      vertex -1.66268 -3.56563 35.3945
      vertex -2.11595 -4.53768 35.0041
      vertex -1.71242 -4.70483 35.0041
    endloop
  endfacet
  facet normal -0.161867 -0.390776 0.906142
    outer loop
      vertex -1.71242 -4.70483 35.0041
      vertex -2.11595 -4.53768 35.0041
      vertex -2.06622 -5.67688 34.5217
    endloop
  endfacet
  facet normal -0.11961 -0.229773 0.965866
    outer loop
      vertex -1.41588 -2.45237 35.6899
      vertex -1.66268 -3.56563 35.3945
      vertex -1.19675 -2.56644 35.6899
    endloop
  endfacet
  facet normal -0.231282 -0.252387 0.939579
    outer loop
      vertex -2.78192 -2.78192 35.3945
      vertex -3.21829 -3.83541 35.0041
      vertex -2.52888 -3.0138 35.3945
    endloop
  endfacet
  facet normal -0.231276 -0.25239 0.93958
    outer loop
      vertex -2.78192 -2.78192 35.3945
      vertex -3.54032 -3.54032 35.0041
      vertex -3.21829 -3.83541 35.0041
    endloop
  endfacet
  facet normal -0.257491 -0.335566 0.906142
    outer loop
      vertex -2.87177 -4.10131 35.0041
      vertex -3.88321 -4.62784 34.5217
      vertex -3.4651 -4.94867 34.5217
    endloop
  endfacet
  facet normal -0.349373 -0.455309 0.818921
    outer loop
      vertex -4.51858 -5.38504 33.951
      vertex -4.56832 -6.52424 33.2964
      vertex -4.03205 -5.75837 33.951
    endloop
  endfacet
  facet normal 0.137894 -0.105809 0.984779
    outer loop
      vertex 2.31963 -1.62423 35.6899
      vertex 1.30819 -1.0977 35.8881
      vertex 2.16925 -1.82021 35.6899
    endloop
  endfacet
  facet normal 0.0805357 -0.0333578 0.996193
    outer loop
      vertex 1.60473 -0.584073 35.8881
      vertex 0.517218 -0.241182 35.9875
      vertex 1.54772 -0.721712 35.8881
    endloop
  endfacet
  facet normal 0.288715 -0.183936 0.93958
    outer loop
      vertex 3.40715 -1.96712 35.3945
      vertex 3.22274 -2.25658 35.3945
      vertex 4.10131 -2.87177 35.0041
    endloop
  endfacet
  facet normal 0.419356 0.0552075 0.906142
    outer loop
      vertex 5.94943 1.04904 34.5217
      vertex 4.93071 0.869417 35.0041
      vertex 4.98772 0.436369 35.0041
    endloop
  endfacet
  facet normal 0.0870877 0.00380329 0.996193
    outer loop
      vertex 1.70122 0.148837 35.8881
      vertex 0.568515 0.0497379 35.9875
      vertex 1.70772 0 35.8881
    endloop
  endfacet
  facet normal 0.0665155 -0.160579 0.984779
    outer loop
      vertex 1.19675 -2.56644 35.6899
      vertex 0.584073 -1.60473 35.8881
      vertex 0.968515 -2.66098 35.6899
    endloop
  endfacet
  facet normal -0.0376203 -0.169691 0.984779
    outer loop
      vertex -0.441989 -1.64953 35.8881
      vertex -0.732911 -2.73526 35.6899
      vertex -0.491728 -2.78873 35.6899
    endloop
  endfacet
  facet normal 0.17501 -0.19098 0.965866
    outer loop
      vertex 2.78192 -2.78192 35.3945
      vertex 1.82021 -2.16925 35.6899
      vertex 2.52888 -3.0138 35.3945
    endloop
  endfacet
  facet normal 0.0802558 -0.154173 0.984779
    outer loop
      vertex 1.41588 -2.45237 35.6899
      vertex 0.721712 -1.54772 35.8881
      vertex 1.19675 -2.56644 35.6899
    endloop
  endfacet
  facet normal -0.0552075 -0.419356 0.906142
    outer loop
      vertex -0.869417 -4.93071 35.0041
      vertex -1.04904 -5.94943 34.5217
      vertex -0.436369 -4.98772 35.0041
    endloop
  endfacet
  facet normal 0.0112985 -0.258795 0.965866
    outer loop
      vertex 0.342891 -3.91926 35.3945
      vertex 0 -2.83175 35.6899
      vertex 0 -3.93423 35.3945
    endloop
  endfacet
  facet normal 0.212731 -0.674714 0.706757
    outer loop
      vertex 3.02311 -8.30592 32.5627
      vertex 2.49658 -9.31736 31.7556
      vertex 3.29914 -9.06432 31.7556
    endloop
  endfacet
  facet normal 0.296983 -0.570495 0.765726
    outer loop
      vertex 3.98231 -6.89757 33.2964
      vertex 3.73551 -8.01083 32.5627
      vertex 4.41949 -7.65477 32.5627
    endloop
  endfacet
  facet normal 0.419355 0.0552088 0.906142
    outer loop
      vertex 5.94943 1.04904 34.5217
      vertex 4.98772 0.436369 35.0041
      vertex 6.01822 0.526525 34.5217
    endloop
  endfacet
  facet normal 0.419356 -0.0552075 0.906142
    outer loop
      vertex 4.98772 -0.436369 35.0041
      vertex 4.93071 -0.869417 35.0041
      vertex 5.94943 -1.04904 34.5217
    endloop
  endfacet
  facet normal -0.0802558 0.154173 0.984779
    outer loop
      vertex -1.19675 2.56644 35.6899
      vertex -1.41588 2.45237 35.6899
      vertex -0.721712 1.54772 35.8881
    endloop
  endfacet
  facet normal 0.0991325 0.239322 0.965866
    outer loop
      vertex 1.66268 3.56563 35.3945
      vertex 0.968515 2.66098 35.6899
      vertex 1.19675 2.56644 35.6899
    endloop
  endfacet
  facet normal 0.443831 -0.231045 0.865813
    outer loop
      vertex 6.37104 -2.97087 33.951
      vertex 5.23184 -3.02061 34.5217
      vertex 6.08787 -3.51483 33.951
    endloop
  endfacet
  facet normal 0.239322 -0.0991325 0.965866
    outer loop
      vertex 2.66098 -0.968515 35.6899
      vertex 2.56644 -1.19675 35.6899
      vertex 3.56563 -1.66268 35.3945
    endloop
  endfacet
  facet normal 0.462276 -0.191485 0.865814
    outer loop
      vertex 6.60573 -2.40429 33.951
      vertex 5.67688 -2.06622 34.5217
      vertex 6.37104 -2.97087 33.951
    endloop
  endfacet
  facet normal 0.375179 -0.19531 0.906143
    outer loop
      vertex 5.4752 -2.55313 34.5217
      vertex 4.53768 -2.11595 35.0041
      vertex 5.23184 -3.02061 34.5217
    endloop
  endfacet
  facet normal 0.231276 -0.25239 0.93958
    outer loop
      vertex 3.54032 -3.54032 35.0041
      vertex 2.78192 -2.78192 35.3945
      vertex 3.21829 -3.83541 35.0041
    endloop
  endfacet
  facet normal 0.208394 -0.271589 0.93958
    outer loop
      vertex 2.52888 -3.0138 35.3945
      vertex 2.25658 -3.22274 35.3945
      vertex 2.87177 -4.10131 35.0041
    endloop
  endfacet
  facet normal 0.326486 0.102938 0.93958
    outer loop
      vertex 4.70483 1.71242 35.0041
      vertex 3.80018 1.01825 35.3945
      vertex 4.83617 1.29585 35.0041
    endloop
  endfacet
  facet normal 0.403398 0.127189 0.906142
    outer loop
      vertex 5.67688 2.06622 34.5217
      vertex 4.70483 1.71242 35.0041
      vertex 5.83536 1.56358 34.5217
    endloop
  endfacet
  facet normal 0.146588 0.0933917 0.984779
    outer loop
      vertex 2.31963 1.62423 35.6899
      vertex 1.39888 0.979506 35.8881
      vertex 2.45237 1.41588 35.6899
    endloop
  endfacet
  facet normal 0.0802558 0.154173 0.984779
    outer loop
      vertex 1.19675 2.56644 35.6899
      vertex 0.721712 1.54772 35.8881
      vertex 1.41588 2.45237 35.6899
    endloop
  endfacet
  facet normal 0.056068 0.252902 0.965866
    outer loop
      vertex 0.683172 3.87446 35.3945
      vertex 0.491728 2.78873 35.6899
      vertex 0.732911 2.73526 35.6899
    endloop
  endfacet
  facet normal 0.311848 0.285757 0.906142
    outer loop
      vertex 4.27178 4.27178 34.5217
      vertex 3.83541 3.21829 35.0041
      vertex 4.62784 3.88321 34.5217
    endloop
  endfacet
  facet normal 0.553582 0.604135 0.573209
    outer loop
      vertex 7.77591 7.77591 30
      vertex 7.10692 8.38892 30
      vertex 7.33956 7.33956 30.8813
    endloop
  endfacet
  facet normal 0.553539 0.604148 0.573236
    outer loop
      vertex 7.0686 8.42403 30
      vertex 7.33956 7.33956 30.8813
      vertex 7.10692 8.38892 30
    endloop
  endfacet
  facet normal 0.553593 0.604132 0.573201
    outer loop
      vertex 7.33956 7.33956 30.8813
      vertex 7.0686 8.42403 30
      vertex 6.67195 7.95132 30.8813
    endloop
  endfacet
  facet normal 0.345572 0.542442 0.765727
    outer loop
      vertex 4.41949 7.65477 32.5627
      vertex 3.98231 6.89757 33.2964
      vertex 5.06983 7.24046 32.5627
    endloop
  endfacet
  facet normal 0.411748 0.646317 0.642447
    outer loop
      vertex 5.18985 8.98909 30.8813
      vertex 4.82302 8.35372 31.7556
      vertex 5.53274 7.90158 31.7556
    endloop
  endfacet
  facet normal 0.477946 0.5216 0.706754
    outer loop
      vertex 6.82078 6.82078 31.7556
      vertex 5.68158 6.77104 32.5627
      vertex 6.2501 6.2501 32.5627
    endloop
  endfacet
  facet normal 0.607974 0.466508 0.642447
    outer loop
      vertex 7.95132 6.67195 30.8813
      vertex 7.90158 5.53274 31.7556
      vertex 8.50256 5.95355 30.8813
    endloop
  endfacet
  facet normal 0.349373 0.455309 0.818921
    outer loop
      vertex 4.56832 6.52424 33.2964
      vertex 4.03205 5.75837 33.951
      vertex 4.51858 5.38504 33.951
    endloop
  endfacet
  facet normal 0.150461 0.477207 0.865814
    outer loop
      vertex 2.40429 6.60573 33.951
      vertex 1.81941 6.79014 33.951
      vertex 2.06622 5.67688 34.5217
    endloop
  endfacet
  facet normal 0.044684 0.3394 0.93958
    outer loop
      vertex 0.436369 4.98772 35.0041
      vertex 0.342891 3.91926 35.3945
      vertex 0.683172 3.87446 35.3945
    endloop
  endfacet
  facet normal 0.19531 0.375179 0.906143
    outer loop
      vertex 2.55313 5.4752 34.5217
      vertex 2.11595 4.53768 35.0041
      vertex 3.02061 5.23184 34.5217
    endloop
  endfacet
  facet normal 0.195308 0.375181 0.906142
    outer loop
      vertex 3.02061 5.23184 34.5217
      vertex 2.11595 4.53768 35.0041
      vertex 2.50339 4.33599 35.0041
    endloop
  endfacet
  facet normal 0.0333578 0.0805357 0.996193
    outer loop
      vertex 0.584073 1.60473 35.8881
      vertex 0.241182 0.517218 35.9875
      vertex 0.721712 1.54772 35.8881
    endloop
  endfacet
  facet normal 0.0218256 0.499888 0.865815
    outer loop
      vertex 0.612676 7.00292 33.951
      vertex 0 7.02967 33.951
      vertex 0.526525 6.01822 34.5217
    endloop
  endfacet
  facet normal 0.430676 0.561259 0.706757
    outer loop
      vertex 5.53274 7.90158 31.7556
      vertex 5.06983 7.24046 32.5627
      vertex 5.68158 6.77104 32.5627
    endloop
  endfacet
  facet normal 0.707998 -0.29326 0.642446
    outer loop
      vertex 9.75373 -3.55007 30.8813
      vertex 8.74229 -4.07659 31.7556
      vertex 9.40721 -4.38665 30.8813
    endloop
  endfacet
  facet normal 0.31356 -0.757043 0.573207
    outer loop
      vertex 4.38665 -9.40721 30.8813
      vertex 3.80914 -10.3137 30
      vertex 4.64745 -9.96648 30
    endloop
  endfacet
  facet normal 0.411749 -0.646317 0.642447
    outer loop
      vertex 5.53274 -7.90158 31.7556
      vertex 5.18985 -8.98909 30.8813
      vertex 5.95355 -8.50256 30.8813
    endloop
  endfacet
  facet normal 0.411748 -0.646317 0.642447
    outer loop
      vertex 5.53274 -7.90158 31.7556
      vertex 4.82302 -8.35372 31.7556
      vertex 5.18985 -8.98909 30.8813
    endloop
  endfacet
  facet normal 0.46651 -0.607971 0.642449
    outer loop
      vertex 6.20036 -7.3893 31.7556
      vertex 5.53274 -7.90158 31.7556
      vertex 6.67195 -7.95132 30.8813
    endloop
  endfacet
  facet normal 0.517729 -0.564992 0.642449
    outer loop
      vertex 6.82078 -6.82078 31.7556
      vertex 6.20036 -7.3893 31.7556
      vertex 6.67195 -7.95132 30.8813
    endloop
  endfacet
  facet normal 0.51026 -0.391535 0.765725
    outer loop
      vertex 6.52424 -4.56832 33.2964
      vertex 6.10126 -5.11956 33.2964
      vertex 6.77104 -5.68158 32.5627
    endloop
  endfacet
  facet normal 0.510254 -0.391538 0.765728
    outer loop
      vertex 7.24046 -5.06983 32.5627
      vertex 6.52424 -4.56832 33.2964
      vertex 6.77104 -5.68158 32.5627
    endloop
  endfacet
  facet normal 0.304605 -0.396967 0.865814
    outer loop
      vertex 4.51858 -5.38504 33.951
      vertex 3.4651 -4.94867 34.5217
      vertex 4.03205 -5.75837 33.951
    endloop
  endfacet
  facet normal 0.265002 -0.509059 0.818922
    outer loop
      vertex 3.51483 -6.08787 33.951
      vertex 2.97087 -6.37104 33.951
      vertex 3.366 -7.2184 33.2964
    endloop
  endfacet
  facet normal 0.316271 -0.131001 0.93958
    outer loop
      vertex 3.69697 -1.34559 35.3945
      vertex 3.56563 -1.66268 35.3945
      vertex 4.70483 -1.71242 35.0041
    endloop
  endfacet
  facet normal 0.368911 -0.338037 0.865815
    outer loop
      vertex 5.38504 -4.51858 33.951
      vertex 4.27178 -4.27178 34.5217
      vertex 4.97073 -4.97073 33.951
    endloop
  endfacet
  facet normal 0.176619 -0.800145 0.573213
    outer loop
      vertex 1.96031 -10.8185 30
      vertex 1.80242 -10.222 30.8813
      vertex 1.90957 -10.8297 30
    endloop
  endfacet
  facet normal 0.177359 -0.799971 0.573228
    outer loop
      vertex 1.80242 -10.222 30.8813
      vertex 1.96031 -10.8185 30
      vertex 2.68647 -10.026 30.8813
    endloop
  endfacet
  facet normal 0.165875 -0.748172 0.642437
    outer loop
      vertex 2.49658 -9.31736 31.7556
      vertex 1.80242 -10.222 30.8813
      vertex 2.68647 -10.026 30.8813
    endloop
  endfacet
  facet normal 0.345573 -0.54244 0.765728
    outer loop
      vertex 4.56832 -6.52424 33.2964
      vertex 3.98231 -6.89757 33.2964
      vertex 5.06983 -7.24046 32.5627
    endloop
  endfacet
  facet normal 0.326668 -0.627519 0.706759
    outer loop
      vertex 4.41949 -7.65477 32.5627
      vertex 3.73551 -8.01083 32.5627
      vertex 4.82302 -8.35372 31.7556
    endloop
  endfacet
  facet normal 0.245974 -0.781598 0.573238
    outer loop
      vertex 2.89575 -10.6065 30
      vertex 2.68647 -10.026 30.8813
      vertex 2.84618 -10.6221 30
    endloop
  endfacet
  facet normal 0.246375 -0.781465 0.573246
    outer loop
      vertex 2.68647 -10.026 30.8813
      vertex 2.89575 -10.6065 30
      vertex 3.55007 -9.75373 30.8813
    endloop
  endfacet
  facet normal 0.270731 -0.653603 0.706759
    outer loop
      vertex 3.73551 -8.01083 32.5627
      vertex 3.29914 -9.06432 31.7556
      vertex 4.07659 -8.74229 31.7556
    endloop
  endfacet
  facet normal 0.31356 0.757043 0.573207
    outer loop
      vertex 4.64745 9.96648 30
      vertex 3.80914 10.3137 30
      vertex 4.38665 9.40721 30.8813
    endloop
  endfacet
  facet normal 0.177356 0.79997 0.57323
    outer loop
      vertex 2.84618 10.6221 30
      vertex 1.96031 10.8185 30
      vertex 2.68647 10.026 30.8813
    endloop
  endfacet
  facet normal 0.440269 0.691084 0.573207
    outer loop
      vertex 5.4984 9.5235 30
      vertex 5.18985 8.98909 30.8813
      vertex 6.26367 9.03597 30
    endloop
  endfacet
  facet normal 0.0280503 0.642553 0.765727
    outer loop
      vertex 0.770367 8.80534 32.5627
      vertex 0 8.83897 32.5627
      vertex 0.694162 7.93432 33.2964
    endloop
  endfacet
  facet normal -0.353854 0.679742 0.642447
    outer loop
      vertex -4.07659 8.74229 31.7556
      vertex -5.18985 8.98909 30.8813
      vertex -4.82302 8.35372 31.7556
    endloop
  endfacet
  facet normal 0.561261 0.430668 0.706761
    outer loop
      vertex 7.3893 6.20036 31.7556
      vertex 6.77104 5.68158 32.5627
      vertex 7.90158 5.53274 31.7556
    endloop
  endfacet
  facet normal 0.564992 0.517729 0.642449
    outer loop
      vertex 7.95132 6.67195 30.8813
      vertex 6.82078 6.82078 31.7556
      vertex 7.3893 6.20036 31.7556
    endloop
  endfacet
  facet normal 0.257493 0.335564 0.906142
    outer loop
      vertex 3.88321 4.62784 34.5217
      vertex 2.87177 4.10131 35.0041
      vertex 3.21829 3.83541 35.0041
    endloop
  endfacet
  facet normal 0.423134 0.387722 0.81892
    outer loop
      vertex 5.63184 5.63184 33.2964
      vertex 4.97073 4.97073 33.951
      vertex 5.38504 4.51858 33.951
    endloop
  endfacet
  facet normal 0.594207 0.246128 0.765728
    outer loop
      vertex 8.01083 3.73551 32.5627
      vertex 7.2184 3.366 33.2964
      vertex 7.4843 2.72406 33.2964
    endloop
  endfacet
  facet normal 0.44383 0.231048 0.865812
    outer loop
      vertex 6.37104 2.97087 33.951
      vertex 5.23184 3.02061 34.5217
      vertex 5.4752 2.55313 34.5217
    endloop
  endfacet
  facet normal 0.757043 0.313575 0.573198
    outer loop
      vertex 9.75373 3.55007 30.8813
      vertex 10.3137 3.80914 30
      vertex 9.40721 4.38665 30.8813
    endloop
  endfacet
  facet normal 0.756964 0.313759 0.573202
    outer loop
      vertex 10.3137 3.80914 30
      vertex 9.75373 3.55007 30.8813
      vertex 10.3336 3.76113 30
    endloop
  endfacet
  facet normal 0.74817 0.165869 0.642439
    outer loop
      vertex 10.222 1.80242 30.8813
      vertex 9.31736 2.49658 31.7556
      vertex 9.4995 1.67502 31.7556
    endloop
  endfacet
  facet normal 0.594204 0.246131 0.765729
    outer loop
      vertex 8.01083 3.73551 32.5627
      vertex 7.4843 2.72406 33.2964
      vertex 8.30592 3.02311 32.5627
    endloop
  endfacet
  facet normal 0.368911 0.338037 0.865815
    outer loop
      vertex 4.97073 4.97073 33.951
      vertex 4.27178 4.27178 34.5217
      vertex 5.38504 4.51858 33.951
    endloop
  endfacet
  facet normal 0.390776 0.161867 0.906142
    outer loop
      vertex 5.67688 2.06622 34.5217
      vertex 4.53768 2.11595 35.0041
      vertex 4.70483 1.71242 35.0041
    endloop
  endfacet
  facet normal 0.334216 0.074089 0.93958
    outer loop
      vertex 4.83617 1.29585 35.0041
      vertex 3.80018 1.01825 35.3945
      vertex 3.87446 0.683172 35.3945
    endloop
  endfacet
  facet normal 0.256826 0.0338171 0.965866
    outer loop
      vertex 3.91926 0.342891 35.3945
      vertex 2.78873 0.491728 35.6899
      vertex 2.82098 0.246803 35.6899
    endloop
  endfacet
  facet normal 0.488505 0.108298 0.865815
    outer loop
      vertex 6.79014 1.81941 33.951
      vertex 5.83536 1.56358 34.5217
      vertex 5.94943 1.04904 34.5217
    endloop
  endfacet
  facet normal 0.637664 0.0839511 0.765726
    outer loop
      vertex 8.70469 1.53487 32.5627
      vertex 7.84363 1.38304 33.2964
      vertex 8.80534 0.770367 32.5627
    endloop
  endfacet
  facet normal 0.674714 -0.21273 0.706758
    outer loop
      vertex 8.53779 -2.28769 32.5627
      vertex 8.30592 -3.02311 32.5627
      vertex 9.31736 -2.49658 31.7556
    endloop
  endfacet
  facet normal 0.642556 -0.0280567 0.765725
    outer loop
      vertex 7.96463 0 33.2964
      vertex 7.93432 -0.694162 33.2964
      vertex 8.83897 0 32.5627
    endloop
  endfacet
  facet normal 0.691084 -0.440269 0.573207
    outer loop
      vertex 9.5235 -5.4984 30
      vertex 8.98909 -5.18985 30.8813
      vertex 9.03597 -6.26367 30
    endloop
  endfacet
  facet normal 0.54244 -0.345573 0.765728
    outer loop
      vertex 6.89757 -3.98231 33.2964
      vertex 6.52424 -4.56832 33.2964
      vertex 7.24046 -5.06983 32.5627
    endloop
  endfacet
  facet normal 0.547341 -0.172579 0.818922
    outer loop
      vertex 7.69324 -2.0614 33.2964
      vertex 6.79014 -1.81941 33.951
      vertex 7.4843 -2.72406 33.2964
    endloop
  endfacet
  facet normal 0.613399 -0.193408 0.765725
    outer loop
      vertex 7.69324 -2.0614 33.2964
      vertex 7.4843 -2.72406 33.2964
      vertex 8.53779 -2.28769 32.5627
    endloop
  endfacet
  facet normal 0.679744 -0.353853 0.642446
    outer loop
      vertex 9.40721 -4.38665 30.8813
      vertex 8.74229 -4.07659 31.7556
      vertex 8.98909 -5.18985 30.8813
    endloop
  endfacet
  facet normal 0.726825 -0.378363 0.573208
    outer loop
      vertex 9.96648 -4.64745 30
      vertex 9.40721 -4.38665 30.8813
      vertex 9.5475 -5.4523 30
    endloop
  endfacet
  facet normal 0.818647 -0.0357618 0.573182
    outer loop
      vertex 10.9945 -0.0519236 30
      vertex 10.3402 -0.904651 30.8813
      vertex 10.9549 -0.958433 30
    endloop
  endfacet
  facet normal 0.674714 -0.212731 0.706757
    outer loop
      vertex 9.31736 -2.49658 31.7556
      vertex 8.30592 -3.02311 32.5627
      vertex 9.06432 -3.29914 31.7556
    endloop
  endfacet
  facet normal 0.637664 -0.0839511 0.765726
    outer loop
      vertex 8.80534 -0.770367 32.5627
      vertex 7.84363 -1.38304 33.2964
      vertex 8.70469 -1.53487 32.5627
    endloop
  endfacet
  facet normal 0.759777 -0.100032 0.642442
    outer loop
      vertex 10.3402 -0.904651 30.8813
      vertex 9.60934 -0.840708 31.7556
      vertex 10.222 -1.80242 30.8813
    endloop
  endfacet
  facet normal 0.812421 -0.106925 0.573183
    outer loop
      vertex 10.9549 -0.958433 30
      vertex 10.3402 -0.904651 30.8813
      vertex 10.8365 -1.85804 30
    endloop
  endfacet
  facet normal 0.653603 -0.270735 0.706757
    outer loop
      vertex 8.30592 -3.02311 32.5627
      vertex 8.01083 -3.73551 32.5627
      vertex 9.06432 -3.29914 31.7556
    endloop
  endfacet
  facet normal 0.800145 -0.176619 0.573213
    outer loop
      vertex 10.222 -1.80242 30.8813
      vertex 10.8185 -1.96031 30
      vertex 10.8297 -1.90957 30
    endloop
  endfacet
  facet normal 0.799971 -0.177359 0.573228
    outer loop
      vertex 10.8185 -1.96031 30
      vertex 10.222 -1.80242 30.8813
      vertex 10.026 -2.68647 30.8813
    endloop
  endfacet
  facet normal 0.756964 -0.313759 0.573202
    outer loop
      vertex 9.75373 -3.55007 30.8813
      vertex 10.3137 -3.80914 30
      vertex 10.3336 -3.76113 30
    endloop
  endfacet
  facet normal 0.757043 -0.313575 0.573198
    outer loop
      vertex 10.3137 -3.80914 30
      vertex 9.75373 -3.55007 30.8813
      vertex 9.40721 -4.38665 30.8813
    endloop
  endfacet
  facet normal 0.653603 -0.270731 0.706759
    outer loop
      vertex 9.06432 -3.29914 31.7556
      vertex 8.01083 -3.73551 32.5627
      vertex 8.74229 -4.07659 31.7556
    endloop
  endfacet
  facet normal -0.356733 0.227263 0.906142
    outer loop
      vertex -4.94867 3.4651 34.5217
      vertex -5.23184 3.02061 34.5217
      vertex -4.10131 2.87177 35.0041
    endloop
  endfacet
  facet normal -0.190986 0.175006 0.965866
    outer loop
      vertex -2.00235 2.00235 35.6899
      vertex -2.78192 2.78192 35.3945
      vertex -2.16925 1.82021 35.6899
    endloop
  endfacet
  facet normal -0.102938 0.326486 0.93958
    outer loop
      vertex -1.29585 4.83617 35.0041
      vertex -1.71242 4.70483 35.0041
      vertex -1.01825 3.80018 35.3945
    endloop
  endfacet
  facet normal -0.074089 0.334216 0.93958
    outer loop
      vertex -0.683172 3.87446 35.3945
      vertex -1.29585 4.83617 35.0041
      vertex -1.01825 3.80018 35.3945
    endloop
  endfacet
  facet normal -0.34937 0.45531 0.818922
    outer loop
      vertex -4.56832 6.52424 33.2964
      vertex -5.11956 6.10126 33.2964
      vertex -4.51858 5.38504 33.951
    endloop
  endfacet
  facet normal -0.345572 0.542442 0.765727
    outer loop
      vertex -4.41949 7.65477 32.5627
      vertex -5.06983 7.24046 32.5627
      vertex -3.98231 6.89757 33.2964
    endloop
  endfacet
  facet normal 0.0749125 0.568992 0.818924
    outer loop
      vertex 1.38304 7.84363 33.2964
      vertex 0.612676 7.00292 33.951
      vertex 1.22069 6.92287 33.951
    endloop
  endfacet
  facet normal 0.0552088 0.419355 0.906142
    outer loop
      vertex 0.526525 6.01822 34.5217
      vertex 0.436369 4.98772 35.0041
      vertex 1.04904 5.94943 34.5217
    endloop
  endfacet
  facet normal -0.021827 0.499889 0.865814
    outer loop
      vertex 0 7.02967 33.951
      vertex -0.526525 6.01822 34.5217
      vertex 0 6.04121 34.5217
    endloop
  endfacet
  facet normal -0.153125 0.690686 0.706758
    outer loop
      vertex -1.53487 8.70469 32.5627
      vertex -2.49658 9.31736 31.7556
      vertex -2.28769 8.53779 32.5627
    endloop
  endfacet
  facet normal -0.245974 0.781598 0.573238
    outer loop
      vertex -2.89575 10.6065 30
      vertex -2.68647 10.026 30.8813
      vertex -2.84618 10.6221 30
    endloop
  endfacet
  facet normal -0.246375 0.781465 0.573246
    outer loop
      vertex -2.68647 10.026 30.8813
      vertex -2.89575 10.6065 30
      vertex -3.55007 9.75373 30.8813
    endloop
  endfacet
  facet normal 0.653603 0.270731 0.706759
    outer loop
      vertex 8.74229 4.07659 31.7556
      vertex 8.01083 3.73551 32.5627
      vertex 9.06432 3.29914 31.7556
    endloop
  endfacet
  facet normal 0.498835 0.65008 0.573201
    outer loop
      vertex 7.0686 8.42403 30
      vertex 6.34874 8.97641 30
      vertex 6.67195 7.95132 30.8813
    endloop
  endfacet
  facet normal 0.517727 0.564993 0.64245
    outer loop
      vertex 7.33956 7.33956 30.8813
      vertex 6.67195 7.95132 30.8813
      vertex 6.82078 6.82078 31.7556
    endloop
  endfacet
  facet normal -0.391538 0.510254 0.765728
    outer loop
      vertex -5.06983 7.24046 32.5627
      vertex -5.68158 6.77104 32.5627
      vertex -4.56832 6.52424 33.2964
    endloop
  endfacet
  facet normal -0.65008 0.498835 0.573201
    outer loop
      vertex -8.42403 7.0686 30
      vertex -8.97641 6.34874 30
      vertex -7.95132 6.67195 30.8813
    endloop
  endfacet
  facet normal -0.380114 0.596663 0.706758
    outer loop
      vertex -4.82302 8.35372 31.7556
      vertex -5.06983 7.24046 32.5627
      vertex -4.41949 7.65477 32.5627
    endloop
  endfacet
  facet normal -0.308359 0.484025 0.818923
    outer loop
      vertex -3.98231 6.89757 33.2964
      vertex -4.56832 6.52424 33.2964
      vertex -3.51483 6.08787 33.951
    endloop
  endfacet
  facet normal -0.172579 0.547341 0.818922
    outer loop
      vertex -2.0614 7.69324 33.2964
      vertex -2.72406 7.4843 33.2964
      vertex -1.81941 6.79014 33.951
    endloop
  endfacet
  facet normal -0.193408 0.613399 0.765725
    outer loop
      vertex -2.28769 8.53779 32.5627
      vertex -2.72406 7.4843 33.2964
      vertex -2.0614 7.69324 33.2964
    endloop
  endfacet
  facet normal -0.430668 0.561261 0.706761
    outer loop
      vertex -5.53274 7.90158 31.7556
      vertex -6.20036 7.3893 31.7556
      vertex -5.68158 6.77104 32.5627
    endloop
  endfacet
  facet normal -0.380115 0.596662 0.706758
    outer loop
      vertex -4.82302 8.35372 31.7556
      vertex -5.53274 7.90158 31.7556
      vertex -5.06983 7.24046 32.5627
    endloop
  endfacet
  facet normal -0.498835 0.65008 0.573201
    outer loop
      vertex -6.34874 8.97641 30
      vertex -7.0686 8.42403 30
      vertex -6.67195 7.95132 30.8813
    endloop
  endfacet
  facet normal -0.604135 0.553582 0.573209
    outer loop
      vertex -7.77591 7.77591 30
      vertex -8.38892 7.10692 30
      vertex -7.33956 7.33956 30.8813
    endloop
  endfacet
  facet normal -0.707998 -0.293262 0.642445
    outer loop
      vertex -9.06432 -3.29914 31.7556
      vertex -9.75373 -3.55007 30.8813
      vertex -8.74229 -4.07659 31.7556
    endloop
  endfacet
  facet normal -0.800145 0.176619 0.573213
    outer loop
      vertex -10.222 1.80242 30.8813
      vertex -10.8185 1.96031 30
      vertex -10.8297 1.90957 30
    endloop
  endfacet
  facet normal -0.799971 0.177359 0.573228
    outer loop
      vertex -10.8185 1.96031 30
      vertex -10.222 1.80242 30.8813
      vertex -10.026 2.68647 30.8813
    endloop
  endfacet
  facet normal -0.679742 0.353854 0.642447
    outer loop
      vertex -8.35372 4.82302 31.7556
      vertex -8.98909 5.18985 30.8813
      vertex -8.74229 4.07659 31.7556
    endloop
  endfacet
  facet normal -0.613398 0.193398 0.765729
    outer loop
      vertex -8.30592 3.02311 32.5627
      vertex -8.53779 2.28769 32.5627
      vertex -7.4843 2.72406 33.2964
    endloop
  endfacet
  facet normal -0.462276 0.191485 0.865814
    outer loop
      vertex -6.37104 2.97087 33.951
      vertex -6.60573 2.40429 33.951
      vertex -5.67688 2.06622 34.5217
    endloop
  endfacet
  facet normal -0.403398 0.127189 0.906142
    outer loop
      vertex -5.67688 2.06622 34.5217
      vertex -5.83536 1.56358 34.5217
      vertex -4.70483 1.71242 35.0041
    endloop
  endfacet
  facet normal -0.484025 0.308359 0.818923
    outer loop
      vertex -6.52424 4.56832 33.2964
      vertex -6.89757 3.98231 33.2964
      vertex -6.08787 3.51483 33.951
    endloop
  endfacet
  facet normal -0.51026 0.391535 0.765725
    outer loop
      vertex -6.10126 5.11956 33.2964
      vertex -6.77104 5.68158 32.5627
      vertex -6.52424 4.56832 33.2964
    endloop
  endfacet
  facet normal -0.0665155 0.160579 0.984779
    outer loop
      vertex -0.968515 2.66098 35.6899
      vertex -1.19675 2.56644 35.6899
      vertex -0.584073 1.60473 35.8881
    endloop
  endfacet
  facet normal -0.205511 0.157693 0.965866
    outer loop
      vertex -2.16925 1.82021 35.6899
      vertex -3.0138 2.52888 35.3945
      vertex -2.31963 1.62423 35.6899
    endloop
  endfacet
  facet normal -0.474192 0.434519 0.765725
    outer loop
      vertex -5.63184 5.63184 33.2964
      vertex -6.77104 5.68158 32.5627
      vertex -6.10126 5.11956 33.2964
    endloop
  endfacet
  facet normal -0.45531 0.34937 0.818922
    outer loop
      vertex -6.10126 5.11956 33.2964
      vertex -6.52424 4.56832 33.2964
      vertex -5.38504 4.51858 33.951
    endloop
  endfacet
  facet normal -0.509059 -0.264999 0.818923
    outer loop
      vertex -6.08787 -3.51483 33.951
      vertex -7.2184 -3.366 33.2964
      vertex -6.89757 -3.98231 33.2964
    endloop
  endfacet
  facet normal -0.607974 -0.466508 0.642447
    outer loop
      vertex -7.90158 -5.53274 31.7556
      vertex -8.50256 -5.95355 30.8813
      vertex -7.95132 -6.67195 30.8813
    endloop
  endfacet
  facet normal -0.627519 0.326668 0.706759
    outer loop
      vertex -8.35372 4.82302 31.7556
      vertex -8.74229 4.07659 31.7556
      vertex -8.01083 3.73551 32.5627
    endloop
  endfacet
  facet normal -0.594204 0.246131 0.765729
    outer loop
      vertex -8.01083 3.73551 32.5627
      vertex -8.30592 3.02311 32.5627
      vertex -7.4843 2.72406 33.2964
    endloop
  endfacet
  facet normal -0.757043 -0.31356 0.573207
    outer loop
      vertex -9.40721 -4.38665 30.8813
      vertex -10.3137 -3.80914 30
      vertex -9.96648 -4.64745 30
    endloop
  endfacet
  facet normal -0.726826 -0.378362 0.573207
    outer loop
      vertex -9.5475 -5.4523 30
      vertex -8.98909 -5.18985 30.8813
      vertex -9.40721 -4.38665 30.8813
    endloop
  endfacet
  facet normal -0.726814 -0.378385 0.573207
    outer loop
      vertex -8.98909 -5.18985 30.8813
      vertex -9.5475 -5.4523 30
      vertex -9.5235 -5.4984 30
    endloop
  endfacet
  facet normal -0.100028 -0.75978 0.642439
    outer loop
      vertex -1.67502 -9.4995 31.7556
      vertex -1.80242 -10.222 30.8813
      vertex -0.840708 -9.60934 31.7556
    endloop
  endfacet
  facet normal -0.165875 -0.748172 0.642437
    outer loop
      vertex -2.49658 -9.31736 31.7556
      vertex -2.68647 -10.026 30.8813
      vertex -1.80242 -10.222 30.8813
    endloop
  endfacet
  facet normal -0.0357445 -0.81864 0.573194
    outer loop
      vertex -0.0519236 -10.9945 30
      vertex 0 -10.3797 30.8813
      vertex -0.904651 -10.3402 30.8813
    endloop
  endfacet
  facet normal -0.036261 -0.81861 0.573204
    outer loop
      vertex 0 -10.3797 30.8813
      vertex -0.0519236 -10.9945 30
      vertex 0 -10.9968 30
    endloop
  endfacet
  facet normal -0.108297 -0.488506 0.865814
    outer loop
      vertex -1.04904 -5.94943 34.5217
      vertex -1.81941 -6.79014 33.951
      vertex -1.22069 -6.92287 33.951
    endloop
  endfacet
  facet normal -0.150461 -0.477207 0.865814
    outer loop
      vertex -2.06622 -5.67688 34.5217
      vertex -2.40429 -6.60573 33.951
      vertex -1.81941 -6.79014 33.951
    endloop
  endfacet
  facet normal -0.127189 -0.403398 0.906142
    outer loop
      vertex -1.71242 -4.70483 35.0041
      vertex -2.06622 -5.67688 34.5217
      vertex -1.56358 -5.83536 34.5217
    endloop
  endfacet
  facet normal -0.119611 -0.229773 0.965866
    outer loop
      vertex -1.41588 -2.45237 35.6899
      vertex -1.96712 -3.40715 35.3945
      vertex -1.66268 -3.56563 35.3945
    endloop
  endfacet
  facet normal 0.0218256 -0.499888 0.865815
    outer loop
      vertex 0.526525 -6.01822 34.5217
      vertex 0 -7.02967 33.951
      vertex 0.612676 -7.00292 33.951
    endloop
  endfacet
  facet normal -0.0280503 -0.642553 0.765727
    outer loop
      vertex -0.694162 -7.93432 33.2964
      vertex -0.770367 -8.80534 32.5627
      vertex 0 -8.83897 32.5627
    endloop
  endfacet
  facet normal 0.0280503 -0.642553 0.765727
    outer loop
      vertex 0.694162 -7.93432 33.2964
      vertex 0 -8.83897 32.5627
      vertex 0.770367 -8.80534 32.5627
    endloop
  endfacet
  facet normal 0.0308543 -0.706783 0.706757
    outer loop
      vertex 0.770367 -8.80534 32.5627
      vertex 0 -8.83897 32.5627
      vertex 0.840708 -9.60934 31.7556
    endloop
  endfacet
  facet normal -0.474192 -0.434519 0.765725
    outer loop
      vertex -6.10126 -5.11956 33.2964
      vertex -6.77104 -5.68158 32.5627
      vertex -5.63184 -5.63184 33.2964
    endloop
  endfacet
  facet normal -0.564992 -0.517729 0.642449
    outer loop
      vertex -7.3893 -6.20036 31.7556
      vertex -7.95132 -6.67195 30.8813
      vertex -6.82078 -6.82078 31.7556
    endloop
  endfacet
  facet normal -0.411748 -0.646317 0.642447
    outer loop
      vertex -4.82302 -8.35372 31.7556
      vertex -5.53274 -7.90158 31.7556
      vertex -5.18985 -8.98909 30.8813
    endloop
  endfacet
  facet normal -0.353854 -0.679742 0.642447
    outer loop
      vertex -4.82302 -8.35372 31.7556
      vertex -5.18985 -8.98909 30.8813
      vertex -4.07659 -8.74229 31.7556
    endloop
  endfacet
  facet normal -0.313575 -0.757043 0.573198
    outer loop
      vertex -3.80914 -10.3137 30
      vertex -3.55007 -9.75373 30.8813
      vertex -4.38665 -9.40721 30.8813
    endloop
  endfacet
  facet normal -0.313759 -0.756964 0.573202
    outer loop
      vertex -3.55007 -9.75373 30.8813
      vertex -3.80914 -10.3137 30
      vertex -3.76113 -10.3336 30
    endloop
  endfacet
  facet normal -0.29326 -0.707998 0.642446
    outer loop
      vertex -4.07659 -8.74229 31.7556
      vertex -4.38665 -9.40721 30.8813
      vertex -3.55007 -9.75373 30.8813
    endloop
  endfacet
  facet normal -0.0923421 -0.701403 0.706758
    outer loop
      vertex -1.53487 -8.70469 32.5627
      vertex -1.67502 -9.4995 31.7556
      vertex -0.840708 -9.60934 31.7556
    endloop
  endfacet
  facet normal -0.153125 -0.690685 0.706758
    outer loop
      vertex -1.53487 -8.70469 32.5627
      vertex -2.49658 -9.31736 31.7556
      vertex -1.67502 -9.4995 31.7556
    endloop
  endfacet
  facet normal -0.172575 -0.547345 0.818921
    outer loop
      vertex -2.40429 -6.60573 33.951
      vertex -2.72406 -7.4843 33.2964
      vertex -1.81941 -6.79014 33.951
    endloop
  endfacet
  facet normal -0.219624 -0.530219 0.818922
    outer loop
      vertex -2.97087 -6.37104 33.951
      vertex -3.366 -7.2184 33.2964
      vertex -2.72406 -7.4843 33.2964
    endloop
  endfacet
  facet normal -0.153125 -0.690686 0.706758
    outer loop
      vertex -2.28769 -8.53779 32.5627
      vertex -2.49658 -9.31736 31.7556
      vertex -1.53487 -8.70469 32.5627
    endloop
  endfacet
  facet normal -0.13921 -0.62792 0.765726
    outer loop
      vertex -1.38304 -7.84363 33.2964
      vertex -2.28769 -8.53779 32.5627
      vertex -1.53487 -8.70469 32.5627
    endloop
  endfacet
  facet normal -0.756964 -0.313759 0.573202
    outer loop
      vertex -10.3137 -3.80914 30
      vertex -9.75373 -3.55007 30.8813
      vertex -10.3336 -3.76113 30
    endloop
  endfacet
  facet normal -0.757043 -0.313575 0.573198
    outer loop
      vertex -9.75373 -3.55007 30.8813
      vertex -10.3137 -3.80914 30
      vertex -9.40721 -4.38665 30.8813
    endloop
  endfacet
  facet normal -0.726825 -0.378363 0.573208
    outer loop
      vertex -9.40721 -4.38665 30.8813
      vertex -9.96648 -4.64745 30
      vertex -9.5475 -5.4523 30
    endloop
  endfacet
  facet normal -0.423126 -0.387725 0.818922
    outer loop
      vertex -5.38504 -4.51858 33.951
      vertex -6.10126 -5.11956 33.2964
      vertex -5.63184 -5.63184 33.2964
    endloop
  endfacet
  facet normal -0.561261 -0.430668 0.706761
    outer loop
      vertex -6.77104 -5.68158 32.5627
      vertex -7.90158 -5.53274 31.7556
      vertex -7.3893 -6.20036 31.7556
    endloop
  endfacet
  facet normal -0.338037 -0.368911 0.865815
    outer loop
      vertex -4.27178 -4.27178 34.5217
      vertex -4.97073 -4.97073 33.951
      vertex -4.51858 -5.38504 33.951
    endloop
  endfacet
  facet normal -0.368911 -0.338037 0.865815
    outer loop
      vertex -4.27178 -4.27178 34.5217
      vertex -5.38504 -4.51858 33.951
      vertex -4.97073 -4.97073 33.951
    endloop
  endfacet
  facet normal -0.265002 -0.509059 0.818922
    outer loop
      vertex -2.97087 -6.37104 33.951
      vertex -3.51483 -6.08787 33.951
      vertex -3.366 -7.2184 33.2964
    endloop
  endfacet
  facet normal -0.219629 -0.530219 0.818921
    outer loop
      vertex -2.40429 -6.60573 33.951
      vertex -2.97087 -6.37104 33.951
      vertex -2.72406 -7.4843 33.2964
    endloop
  endfacet
  facet normal -0.285758 0.311846 0.906143
    outer loop
      vertex -3.21829 3.83541 35.0041
      vertex -4.27178 4.27178 34.5217
      vertex -3.54032 3.54032 35.0041
    endloop
  endfacet
  facet normal -0.154173 0.0802558 0.984779
    outer loop
      vertex -2.45237 1.41588 35.6899
      vertex -2.56644 1.19675 35.6899
      vertex -1.54772 0.721712 35.8881
    endloop
  endfacet
  facet normal -0.256826 0.0338126 0.965866
    outer loop
      vertex -3.87446 0.683172 35.3945
      vertex -3.91926 0.342891 35.3945
      vertex -2.78873 0.491728 35.6899
    endloop
  endfacet
  facet normal -0.3394 0.044684 0.93958
    outer loop
      vertex -3.87446 0.683172 35.3945
      vertex -4.98772 0.436369 35.0041
      vertex -3.91926 0.342891 35.3945
    endloop
  endfacet
  facet normal -0.547341 -0.172579 0.818922
    outer loop
      vertex -6.79014 -1.81941 33.951
      vertex -7.69324 -2.0614 33.2964
      vertex -7.4843 -2.72406 33.2964
    endloop
  endfacet
  facet normal -0.547345 0.172575 0.818921
    outer loop
      vertex -6.60573 2.40429 33.951
      vertex -7.4843 2.72406 33.2964
      vertex -6.79014 1.81941 33.951
    endloop
  endfacet
  facet normal -0.335564 -0.257493 0.906142
    outer loop
      vertex -4.10131 -2.87177 35.0041
      vertex -4.62784 -3.88321 34.5217
      vertex -3.83541 -3.21829 35.0041
    endloop
  endfacet
  facet normal -0.271587 -0.208401 0.93958
    outer loop
      vertex -3.0138 -2.52888 35.3945
      vertex -4.10131 -2.87177 35.0041
      vertex -3.83541 -3.21829 35.0041
    endloop
  endfacet
  facet normal -0.339399 -0.0446813 0.939581
    outer loop
      vertex -3.87446 -0.683172 35.3945
      vertex -4.98772 -0.436369 35.0041
      vertex -4.93071 -0.869417 35.0041
    endloop
  endfacet
  facet normal -0.3394 -0.044684 0.93958
    outer loop
      vertex -3.91926 -0.342891 35.3945
      vertex -4.98772 -0.436369 35.0041
      vertex -3.87446 -0.683172 35.3945
    endloop
  endfacet
  facet normal -0.477207 -0.150461 0.865814
    outer loop
      vertex -5.67688 -2.06622 34.5217
      vertex -6.79014 -1.81941 33.951
      vertex -6.60573 -2.40429 33.951
    endloop
  endfacet
  facet normal -0.375179 -0.19531 0.906143
    outer loop
      vertex -4.53768 -2.11595 35.0041
      vertex -5.4752 -2.55313 34.5217
      vertex -5.23184 -3.02061 34.5217
    endloop
  endfacet
  facet normal -0.252902 -0.0560631 0.965866
    outer loop
      vertex -2.73526 -0.732911 35.6899
      vertex -3.87446 -0.683172 35.3945
      vertex -3.80018 -1.01825 35.3945
    endloop
  endfacet
  facet normal -0.334213 -0.0740949 0.939581
    outer loop
      vertex -3.87446 -0.683172 35.3945
      vertex -4.93071 -0.869417 35.0041
      vertex -4.83617 -1.29585 35.0041
    endloop
  endfacet
  facet normal -0.342003 0.0149304 0.93958
    outer loop
      vertex -4.98772 0.436369 35.0041
      vertex -5.00677 0 35.0041
      vertex -3.91926 0.342891 35.3945
    endloop
  endfacet
  facet normal -0.422571 0.0184477 0.906142
    outer loop
      vertex -4.98772 0.436369 35.0041
      vertex -6.01822 0.526525 34.5217
      vertex -5.00677 0 35.0041
    endloop
  endfacet
  facet normal -0.172323 0.0226902 0.984779
    outer loop
      vertex -2.78873 0.491728 35.6899
      vertex -2.82098 0.246803 35.6899
      vertex -1.68177 0.296541 35.8881
    endloop
  endfacet
  facet normal -0.258797 0.0112934 0.965866
    outer loop
      vertex -2.82098 0.246803 35.6899
      vertex -3.91926 0.342891 35.3945
      vertex -2.83175 0 35.6899
    endloop
  endfacet
  facet normal -0.160579 -0.0665155 0.984779
    outer loop
      vertex -1.60473 -0.584073 35.8881
      vertex -2.66098 -0.968515 35.6899
      vertex -2.56644 -1.19675 35.6899
    endloop
  endfacet
  facet normal -0.239322 -0.0991325 0.965866
    outer loop
      vertex -2.66098 -0.968515 35.6899
      vertex -3.56563 -1.66268 35.3945
      vertex -2.56644 -1.19675 35.6899
    endloop
  endfacet
  facet normal -0.28872 -0.183932 0.93958
    outer loop
      vertex -3.40715 -1.96712 35.3945
      vertex -4.33599 -2.50339 35.0041
      vertex -4.10131 -2.87177 35.0041
    endloop
  endfacet
  facet normal -0.311846 -0.285758 0.906143
    outer loop
      vertex -3.83541 -3.21829 35.0041
      vertex -4.27178 -4.27178 34.5217
      vertex -3.54032 -3.54032 35.0041
    endloop
  endfacet
  facet normal -0.218472 -0.139185 0.965866
    outer loop
      vertex -2.45237 -1.41588 35.6899
      vertex -3.40715 -1.96712 35.3945
      vertex -3.22274 -2.25658 35.3945
    endloop
  endfacet
  facet normal -0.229773 -0.119611 0.965866
    outer loop
      vertex -2.45237 -1.41588 35.6899
      vertex -3.56563 -1.66268 35.3945
      vertex -3.40715 -1.96712 35.3945
    endloop
  endfacet
  facet normal -0.157693 -0.205511 0.965866
    outer loop
      vertex -1.82021 -2.16925 35.6899
      vertex -2.52888 -3.0138 35.3945
      vertex -1.62423 -2.31963 35.6899
    endloop
  endfacet
  facet normal -0.17501 -0.19098 0.965866
    outer loop
      vertex -1.82021 -2.16925 35.6899
      vertex -2.78192 -2.78192 35.3945
      vertex -2.52888 -3.0138 35.3945
    endloop
  endfacet
  facet normal -0.205512 -0.157693 0.965866
    outer loop
      vertex -2.31963 -1.62423 35.6899
      vertex -3.22274 -2.25658 35.3945
      vertex -3.0138 -2.52888 35.3945
    endloop
  endfacet
  facet normal -0.137894 -0.105809 0.984779
    outer loop
      vertex -1.30819 -1.0977 35.8881
      vertex -2.31963 -1.62423 35.6899
      vertex -2.16925 -1.82021 35.6899
    endloop
  endfacet
  facet normal -0.0802561 -0.154172 0.984779
    outer loop
      vertex -0.853858 -1.47893 35.8881
      vertex -1.41588 -2.45237 35.6899
      vertex -0.721712 -1.54772 35.8881
    endloop
  endfacet
  facet normal -0.0933912 -0.146589 0.984779
    outer loop
      vertex -0.979506 -1.39888 35.8881
      vertex -1.41588 -2.45237 35.6899
      vertex -0.853858 -1.47893 35.8881
    endloop
  endfacet
  facet normal -0.0446813 -0.339399 0.939581
    outer loop
      vertex -0.683172 -3.87446 35.3945
      vertex -0.869417 -4.93071 35.0041
      vertex -0.436369 -4.98772 35.0041
    endloop
  endfacet
  facet normal 0.0923427 -0.701403 0.706757
    outer loop
      vertex 1.53487 -8.70469 32.5627
      vertex 0.770367 -8.80534 32.5627
      vertex 0.840708 -9.60934 31.7556
    endloop
  endfacet
  facet normal -0.139185 -0.218472 0.965866
    outer loop
      vertex -1.41588 -2.45237 35.6899
      vertex -2.25658 -3.22274 35.3945
      vertex -1.96712 -3.40715 35.3945
    endloop
  endfacet
  facet normal -0.22726 -0.356733 0.906142
    outer loop
      vertex -2.87177 -4.10131 35.0041
      vertex -3.02061 -5.23184 34.5217
      vertex -2.50339 -4.33599 35.0041
    endloop
  endfacet
  facet normal -0.257493 -0.335564 0.906142
    outer loop
      vertex -3.21829 -3.83541 35.0041
      vertex -3.88321 -4.62784 34.5217
      vertex -2.87177 -4.10131 35.0041
    endloop
  endfacet
  facet normal -0.285757 -0.311848 0.906142
    outer loop
      vertex -3.21829 -3.83541 35.0041
      vertex -4.27178 -4.27178 34.5217
      vertex -3.88321 -4.62784 34.5217
    endloop
  endfacet
  facet normal 0.139185 -0.218472 0.965866
    outer loop
      vertex 2.25658 -3.22274 35.3945
      vertex 1.41588 -2.45237 35.6899
      vertex 1.96712 -3.40715 35.3945
    endloop
  endfacet
  facet normal 0.146589 -0.0933912 0.984779
    outer loop
      vertex 1.47893 -0.853858 35.8881
      vertex 1.39888 -0.979506 35.8881
      vertex 2.45237 -1.41588 35.6899
    endloop
  endfacet
  facet normal 0.258797 -0.0112934 0.965866
    outer loop
      vertex 2.83175 0 35.6899
      vertex 2.82098 -0.246803 35.6899
      vertex 3.91926 -0.342891 35.3945
    endloop
  endfacet
  facet normal 0.218469 -0.139187 0.965866
    outer loop
      vertex 2.45237 -1.41588 35.6899
      vertex 2.31963 -1.62423 35.6899
      vertex 3.22274 -2.25658 35.3945
    endloop
  endfacet
  facet normal 0.3394 -0.044684 0.93958
    outer loop
      vertex 3.91926 -0.342891 35.3945
      vertex 3.87446 -0.683172 35.3945
      vertex 4.98772 -0.436369 35.0041
    endloop
  endfacet
  facet normal 0.0870877 -0.00380329 0.996193
    outer loop
      vertex 1.70772 0 35.8881
      vertex 0.568515 -0.0497379 35.9875
      vertex 1.70122 -0.148837 35.8881
    endloop
  endfacet
  facet normal 0.0805357 0.0333578 0.996193
    outer loop
      vertex 1.54772 0.721712 35.8881
      vertex 0.517218 0.241182 35.9875
      vertex 1.60473 0.584073 35.8881
    endloop
  endfacet
  facet normal 0.117425 0.128147 0.984779
    outer loop
      vertex 1.82021 2.16925 35.6899
      vertex 1.0977 1.30819 35.8881
      vertex 1.20754 1.20754 35.8881
    endloop
  endfacet
  facet normal 0.10294 -0.326484 0.93958
    outer loop
      vertex 1.34559 -3.69697 35.3945
      vertex 1.01825 -3.80018 35.3945
      vertex 1.71242 -4.70483 35.0041
    endloop
  endfacet
  facet normal 0.0446813 -0.339399 0.939581
    outer loop
      vertex 0.683172 -3.87446 35.3945
      vertex 0.436369 -4.98772 35.0041
      vertex 0.869417 -4.93071 35.0041
    endloop
  endfacet
  facet normal 0.0522672 -0.165766 0.984779
    outer loop
      vertex 0.584073 -1.60473 35.8881
      vertex 0.441989 -1.64953 35.8881
      vertex 0.732911 -2.73526 35.6899
    endloop
  endfacet
  facet normal 0.15807 -0.303652 0.93958
    outer loop
      vertex 1.96712 -3.40715 35.3945
      vertex 1.66268 -3.56563 35.3945
      vertex 2.50339 -4.33599 35.0041
    endloop
  endfacet
  facet normal 0.257493 -0.335564 0.906142
    outer loop
      vertex 3.21829 -3.83541 35.0041
      vertex 2.87177 -4.10131 35.0041
      vertex 3.88321 -4.62784 34.5217
    endloop
  endfacet
  facet normal 0.157693 -0.205512 0.965866
    outer loop
      vertex 2.52888 -3.0138 35.3945
      vertex 1.62423 -2.31963 35.6899
      vertex 2.25658 -3.22274 35.3945
    endloop
  endfacet
  facet normal 0.0338171 -0.256826 0.965866
    outer loop
      vertex 0.491728 -2.78873 35.6899
      vertex 0.246803 -2.82098 35.6899
      vertex 0.342891 -3.91926 35.3945
    endloop
  endfacet
  facet normal 0.0226902 -0.172323 0.984779
    outer loop
      vertex 0.296541 -1.68177 35.8881
      vertex 0.246803 -2.82098 35.6899
      vertex 0.491728 -2.78873 35.6899
    endloop
  endfacet
  facet normal -0.00757757 -0.173646 0.984779
    outer loop
      vertex 0 -1.70772 35.8881
      vertex -0.246803 -2.82098 35.6899
      vertex 0 -2.83175 35.6899
    endloop
  endfacet
  facet normal -0.0778952 -0.247052 0.965866
    outer loop
      vertex -0.732911 -2.73526 35.6899
      vertex -1.34559 -3.69697 35.3945
      vertex -1.01825 -3.80018 35.3945
    endloop
  endfacet
  facet normal -0.0376138 -0.169691 0.984779
    outer loop
      vertex -0.441989 -1.64953 35.8881
      vertex -0.491728 -2.78873 35.6899
      vertex -0.296541 -1.68177 35.8881
    endloop
  endfacet
  facet normal 0.231048 -0.44383 0.865812
    outer loop
      vertex 3.02061 -5.23184 34.5217
      vertex 2.55313 -5.4752 34.5217
      vertex 2.97087 -6.37104 33.951
    endloop
  endfacet
  facet normal 0.29698 -0.570495 0.765727
    outer loop
      vertex 3.98231 -6.89757 33.2964
      vertex 3.366 -7.2184 33.2964
      vertex 3.73551 -8.01083 32.5627
    endloop
  endfacet
  facet normal 0.172579 -0.547341 0.818922
    outer loop
      vertex 2.72406 -7.4843 33.2964
      vertex 1.81941 -6.79014 33.951
      vertex 2.0614 -7.69324 33.2964
    endloop
  endfacet
  facet normal 0.131006 -0.316271 0.93958
    outer loop
      vertex 2.11595 -4.53768 35.0041
      vertex 1.66268 -3.56563 35.3945
      vertex 1.71242 -4.70483 35.0041
    endloop
  endfacet
  facet normal 0.0839511 -0.637664 0.765726
    outer loop
      vertex 1.38304 -7.84363 33.2964
      vertex 0.770367 -8.80534 32.5627
      vertex 1.53487 -8.70469 32.5627
    endloop
  endfacet
  facet normal 0.219624 -0.530219 0.818922
    outer loop
      vertex 2.97087 -6.37104 33.951
      vertex 2.72406 -7.4843 33.2964
      vertex 3.366 -7.2184 33.2964
    endloop
  endfacet
  facet normal 0.258795 0.0112985 0.965866
    outer loop
      vertex 3.91926 0.342891 35.3945
      vertex 2.83175 0 35.6899
      vertex 3.93423 0 35.3945
    endloop
  endfacet
  facet normal 0.412948 -0.0915503 0.906142
    outer loop
      vertex 4.93071 -0.869417 35.0041
      vertex 4.83617 -1.29585 35.0041
      vertex 5.94943 -1.04904 34.5217
    endloop
  endfacet
  facet normal -0.053065 0.0691582 0.996193
    outer loop
      vertex -0.979506 1.39888 35.8881
      vertex -1.0977 1.30819 35.8881
      vertex -0.327332 0.467479 35.9875
    endloop
  endfacet
  facet normal -0.0468369 0.0735191 0.996193
    outer loop
      vertex -0.285343 0.494229 35.9875
      vertex -0.979506 1.39888 35.8881
      vertex -0.327332 0.467479 35.9875
    endloop
  endfacet
  facet normal -0.356733 0.22726 0.906142
    outer loop
      vertex -4.10131 2.87177 35.0041
      vertex -5.23184 3.02061 34.5217
      vertex -4.33599 2.50339 35.0041
    endloop
  endfacet
  facet normal -0.0831362 0.0262127 0.996193
    outer loop
      vertex -0.53627 0.195186 35.9875
      vertex -1.64953 0.441989 35.8881
      vertex -0.551241 0.147704 35.9875
    endloop
  endfacet
  facet normal -0.0735191 0.0468369 0.996193
    outer loop
      vertex -0.467479 0.327332 35.9875
      vertex -1.39888 0.979506 35.8881
      vertex -0.494229 0.285343 35.9875
    endloop
  endfacet
  facet normal -0.0870877 -0.00380329 0.996193
    outer loop
      vertex -0.568515 -0.0497379 35.9875
      vertex -1.70772 0 35.8881
      vertex -1.70122 -0.148837 35.8881
    endloop
  endfacet
  facet normal 0.131006 0.316271 0.93958
    outer loop
      vertex 1.71242 4.70483 35.0041
      vertex 1.66268 3.56563 35.3945
      vertex 2.11595 4.53768 35.0041
    endloop
  endfacet
  facet normal 0.28872 -0.183932 0.93958
    outer loop
      vertex 4.33599 -2.50339 35.0041
      vertex 3.40715 -1.96712 35.3945
      vertex 4.10131 -2.87177 35.0041
    endloop
  endfacet
  facet normal 0.326486 -0.102938 0.93958
    outer loop
      vertex 4.83617 -1.29585 35.0041
      vertex 3.80018 -1.01825 35.3945
      vertex 4.70483 -1.71242 35.0041
    endloop
  endfacet
  facet normal 0.19098 -0.17501 0.965866
    outer loop
      vertex 3.0138 -2.52888 35.3945
      vertex 2.16925 -1.82021 35.6899
      vertex 2.78192 -2.78192 35.3945
    endloop
  endfacet
  facet normal 0.396967 -0.304605 0.865814
    outer loop
      vertex 5.75837 -4.03205 33.951
      vertex 4.94867 -3.4651 34.5217
      vertex 5.38504 -4.51858 33.951
    endloop
  endfacet
  facet normal 0.530219 -0.219629 0.818921
    outer loop
      vertex 6.60573 -2.40429 33.951
      vertex 6.37104 -2.97087 33.951
      vertex 7.4843 -2.72406 33.2964
    endloop
  endfacet
  facet normal 0.547345 -0.172575 0.818921
    outer loop
      vertex 6.79014 -1.81941 33.951
      vertex 6.60573 -2.40429 33.951
      vertex 7.4843 -2.72406 33.2964
    endloop
  endfacet
  facet normal 0.311846 -0.285758 0.906143
    outer loop
      vertex 3.83541 -3.21829 35.0041
      vertex 3.54032 -3.54032 35.0041
      vertex 4.27178 -4.27178 34.5217
    endloop
  endfacet
  facet normal 0.335566 -0.257491 0.906142
    outer loop
      vertex 4.94867 -3.4651 34.5217
      vertex 4.10131 -2.87177 35.0041
      vertex 4.62784 -3.88321 34.5217
    endloop
  endfacet
  facet normal 0.496084 -0.0653103 0.865815
    outer loop
      vertex 6.01822 -0.526525 34.5217
      vertex 5.94943 -1.04904 34.5217
      vertex 7.00292 -0.612676 33.951
    endloop
  endfacet
  facet normal 0.422571 -0.0184477 0.906142
    outer loop
      vertex 5.00677 0 35.0041
      vertex 4.98772 -0.436369 35.0041
      vertex 6.01822 -0.526525 34.5217
    endloop
  endfacet
  facet normal 0.268846 0.422005 0.865814
    outer loop
      vertex 4.03205 5.75837 33.951
      vertex 3.02061 5.23184 34.5217
      vertex 3.4651 4.94867 34.5217
    endloop
  endfacet
  facet normal 0.510254 0.391538 0.765728
    outer loop
      vertex 6.77104 5.68158 32.5627
      vertex 6.52424 4.56832 33.2964
      vertex 7.24046 5.06983 32.5627
    endloop
  endfacet
  facet normal 0.338043 0.368908 0.865814
    outer loop
      vertex 4.51858 5.38504 33.951
      vertex 3.88321 4.62784 34.5217
      vertex 4.27178 4.27178 34.5217
    endloop
  endfacet
  facet normal 0.304605 0.396967 0.865814
    outer loop
      vertex 4.03205 5.75837 33.951
      vertex 3.4651 4.94867 34.5217
      vertex 4.51858 5.38504 33.951
    endloop
  endfacet
  facet normal 0.498764 0.650096 0.573245
    outer loop
      vertex 6.3075 9.00805 30
      vertex 6.67195 7.95132 30.8813
      vertex 6.34874 8.97641 30
    endloop
  endfacet
  facet normal 0.49882 0.650085 0.573209
    outer loop
      vertex 6.67195 7.95132 30.8813
      vertex 6.3075 9.00805 30
      vertex 5.95355 8.50256 30.8813
    endloop
  endfacet
  facet normal 0.440237 0.691103 0.573208
    outer loop
      vertex 6.26367 9.03597 30
      vertex 5.95355 8.50256 30.8813
      vertex 6.3075 9.00805 30
    endloop
  endfacet
  facet normal 0.440269 0.691084 0.573207
    outer loop
      vertex 5.95355 8.50256 30.8813
      vertex 6.26367 9.03597 30
      vertex 5.18985 8.98909 30.8813
    endloop
  endfacet
  facet normal 0.430668 0.561261 0.706761
    outer loop
      vertex 6.20036 7.3893 31.7556
      vertex 5.53274 7.90158 31.7556
      vertex 5.68158 6.77104 32.5627
    endloop
  endfacet
  facet normal 0.477952 0.521584 0.706761
    outer loop
      vertex 6.20036 7.3893 31.7556
      vertex 5.68158 6.77104 32.5627
      vertex 6.82078 6.82078 31.7556
    endloop
  endfacet
  facet normal 0.604148 0.553539 0.573236
    outer loop
      vertex 7.33956 7.33956 30.8813
      vertex 8.42403 7.0686 30
      vertex 8.38892 7.10692 30
    endloop
  endfacet
  facet normal 0.604132 0.553593 0.573201
    outer loop
      vertex 8.42403 7.0686 30
      vertex 7.33956 7.33956 30.8813
      vertex 7.95132 6.67195 30.8813
    endloop
  endfacet
  facet normal 0.604135 0.553582 0.573209
    outer loop
      vertex 7.77591 7.77591 30
      vertex 7.33956 7.33956 30.8813
      vertex 8.38892 7.10692 30
    endloop
  endfacet
  facet normal 0.13921 0.62792 0.765726
    outer loop
      vertex 1.53487 8.70469 32.5627
      vertex 1.38304 7.84363 33.2964
      vertex 2.28769 8.53779 32.5627
    endloop
  endfacet
  facet normal 0.353854 0.679742 0.642447
    outer loop
      vertex 5.18985 8.98909 30.8813
      vertex 4.07659 8.74229 31.7556
      vertex 4.82302 8.35372 31.7556
    endloop
  endfacet
  facet normal 0.607971 0.46651 0.642449
    outer loop
      vertex 7.95132 6.67195 30.8813
      vertex 7.3893 6.20036 31.7556
      vertex 7.90158 5.53274 31.7556
    endloop
  endfacet
  facet normal 0.521584 0.477952 0.706761
    outer loop
      vertex 6.82078 6.82078 31.7556
      vertex 6.77104 5.68158 32.5627
      vertex 7.3893 6.20036 31.7556
    endloop
  endfacet
  facet normal 0.231048 0.44383 0.865812
    outer loop
      vertex 2.97087 6.37104 33.951
      vertex 2.55313 5.4752 34.5217
      vertex 3.02061 5.23184 34.5217
    endloop
  endfacet
  facet normal 0.0338171 0.256826 0.965866
    outer loop
      vertex 0.342891 3.91926 35.3945
      vertex 0.246803 2.82098 35.6899
      vertex 0.491728 2.78873 35.6899
    endloop
  endfacet
  facet normal 0.0560631 0.252902 0.965866
    outer loop
      vertex 1.01825 3.80018 35.3945
      vertex 0.683172 3.87446 35.3945
      vertex 0.732911 2.73526 35.6899
    endloop
  endfacet
  facet normal -0.0184477 0.422571 0.906142
    outer loop
      vertex 0 5.00677 35.0041
      vertex -0.526525 6.01822 34.5217
      vertex -0.436369 4.98772 35.0041
    endloop
  endfacet
  facet normal 0.271587 0.208401 0.93958
    outer loop
      vertex 3.83541 3.21829 35.0041
      vertex 3.0138 2.52888 35.3945
      vertex 4.10131 2.87177 35.0041
    endloop
  endfacet
  facet normal 0.231282 0.252387 0.939579
    outer loop
      vertex 3.21829 3.83541 35.0041
      vertex 2.52888 3.0138 35.3945
      vertex 2.78192 2.78192 35.3945
    endloop
  endfacet
  facet normal 0.10294 0.326484 0.93958
    outer loop
      vertex 1.71242 4.70483 35.0041
      vertex 1.01825 3.80018 35.3945
      vertex 1.34559 3.69697 35.3945
    endloop
  endfacet
  facet normal 0.161861 0.390777 0.906143
    outer loop
      vertex 2.55313 5.4752 34.5217
      vertex 2.06622 5.67688 34.5217
      vertex 2.11595 4.53768 35.0041
    endloop
  endfacet
  facet normal 0.0839511 0.637664 0.765726
    outer loop
      vertex 1.53487 8.70469 32.5627
      vertex 0.770367 8.80534 32.5627
      vertex 1.38304 7.84363 33.2964
    endloop
  endfacet
  facet normal -0.108297 0.488506 0.865814
    outer loop
      vertex -1.22069 6.92287 33.951
      vertex -1.81941 6.79014 33.951
      vertex -1.04904 5.94943 34.5217
    endloop
  endfacet
  facet normal -0.0334286 0.765601 0.642446
    outer loop
      vertex 0 10.3797 30.8813
      vertex -0.904651 10.3402 30.8813
      vertex 0 9.64604 31.7556
    endloop
  endfacet
  facet normal 0.153125 0.690685 0.706758
    outer loop
      vertex 1.67502 9.4995 31.7556
      vertex 1.53487 8.70469 32.5627
      vertex 2.49658 9.31736 31.7556
    endloop
  endfacet
  facet normal 0.0334286 -0.765601 0.642446
    outer loop
      vertex 0.904651 -10.3402 30.8813
      vertex 0 -9.64604 31.7556
      vertex 0 -10.3797 30.8813
    endloop
  endfacet
  facet normal 0.24644 -0.781474 0.573207
    outer loop
      vertex 3.55007 -9.75373 30.8813
      vertex 2.89575 -10.6065 30
      vertex 3.76113 -10.3336 30
    endloop
  endfacet
  facet normal 0.177356 -0.79997 0.57323
    outer loop
      vertex 2.68647 -10.026 30.8813
      vertex 1.96031 -10.8185 30
      vertex 2.84618 -10.6221 30
    endloop
  endfacet
  facet normal 0.466508 -0.607974 0.642447
    outer loop
      vertex 6.67195 -7.95132 30.8813
      vertex 5.53274 -7.90158 31.7556
      vertex 5.95355 -8.50256 30.8813
    endloop
  endfacet
  facet normal 0.440269 -0.691084 0.573207
    outer loop
      vertex 6.26367 -9.03597 30
      vertex 5.18985 -8.98909 30.8813
      vertex 5.4984 -9.5235 30
    endloop
  endfacet
  facet normal 0.430668 -0.561261 0.706761
    outer loop
      vertex 5.68158 -6.77104 32.5627
      vertex 5.53274 -7.90158 31.7556
      vertex 6.20036 -7.3893 31.7556
    endloop
  endfacet
  facet normal 0.477952 -0.521584 0.706761
    outer loop
      vertex 6.82078 -6.82078 31.7556
      vertex 5.68158 -6.77104 32.5627
      vertex 6.20036 -7.3893 31.7556
    endloop
  endfacet
  facet normal 0.484025 -0.308359 0.818923
    outer loop
      vertex 6.89757 -3.98231 33.2964
      vertex 6.08787 -3.51483 33.951
      vertex 6.52424 -4.56832 33.2964
    endloop
  endfacet
  facet normal 0.561259 -0.430676 0.706757
    outer loop
      vertex 7.24046 -5.06983 32.5627
      vertex 6.77104 -5.68158 32.5627
      vertex 7.90158 -5.53274 31.7556
    endloop
  endfacet
  facet normal 0.474192 -0.434519 0.765725
    outer loop
      vertex 6.10126 -5.11956 33.2964
      vertex 5.63184 -5.63184 33.2964
      vertex 6.77104 -5.68158 32.5627
    endloop
  endfacet
  facet normal 0.422005 -0.268846 0.865814
    outer loop
      vertex 5.23184 -3.02061 34.5217
      vertex 4.94867 -3.4651 34.5217
      vertex 5.75837 -4.03205 33.951
    endloop
  endfacet
  facet normal 0.387722 -0.423134 0.81892
    outer loop
      vertex 4.97073 -4.97073 33.951
      vertex 4.51858 -5.38504 33.951
      vertex 5.63184 -5.63184 33.2964
    endloop
  endfacet
  facet normal 0.368908 -0.338043 0.865814
    outer loop
      vertex 4.62784 -3.88321 34.5217
      vertex 4.27178 -4.27178 34.5217
      vertex 5.38504 -4.51858 33.951
    endloop
  endfacet
  facet normal 0.311848 -0.285757 0.906142
    outer loop
      vertex 4.62784 -3.88321 34.5217
      vertex 3.83541 -3.21829 35.0041
      vertex 4.27178 -4.27178 34.5217
    endloop
  endfacet
  facet normal 0.183936 -0.288715 0.93958
    outer loop
      vertex 2.25658 -3.22274 35.3945
      vertex 1.96712 -3.40715 35.3945
      vertex 2.87177 -4.10131 35.0041
    endloop
  endfacet
  facet normal 0.100028 -0.75978 0.642439
    outer loop
      vertex 1.67502 -9.4995 31.7556
      vertex 0.840708 -9.60934 31.7556
      vertex 1.80242 -10.222 30.8813
    endloop
  endfacet
  facet normal 0.165869 -0.74817 0.642439
    outer loop
      vertex 2.49658 -9.31736 31.7556
      vertex 1.67502 -9.4995 31.7556
      vertex 1.80242 -10.222 30.8813
    endloop
  endfacet
  facet normal 0.353853 -0.679744 0.642446
    outer loop
      vertex 5.18985 -8.98909 30.8813
      vertex 4.07659 -8.74229 31.7556
      vertex 4.38665 -9.40721 30.8813
    endloop
  endfacet
  facet normal 0.353854 -0.679742 0.642447
    outer loop
      vertex 4.82302 -8.35372 31.7556
      vertex 4.07659 -8.74229 31.7556
      vertex 5.18985 -8.98909 30.8813
    endloop
  endfacet
  facet normal 0.100028 0.75978 0.642439
    outer loop
      vertex 1.80242 10.222 30.8813
      vertex 0.840708 9.60934 31.7556
      vertex 1.67502 9.4995 31.7556
    endloop
  endfacet
  facet normal 0.246375 0.781465 0.573246
    outer loop
      vertex 2.89575 10.6065 30
      vertex 2.68647 10.026 30.8813
      vertex 3.55007 9.75373 30.8813
    endloop
  endfacet
  facet normal 0.245974 0.781598 0.573238
    outer loop
      vertex 2.68647 10.026 30.8813
      vertex 2.89575 10.6065 30
      vertex 2.84618 10.6221 30
    endloop
  endfacet
  facet normal 0.165869 0.74817 0.642439
    outer loop
      vertex 1.80242 10.222 30.8813
      vertex 1.67502 9.4995 31.7556
      vertex 2.49658 9.31736 31.7556
    endloop
  endfacet
  facet normal -0.0308537 0.706783 0.706757
    outer loop
      vertex 0 9.64604 31.7556
      vertex -0.840708 9.60934 31.7556
      vertex 0 8.83897 32.5627
    endloop
  endfacet
  facet normal -0.553582 0.604135 0.573209
    outer loop
      vertex -7.10692 8.38892 30
      vertex -7.77591 7.77591 30
      vertex -7.33956 7.33956 30.8813
    endloop
  endfacet
  facet normal 0.65008 0.498835 0.573201
    outer loop
      vertex 8.42403 7.0686 30
      vertex 7.95132 6.67195 30.8813
      vertex 8.97641 6.34874 30
    endloop
  endfacet
  facet normal 0.650096 0.498764 0.573245
    outer loop
      vertex 7.95132 6.67195 30.8813
      vertex 9.00805 6.3075 30
      vertex 8.97641 6.34874 30
    endloop
  endfacet
  facet normal 0.650085 0.49882 0.573209
    outer loop
      vertex 9.00805 6.3075 30
      vertex 7.95132 6.67195 30.8813
      vertex 8.50256 5.95355 30.8813
    endloop
  endfacet
  facet normal 0.338037 0.368911 0.865815
    outer loop
      vertex 4.51858 5.38504 33.951
      vertex 4.27178 4.27178 34.5217
      vertex 4.97073 4.97073 33.951
    endloop
  endfacet
  facet normal 0.218472 0.139185 0.965866
    outer loop
      vertex 3.22274 2.25658 35.3945
      vertex 2.45237 1.41588 35.6899
      vertex 3.40715 1.96712 35.3945
    endloop
  endfacet
  facet normal 0.561259 0.430676 0.706757
    outer loop
      vertex 7.90158 5.53274 31.7556
      vertex 6.77104 5.68158 32.5627
      vertex 7.24046 5.06983 32.5627
    endloop
  endfacet
  facet normal 0.726814 0.378385 0.573207
    outer loop
      vertex 8.98909 5.18985 30.8813
      vertex 9.5475 5.4523 30
      vertex 9.5235 5.4984 30
    endloop
  endfacet
  facet normal 0.726826 0.378362 0.573207
    outer loop
      vertex 9.5475 5.4523 30
      vertex 8.98909 5.18985 30.8813
      vertex 9.40721 4.38665 30.8813
    endloop
  endfacet
  facet normal 0.759777 0.100032 0.642442
    outer loop
      vertex 10.222 1.80242 30.8813
      vertex 9.60934 0.840708 31.7556
      vertex 10.3402 0.904651 30.8813
    endloop
  endfacet
  facet normal 0.81864 0.0357445 0.573194
    outer loop
      vertex 10.3797 0 30.8813
      vertex 10.9945 0.0519236 30
      vertex 10.3402 0.904651 30.8813
    endloop
  endfacet
  facet normal 0.81861 0.036261 0.573204
    outer loop
      vertex 10.9945 0.0519236 30
      vertex 10.3797 0 30.8813
      vertex 10.9968 0 30
    endloop
  endfacet
  facet normal 0.613399 0.193408 0.765725
    outer loop
      vertex 8.53779 2.28769 32.5627
      vertex 7.4843 2.72406 33.2964
      vertex 7.69324 2.0614 33.2964
    endloop
  endfacet
  facet normal 0.707998 0.293262 0.642445
    outer loop
      vertex 9.75373 3.55007 30.8813
      vertex 8.74229 4.07659 31.7556
      vertex 9.06432 3.29914 31.7556
    endloop
  endfacet
  facet normal 0.422008 0.268844 0.865813
    outer loop
      vertex 5.75837 4.03205 33.951
      vertex 5.23184 3.02061 34.5217
      vertex 6.08787 3.51483 33.951
    endloop
  endfacet
  facet normal 0.422005 0.268846 0.865814
    outer loop
      vertex 5.75837 4.03205 33.951
      vertex 4.94867 3.4651 34.5217
      vertex 5.23184 3.02061 34.5217
    endloop
  endfacet
  facet normal 0.443831 0.231045 0.865813
    outer loop
      vertex 6.08787 3.51483 33.951
      vertex 5.23184 3.02061 34.5217
      vertex 6.37104 2.97087 33.951
    endloop
  endfacet
  facet normal 0.375181 0.195308 0.906142
    outer loop
      vertex 5.23184 3.02061 34.5217
      vertex 4.33599 2.50339 35.0041
      vertex 4.53768 2.11595 35.0041
    endloop
  endfacet
  facet normal 0.5603 0.124217 0.818922
    outer loop
      vertex 7.69324 2.0614 33.2964
      vertex 6.79014 1.81941 33.951
      vertex 7.84363 1.38304 33.2964
    endloop
  endfacet
  facet normal 0.496084 0.0653103 0.865815
    outer loop
      vertex 7.00292 0.612676 33.951
      vertex 5.94943 1.04904 34.5217
      vertex 6.01822 0.526525 34.5217
    endloop
  endfacet
  facet normal 0.488506 0.108297 0.865814
    outer loop
      vertex 6.79014 1.81941 33.951
      vertex 5.94943 1.04904 34.5217
      vertex 6.92287 1.22069 33.951
    endloop
  endfacet
  facet normal 0.701403 0.0923427 0.706757
    outer loop
      vertex 9.60934 0.840708 31.7556
      vertex 8.70469 1.53487 32.5627
      vertex 8.80534 0.770367 32.5627
    endloop
  endfacet
  facet normal 0.627519 0.326668 0.706759
    outer loop
      vertex 8.35372 4.82302 31.7556
      vertex 8.01083 3.73551 32.5627
      vertex 8.74229 4.07659 31.7556
    endloop
  endfacet
  facet normal 0.627519 0.326668 0.706759
    outer loop
      vertex 8.35372 4.82302 31.7556
      vertex 7.65477 4.41949 32.5627
      vertex 8.01083 3.73551 32.5627
    endloop
  endfacet
  facet normal 0.570495 0.29698 0.765727
    outer loop
      vertex 8.01083 3.73551 32.5627
      vertex 6.89757 3.98231 33.2964
      vertex 7.2184 3.366 33.2964
    endloop
  endfacet
  facet normal 0.570495 0.296983 0.765726
    outer loop
      vertex 7.65477 4.41949 32.5627
      vertex 6.89757 3.98231 33.2964
      vertex 8.01083 3.73551 32.5627
    endloop
  endfacet
  facet normal 0.596662 -0.380115 0.706758
    outer loop
      vertex 8.35372 -4.82302 31.7556
      vertex 7.24046 -5.06983 32.5627
      vertex 7.90158 -5.53274 31.7556
    endloop
  endfacet
  facet normal 0.596663 -0.380114 0.706758
    outer loop
      vertex 7.65477 -4.41949 32.5627
      vertex 7.24046 -5.06983 32.5627
      vertex 8.35372 -4.82302 31.7556
    endloop
  endfacet
  facet normal 0.561261 -0.430668 0.706761
    outer loop
      vertex 7.90158 -5.53274 31.7556
      vertex 6.77104 -5.68158 32.5627
      vertex 7.3893 -6.20036 31.7556
    endloop
  endfacet
  facet normal 0.521584 -0.477952 0.706761
    outer loop
      vertex 7.3893 -6.20036 31.7556
      vertex 6.77104 -5.68158 32.5627
      vertex 6.82078 -6.82078 31.7556
    endloop
  endfacet
  facet normal 0.646317 -0.411748 0.642447
    outer loop
      vertex 8.35372 -4.82302 31.7556
      vertex 7.90158 -5.53274 31.7556
      vertex 8.98909 -5.18985 30.8813
    endloop
  endfacet
  facet normal 0.564992 -0.517729 0.642449
    outer loop
      vertex 7.3893 -6.20036 31.7556
      vertex 6.82078 -6.82078 31.7556
      vertex 7.95132 -6.67195 30.8813
    endloop
  endfacet
  facet normal 0.781474 -0.24644 0.573207
    outer loop
      vertex 10.6065 -2.89575 30
      vertex 9.75373 -3.55007 30.8813
      vertex 10.3336 -3.76113 30
    endloop
  endfacet
  facet normal 0.781598 -0.245974 0.573238
    outer loop
      vertex 10.026 -2.68647 30.8813
      vertex 10.6065 -2.89575 30
      vertex 10.6221 -2.84618 30
    endloop
  endfacet
  facet normal 0.781465 -0.246375 0.573246
    outer loop
      vertex 10.6065 -2.89575 30
      vertex 10.026 -2.68647 30.8813
      vertex 9.75373 -3.55007 30.8813
    endloop
  endfacet
  facet normal 0.701403 -0.0923427 0.706757
    outer loop
      vertex 8.80534 -0.770367 32.5627
      vertex 8.70469 -1.53487 32.5627
      vertex 9.60934 -0.840708 31.7556
    endloop
  endfacet
  facet normal 0.706783 -0.0308543 0.706757
    outer loop
      vertex 8.83897 0 32.5627
      vertex 8.80534 -0.770367 32.5627
      vertex 9.60934 -0.840708 31.7556
    endloop
  endfacet
  facet normal 0.690685 -0.153125 0.706758
    outer loop
      vertex 9.4995 -1.67502 31.7556
      vertex 8.70469 -1.53487 32.5627
      vertex 9.31736 -2.49658 31.7556
    endloop
  endfacet
  facet normal 0.690686 -0.153125 0.706758
    outer loop
      vertex 8.70469 -1.53487 32.5627
      vertex 8.53779 -2.28769 32.5627
      vertex 9.31736 -2.49658 31.7556
    endloop
  endfacet
  facet normal -0.0933917 0.146588 0.984779
    outer loop
      vertex -1.41588 2.45237 35.6899
      vertex -1.62423 2.31963 35.6899
      vertex -0.979506 1.39888 35.8881
    endloop
  endfacet
  facet normal -0.0552075 0.419356 0.906142
    outer loop
      vertex -0.436369 4.98772 35.0041
      vertex -1.04904 5.94943 34.5217
      vertex -0.869417 4.93071 35.0041
    endloop
  endfacet
  facet normal -0.387722 0.423134 0.81892
    outer loop
      vertex -4.51858 5.38504 33.951
      vertex -5.63184 5.63184 33.2964
      vertex -4.97073 4.97073 33.951
    endloop
  endfacet
  facet normal -0.231276 0.25239 0.93958
    outer loop
      vertex -3.21829 3.83541 35.0041
      vertex -3.54032 3.54032 35.0041
      vertex -2.78192 2.78192 35.3945
    endloop
  endfacet
  facet normal -0.191479 0.462282 0.865812
    outer loop
      vertex -2.06622 5.67688 34.5217
      vertex -2.97087 6.37104 33.951
      vertex -2.55313 5.4752 34.5217
    endloop
  endfacet
  facet normal 0.0446813 0.339399 0.939581
    outer loop
      vertex 0.869417 4.93071 35.0041
      vertex 0.436369 4.98772 35.0041
      vertex 0.683172 3.87446 35.3945
    endloop
  endfacet
  facet normal -0.0218256 0.499888 0.865815
    outer loop
      vertex 0 7.02967 33.951
      vertex -0.612676 7.00292 33.951
      vertex -0.526525 6.01822 34.5217
    endloop
  endfacet
  facet normal -0.0749076 0.568995 0.818922
    outer loop
      vertex -0.694162 7.93432 33.2964
      vertex -1.38304 7.84363 33.2964
      vertex -0.612676 7.00292 33.951
    endloop
  endfacet
  facet normal 0.074089 0.334216 0.93958
    outer loop
      vertex 1.29585 4.83617 35.0041
      vertex 0.683172 3.87446 35.3945
      vertex 1.01825 3.80018 35.3945
    endloop
  endfacet
  facet normal 0.127187 0.403398 0.906142
    outer loop
      vertex 1.56358 5.83536 34.5217
      vertex 1.29585 4.83617 35.0041
      vertex 1.71242 4.70483 35.0041
    endloop
  endfacet
  facet normal -0.0839511 0.637664 0.765726
    outer loop
      vertex -0.770367 8.80534 32.5627
      vertex -1.53487 8.70469 32.5627
      vertex -1.38304 7.84363 33.2964
    endloop
  endfacet
  facet normal -0.0280567 0.642556 0.765725
    outer loop
      vertex 0 8.83897 32.5627
      vertex -0.694162 7.93432 33.2964
      vertex 0 7.96463 33.2964
    endloop
  endfacet
  facet normal -0.353853 0.679744 0.642446
    outer loop
      vertex -4.38665 9.40721 30.8813
      vertex -5.18985 8.98909 30.8813
      vertex -4.07659 8.74229 31.7556
    endloop
  endfacet
  facet normal -0.230435 0.730866 0.642445
    outer loop
      vertex -2.49658 9.31736 31.7556
      vertex -3.55007 9.75373 30.8813
      vertex -3.29914 9.06432 31.7556
    endloop
  endfacet
  facet normal -0.165869 0.74817 0.642439
    outer loop
      vertex -1.80242 10.222 30.8813
      vertex -2.49658 9.31736 31.7556
      vertex -1.67502 9.4995 31.7556
    endloop
  endfacet
  facet normal 0.679744 0.353853 0.642446
    outer loop
      vertex 8.98909 5.18985 30.8813
      vertex 8.74229 4.07659 31.7556
      vertex 9.40721 4.38665 30.8813
    endloop
  endfacet
  facet normal 0.707998 0.29326 0.642446
    outer loop
      vertex 9.40721 4.38665 30.8813
      vertex 8.74229 4.07659 31.7556
      vertex 9.75373 3.55007 30.8813
    endloop
  endfacet
  facet normal -0.517729 0.564992 0.642449
    outer loop
      vertex -6.67195 7.95132 30.8813
      vertex -6.82078 6.82078 31.7556
      vertex -6.20036 7.3893 31.7556
    endloop
  endfacet
  facet normal -0.517727 0.564993 0.64245
    outer loop
      vertex -6.67195 7.95132 30.8813
      vertex -7.33956 7.33956 30.8813
      vertex -6.82078 6.82078 31.7556
    endloop
  endfacet
  facet normal -0.430676 0.561259 0.706757
    outer loop
      vertex -5.53274 7.90158 31.7556
      vertex -5.68158 6.77104 32.5627
      vertex -5.06983 7.24046 32.5627
    endloop
  endfacet
  facet normal -0.477952 0.521584 0.706761
    outer loop
      vertex -6.20036 7.3893 31.7556
      vertex -6.82078 6.82078 31.7556
      vertex -5.68158 6.77104 32.5627
    endloop
  endfacet
  facet normal -0.296983 0.570495 0.765726
    outer loop
      vertex -3.73551 8.01083 32.5627
      vertex -4.41949 7.65477 32.5627
      vertex -3.98231 6.89757 33.2964
    endloop
  endfacet
  facet normal -0.326668 0.627519 0.706759
    outer loop
      vertex -3.73551 8.01083 32.5627
      vertex -4.82302 8.35372 31.7556
      vertex -4.41949 7.65477 32.5627
    endloop
  endfacet
  facet normal -0.193398 0.613398 0.765729
    outer loop
      vertex -2.28769 8.53779 32.5627
      vertex -3.02311 8.30592 32.5627
      vertex -2.72406 7.4843 33.2964
    endloop
  endfacet
  facet normal -0.246131 0.594204 0.765729
    outer loop
      vertex -3.02311 8.30592 32.5627
      vertex -3.73551 8.01083 32.5627
      vertex -2.72406 7.4843 33.2964
    endloop
  endfacet
  facet normal -0.391535 0.51026 0.765725
    outer loop
      vertex -4.56832 6.52424 33.2964
      vertex -5.68158 6.77104 32.5627
      vertex -5.11956 6.10126 33.2964
    endloop
  endfacet
  facet normal -0.219624 0.530219 0.818922
    outer loop
      vertex -2.72406 7.4843 33.2964
      vertex -3.366 7.2184 33.2964
      vertex -2.97087 6.37104 33.951
    endloop
  endfacet
  facet normal -0.607974 0.466508 0.642447
    outer loop
      vertex -7.95132 6.67195 30.8813
      vertex -8.50256 5.95355 30.8813
      vertex -7.90158 5.53274 31.7556
    endloop
  endfacet
  facet normal -0.701403 0.0923421 0.706758
    outer loop
      vertex -9.4995 1.67502 31.7556
      vertex -9.60934 0.840708 31.7556
      vertex -8.70469 1.53487 32.5627
    endloop
  endfacet
  facet normal -0.646317 0.411748 0.642447
    outer loop
      vertex -7.90158 5.53274 31.7556
      vertex -8.98909 5.18985 30.8813
      vertex -8.35372 4.82302 31.7556
    endloop
  endfacet
  facet normal -0.561259 0.430676 0.706757
    outer loop
      vertex -6.77104 5.68158 32.5627
      vertex -7.90158 5.53274 31.7556
      vertex -7.24046 5.06983 32.5627
    endloop
  endfacet
  facet normal -0.812399 -0.10696 0.573208
    outer loop
      vertex -10.8365 -1.85804 30
      vertex -10.222 -1.80242 30.8813
      vertex -10.3402 -0.904651 30.8813
    endloop
  endfacet
  facet normal -0.81237 -0.107202 0.573203
    outer loop
      vertex -10.222 -1.80242 30.8813
      vertex -10.8365 -1.85804 30
      vertex -10.8297 -1.90957 30
    endloop
  endfacet
  facet normal -0.756964 0.313759 0.573202
    outer loop
      vertex -9.75373 3.55007 30.8813
      vertex -10.3137 3.80914 30
      vertex -10.3336 3.76113 30
    endloop
  endfacet
  facet normal -0.757043 0.313575 0.573198
    outer loop
      vertex -10.3137 3.80914 30
      vertex -9.75373 3.55007 30.8813
      vertex -9.40721 4.38665 30.8813
    endloop
  endfacet
  facet normal -0.462282 0.191479 0.865812
    outer loop
      vertex -5.4752 2.55313 34.5217
      vertex -6.37104 2.97087 33.951
      vertex -5.67688 2.06622 34.5217
    endloop
  endfacet
  facet normal -0.375179 0.19531 0.906143
    outer loop
      vertex -5.23184 3.02061 34.5217
      vertex -5.4752 2.55313 34.5217
      vertex -4.53768 2.11595 35.0041
    endloop
  endfacet
  facet normal -0.48403 0.308356 0.818921
    outer loop
      vertex -5.75837 4.03205 33.951
      vertex -6.52424 4.56832 33.2964
      vertex -6.08787 3.51483 33.951
    endloop
  endfacet
  facet normal -0.530219 0.219624 0.818922
    outer loop
      vertex -7.2184 3.366 33.2964
      vertex -7.4843 2.72406 33.2964
      vertex -6.37104 2.97087 33.951
    endloop
  endfacet
  facet normal -0.338037 0.368911 0.865815
    outer loop
      vertex -4.51858 5.38504 33.951
      vertex -4.97073 4.97073 33.951
      vertex -4.27178 4.27178 34.5217
    endloop
  endfacet
  facet normal -0.54244 0.345573 0.765728
    outer loop
      vertex -6.52424 4.56832 33.2964
      vertex -7.24046 5.06983 32.5627
      vertex -6.89757 3.98231 33.2964
    endloop
  endfacet
  facet normal -0.54244 -0.345573 0.765728
    outer loop
      vertex -6.89757 -3.98231 33.2964
      vertex -7.24046 -5.06983 32.5627
      vertex -6.52424 -4.56832 33.2964
    endloop
  endfacet
  facet normal -0.594207 -0.246128 0.765728
    outer loop
      vertex -7.4843 -2.72406 33.2964
      vertex -8.01083 -3.73551 32.5627
      vertex -7.2184 -3.366 33.2964
    endloop
  endfacet
  facet normal -0.573358 -0.0250352 0.818922
    outer loop
      vertex -7.02967 0 33.951
      vertex -7.96463 0 33.2964
      vertex -7.93432 -0.694162 33.2964
    endloop
  endfacet
  facet normal -0.509059 0.265002 0.818922
    outer loop
      vertex -6.08787 3.51483 33.951
      vertex -7.2184 3.366 33.2964
      vertex -6.37104 2.97087 33.951
    endloop
  endfacet
  facet normal -0.509059 0.264999 0.818923
    outer loop
      vertex -6.89757 3.98231 33.2964
      vertex -7.2184 3.366 33.2964
      vertex -6.08787 3.51483 33.951
    endloop
  endfacet
  facet normal -0.594207 0.246128 0.765728
    outer loop
      vertex -7.2184 3.366 33.2964
      vertex -8.01083 3.73551 32.5627
      vertex -7.4843 2.72406 33.2964
    endloop
  endfacet
  facet normal 0.106925 -0.812421 0.573183
    outer loop
      vertex 1.85804 -10.8365 30
      vertex 0.904651 -10.3402 30.8813
      vertex 0.958433 -10.9549 30
    endloop
  endfacet
  facet normal 0.10696 -0.812399 0.573208
    outer loop
      vertex 1.85804 -10.8365 30
      vertex 1.80242 -10.222 30.8813
      vertex 0.904651 -10.3402 30.8813
    endloop
  endfacet
  facet normal 0.107202 -0.81237 0.573203
    outer loop
      vertex 1.80242 -10.222 30.8813
      vertex 1.85804 -10.8365 30
      vertex 1.90957 -10.8297 30
    endloop
  endfacet
  facet normal -0.172579 -0.547341 0.818922
    outer loop
      vertex -1.81941 -6.79014 33.951
      vertex -2.72406 -7.4843 33.2964
      vertex -2.0614 -7.69324 33.2964
    endloop
  endfacet
  facet normal -0.124217 -0.5603 0.818922
    outer loop
      vertex -1.81941 -6.79014 33.951
      vertex -2.0614 -7.69324 33.2964
      vertex -1.38304 -7.84363 33.2964
    endloop
  endfacet
  facet normal -0.021827 -0.499889 0.865814
    outer loop
      vertex 0 -6.04121 34.5217
      vertex -0.526525 -6.01822 34.5217
      vertex 0 -7.02967 33.951
    endloop
  endfacet
  facet normal -0.0653103 -0.496084 0.865815
    outer loop
      vertex -0.526525 -6.01822 34.5217
      vertex -1.04904 -5.94943 34.5217
      vertex -0.612676 -7.00292 33.951
    endloop
  endfacet
  facet normal -0.0308543 -0.706783 0.706757
    outer loop
      vertex -0.770367 -8.80534 32.5627
      vertex -0.840708 -9.60934 31.7556
      vertex 0 -8.83897 32.5627
    endloop
  endfacet
  facet normal -0.0308537 -0.706783 0.706757
    outer loop
      vertex 0 -8.83897 32.5627
      vertex -0.840708 -9.60934 31.7556
      vertex 0 -9.64604 31.7556
    endloop
  endfacet
  facet normal -0.521584 -0.477952 0.706761
    outer loop
      vertex -6.77104 -5.68158 32.5627
      vertex -7.3893 -6.20036 31.7556
      vertex -6.82078 -6.82078 31.7556
    endloop
  endfacet
  facet normal -0.474195 -0.434509 0.765729
    outer loop
      vertex -5.63184 -5.63184 33.2964
      vertex -6.77104 -5.68158 32.5627
      vertex -6.2501 -6.2501 32.5627
    endloop
  endfacet
  facet normal -0.380115 -0.596662 0.706758
    outer loop
      vertex -5.06983 -7.24046 32.5627
      vertex -5.53274 -7.90158 31.7556
      vertex -4.82302 -8.35372 31.7556
    endloop
  endfacet
  facet normal -0.430676 -0.561259 0.706757
    outer loop
      vertex -5.06983 -7.24046 32.5627
      vertex -5.68158 -6.77104 32.5627
      vertex -5.53274 -7.90158 31.7556
    endloop
  endfacet
  facet normal -0.613399 -0.193408 0.765725
    outer loop
      vertex -7.69324 -2.0614 33.2964
      vertex -8.53779 -2.28769 32.5627
      vertex -7.4843 -2.72406 33.2964
    endloop
  endfacet
  facet normal -0.387725 -0.423126 0.818922
    outer loop
      vertex -4.51858 -5.38504 33.951
      vertex -5.63184 -5.63184 33.2964
      vertex -5.11956 -6.10126 33.2964
    endloop
  endfacet
  facet normal -0.434519 -0.474192 0.765725
    outer loop
      vertex -5.63184 -5.63184 33.2964
      vertex -5.68158 -6.77104 32.5627
      vertex -5.11956 -6.10126 33.2964
    endloop
  endfacet
  facet normal -0.308356 -0.48403 0.818921
    outer loop
      vertex -4.03205 -5.75837 33.951
      vertex -4.56832 -6.52424 33.2964
      vertex -3.51483 -6.08787 33.951
    endloop
  endfacet
  facet normal -0.268844 -0.422008 0.865813
    outer loop
      vertex -3.02061 -5.23184 34.5217
      vertex -4.03205 -5.75837 33.951
      vertex -3.51483 -6.08787 33.951
    endloop
  endfacet
  facet normal -0.191485 -0.462276 0.865814
    outer loop
      vertex -2.06622 -5.67688 34.5217
      vertex -2.97087 -6.37104 33.951
      vertex -2.40429 -6.60573 33.951
    endloop
  endfacet
  facet normal -0.231048 -0.44383 0.865812
    outer loop
      vertex -2.55313 -5.4752 34.5217
      vertex -3.02061 -5.23184 34.5217
      vertex -2.97087 -6.37104 33.951
    endloop
  endfacet
  facet normal 0.0778952 0.247052 0.965866
    outer loop
      vertex 1.01825 3.80018 35.3945
      vertex 0.732911 2.73526 35.6899
      vertex 1.34559 3.69697 35.3945
    endloop
  endfacet
  facet normal -0.0991292 0.239324 0.965866
    outer loop
      vertex -1.34559 3.69697 35.3945
      vertex -1.66268 3.56563 35.3945
      vertex -0.968515 2.66098 35.6899
    endloop
  endfacet
  facet normal -0.311848 0.285757 0.906142
    outer loop
      vertex -4.27178 4.27178 34.5217
      vertex -4.62784 3.88321 34.5217
      vertex -3.83541 3.21829 35.0041
    endloop
  endfacet
  facet normal -0.227263 0.356733 0.906142
    outer loop
      vertex -3.02061 5.23184 34.5217
      vertex -3.4651 4.94867 34.5217
      vertex -2.87177 4.10131 35.0041
    endloop
  endfacet
  facet normal -0.334216 0.074089 0.93958
    outer loop
      vertex -3.80018 1.01825 35.3945
      vertex -4.83617 1.29585 35.0041
      vertex -3.87446 0.683172 35.3945
    endloop
  endfacet
  facet normal -0.326486 0.102938 0.93958
    outer loop
      vertex -4.70483 1.71242 35.0041
      vertex -4.83617 1.29585 35.0041
      vertex -3.80018 1.01825 35.3945
    endloop
  endfacet
  facet normal -0.258795 0.0112985 0.965866
    outer loop
      vertex -3.91926 0.342891 35.3945
      vertex -3.93423 0 35.3945
      vertex -2.83175 0 35.6899
    endloop
  endfacet
  facet normal -0.256826 0.0338171 0.965866
    outer loop
      vertex -2.78873 0.491728 35.6899
      vertex -3.91926 0.342891 35.3945
      vertex -2.82098 0.246803 35.6899
    endloop
  endfacet
  facet normal -0.530219 0.219629 0.818921
    outer loop
      vertex -6.37104 2.97087 33.951
      vertex -7.4843 2.72406 33.2964
      vertex -6.60573 2.40429 33.951
    endloop
  endfacet
  facet normal -0.74817 0.165869 0.642439
    outer loop
      vertex -9.31736 2.49658 31.7556
      vertex -10.222 1.80242 30.8813
      vertex -9.4995 1.67502 31.7556
    endloop
  endfacet
  facet normal -0.499888 0.0218256 0.865815
    outer loop
      vertex -7.00292 0.612676 33.951
      vertex -7.02967 0 33.951
      vertex -6.01822 0.526525 34.5217
    endloop
  endfacet
  facet normal -0.477207 0.150461 0.865814
    outer loop
      vertex -6.60573 2.40429 33.951
      vertex -6.79014 1.81941 33.951
      vertex -5.67688 2.06622 34.5217
    endloop
  endfacet
  facet normal -0.390776 -0.161867 0.906142
    outer loop
      vertex -4.70483 -1.71242 35.0041
      vertex -5.67688 -2.06622 34.5217
      vertex -4.53768 -2.11595 35.0041
    endloop
  endfacet
  facet normal -0.390777 -0.161861 0.906143
    outer loop
      vertex -4.53768 -2.11595 35.0041
      vertex -5.67688 -2.06622 34.5217
      vertex -5.4752 -2.55313 34.5217
    endloop
  endfacet
  facet normal -0.0864249 -0.0113791 0.996193
    outer loop
      vertex -0.568515 -0.0497379 35.9875
      vertex -1.70122 -0.148837 35.8881
      vertex -0.562016 -0.0990982 35.9875
    endloop
  endfacet
  facet normal -0.258795 -0.0112985 0.965866
    outer loop
      vertex -2.83175 0 35.6899
      vertex -3.93423 0 35.3945
      vertex -3.91926 -0.342891 35.3945
    endloop
  endfacet
  facet normal -0.412947 -0.0915476 0.906142
    outer loop
      vertex -4.83617 -1.29585 35.0041
      vertex -5.94943 -1.04904 34.5217
      vertex -5.83536 -1.56358 34.5217
    endloop
  endfacet
  facet normal -0.334216 -0.074089 0.93958
    outer loop
      vertex -3.87446 -0.683172 35.3945
      vertex -4.83617 -1.29585 35.0041
      vertex -3.80018 -1.01825 35.3945
    endloop
  endfacet
  facet normal -0.422571 -0.0184477 0.906142
    outer loop
      vertex -5.00677 0 35.0041
      vertex -6.01822 -0.526525 34.5217
      vertex -4.98772 -0.436369 35.0041
    endloop
  endfacet
  facet normal -0.419356 -0.0552075 0.906142
    outer loop
      vertex -4.98772 -0.436369 35.0041
      vertex -5.94943 -1.04904 34.5217
      vertex -4.93071 -0.869417 35.0041
    endloop
  endfacet
  facet normal -0.252902 -0.056068 0.965866
    outer loop
      vertex -2.78873 -0.491728 35.6899
      vertex -3.87446 -0.683172 35.3945
      vertex -2.73526 -0.732911 35.6899
    endloop
  endfacet
  facet normal -0.247055 -0.0778902 0.965866
    outer loop
      vertex -2.73526 -0.732911 35.6899
      vertex -3.69697 -1.34559 35.3945
      vertex -2.66098 -0.968515 35.6899
    endloop
  endfacet
  facet normal -0.165767 -0.0522622 0.984779
    outer loop
      vertex -1.60473 -0.584073 35.8881
      vertex -2.73526 -0.732911 35.6899
      vertex -2.66098 -0.968515 35.6899
    endloop
  endfacet
  facet normal -0.229773 -0.11961 0.965866
    outer loop
      vertex -2.56644 -1.19675 35.6899
      vertex -3.56563 -1.66268 35.3945
      vertex -2.45237 -1.41588 35.6899
    endloop
  endfacet
  facet normal -0.146588 -0.0933917 0.984779
    outer loop
      vertex -1.39888 -0.979506 35.8881
      vertex -2.45237 -1.41588 35.6899
      vertex -2.31963 -1.62423 35.6899
    endloop
  endfacet
  facet normal -0.271589 -0.208394 0.93958
    outer loop
      vertex -3.22274 -2.25658 35.3945
      vertex -4.10131 -2.87177 35.0041
      vertex -3.0138 -2.52888 35.3945
    endloop
  endfacet
  facet normal -0.252387 -0.231282 0.939579
    outer loop
      vertex -3.0138 -2.52888 35.3945
      vertex -3.83541 -3.21829 35.0041
      vertex -2.78192 -2.78192 35.3945
    endloop
  endfacet
  facet normal -0.356733 -0.22726 0.906142
    outer loop
      vertex -4.33599 -2.50339 35.0041
      vertex -5.23184 -3.02061 34.5217
      vertex -4.10131 -2.87177 35.0041
    endloop
  endfacet
  facet normal -0.311848 -0.285757 0.906142
    outer loop
      vertex -3.83541 -3.21829 35.0041
      vertex -4.62784 -3.88321 34.5217
      vertex -4.27178 -4.27178 34.5217
    endloop
  endfacet
  facet normal -0.117425 -0.128147 0.984779
    outer loop
      vertex -1.20754 -1.20754 35.8881
      vertex -1.82021 -2.16925 35.6899
      vertex -1.0977 -1.30819 35.8881
    endloop
  endfacet
  facet normal -0.190986 -0.175006 0.965866
    outer loop
      vertex -2.16925 -1.82021 35.6899
      vertex -2.78192 -2.78192 35.3945
      vertex -2.00235 -2.00235 35.6899
    endloop
  endfacet
  facet normal -0.208394 -0.271589 0.93958
    outer loop
      vertex -2.52888 -3.0138 35.3945
      vertex -2.87177 -4.10131 35.0041
      vertex -2.25658 -3.22274 35.3945
    endloop
  endfacet
  facet normal -0.157693 -0.205512 0.965866
    outer loop
      vertex -1.62423 -2.31963 35.6899
      vertex -2.52888 -3.0138 35.3945
      vertex -2.25658 -3.22274 35.3945
    endloop
  endfacet
  facet normal 0.0552088 -0.419355 0.906142
    outer loop
      vertex 1.04904 -5.94943 34.5217
      vertex 0.436369 -4.98772 35.0041
      vertex 0.526525 -6.01822 34.5217
    endloop
  endfacet
  facet normal 0.0149304 -0.342003 0.93958
    outer loop
      vertex 0.342891 -3.91926 35.3945
      vertex 0 -5.00677 35.0041
      vertex 0.436369 -4.98772 35.0041
    endloop
  endfacet
  facet normal -0.158071 -0.30365 0.93958
    outer loop
      vertex -1.66268 -3.56563 35.3945
      vertex -2.50339 -4.33599 35.0041
      vertex -2.11595 -4.53768 35.0041
    endloop
  endfacet
  facet normal -0.195308 -0.375181 0.906142
    outer loop
      vertex -2.50339 -4.33599 35.0041
      vertex -3.02061 -5.23184 34.5217
      vertex -2.11595 -4.53768 35.0041
    endloop
  endfacet
  facet normal -0.183932 -0.28872 0.93958
    outer loop
      vertex -1.96712 -3.40715 35.3945
      vertex -2.87177 -4.10131 35.0041
      vertex -2.50339 -4.33599 35.0041
    endloop
  endfacet
  facet normal -0.15807 -0.303652 0.93958
    outer loop
      vertex -1.96712 -3.40715 35.3945
      vertex -2.50339 -4.33599 35.0041
      vertex -1.66268 -3.56563 35.3945
    endloop
  endfacet
  facet normal 0.105807 -0.137895 0.984779
    outer loop
      vertex 1.0977 -1.30819 35.8881
      vertex 0.979506 -1.39888 35.8881
      vertex 1.62423 -2.31963 35.6899
    endloop
  endfacet
  facet normal 0.128147 -0.117425 0.984779
    outer loop
      vertex 2.16925 -1.82021 35.6899
      vertex 1.20754 -1.20754 35.8881
      vertex 2.00235 -2.00235 35.6899
    endloop
  endfacet
  facet normal 0.0188644 -0.0851052 0.996193
    outer loop
      vertex 0.441989 -1.64953 35.8881
      vertex 0.147704 -0.551241 35.9875
      vertex 0.296541 -1.68177 35.8881
    endloop
  endfacet
  facet normal 0.0560631 -0.252902 0.965866
    outer loop
      vertex 0.732911 -2.73526 35.6899
      vertex 0.683172 -3.87446 35.3945
      vertex 1.01825 -3.80018 35.3945
    endloop
  endfacet
  facet normal 0.11961 -0.229773 0.965866
    outer loop
      vertex 1.41588 -2.45237 35.6899
      vertex 1.19675 -2.56644 35.6899
      vertex 1.66268 -3.56563 35.3945
    endloop
  endfacet
  facet normal 0.119611 -0.229773 0.965866
    outer loop
      vertex 1.96712 -3.40715 35.3945
      vertex 1.41588 -2.45237 35.6899
      vertex 1.66268 -3.56563 35.3945
    endloop
  endfacet
  facet normal 0.0735191 -0.0468369 0.996193
    outer loop
      vertex 0.494229 -0.285343 35.9875
      vertex 0.467479 -0.327332 35.9875
      vertex 1.39888 -0.979506 35.8881
    endloop
  endfacet
  facet normal 0.0831362 -0.0262127 0.996193
    outer loop
      vertex 0.551241 -0.147704 35.9875
      vertex 0.53627 -0.195186 35.9875
      vertex 1.64953 -0.441989 35.8881
    endloop
  endfacet
  facet normal 0.146588 -0.0933917 0.984779
    outer loop
      vertex 2.45237 -1.41588 35.6899
      vertex 1.39888 -0.979506 35.8881
      vertex 2.31963 -1.62423 35.6899
    endloop
  endfacet
  facet normal 0.342003 -0.0149304 0.93958
    outer loop
      vertex 5.00677 0 35.0041
      vertex 3.91926 -0.342891 35.3945
      vertex 4.98772 -0.436369 35.0041
    endloop
  endfacet
  facet normal 0.342003 0.0149304 0.93958
    outer loop
      vertex 4.98772 0.436369 35.0041
      vertex 3.91926 0.342891 35.3945
      vertex 5.00677 0 35.0041
    endloop
  endfacet
  facet normal 0.173645 -0.0075834 0.984779
    outer loop
      vertex 1.70772 0 35.8881
      vertex 1.70122 -0.148837 35.8881
      vertex 2.82098 -0.246803 35.6899
    endloop
  endfacet
  facet normal 0.342003 -0.0149312 0.93958
    outer loop
      vertex 3.93423 0 35.3945
      vertex 3.91926 -0.342891 35.3945
      vertex 5.00677 0 35.0041
    endloop
  endfacet
  facet normal 0.137894 0.105809 0.984779
    outer loop
      vertex 2.16925 1.82021 35.6899
      vertex 1.30819 1.0977 35.8881
      vertex 2.31963 1.62423 35.6899
    endloop
  endfacet
  facet normal 0.252902 0.0560631 0.965866
    outer loop
      vertex 3.80018 1.01825 35.3945
      vertex 2.73526 0.732911 35.6899
      vertex 3.87446 0.683172 35.3945
    endloop
  endfacet
  facet normal 0.0864249 0.0113791 0.996193
    outer loop
      vertex 1.70122 0.148837 35.8881
      vertex 0.562016 0.0990982 35.9875
      vertex 0.568515 0.0497379 35.9875
    endloop
  endfacet
  facet normal 0.085105 0.0188662 0.996193
    outer loop
      vertex 1.68177 0.296541 35.8881
      vertex 0.551241 0.147704 35.9875
      vertex 0.562016 0.0990982 35.9875
    endloop
  endfacet
  facet normal 0.154173 0.0802558 0.984779
    outer loop
      vertex 2.45237 1.41588 35.6899
      vertex 1.54772 0.721712 35.8881
      vertex 2.56644 1.19675 35.6899
    endloop
  endfacet
  facet normal 0.056068 -0.252902 0.965866
    outer loop
      vertex 0.732911 -2.73526 35.6899
      vertex 0.491728 -2.78873 35.6899
      vertex 0.683172 -3.87446 35.3945
    endloop
  endfacet
  facet normal 0.0338126 -0.256826 0.965866
    outer loop
      vertex 0.491728 -2.78873 35.6899
      vertex 0.342891 -3.91926 35.3945
      vertex 0.683172 -3.87446 35.3945
    endloop
  endfacet
  facet normal 0.0740949 -0.334213 0.939581
    outer loop
      vertex 1.29585 -4.83617 35.0041
      vertex 0.683172 -3.87446 35.3945
      vertex 0.869417 -4.93071 35.0041
    endloop
  endfacet
  facet normal 0.0778902 -0.247055 0.965866
    outer loop
      vertex 0.968515 -2.66098 35.6899
      vertex 0.732911 -2.73526 35.6899
      vertex 1.34559 -3.69697 35.3945
    endloop
  endfacet
  facet normal 0.25239 -0.231276 0.93958
    outer loop
      vertex 3.83541 -3.21829 35.0041
      vertex 2.78192 -2.78192 35.3945
      vertex 3.54032 -3.54032 35.0041
    endloop
  endfacet
  facet normal 0.271587 -0.208401 0.93958
    outer loop
      vertex 4.10131 -2.87177 35.0041
      vertex 3.0138 -2.52888 35.3945
      vertex 3.83541 -3.21829 35.0041
    endloop
  endfacet
  facet normal 0.183932 -0.28872 0.93958
    outer loop
      vertex 2.87177 -4.10131 35.0041
      vertex 1.96712 -3.40715 35.3945
      vertex 2.50339 -4.33599 35.0041
    endloop
  endfacet
  facet normal 0.158071 -0.30365 0.93958
    outer loop
      vertex 2.50339 -4.33599 35.0041
      vertex 1.66268 -3.56563 35.3945
      vertex 2.11595 -4.53768 35.0041
    endloop
  endfacet
  facet normal -0.0226902 -0.172323 0.984779
    outer loop
      vertex -0.296541 -1.68177 35.8881
      vertex -0.491728 -2.78873 35.6899
      vertex -0.246803 -2.82098 35.6899
    endloop
  endfacet
  facet normal 0.0112934 -0.258797 0.965866
    outer loop
      vertex 0.246803 -2.82098 35.6899
      vertex 0 -2.83175 35.6899
      vertex 0.342891 -3.91926 35.3945
    endloop
  endfacet
  facet normal 0.00757757 -0.173646 0.984779
    outer loop
      vertex 0.246803 -2.82098 35.6899
      vertex 0 -1.70772 35.8881
      vertex 0 -2.83175 35.6899
    endloop
  endfacet
  facet normal -0.105809 -0.137894 0.984779
    outer loop
      vertex -1.0977 -1.30819 35.8881
      vertex -1.82021 -2.16925 35.6899
      vertex -1.62423 -2.31963 35.6899
    endloop
  endfacet
  facet normal -0.0333578 -0.0805357 0.996193
    outer loop
      vertex -0.241182 -0.517218 35.9875
      vertex -0.721712 -1.54772 35.8881
      vertex -0.584073 -1.60473 35.8881
    endloop
  endfacet
  facet normal -0.0991325 -0.239322 0.965866
    outer loop
      vertex -1.19675 -2.56644 35.6899
      vertex -1.66268 -3.56563 35.3945
      vertex -0.968515 -2.66098 35.6899
    endloop
  endfacet
  facet normal -0.0560631 -0.252902 0.965866
    outer loop
      vertex -0.732911 -2.73526 35.6899
      vertex -1.01825 -3.80018 35.3945
      vertex -0.683172 -3.87446 35.3945
    endloop
  endfacet
  facet normal -0.10294 -0.326484 0.93958
    outer loop
      vertex -1.34559 -3.69697 35.3945
      vertex -1.71242 -4.70483 35.0041
      vertex -1.01825 -3.80018 35.3945
    endloop
  endfacet
  facet normal -0.0740949 -0.334213 0.939581
    outer loop
      vertex -0.683172 -3.87446 35.3945
      vertex -1.29585 -4.83617 35.0041
      vertex -0.869417 -4.93071 35.0041
    endloop
  endfacet
  facet normal -0.0915503 -0.412948 0.906142
    outer loop
      vertex -0.869417 -4.93071 35.0041
      vertex -1.29585 -4.83617 35.0041
      vertex -1.04904 -5.94943 34.5217
    endloop
  endfacet
  facet normal -0.0149304 -0.342003 0.93958
    outer loop
      vertex -0.342891 -3.91926 35.3945
      vertex -0.436369 -4.98772 35.0041
      vertex 0 -5.00677 35.0041
    endloop
  endfacet
  facet normal -0.0149312 -0.342003 0.93958
    outer loop
      vertex 0 -3.93423 35.3945
      vertex -0.342891 -3.91926 35.3945
      vertex 0 -5.00677 35.0041
    endloop
  endfacet
  facet normal 0.131001 -0.316271 0.93958
    outer loop
      vertex 1.66268 -3.56563 35.3945
      vertex 1.34559 -3.69697 35.3945
      vertex 1.71242 -4.70483 35.0041
    endloop
  endfacet
  facet normal 0.108298 -0.488505 0.865815
    outer loop
      vertex 1.56358 -5.83536 34.5217
      vertex 1.04904 -5.94943 34.5217
      vertex 1.81941 -6.79014 33.951
    endloop
  endfacet
  facet normal 0.161867 -0.390776 0.906142
    outer loop
      vertex 2.11595 -4.53768 35.0041
      vertex 1.71242 -4.70483 35.0041
      vertex 2.06622 -5.67688 34.5217
    endloop
  endfacet
  facet normal 0.127189 -0.403398 0.906142
    outer loop
      vertex 1.71242 -4.70483 35.0041
      vertex 1.56358 -5.83536 34.5217
      vertex 2.06622 -5.67688 34.5217
    endloop
  endfacet
  facet normal -0.0184477 -0.422571 0.906142
    outer loop
      vertex -0.436369 -4.98772 35.0041
      vertex -0.526525 -6.01822 34.5217
      vertex 0 -5.00677 35.0041
    endloop
  endfacet
  facet normal -0.0552088 -0.419355 0.906142
    outer loop
      vertex -0.436369 -4.98772 35.0041
      vertex -1.04904 -5.94943 34.5217
      vertex -0.526525 -6.01822 34.5217
    endloop
  endfacet
  facet normal -0.0250334 -0.573359 0.818922
    outer loop
      vertex -0.612676 -7.00292 33.951
      vertex -0.694162 -7.93432 33.2964
      vertex 0 -7.02967 33.951
    endloop
  endfacet
  facet normal -0.0218256 -0.499888 0.865815
    outer loop
      vertex -0.526525 -6.01822 34.5217
      vertex -0.612676 -7.00292 33.951
      vertex 0 -7.02967 33.951
    endloop
  endfacet
  facet normal 0.124217 -0.5603 0.818922
    outer loop
      vertex 1.81941 -6.79014 33.951
      vertex 1.38304 -7.84363 33.2964
      vertex 2.0614 -7.69324 33.2964
    endloop
  endfacet
  facet normal 0.193408 -0.613399 0.765725
    outer loop
      vertex 2.72406 -7.4843 33.2964
      vertex 2.0614 -7.69324 33.2964
      vertex 2.28769 -8.53779 32.5627
    endloop
  endfacet
  facet normal 0.108297 -0.488506 0.865814
    outer loop
      vertex 1.81941 -6.79014 33.951
      vertex 1.04904 -5.94943 34.5217
      vertex 1.22069 -6.92287 33.951
    endloop
  endfacet
  facet normal 0.0749076 -0.568995 0.818922
    outer loop
      vertex 1.38304 -7.84363 33.2964
      vertex 0.612676 -7.00292 33.951
      vertex 0.694162 -7.93432 33.2964
    endloop
  endfacet
  facet normal 0.488505 -0.108298 0.865815
    outer loop
      vertex 5.94943 -1.04904 34.5217
      vertex 5.83536 -1.56358 34.5217
      vertex 6.79014 -1.81941 33.951
    endloop
  endfacet
  facet normal 0.412947 -0.0915476 0.906142
    outer loop
      vertex 5.94943 -1.04904 34.5217
      vertex 4.83617 -1.29585 35.0041
      vertex 5.83536 -1.56358 34.5217
    endloop
  endfacet
  facet normal 0.419355 -0.0552088 0.906142
    outer loop
      vertex 6.01822 -0.526525 34.5217
      vertex 4.98772 -0.436369 35.0041
      vertex 5.94943 -1.04904 34.5217
    endloop
  endfacet
  facet normal 0.568992 -0.0749125 0.818924
    outer loop
      vertex 7.00292 -0.612676 33.951
      vertex 6.92287 -1.22069 33.951
      vertex 7.84363 -1.38304 33.2964
    endloop
  endfacet
  facet normal 0.499888 -0.0218256 0.865815
    outer loop
      vertex 7.02967 0 33.951
      vertex 6.01822 -0.526525 34.5217
      vertex 7.00292 -0.612676 33.951
    endloop
  endfacet
  facet normal 0.42257 -0.0184509 0.906143
    outer loop
      vertex 6.04121 0 34.5217
      vertex 5.00677 0 35.0041
      vertex 6.01822 -0.526525 34.5217
    endloop
  endfacet
  facet normal 0.339399 -0.0446813 0.939581
    outer loop
      vertex 4.98772 -0.436369 35.0041
      vertex 3.87446 -0.683172 35.3945
      vertex 4.93071 -0.869417 35.0041
    endloop
  endfacet
  facet normal 0.334213 -0.0740949 0.939581
    outer loop
      vertex 4.93071 -0.869417 35.0041
      vertex 3.87446 -0.683172 35.3945
      vertex 4.83617 -1.29585 35.0041
    endloop
  endfacet
  facet normal -0.117425 0.128147 0.984779
    outer loop
      vertex -1.0977 1.30819 35.8881
      vertex -1.82021 2.16925 35.6899
      vertex -1.20754 1.20754 35.8881
    endloop
  endfacet
  facet normal -0.105809 0.137894 0.984779
    outer loop
      vertex -1.62423 2.31963 35.6899
      vertex -1.82021 2.16925 35.6899
      vertex -1.0977 1.30819 35.8881
    endloop
  endfacet
  facet normal -0.154172 0.0802561 0.984779
    outer loop
      vertex -1.47893 0.853858 35.8881
      vertex -2.45237 1.41588 35.6899
      vertex -1.54772 0.721712 35.8881
    endloop
  endfacet
  facet normal -0.165767 0.0522622 0.984779
    outer loop
      vertex -2.66098 0.968515 35.6899
      vertex -2.73526 0.732911 35.6899
      vertex -1.60473 0.584073 35.8881
    endloop
  endfacet
  facet normal -0.0773215 0.0402505 0.996193
    outer loop
      vertex -1.47893 0.853858 35.8881
      vertex -1.54772 0.721712 35.8881
      vertex -0.494229 0.285343 35.9875
    endloop
  endfacet
  facet normal -0.0864249 0.0113806 0.996193
    outer loop
      vertex -1.68177 0.296541 35.8881
      vertex -1.70122 0.148837 35.8881
      vertex -0.562016 0.0990982 35.9875
    endloop
  endfacet
  facet normal -0.146589 -0.0933912 0.984779
    outer loop
      vertex -1.47893 -0.853858 35.8881
      vertex -2.45237 -1.41588 35.6899
      vertex -1.39888 -0.979506 35.8881
    endloop
  endfacet
  facet normal -0.056068 0.252902 0.965866
    outer loop
      vertex -0.683172 3.87446 35.3945
      vertex -0.732911 2.73526 35.6899
      vertex -0.491728 2.78873 35.6899
    endloop
  endfacet
  facet normal 0.0522622 0.165767 0.984779
    outer loop
      vertex 0.732911 2.73526 35.6899
      vertex 0.584073 1.60473 35.8881
      vertex 0.968515 2.66098 35.6899
    endloop
  endfacet
  facet normal 0.0376203 0.169691 0.984779
    outer loop
      vertex 0.491728 2.78873 35.6899
      vertex 0.441989 1.64953 35.8881
      vertex 0.732911 2.73526 35.6899
    endloop
  endfacet
  facet normal 0.316271 0.131001 0.93958
    outer loop
      vertex 4.70483 1.71242 35.0041
      vertex 3.56563 1.66268 35.3945
      vertex 3.69697 1.34559 35.3945
    endloop
  endfacet
  facet normal 0.247052 -0.0778952 0.965866
    outer loop
      vertex 3.80018 -1.01825 35.3945
      vertex 2.73526 -0.732911 35.6899
      vertex 3.69697 -1.34559 35.3945
    endloop
  endfacet
  facet normal 0.326484 -0.10294 0.93958
    outer loop
      vertex 3.80018 -1.01825 35.3945
      vertex 3.69697 -1.34559 35.3945
      vertex 4.70483 -1.71242 35.0041
    endloop
  endfacet
  facet normal 0.160581 -0.0665126 0.984779
    outer loop
      vertex 1.60473 -0.584073 35.8881
      vertex 1.54772 -0.721712 35.8881
      vertex 2.56644 -1.19675 35.6899
    endloop
  endfacet
  facet normal 0.160579 -0.0665155 0.984779
    outer loop
      vertex 2.66098 -0.968515 35.6899
      vertex 1.60473 -0.584073 35.8881
      vertex 2.56644 -1.19675 35.6899
    endloop
  endfacet
  facet normal 0.229773 -0.11961 0.965866
    outer loop
      vertex 2.56644 -1.19675 35.6899
      vertex 2.45237 -1.41588 35.6899
      vertex 3.56563 -1.66268 35.3945
    endloop
  endfacet
  facet normal 0.218472 -0.139185 0.965866
    outer loop
      vertex 3.40715 -1.96712 35.3945
      vertex 2.45237 -1.41588 35.6899
      vertex 3.22274 -2.25658 35.3945
    endloop
  endfacet
  facet normal 0.403398 -0.127189 0.906142
    outer loop
      vertex 5.83536 -1.56358 34.5217
      vertex 4.70483 -1.71242 35.0041
      vertex 5.67688 -2.06622 34.5217
    endloop
  endfacet
  facet normal 0.403398 -0.127187 0.906142
    outer loop
      vertex 4.83617 -1.29585 35.0041
      vertex 4.70483 -1.71242 35.0041
      vertex 5.83536 -1.56358 34.5217
    endloop
  endfacet
  facet normal 0.44383 -0.231048 0.865812
    outer loop
      vertex 5.4752 -2.55313 34.5217
      vertex 5.23184 -3.02061 34.5217
      vertex 6.37104 -2.97087 33.951
    endloop
  endfacet
  facet normal 0.462282 -0.191479 0.865812
    outer loop
      vertex 5.67688 -2.06622 34.5217
      vertex 5.4752 -2.55313 34.5217
      vertex 6.37104 -2.97087 33.951
    endloop
  endfacet
  facet normal 0.356733 -0.22726 0.906142
    outer loop
      vertex 4.33599 -2.50339 35.0041
      vertex 4.10131 -2.87177 35.0041
      vertex 5.23184 -3.02061 34.5217
    endloop
  endfacet
  facet normal 0.375181 -0.195308 0.906142
    outer loop
      vertex 4.53768 -2.11595 35.0041
      vertex 4.33599 -2.50339 35.0041
      vertex 5.23184 -3.02061 34.5217
    endloop
  endfacet
  facet normal 0.258797 0.0112934 0.965866
    outer loop
      vertex 3.91926 0.342891 35.3945
      vertex 2.82098 0.246803 35.6899
      vertex 2.83175 0 35.6899
    endloop
  endfacet
  facet normal 0.422571 0.0184477 0.906142
    outer loop
      vertex 6.01822 0.526525 34.5217
      vertex 4.98772 0.436369 35.0041
      vertex 5.00677 0 35.0041
    endloop
  endfacet
  facet normal 0.268844 0.422008 0.865813
    outer loop
      vertex 3.51483 6.08787 33.951
      vertex 3.02061 5.23184 34.5217
      vertex 4.03205 5.75837 33.951
    endloop
  endfacet
  facet normal 0.308356 0.48403 0.818921
    outer loop
      vertex 4.56832 6.52424 33.2964
      vertex 3.51483 6.08787 33.951
      vertex 4.03205 5.75837 33.951
    endloop
  endfacet
  facet normal 0.48403 0.308356 0.818921
    outer loop
      vertex 6.52424 4.56832 33.2964
      vertex 5.75837 4.03205 33.951
      vertex 6.08787 3.51483 33.951
    endloop
  endfacet
  facet normal 0.484025 0.308359 0.818923
    outer loop
      vertex 6.52424 4.56832 33.2964
      vertex 6.08787 3.51483 33.951
      vertex 6.89757 3.98231 33.2964
    endloop
  endfacet
  facet normal 0.11961 0.229773 0.965866
    outer loop
      vertex 1.66268 3.56563 35.3945
      vertex 1.19675 2.56644 35.6899
      vertex 1.41588 2.45237 35.6899
    endloop
  endfacet
  facet normal 0.137895 0.105807 0.984779
    outer loop
      vertex 2.31963 1.62423 35.6899
      vertex 1.30819 1.0977 35.8881
      vertex 1.39888 0.979506 35.8881
    endloop
  endfacet
  facet normal 0.212731 0.674714 0.706757
    outer loop
      vertex 3.29914 9.06432 31.7556
      vertex 2.49658 9.31736 31.7556
      vertex 3.02311 8.30592 32.5627
    endloop
  endfacet
  facet normal 0.193408 0.613399 0.765725
    outer loop
      vertex 2.28769 8.53779 32.5627
      vertex 2.0614 7.69324 33.2964
      vertex 2.72406 7.4843 33.2964
    endloop
  endfacet
  facet normal 0.380115 0.596662 0.706758
    outer loop
      vertex 5.53274 7.90158 31.7556
      vertex 4.82302 8.35372 31.7556
      vertex 5.06983 7.24046 32.5627
    endloop
  endfacet
  facet normal 0.387722 0.423134 0.81892
    outer loop
      vertex 5.63184 5.63184 33.2964
      vertex 4.51858 5.38504 33.951
      vertex 4.97073 4.97073 33.951
    endloop
  endfacet
  facet normal 0.5216 0.477946 0.706754
    outer loop
      vertex 6.82078 6.82078 31.7556
      vertex 6.2501 6.2501 32.5627
      vertex 6.77104 5.68158 32.5627
    endloop
  endfacet
  facet normal 0.191479 0.462282 0.865812
    outer loop
      vertex 2.97087 6.37104 33.951
      vertex 2.06622 5.67688 34.5217
      vertex 2.55313 5.4752 34.5217
    endloop
  endfacet
  facet normal 0.161867 0.390776 0.906142
    outer loop
      vertex 2.06622 5.67688 34.5217
      vertex 1.71242 4.70483 35.0041
      vertex 2.11595 4.53768 35.0041
    endloop
  endfacet
  facet normal 0.0184509 0.42257 0.906143
    outer loop
      vertex 0.526525 6.01822 34.5217
      vertex 0 6.04121 34.5217
      vertex 0 5.00677 35.0041
    endloop
  endfacet
  facet normal -0.044684 0.3394 0.93958
    outer loop
      vertex -0.436369 4.98772 35.0041
      vertex -0.683172 3.87446 35.3945
      vertex -0.342891 3.91926 35.3945
    endloop
  endfacet
  facet normal 0.108298 0.488505 0.865815
    outer loop
      vertex 1.81941 6.79014 33.951
      vertex 1.04904 5.94943 34.5217
      vertex 1.56358 5.83536 34.5217
    endloop
  endfacet
  facet normal 0.102938 0.326486 0.93958
    outer loop
      vertex 1.29585 4.83617 35.0041
      vertex 1.01825 3.80018 35.3945
      vertex 1.71242 4.70483 35.0041
    endloop
  endfacet
  facet normal 0.304606 0.396966 0.865814
    outer loop
      vertex 4.51858 5.38504 33.951
      vertex 3.4651 4.94867 34.5217
      vertex 3.88321 4.62784 34.5217
    endloop
  endfacet
  facet normal 0.22726 0.356733 0.906142
    outer loop
      vertex 3.02061 5.23184 34.5217
      vertex 2.50339 4.33599 35.0041
      vertex 2.87177 4.10131 35.0041
    endloop
  endfacet
  facet normal 0.15807 0.303652 0.93958
    outer loop
      vertex 2.50339 4.33599 35.0041
      vertex 1.66268 3.56563 35.3945
      vertex 1.96712 3.40715 35.3945
    endloop
  endfacet
  facet normal 0.175006 0.190986 0.965866
    outer loop
      vertex 2.78192 2.78192 35.3945
      vertex 1.82021 2.16925 35.6899
      vertex 2.00235 2.00235 35.6899
    endloop
  endfacet
  facet normal 0.0839476 0.637663 0.765728
    outer loop
      vertex 0.770367 8.80534 32.5627
      vertex 0.694162 7.93432 33.2964
      vertex 1.38304 7.84363 33.2964
    endloop
  endfacet
  facet normal 0.0280567 0.642556 0.765725
    outer loop
      vertex 0.694162 7.93432 33.2964
      vertex 0 8.83897 32.5627
      vertex 0 7.96463 33.2964
    endloop
  endfacet
  facet normal 0.293262 -0.707998 0.642445
    outer loop
      vertex 4.07659 -8.74229 31.7556
      vertex 3.29914 -9.06432 31.7556
      vertex 3.55007 -9.75373 30.8813
    endloop
  endfacet
  facet normal 0.230435 -0.730866 0.642445
    outer loop
      vertex 3.29914 -9.06432 31.7556
      vertex 2.49658 -9.31736 31.7556
      vertex 3.55007 -9.75373 30.8813
    endloop
  endfacet
  facet normal 0.440269 -0.691084 0.573207
    outer loop
      vertex 6.26367 -9.03597 30
      vertex 5.95355 -8.50256 30.8813
      vertex 5.18985 -8.98909 30.8813
    endloop
  endfacet
  facet normal 0.440237 -0.691103 0.573208
    outer loop
      vertex 5.95355 -8.50256 30.8813
      vertex 6.26367 -9.03597 30
      vertex 6.3075 -9.00805 30
    endloop
  endfacet
  facet normal 0.49882 -0.650085 0.573209
    outer loop
      vertex 6.3075 -9.00805 30
      vertex 6.67195 -7.95132 30.8813
      vertex 5.95355 -8.50256 30.8813
    endloop
  endfacet
  facet normal 0.498764 -0.650096 0.573245
    outer loop
      vertex 6.67195 -7.95132 30.8813
      vertex 6.3075 -9.00805 30
      vertex 6.34874 -8.97641 30
    endloop
  endfacet
  facet normal 0.434509 -0.474195 0.765729
    outer loop
      vertex 6.2501 -6.2501 32.5627
      vertex 5.63184 -5.63184 33.2964
      vertex 5.68158 -6.77104 32.5627
    endloop
  endfacet
  facet normal 0.477946 -0.5216 0.706754
    outer loop
      vertex 6.2501 -6.2501 32.5627
      vertex 5.68158 -6.77104 32.5627
      vertex 6.82078 -6.82078 31.7556
    endloop
  endfacet
  facet normal 0.380115 -0.596662 0.706758
    outer loop
      vertex 5.06983 -7.24046 32.5627
      vertex 4.82302 -8.35372 31.7556
      vertex 5.53274 -7.90158 31.7556
    endloop
  endfacet
  facet normal 0.34937 -0.45531 0.818922
    outer loop
      vertex 5.11956 -6.10126 33.2964
      vertex 4.51858 -5.38504 33.951
      vertex 4.56832 -6.52424 33.2964
    endloop
  endfacet
  facet normal 0.530219 -0.219624 0.818922
    outer loop
      vertex 7.4843 -2.72406 33.2964
      vertex 6.37104 -2.97087 33.951
      vertex 7.2184 -3.366 33.2964
    endloop
  endfacet
  facet normal 0.509059 -0.265002 0.818922
    outer loop
      vertex 6.37104 -2.97087 33.951
      vertex 6.08787 -3.51483 33.951
      vertex 7.2184 -3.366 33.2964
    endloop
  endfacet
  facet normal 0.455309 -0.349373 0.818921
    outer loop
      vertex 5.75837 -4.03205 33.951
      vertex 5.38504 -4.51858 33.951
      vertex 6.52424 -4.56832 33.2964
    endloop
  endfacet
  facet normal 0.48403 -0.308356 0.818921
    outer loop
      vertex 6.08787 -3.51483 33.951
      vertex 5.75837 -4.03205 33.951
      vertex 6.52424 -4.56832 33.2964
    endloop
  endfacet
  facet normal 0.45531 -0.34937 0.818922
    outer loop
      vertex 6.52424 -4.56832 33.2964
      vertex 5.38504 -4.51858 33.951
      vertex 6.10126 -5.11956 33.2964
    endloop
  endfacet
  facet normal 0.423126 -0.387725 0.818922
    outer loop
      vertex 6.10126 -5.11956 33.2964
      vertex 5.38504 -4.51858 33.951
      vertex 5.63184 -5.63184 33.2964
    endloop
  endfacet
  facet normal 0.231282 -0.252387 0.939579
    outer loop
      vertex 2.78192 -2.78192 35.3945
      vertex 2.52888 -3.0138 35.3945
      vertex 3.21829 -3.83541 35.0041
    endloop
  endfacet
  facet normal 0.257491 -0.335566 0.906142
    outer loop
      vertex 3.88321 -4.62784 34.5217
      vertex 2.87177 -4.10131 35.0041
      vertex 3.4651 -4.94867 34.5217
    endloop
  endfacet
  facet normal 0.0923421 -0.701403 0.706758
    outer loop
      vertex 1.53487 -8.70469 32.5627
      vertex 0.840708 -9.60934 31.7556
      vertex 1.67502 -9.4995 31.7556
    endloop
  endfacet
  facet normal 0.153125 -0.690685 0.706758
    outer loop
      vertex 2.49658 -9.31736 31.7556
      vertex 1.53487 -8.70469 32.5627
      vertex 1.67502 -9.4995 31.7556
    endloop
  endfacet
  facet normal 0.0923427 0.701403 0.706757
    outer loop
      vertex 0.840708 9.60934 31.7556
      vertex 0.770367 8.80534 32.5627
      vertex 1.53487 8.70469 32.5627
    endloop
  endfacet
  facet normal 0.107202 0.81237 0.573203
    outer loop
      vertex 1.85804 10.8365 30
      vertex 1.80242 10.222 30.8813
      vertex 1.90957 10.8297 30
    endloop
  endfacet
  facet normal 0.10696 0.812399 0.573208
    outer loop
      vertex 1.80242 10.222 30.8813
      vertex 1.85804 10.8365 30
      vertex 0.904651 10.3402 30.8813
    endloop
  endfacet
  facet normal -0.440269 0.691084 0.573207
    outer loop
      vertex -5.4984 9.5235 30
      vertex -6.26367 9.03597 30
      vertex -5.18985 8.98909 30.8813
    endloop
  endfacet
  facet normal -0.378362 0.726826 0.573207
    outer loop
      vertex -5.4523 9.5475 30
      vertex -5.18985 8.98909 30.8813
      vertex -4.38665 9.40721 30.8813
    endloop
  endfacet
  facet normal -0.378385 0.726814 0.573207
    outer loop
      vertex -5.18985 8.98909 30.8813
      vertex -5.4523 9.5475 30
      vertex -5.4984 9.5235 30
    endloop
  endfacet
  facet normal 0.765605 0.0334215 0.642442
    outer loop
      vertex 10.3402 0.904651 30.8813
      vertex 9.60934 0.840708 31.7556
      vertex 9.64604 0 31.7556
    endloop
  endfacet
  facet normal 0.75978 0.100028 0.642439
    outer loop
      vertex 10.222 1.80242 30.8813
      vertex 9.4995 1.67502 31.7556
      vertex 9.60934 0.840708 31.7556
    endloop
  endfacet
  facet normal 0.81237 0.107202 0.573203
    outer loop
      vertex 10.222 1.80242 30.8813
      vertex 10.8365 1.85804 30
      vertex 10.8297 1.90957 30
    endloop
  endfacet
  facet normal 0.812399 0.10696 0.573208
    outer loop
      vertex 10.8365 1.85804 30
      vertex 10.222 1.80242 30.8813
      vertex 10.3402 0.904651 30.8813
    endloop
  endfacet
  facet normal 0.812421 0.106925 0.573183
    outer loop
      vertex 10.8365 1.85804 30
      vertex 10.3402 0.904651 30.8813
      vertex 10.9549 0.958433 30
    endloop
  endfacet
  facet normal 0.627922 0.139208 0.765725
    outer loop
      vertex 8.53779 2.28769 32.5627
      vertex 7.69324 2.0614 33.2964
      vertex 7.84363 1.38304 33.2964
    endloop
  endfacet
  facet normal 0.568995 0.0749076 0.818922
    outer loop
      vertex 7.84363 1.38304 33.2964
      vertex 7.00292 0.612676 33.951
      vertex 7.93432 0.694162 33.2964
    endloop
  endfacet
  facet normal 0.748172 0.165875 0.642437
    outer loop
      vertex 10.026 2.68647 30.8813
      vertex 9.31736 2.49658 31.7556
      vertex 10.222 1.80242 30.8813
    endloop
  endfacet
  facet normal 0.730875 0.230425 0.642437
    outer loop
      vertex 9.75373 3.55007 30.8813
      vertex 9.31736 2.49658 31.7556
      vertex 10.026 2.68647 30.8813
    endloop
  endfacet
  facet normal 0.690686 0.153125 0.706758
    outer loop
      vertex 9.31736 2.49658 31.7556
      vertex 8.53779 2.28769 32.5627
      vertex 8.70469 1.53487 32.5627
    endloop
  endfacet
  facet normal 0.674714 0.212731 0.706757
    outer loop
      vertex 9.06432 3.29914 31.7556
      vertex 8.30592 3.02311 32.5627
      vertex 9.31736 2.49658 31.7556
    endloop
  endfacet
  facet normal 0.51026 0.391535 0.765725
    outer loop
      vertex 6.77104 5.68158 32.5627
      vertex 6.10126 5.11956 33.2964
      vertex 6.52424 4.56832 33.2964
    endloop
  endfacet
  facet normal 0.542442 0.345572 0.765727
    outer loop
      vertex 7.24046 5.06983 32.5627
      vertex 6.89757 3.98231 33.2964
      vertex 7.65477 4.41949 32.5627
    endloop
  endfacet
  facet normal 0.462282 0.191479 0.865812
    outer loop
      vertex 6.37104 2.97087 33.951
      vertex 5.4752 2.55313 34.5217
      vertex 5.67688 2.06622 34.5217
    endloop
  endfacet
  facet normal 0.547345 0.172575 0.818921
    outer loop
      vertex 7.4843 2.72406 33.2964
      vertex 6.60573 2.40429 33.951
      vertex 6.79014 1.81941 33.951
    endloop
  endfacet
  facet normal 0.564993 -0.517727 0.64245
    outer loop
      vertex 7.95132 -6.67195 30.8813
      vertex 6.82078 -6.82078 31.7556
      vertex 7.33956 -7.33956 30.8813
    endloop
  endfacet
  facet normal 0.604132 -0.553593 0.573201
    outer loop
      vertex 7.33956 -7.33956 30.8813
      vertex 8.42403 -7.0686 30
      vertex 7.95132 -6.67195 30.8813
    endloop
  endfacet
  facet normal 0.604148 -0.553539 0.573236
    outer loop
      vertex 8.42403 -7.0686 30
      vertex 7.33956 -7.33956 30.8813
      vertex 8.38892 -7.10692 30
    endloop
  endfacet
  facet normal 0.701403 -0.0923421 0.706758
    outer loop
      vertex 9.60934 -0.840708 31.7556
      vertex 8.70469 -1.53487 32.5627
      vertex 9.4995 -1.67502 31.7556
    endloop
  endfacet
  facet normal 0.748172 -0.165875 0.642437
    outer loop
      vertex 10.222 -1.80242 30.8813
      vertex 9.31736 -2.49658 31.7556
      vertex 10.026 -2.68647 30.8813
    endloop
  endfacet
  facet normal -0.345573 0.54244 0.765728
    outer loop
      vertex -3.98231 6.89757 33.2964
      vertex -5.06983 7.24046 32.5627
      vertex -4.56832 6.52424 33.2964
    endloop
  endfacet
  facet normal -0.387725 0.423126 0.818922
    outer loop
      vertex -5.11956 6.10126 33.2964
      vertex -5.63184 5.63184 33.2964
      vertex -4.51858 5.38504 33.951
    endloop
  endfacet
  facet normal 0.0653136 0.496085 0.865814
    outer loop
      vertex 1.22069 6.92287 33.951
      vertex 0.612676 7.00292 33.951
      vertex 1.04904 5.94943 34.5217
    endloop
  endfacet
  facet normal 0.108297 0.488506 0.865814
    outer loop
      vertex 1.22069 6.92287 33.951
      vertex 1.04904 5.94943 34.5217
      vertex 1.81941 6.79014 33.951
    endloop
  endfacet
  facet normal -0.0839476 0.637663 0.765728
    outer loop
      vertex -0.770367 8.80534 32.5627
      vertex -1.38304 7.84363 33.2964
      vertex -0.694162 7.93432 33.2964
    endloop
  endfacet
  facet normal -0.0653136 0.496085 0.865814
    outer loop
      vertex -0.612676 7.00292 33.951
      vertex -1.22069 6.92287 33.951
      vertex -1.04904 5.94943 34.5217
    endloop
  endfacet
  facet normal -0.150461 0.477207 0.865815
    outer loop
      vertex -1.81941 6.79014 33.951
      vertex -2.06622 5.67688 34.5217
      vertex -1.56358 5.83536 34.5217
    endloop
  endfacet
  facet normal -0.127189 0.403398 0.906142
    outer loop
      vertex -1.56358 5.83536 34.5217
      vertex -2.06622 5.67688 34.5217
      vertex -1.71242 4.70483 35.0041
    endloop
  endfacet
  facet normal -0.0915503 0.412948 0.906142
    outer loop
      vertex -1.04904 5.94943 34.5217
      vertex -1.29585 4.83617 35.0041
      vertex -0.869417 4.93071 35.0041
    endloop
  endfacet
  facet normal -0.0740949 0.334213 0.939581
    outer loop
      vertex -0.869417 4.93071 35.0041
      vertex -1.29585 4.83617 35.0041
      vertex -0.683172 3.87446 35.3945
    endloop
  endfacet
  facet normal 0.021827 0.499889 0.865814
    outer loop
      vertex 0.526525 6.01822 34.5217
      vertex 0 7.02967 33.951
      vertex 0 6.04121 34.5217
    endloop
  endfacet
  facet normal -0.0149312 0.342003 0.93958
    outer loop
      vertex 0 5.00677 35.0041
      vertex -0.342891 3.91926 35.3945
      vertex 0 3.93423 35.3945
    endloop
  endfacet
  facet normal 0.0915476 0.412947 0.906142
    outer loop
      vertex 1.56358 5.83536 34.5217
      vertex 1.04904 5.94943 34.5217
      vertex 1.29585 4.83617 35.0041
    endloop
  endfacet
  facet normal 0.0740949 0.334213 0.939581
    outer loop
      vertex 0.869417 4.93071 35.0041
      vertex 0.683172 3.87446 35.3945
      vertex 1.29585 4.83617 35.0041
    endloop
  endfacet
  facet normal -0.153125 0.690685 0.706758
    outer loop
      vertex -1.67502 9.4995 31.7556
      vertex -2.49658 9.31736 31.7556
      vertex -1.53487 8.70469 32.5627
    endloop
  endfacet
  facet normal -0.0923421 0.701403 0.706758
    outer loop
      vertex -0.840708 9.60934 31.7556
      vertex -1.67502 9.4995 31.7556
      vertex -1.53487 8.70469 32.5627
    endloop
  endfacet
  facet normal -0.0308543 0.706783 0.706757
    outer loop
      vertex 0 8.83897 32.5627
      vertex -0.840708 9.60934 31.7556
      vertex -0.770367 8.80534 32.5627
    endloop
  endfacet
  facet normal -0.0280503 0.642553 0.765727
    outer loop
      vertex 0 8.83897 32.5627
      vertex -0.770367 8.80534 32.5627
      vertex -0.694162 7.93432 33.2964
    endloop
  endfacet
  facet normal -0.165875 0.748172 0.642437
    outer loop
      vertex -1.80242 10.222 30.8813
      vertex -2.68647 10.026 30.8813
      vertex -2.49658 9.31736 31.7556
    endloop
  endfacet
  facet normal -0.230425 0.730875 0.642437
    outer loop
      vertex -2.68647 10.026 30.8813
      vertex -3.55007 9.75373 30.8813
      vertex -2.49658 9.31736 31.7556
    endloop
  endfacet
  facet normal -0.176619 0.800145 0.573213
    outer loop
      vertex -1.96031 10.8185 30
      vertex -1.80242 10.222 30.8813
      vertex -1.90957 10.8297 30
    endloop
  endfacet
  facet normal -0.177359 0.799971 0.573228
    outer loop
      vertex -1.80242 10.222 30.8813
      vertex -1.96031 10.8185 30
      vertex -2.68647 10.026 30.8813
    endloop
  endfacet
  facet normal -0.177356 0.79997 0.57323
    outer loop
      vertex -1.96031 10.8185 30
      vertex -2.84618 10.6221 30
      vertex -2.68647 10.026 30.8813
    endloop
  endfacet
  facet normal 0.646317 0.411748 0.642447
    outer loop
      vertex 8.98909 5.18985 30.8813
      vertex 7.90158 5.53274 31.7556
      vertex 8.35372 4.82302 31.7556
    endloop
  endfacet
  facet normal -0.434509 0.474195 0.765729
    outer loop
      vertex -5.68158 6.77104 32.5627
      vertex -6.2501 6.2501 32.5627
      vertex -5.63184 5.63184 33.2964
    endloop
  endfacet
  facet normal -0.477946 0.5216 0.706754
    outer loop
      vertex -5.68158 6.77104 32.5627
      vertex -6.82078 6.82078 31.7556
      vertex -6.2501 6.2501 32.5627
    endloop
  endfacet
  facet normal -0.293262 0.707998 0.642445
    outer loop
      vertex -3.55007 9.75373 30.8813
      vertex -4.07659 8.74229 31.7556
      vertex -3.29914 9.06432 31.7556
    endloop
  endfacet
  facet normal -0.270731 0.653603 0.706759
    outer loop
      vertex -3.29914 9.06432 31.7556
      vertex -4.07659 8.74229 31.7556
      vertex -3.73551 8.01083 32.5627
    endloop
  endfacet
  facet normal -0.246128 0.594207 0.765728
    outer loop
      vertex -2.72406 7.4843 33.2964
      vertex -3.73551 8.01083 32.5627
      vertex -3.366 7.2184 33.2964
    endloop
  endfacet
  facet normal -0.265002 0.509059 0.818922
    outer loop
      vertex -3.366 7.2184 33.2964
      vertex -3.51483 6.08787 33.951
      vertex -2.97087 6.37104 33.951
    endloop
  endfacet
  facet normal -0.264999 0.509059 0.818923
    outer loop
      vertex -3.366 7.2184 33.2964
      vertex -3.98231 6.89757 33.2964
      vertex -3.51483 6.08787 33.951
    endloop
  endfacet
  facet normal -0.29698 0.570495 0.765727
    outer loop
      vertex -3.73551 8.01083 32.5627
      vertex -3.98231 6.89757 33.2964
      vertex -3.366 7.2184 33.2964
    endloop
  endfacet
  facet normal -0.812421 -0.106925 0.573183
    outer loop
      vertex -10.3402 -0.904651 30.8813
      vertex -10.9549 -0.958433 30
      vertex -10.8365 -1.85804 30
    endloop
  endfacet
  facet normal -0.521584 0.477952 0.706761
    outer loop
      vertex -6.82078 6.82078 31.7556
      vertex -7.3893 6.20036 31.7556
      vertex -6.77104 5.68158 32.5627
    endloop
  endfacet
  facet normal -0.646317 0.411749 0.642447
    outer loop
      vertex -8.50256 5.95355 30.8813
      vertex -8.98909 5.18985 30.8813
      vertex -7.90158 5.53274 31.7556
    endloop
  endfacet
  facet normal -0.781598 0.245974 0.573238
    outer loop
      vertex -10.026 2.68647 30.8813
      vertex -10.6065 2.89575 30
      vertex -10.6221 2.84618 30
    endloop
  endfacet
  facet normal -0.781465 0.246375 0.573246
    outer loop
      vertex -10.6065 2.89575 30
      vertex -10.026 2.68647 30.8813
      vertex -9.75373 3.55007 30.8813
    endloop
  endfacet
  facet normal -0.757043 0.31356 0.573207
    outer loop
      vertex -9.96648 4.64745 30
      vertex -10.3137 3.80914 30
      vertex -9.40721 4.38665 30.8813
    endloop
  endfacet
  facet normal -0.726825 0.378363 0.573208
    outer loop
      vertex -9.5475 5.4523 30
      vertex -9.96648 4.64745 30
      vertex -9.40721 4.38665 30.8813
    endloop
  endfacet
  facet normal -0.79997 0.177356 0.57323
    outer loop
      vertex -10.6221 2.84618 30
      vertex -10.8185 1.96031 30
      vertex -10.026 2.68647 30.8813
    endloop
  endfacet
  facet normal -0.596662 0.380115 0.706758
    outer loop
      vertex -7.90158 5.53274 31.7556
      vertex -8.35372 4.82302 31.7556
      vertex -7.24046 5.06983 32.5627
    endloop
  endfacet
  facet normal -0.596663 0.380114 0.706758
    outer loop
      vertex -7.24046 5.06983 32.5627
      vertex -8.35372 4.82302 31.7556
      vertex -7.65477 4.41949 32.5627
    endloop
  endfacet
  facet normal -0.423134 0.387722 0.81892
    outer loop
      vertex -4.97073 4.97073 33.951
      vertex -5.63184 5.63184 33.2964
      vertex -5.38504 4.51858 33.951
    endloop
  endfacet
  facet normal -0.423126 0.387725 0.818922
    outer loop
      vertex -5.63184 5.63184 33.2964
      vertex -6.10126 5.11956 33.2964
      vertex -5.38504 4.51858 33.951
    endloop
  endfacet
  facet normal -0.455309 -0.349373 0.818921
    outer loop
      vertex -5.75837 -4.03205 33.951
      vertex -6.52424 -4.56832 33.2964
      vertex -5.38504 -4.51858 33.951
    endloop
  endfacet
  facet normal -0.335566 -0.257491 0.906142
    outer loop
      vertex -4.10131 -2.87177 35.0041
      vertex -4.94867 -3.4651 34.5217
      vertex -4.62784 -3.88321 34.5217
    endloop
  endfacet
  facet normal -0.443831 -0.231045 0.865813
    outer loop
      vertex -5.23184 -3.02061 34.5217
      vertex -6.37104 -2.97087 33.951
      vertex -6.08787 -3.51483 33.951
    endloop
  endfacet
  facet normal -0.509059 -0.265002 0.818922
    outer loop
      vertex -6.37104 -2.97087 33.951
      vertex -7.2184 -3.366 33.2964
      vertex -6.08787 -3.51483 33.951
    endloop
  endfacet
  facet normal -0.570495 0.29698 0.765727
    outer loop
      vertex -6.89757 3.98231 33.2964
      vertex -8.01083 3.73551 32.5627
      vertex -7.2184 3.366 33.2964
    endloop
  endfacet
  facet normal -0.570495 0.296983 0.765726
    outer loop
      vertex -7.65477 4.41949 32.5627
      vertex -8.01083 3.73551 32.5627
      vertex -6.89757 3.98231 33.2964
    endloop
  endfacet
  facet normal -0.653603 0.270735 0.706757
    outer loop
      vertex -8.01083 3.73551 32.5627
      vertex -9.06432 3.29914 31.7556
      vertex -8.30592 3.02311 32.5627
    endloop
  endfacet
  facet normal -0.653603 0.270731 0.706759
    outer loop
      vertex -8.74229 4.07659 31.7556
      vertex -9.06432 3.29914 31.7556
      vertex -8.01083 3.73551 32.5627
    endloop
  endfacet
  facet normal -0.150461 -0.477207 0.865815
    outer loop
      vertex -1.56358 -5.83536 34.5217
      vertex -2.06622 -5.67688 34.5217
      vertex -1.81941 -6.79014 33.951
    endloop
  endfacet
  facet normal -0.108298 -0.488505 0.865815
    outer loop
      vertex -1.56358 -5.83536 34.5217
      vertex -1.81941 -6.79014 33.951
      vertex -1.04904 -5.94943 34.5217
    endloop
  endfacet
  facet normal -0.5216 -0.477946 0.706754
    outer loop
      vertex -6.77104 -5.68158 32.5627
      vertex -6.82078 -6.82078 31.7556
      vertex -6.2501 -6.2501 32.5627
    endloop
  endfacet
  facet normal -0.477946 -0.5216 0.706754
    outer loop
      vertex -6.2501 -6.2501 32.5627
      vertex -6.82078 -6.82078 31.7556
      vertex -5.68158 -6.77104 32.5627
    endloop
  endfacet
  facet normal -0.411749 -0.646317 0.642447
    outer loop
      vertex -5.53274 -7.90158 31.7556
      vertex -5.95355 -8.50256 30.8813
      vertex -5.18985 -8.98909 30.8813
    endloop
  endfacet
  facet normal -0.466508 -0.607974 0.642447
    outer loop
      vertex -5.53274 -7.90158 31.7556
      vertex -6.67195 -7.95132 30.8813
      vertex -5.95355 -8.50256 30.8813
    endloop
  endfacet
  facet normal -0.691084 -0.440269 0.573207
    outer loop
      vertex -9.03597 -6.26367 30
      vertex -8.50256 -5.95355 30.8813
      vertex -8.98909 -5.18985 30.8813
    endloop
  endfacet
  facet normal -0.691103 -0.440237 0.573208
    outer loop
      vertex -8.50256 -5.95355 30.8813
      vertex -9.03597 -6.26367 30
      vertex -9.00805 -6.3075 30
    endloop
  endfacet
  facet normal -0.679744 -0.353853 0.642446
    outer loop
      vertex -8.74229 -4.07659 31.7556
      vertex -9.40721 -4.38665 30.8813
      vertex -8.98909 -5.18985 30.8813
    endloop
  endfacet
  facet normal -0.627519 -0.326668 0.706759
    outer loop
      vertex -8.01083 -3.73551 32.5627
      vertex -8.35372 -4.82302 31.7556
      vertex -7.65477 -4.41949 32.5627
    endloop
  endfacet
  facet normal -0.627519 -0.326668 0.706759
    outer loop
      vertex -8.01083 -3.73551 32.5627
      vertex -8.74229 -4.07659 31.7556
      vertex -8.35372 -4.82302 31.7556
    endloop
  endfacet
  facet normal -0.674714 -0.212731 0.706757
    outer loop
      vertex -8.30592 -3.02311 32.5627
      vertex -9.31736 -2.49658 31.7556
      vertex -9.06432 -3.29914 31.7556
    endloop
  endfacet
  facet normal -0.781474 -0.24644 0.573207
    outer loop
      vertex -9.75373 -3.55007 30.8813
      vertex -10.6065 -2.89575 30
      vertex -10.3336 -3.76113 30
    endloop
  endfacet
  facet normal -0.161861 -0.390777 0.906143
    outer loop
      vertex -2.11595 -4.53768 35.0041
      vertex -2.55313 -5.4752 34.5217
      vertex -2.06622 -5.67688 34.5217
    endloop
  endfacet
  facet normal -0.19531 -0.375179 0.906143
    outer loop
      vertex -2.11595 -4.53768 35.0041
      vertex -3.02061 -5.23184 34.5217
      vertex -2.55313 -5.4752 34.5217
    endloop
  endfacet
  facet normal -0.0188662 0.085105 0.996193
    outer loop
      vertex -0.0990982 0.562016 35.9875
      vertex -0.296541 1.68177 35.8881
      vertex -0.147704 0.551241 35.9875
    endloop
  endfacet
  facet normal -0.0376203 0.169691 0.984779
    outer loop
      vertex -0.491728 2.78873 35.6899
      vertex -0.732911 2.73526 35.6899
      vertex -0.441989 1.64953 35.8881
    endloop
  endfacet
  facet normal -0.183936 0.288715 0.93958
    outer loop
      vertex -1.96712 3.40715 35.3945
      vertex -2.87177 4.10131 35.0041
      vertex -2.25658 3.22274 35.3945
    endloop
  endfacet
  facet normal -0.127187 0.403398 0.906142
    outer loop
      vertex -1.56358 5.83536 34.5217
      vertex -1.71242 4.70483 35.0041
      vertex -1.29585 4.83617 35.0041
    endloop
  endfacet
  facet normal -0.28872 0.183932 0.93958
    outer loop
      vertex -4.10131 2.87177 35.0041
      vertex -4.33599 2.50339 35.0041
      vertex -3.40715 1.96712 35.3945
    endloop
  endfacet
  facet normal -0.335564 0.257493 0.906142
    outer loop
      vertex -3.83541 3.21829 35.0041
      vertex -4.62784 3.88321 34.5217
      vertex -4.10131 2.87177 35.0041
    endloop
  endfacet
  facet normal -0.338043 0.368908 0.865814
    outer loop
      vertex -3.88321 4.62784 34.5217
      vertex -4.51858 5.38504 33.951
      vertex -4.27178 4.27178 34.5217
    endloop
  endfacet
  facet normal -0.285757 0.311848 0.906142
    outer loop
      vertex -3.88321 4.62784 34.5217
      vertex -4.27178 4.27178 34.5217
      vertex -3.21829 3.83541 35.0041
    endloop
  endfacet
  facet normal -0.412948 0.0915503 0.906142
    outer loop
      vertex -4.83617 1.29585 35.0041
      vertex -5.94943 1.04904 34.5217
      vertex -4.93071 0.869417 35.0041
    endloop
  endfacet
  facet normal -0.419356 0.0552075 0.906142
    outer loop
      vertex -4.93071 0.869417 35.0041
      vertex -5.94943 1.04904 34.5217
      vertex -4.98772 0.436369 35.0041
    endloop
  endfacet
  facet normal -0.173646 -0.00757757 0.984779
    outer loop
      vertex -1.70772 0 35.8881
      vertex -2.83175 0 35.6899
      vertex -2.82098 -0.246803 35.6899
    endloop
  endfacet
  facet normal -0.173645 -0.0075834 0.984779
    outer loop
      vertex -1.70772 0 35.8881
      vertex -2.82098 -0.246803 35.6899
      vertex -1.70122 -0.148837 35.8881
    endloop
  endfacet
  facet normal -0.573359 0.0250334 0.818922
    outer loop
      vertex -7.00292 0.612676 33.951
      vertex -7.93432 0.694162 33.2964
      vertex -7.02967 0 33.951
    endloop
  endfacet
  facet normal -0.5603 -0.124217 0.818922
    outer loop
      vertex -6.79014 -1.81941 33.951
      vertex -7.84363 -1.38304 33.2964
      vertex -7.69324 -2.0614 33.2964
    endloop
  endfacet
  facet normal -0.730866 0.230435 0.642445
    outer loop
      vertex -9.06432 3.29914 31.7556
      vertex -9.75373 3.55007 30.8813
      vertex -9.31736 2.49658 31.7556
    endloop
  endfacet
  facet normal -0.674714 0.212731 0.706757
    outer loop
      vertex -9.06432 3.29914 31.7556
      vertex -9.31736 2.49658 31.7556
      vertex -8.30592 3.02311 32.5627
    endloop
  endfacet
  facet normal -0.375181 -0.195308 0.906142
    outer loop
      vertex -4.53768 -2.11595 35.0041
      vertex -5.23184 -3.02061 34.5217
      vertex -4.33599 -2.50339 35.0041
    endloop
  endfacet
  facet normal -0.30365 -0.158071 0.93958
    outer loop
      vertex -3.56563 -1.66268 35.3945
      vertex -4.53768 -2.11595 35.0041
      vertex -4.33599 -2.50339 35.0041
    endloop
  endfacet
  facet normal -0.258797 -0.0112934 0.965866
    outer loop
      vertex -2.83175 0 35.6899
      vertex -3.91926 -0.342891 35.3945
      vertex -2.82098 -0.246803 35.6899
    endloop
  endfacet
  facet normal -0.256826 -0.0338171 0.965866
    outer loop
      vertex -2.82098 -0.246803 35.6899
      vertex -3.91926 -0.342891 35.3945
      vertex -2.78873 -0.491728 35.6899
    endloop
  endfacet
  facet normal -0.169691 -0.0376203 0.984779
    outer loop
      vertex -1.64953 -0.441989 35.8881
      vertex -2.78873 -0.491728 35.6899
      vertex -2.73526 -0.732911 35.6899
    endloop
  endfacet
  facet normal -0.165766 -0.0522672 0.984779
    outer loop
      vertex -1.64953 -0.441989 35.8881
      vertex -2.73526 -0.732911 35.6899
      vertex -1.60473 -0.584073 35.8881
    endloop
  endfacet
  facet normal -0.0870877 -0.00380127 0.996193
    outer loop
      vertex -0.570686 0 35.9875
      vertex -1.70772 0 35.8881
      vertex -0.568515 -0.0497379 35.9875
    endloop
  endfacet
  facet normal -0.172323 0.0226919 0.984779
    outer loop
      vertex -1.68177 0.296541 35.8881
      vertex -2.82098 0.246803 35.6899
      vertex -1.70122 0.148837 35.8881
    endloop
  endfacet
  facet normal -0.326486 -0.102938 0.93958
    outer loop
      vertex -3.80018 -1.01825 35.3945
      vertex -4.83617 -1.29585 35.0041
      vertex -4.70483 -1.71242 35.0041
    endloop
  endfacet
  facet normal -0.247052 -0.0778952 0.965866
    outer loop
      vertex -2.73526 -0.732911 35.6899
      vertex -3.80018 -1.01825 35.3945
      vertex -3.69697 -1.34559 35.3945
    endloop
  endfacet
  facet normal -0.396966 -0.304606 0.865814
    outer loop
      vertex -4.94867 -3.4651 34.5217
      vertex -5.38504 -4.51858 33.951
      vertex -4.62784 -3.88321 34.5217
    endloop
  endfacet
  facet normal -0.422008 -0.268844 0.865813
    outer loop
      vertex -5.23184 -3.02061 34.5217
      vertex -6.08787 -3.51483 33.951
      vertex -5.75837 -4.03205 33.951
    endloop
  endfacet
  facet normal -0.102938 -0.326486 0.93958
    outer loop
      vertex -1.01825 -3.80018 35.3945
      vertex -1.71242 -4.70483 35.0041
      vertex -1.29585 -4.83617 35.0041
    endloop
  endfacet
  facet normal -0.131001 -0.316271 0.93958
    outer loop
      vertex -1.66268 -3.56563 35.3945
      vertex -1.71242 -4.70483 35.0041
      vertex -1.34559 -3.69697 35.3945
    endloop
  endfacet
  facet normal 0.0642689 -0.0588917 0.996193
    outer loop
      vertex 1.30819 -1.0977 35.8881
      vertex 0.437171 -0.36683 35.9875
      vertex 1.20754 -1.20754 35.8881
    endloop
  endfacet
  facet normal 0.128147 -0.117425 0.984779
    outer loop
      vertex 1.30819 -1.0977 35.8881
      vertex 1.20754 -1.20754 35.8881
      vertex 2.16925 -1.82021 35.6899
    endloop
  endfacet
  facet normal 0.157693 -0.205511 0.965866
    outer loop
      vertex 1.82021 -2.16925 35.6899
      vertex 1.62423 -2.31963 35.6899
      vertex 2.52888 -3.0138 35.3945
    endloop
  endfacet
  facet normal 0.0530663 -0.069157 0.996193
    outer loop
      vertex 0.36683 -0.437171 35.9875
      vertex 0.327332 -0.467479 35.9875
      vertex 1.0977 -1.30819 35.8881
    endloop
  endfacet
  facet normal 0.208401 -0.271587 0.93958
    outer loop
      vertex 3.21829 -3.83541 35.0041
      vertex 2.52888 -3.0138 35.3945
      vertex 2.87177 -4.10131 35.0041
    endloop
  endfacet
  facet normal 0.190986 -0.175006 0.965866
    outer loop
      vertex 2.16925 -1.82021 35.6899
      vertex 2.00235 -2.00235 35.6899
      vertex 2.78192 -2.78192 35.3945
    endloop
  endfacet
  facet normal -0.0075834 -0.173645 0.984779
    outer loop
      vertex -0.148837 -1.70122 35.8881
      vertex -0.246803 -2.82098 35.6899
      vertex 0 -1.70772 35.8881
    endloop
  endfacet
  facet normal 0.00380329 -0.0870877 0.996193
    outer loop
      vertex 0.0497379 -0.568515 35.9875
      vertex 0 -1.70772 35.8881
      vertex 0.148837 -1.70122 35.8881
    endloop
  endfacet
  facet normal 0.0802561 -0.154172 0.984779
    outer loop
      vertex 0.853858 -1.47893 35.8881
      vertex 0.721712 -1.54772 35.8881
      vertex 1.41588 -2.45237 35.6899
    endloop
  endfacet
  facet normal 0.069157 -0.0530663 0.996193
    outer loop
      vertex 0.467479 -0.327332 35.9875
      vertex 0.437171 -0.36683 35.9875
      vertex 1.30819 -1.0977 35.8881
    endloop
  endfacet
  facet normal 0.0691582 -0.053065 0.996193
    outer loop
      vertex 1.39888 -0.979506 35.8881
      vertex 0.467479 -0.327332 35.9875
      vertex 1.30819 -1.0977 35.8881
    endloop
  endfacet
  facet normal 0.0851052 -0.0188644 0.996193
    outer loop
      vertex 1.68177 -0.296541 35.8881
      vertex 0.551241 -0.147704 35.9875
      vertex 1.64953 -0.441989 35.8881
    endloop
  endfacet
  facet normal 0.172323 -0.0226919 0.984779
    outer loop
      vertex 1.70122 -0.148837 35.8881
      vertex 1.68177 -0.296541 35.8881
      vertex 2.82098 -0.246803 35.6899
    endloop
  endfacet
  facet normal 0.154172 -0.0802561 0.984779
    outer loop
      vertex 1.54772 -0.721712 35.8881
      vertex 1.47893 -0.853858 35.8881
      vertex 2.45237 -1.41588 35.6899
    endloop
  endfacet
  facet normal 0.169691 -0.0376203 0.984779
    outer loop
      vertex 2.78873 -0.491728 35.6899
      vertex 1.64953 -0.441989 35.8881
      vertex 2.73526 -0.732911 35.6899
    endloop
  endfacet
  facet normal 0.252902 -0.056068 0.965866
    outer loop
      vertex 2.78873 -0.491728 35.6899
      vertex 2.73526 -0.732911 35.6899
      vertex 3.87446 -0.683172 35.3945
    endloop
  endfacet
  facet normal 0.258795 -0.0112985 0.965866
    outer loop
      vertex 3.93423 0 35.3945
      vertex 2.83175 0 35.6899
      vertex 3.91926 -0.342891 35.3945
    endloop
  endfacet
  facet normal 0.173646 0.00757757 0.984779
    outer loop
      vertex 2.82098 0.246803 35.6899
      vertex 1.70772 0 35.8881
      vertex 2.83175 0 35.6899
    endloop
  endfacet
  facet normal 0.342003 0.0149312 0.93958
    outer loop
      vertex 5.00677 0 35.0041
      vertex 3.91926 0.342891 35.3945
      vertex 3.93423 0 35.3945
    endloop
  endfacet
  facet normal 0.173646 -0.00757757 0.984779
    outer loop
      vertex 2.83175 0 35.6899
      vertex 1.70772 0 35.8881
      vertex 2.82098 -0.246803 35.6899
    endloop
  endfacet
  facet normal 0.256826 -0.0338171 0.965866
    outer loop
      vertex 2.82098 -0.246803 35.6899
      vertex 2.78873 -0.491728 35.6899
      vertex 3.91926 -0.342891 35.3945
    endloop
  endfacet
  facet normal 0.256826 -0.0338126 0.965866
    outer loop
      vertex 3.91926 -0.342891 35.3945
      vertex 2.78873 -0.491728 35.6899
      vertex 3.87446 -0.683172 35.3945
    endloop
  endfacet
  facet normal 0.247052 0.0778952 0.965866
    outer loop
      vertex 3.69697 1.34559 35.3945
      vertex 2.73526 0.732911 35.6899
      vertex 3.80018 1.01825 35.3945
    endloop
  endfacet
  facet normal 0.326484 0.10294 0.93958
    outer loop
      vertex 4.70483 1.71242 35.0041
      vertex 3.69697 1.34559 35.3945
      vertex 3.80018 1.01825 35.3945
    endloop
  endfacet
  facet normal 0.375179 0.19531 0.906143
    outer loop
      vertex 5.23184 3.02061 34.5217
      vertex 4.53768 2.11595 35.0041
      vertex 5.4752 2.55313 34.5217
    endloop
  endfacet
  facet normal 0.139187 0.218469 0.965866
    outer loop
      vertex 2.25658 3.22274 35.3945
      vertex 1.41588 2.45237 35.6899
      vertex 1.62423 2.31963 35.6899
    endloop
  endfacet
  facet normal 0.239322 0.0991325 0.965866
    outer loop
      vertex 3.56563 1.66268 35.3945
      vertex 2.56644 1.19675 35.6899
      vertex 2.66098 0.968515 35.6899
    endloop
  endfacet
  facet normal 0.0831361 0.0262133 0.996193
    outer loop
      vertex 1.60473 0.584073 35.8881
      vertex 0.53627 0.195186 35.9875
      vertex 1.64953 0.441989 35.8881
    endloop
  endfacet
  facet normal 0.0778952 -0.247052 0.965866
    outer loop
      vertex 1.34559 -3.69697 35.3945
      vertex 0.732911 -2.73526 35.6899
      vertex 1.01825 -3.80018 35.3945
    endloop
  endfacet
  facet normal 0.0522622 -0.165767 0.984779
    outer loop
      vertex 0.968515 -2.66098 35.6899
      vertex 0.584073 -1.60473 35.8881
      vertex 0.732911 -2.73526 35.6899
    endloop
  endfacet
  facet normal 0.117425 -0.128147 0.984779
    outer loop
      vertex 2.00235 -2.00235 35.6899
      vertex 1.20754 -1.20754 35.8881
      vertex 1.82021 -2.16925 35.6899
    endloop
  endfacet
  facet normal 0.175006 -0.190986 0.965866
    outer loop
      vertex 2.00235 -2.00235 35.6899
      vertex 1.82021 -2.16925 35.6899
      vertex 2.78192 -2.78192 35.3945
    endloop
  endfacet
  facet normal 0.335564 -0.257493 0.906142
    outer loop
      vertex 4.10131 -2.87177 35.0041
      vertex 3.83541 -3.21829 35.0041
      vertex 4.62784 -3.88321 34.5217
    endloop
  endfacet
  facet normal 0.252387 -0.231282 0.939579
    outer loop
      vertex 3.0138 -2.52888 35.3945
      vertex 2.78192 -2.78192 35.3945
      vertex 3.83541 -3.21829 35.0041
    endloop
  endfacet
  facet normal 0.195308 -0.375181 0.906142
    outer loop
      vertex 2.50339 -4.33599 35.0041
      vertex 2.11595 -4.53768 35.0041
      vertex 3.02061 -5.23184 34.5217
    endloop
  endfacet
  facet normal 0.22726 -0.356733 0.906142
    outer loop
      vertex 2.87177 -4.10131 35.0041
      vertex 2.50339 -4.33599 35.0041
      vertex 3.02061 -5.23184 34.5217
    endloop
  endfacet
  facet normal 0.0075834 -0.173645 0.984779
    outer loop
      vertex 0.148837 -1.70122 35.8881
      vertex 0 -1.70772 35.8881
      vertex 0.246803 -2.82098 35.6899
    endloop
  endfacet
  facet normal 0.0226919 -0.172323 0.984779
    outer loop
      vertex 0.296541 -1.68177 35.8881
      vertex 0.148837 -1.70122 35.8881
      vertex 0.246803 -2.82098 35.6899
    endloop
  endfacet
  facet normal -0.0338126 -0.256826 0.965866
    outer loop
      vertex -0.491728 -2.78873 35.6899
      vertex -0.683172 -3.87446 35.3945
      vertex -0.342891 -3.91926 35.3945
    endloop
  endfacet
  facet normal -0.0113806 -0.0864249 0.996193
    outer loop
      vertex -0.0990982 -0.562016 35.9875
      vertex -0.296541 -1.68177 35.8881
      vertex -0.148837 -1.70122 35.8881
    endloop
  endfacet
  facet normal 0.150461 -0.477207 0.865814
    outer loop
      vertex 2.06622 -5.67688 34.5217
      vertex 1.81941 -6.79014 33.951
      vertex 2.40429 -6.60573 33.951
    endloop
  endfacet
  facet normal 0.191485 -0.462276 0.865814
    outer loop
      vertex 2.97087 -6.37104 33.951
      vertex 2.06622 -5.67688 34.5217
      vertex 2.40429 -6.60573 33.951
    endloop
  endfacet
  facet normal 0.308356 -0.48403 0.818921
    outer loop
      vertex 4.03205 -5.75837 33.951
      vertex 3.51483 -6.08787 33.951
      vertex 4.56832 -6.52424 33.2964
    endloop
  endfacet
  facet normal 0.231045 -0.443831 0.865813
    outer loop
      vertex 3.02061 -5.23184 34.5217
      vertex 2.97087 -6.37104 33.951
      vertex 3.51483 -6.08787 33.951
    endloop
  endfacet
  facet normal 0.139208 -0.627922 0.765725
    outer loop
      vertex 2.0614 -7.69324 33.2964
      vertex 1.38304 -7.84363 33.2964
      vertex 2.28769 -8.53779 32.5627
    endloop
  endfacet
  facet normal 0.172575 -0.547345 0.818921
    outer loop
      vertex 2.40429 -6.60573 33.951
      vertex 1.81941 -6.79014 33.951
      vertex 2.72406 -7.4843 33.2964
    endloop
  endfacet
  facet normal -0.0653136 -0.496085 0.865814
    outer loop
      vertex -1.04904 -5.94943 34.5217
      vertex -1.22069 -6.92287 33.951
      vertex -0.612676 -7.00292 33.951
    endloop
  endfacet
  facet normal -0.0749125 -0.568992 0.818924
    outer loop
      vertex -1.22069 -6.92287 33.951
      vertex -1.38304 -7.84363 33.2964
      vertex -0.612676 -7.00292 33.951
    endloop
  endfacet
  facet normal 0.0915476 -0.412947 0.906142
    outer loop
      vertex 1.29585 -4.83617 35.0041
      vertex 1.04904 -5.94943 34.5217
      vertex 1.56358 -5.83536 34.5217
    endloop
  endfacet
  facet normal 0.0552075 -0.419356 0.906142
    outer loop
      vertex 0.869417 -4.93071 35.0041
      vertex 0.436369 -4.98772 35.0041
      vertex 1.04904 -5.94943 34.5217
    endloop
  endfacet
  facet normal 0.246131 -0.594204 0.765729
    outer loop
      vertex 3.73551 -8.01083 32.5627
      vertex 2.72406 -7.4843 33.2964
      vertex 3.02311 -8.30592 32.5627
    endloop
  endfacet
  facet normal 0.246128 -0.594207 0.765728
    outer loop
      vertex 3.366 -7.2184 33.2964
      vertex 2.72406 -7.4843 33.2964
      vertex 3.73551 -8.01083 32.5627
    endloop
  endfacet
  facet normal 0.0749125 -0.568992 0.818924
    outer loop
      vertex 1.22069 -6.92287 33.951
      vertex 0.612676 -7.00292 33.951
      vertex 1.38304 -7.84363 33.2964
    endloop
  endfacet
  facet normal 0.124213 -0.5603 0.818923
    outer loop
      vertex 1.81941 -6.79014 33.951
      vertex 1.22069 -6.92287 33.951
      vertex 1.38304 -7.84363 33.2964
    endloop
  endfacet
  facet normal 0.496085 -0.0653136 0.865814
    outer loop
      vertex 7.00292 -0.612676 33.951
      vertex 5.94943 -1.04904 34.5217
      vertex 6.92287 -1.22069 33.951
    endloop
  endfacet
  facet normal 0.488506 -0.108297 0.865814
    outer loop
      vertex 6.92287 -1.22069 33.951
      vertex 5.94943 -1.04904 34.5217
      vertex 6.79014 -1.81941 33.951
    endloop
  endfacet
  facet normal 0.499889 -0.021827 0.865814
    outer loop
      vertex 6.04121 0 34.5217
      vertex 6.01822 -0.526525 34.5217
      vertex 7.02967 0 33.951
    endloop
  endfacet
  facet normal 0.499889 0.021827 0.865814
    outer loop
      vertex 7.02967 0 33.951
      vertex 6.01822 0.526525 34.5217
      vertex 6.04121 0 34.5217
    endloop
  endfacet
  facet normal -0.252902 0.0560631 0.965866
    outer loop
      vertex -3.80018 1.01825 35.3945
      vertex -3.87446 0.683172 35.3945
      vertex -2.73526 0.732911 35.6899
    endloop
  endfacet
  facet normal -0.252902 0.056068 0.965866
    outer loop
      vertex -2.73526 0.732911 35.6899
      vertex -3.87446 0.683172 35.3945
      vertex -2.78873 0.491728 35.6899
    endloop
  endfacet
  facet normal -0.146589 0.0933912 0.984779
    outer loop
      vertex -1.39888 0.979506 35.8881
      vertex -2.45237 1.41588 35.6899
      vertex -1.47893 0.853858 35.8881
    endloop
  endfacet
  facet normal -0.316271 0.131006 0.93958
    outer loop
      vertex -4.53768 2.11595 35.0041
      vertex -4.70483 1.71242 35.0041
      vertex -3.56563 1.66268 35.3945
    endloop
  endfacet
  facet normal -0.0691582 0.053065 0.996193
    outer loop
      vertex -1.30819 1.0977 35.8881
      vertex -1.39888 0.979506 35.8881
      vertex -0.467479 0.327332 35.9875
    endloop
  endfacet
  facet normal -0.0735181 0.0468382 0.996193
    outer loop
      vertex -1.39888 0.979506 35.8881
      vertex -1.47893 0.853858 35.8881
      vertex -0.494229 0.285343 35.9875
    endloop
  endfacet
  facet normal -0.0991325 0.239322 0.965866
    outer loop
      vertex -0.968515 2.66098 35.6899
      vertex -1.66268 3.56563 35.3945
      vertex -1.19675 2.56644 35.6899
    endloop
  endfacet
  facet normal -0.208394 0.271589 0.93958
    outer loop
      vertex -2.25658 3.22274 35.3945
      vertex -2.87177 4.10131 35.0041
      vertex -2.52888 3.0138 35.3945
    endloop
  endfacet
  facet normal -0.128147 -0.117425 0.984779
    outer loop
      vertex -1.30819 -1.0977 35.8881
      vertex -2.16925 -1.82021 35.6899
      vertex -1.20754 -1.20754 35.8881
    endloop
  endfacet
  facet normal -0.137895 -0.105807 0.984779
    outer loop
      vertex -1.39888 -0.979506 35.8881
      vertex -2.31963 -1.62423 35.6899
      vertex -1.30819 -1.0977 35.8881
    endloop
  endfacet
  facet normal 0.053065 -0.0691582 0.996193
    outer loop
      vertex 1.0977 -1.30819 35.8881
      vertex 0.327332 -0.467479 35.9875
      vertex 0.979506 -1.39888 35.8881
    endloop
  endfacet
  facet normal -0.0831361 -0.0262133 0.996193
    outer loop
      vertex -0.53627 -0.195186 35.9875
      vertex -1.64953 -0.441989 35.8881
      vertex -1.60473 -0.584073 35.8881
    endloop
  endfacet
  facet normal -0.0522672 0.165766 0.984779
    outer loop
      vertex -0.441989 1.64953 35.8881
      vertex -0.732911 2.73526 35.6899
      vertex -0.584073 1.60473 35.8881
    endloop
  endfacet
  facet normal 0.0075834 0.173645 0.984779
    outer loop
      vertex 0.246803 2.82098 35.6899
      vertex 0 1.70772 35.8881
      vertex 0.148837 1.70122 35.8881
    endloop
  endfacet
  facet normal 0.0112934 0.258797 0.965866
    outer loop
      vertex 0.342891 3.91926 35.3945
      vertex 0 2.83175 35.6899
      vertex 0.246803 2.82098 35.6899
    endloop
  endfacet
  facet normal 0.0778902 0.247055 0.965866
    outer loop
      vertex 1.34559 3.69697 35.3945
      vertex 0.732911 2.73526 35.6899
      vertex 0.968515 2.66098 35.6899
    endloop
  endfacet
  facet normal -0.0402505 0.0773215 0.996193
    outer loop
      vertex -0.721712 1.54772 35.8881
      vertex -0.853858 1.47893 35.8881
      vertex -0.285343 0.494229 35.9875
    endloop
  endfacet
  facet normal 0.0402505 0.0773215 0.996193
    outer loop
      vertex 0.721712 1.54772 35.8881
      vertex 0.285343 0.494229 35.9875
      vertex 0.853858 1.47893 35.8881
    endloop
  endfacet
  facet normal 0.172323 0.0226919 0.984779
    outer loop
      vertex 2.82098 0.246803 35.6899
      vertex 1.68177 0.296541 35.8881
      vertex 1.70122 0.148837 35.8881
    endloop
  endfacet
  facet normal 0.172323 0.0226902 0.984779
    outer loop
      vertex 2.78873 0.491728 35.6899
      vertex 1.68177 0.296541 35.8881
      vertex 2.82098 0.246803 35.6899
    endloop
  endfacet
  facet normal 0.229773 -0.119611 0.965866
    outer loop
      vertex 3.56563 -1.66268 35.3945
      vertex 2.45237 -1.41588 35.6899
      vertex 3.40715 -1.96712 35.3945
    endloop
  endfacet
  facet normal 0.247055 -0.0778902 0.965866
    outer loop
      vertex 2.73526 -0.732911 35.6899
      vertex 2.66098 -0.968515 35.6899
      vertex 3.69697 -1.34559 35.3945
    endloop
  endfacet
  facet normal 0.303652 -0.15807 0.93958
    outer loop
      vertex 3.56563 -1.66268 35.3945
      vertex 3.40715 -1.96712 35.3945
      vertex 4.33599 -2.50339 35.0041
    endloop
  endfacet
  facet normal 0.30365 -0.158071 0.93958
    outer loop
      vertex 4.53768 -2.11595 35.0041
      vertex 3.56563 -1.66268 35.3945
      vertex 4.33599 -2.50339 35.0041
    endloop
  endfacet
  facet normal 0.412947 0.0915476 0.906142
    outer loop
      vertex 5.83536 1.56358 34.5217
      vertex 4.83617 1.29585 35.0041
      vertex 5.94943 1.04904 34.5217
    endloop
  endfacet
  facet normal 0.403398 0.127187 0.906142
    outer loop
      vertex 5.83536 1.56358 34.5217
      vertex 4.70483 1.71242 35.0041
      vertex 4.83617 1.29585 35.0041
    endloop
  endfacet
  facet normal 0.3394 0.044684 0.93958
    outer loop
      vertex 4.98772 0.436369 35.0041
      vertex 3.87446 0.683172 35.3945
      vertex 3.91926 0.342891 35.3945
    endloop
  endfacet
  facet normal 0.256826 0.0338126 0.965866
    outer loop
      vertex 3.87446 0.683172 35.3945
      vertex 2.78873 0.491728 35.6899
      vertex 3.91926 0.342891 35.3945
    endloop
  endfacet
  facet normal 0.474195 0.434509 0.765729
    outer loop
      vertex 6.2501 6.2501 32.5627
      vertex 5.63184 5.63184 33.2964
      vertex 6.77104 5.68158 32.5627
    endloop
  endfacet
  facet normal 0.34937 0.45531 0.818922
    outer loop
      vertex 4.56832 6.52424 33.2964
      vertex 4.51858 5.38504 33.951
      vertex 5.11956 6.10126 33.2964
    endloop
  endfacet
  facet normal 0.285757 0.311848 0.906142
    outer loop
      vertex 3.88321 4.62784 34.5217
      vertex 3.21829 3.83541 35.0041
      vertex 4.27178 4.27178 34.5217
    endloop
  endfacet
  facet normal 0.311846 0.285758 0.906143
    outer loop
      vertex 4.27178 4.27178 34.5217
      vertex 3.54032 3.54032 35.0041
      vertex 3.83541 3.21829 35.0041
    endloop
  endfacet
  facet normal 0.368908 0.338043 0.865814
    outer loop
      vertex 5.38504 4.51858 33.951
      vertex 4.27178 4.27178 34.5217
      vertex 4.62784 3.88321 34.5217
    endloop
  endfacet
  facet normal 0.396966 0.304606 0.865814
    outer loop
      vertex 5.38504 4.51858 33.951
      vertex 4.62784 3.88321 34.5217
      vertex 4.94867 3.4651 34.5217
    endloop
  endfacet
  facet normal 0.117425 0.128147 0.984779
    outer loop
      vertex 1.82021 2.16925 35.6899
      vertex 1.20754 1.20754 35.8881
      vertex 2.00235 2.00235 35.6899
    endloop
  endfacet
  facet normal 0.190986 0.175006 0.965866
    outer loop
      vertex 2.78192 2.78192 35.3945
      vertex 2.00235 2.00235 35.6899
      vertex 2.16925 1.82021 35.6899
    endloop
  endfacet
  facet normal 0.208401 0.271587 0.93958
    outer loop
      vertex 2.87177 4.10131 35.0041
      vertex 2.52888 3.0138 35.3945
      vertex 3.21829 3.83541 35.0041
    endloop
  endfacet
  facet normal 0.25239 0.231276 0.93958
    outer loop
      vertex 3.54032 3.54032 35.0041
      vertex 2.78192 2.78192 35.3945
      vertex 3.83541 3.21829 35.0041
    endloop
  endfacet
  facet normal 0.205511 0.157693 0.965866
    outer loop
      vertex 3.0138 2.52888 35.3945
      vertex 2.16925 1.82021 35.6899
      vertex 2.31963 1.62423 35.6899
    endloop
  endfacet
  facet normal 0.183932 0.28872 0.93958
    outer loop
      vertex 2.50339 4.33599 35.0041
      vertex 1.96712 3.40715 35.3945
      vertex 2.87177 4.10131 35.0041
    endloop
  endfacet
  facet normal 0.378363 0.726825 0.573208
    outer loop
      vertex 4.64745 9.96648 30
      vertex 4.38665 9.40721 30.8813
      vertex 5.4523 9.5475 30
    endloop
  endfacet
  facet normal 0.293262 0.707998 0.642445
    outer loop
      vertex 3.55007 9.75373 30.8813
      vertex 3.29914 9.06432 31.7556
      vertex 4.07659 8.74229 31.7556
    endloop
  endfacet
  facet normal 0.230435 0.730866 0.642445
    outer loop
      vertex 3.55007 9.75373 30.8813
      vertex 2.49658 9.31736 31.7556
      vertex 3.29914 9.06432 31.7556
    endloop
  endfacet
  facet normal 0.326668 0.627519 0.706759
    outer loop
      vertex 4.07659 8.74229 31.7556
      vertex 3.73551 8.01083 32.5627
      vertex 4.82302 8.35372 31.7556
    endloop
  endfacet
  facet normal 0.191485 0.462276 0.865814
    outer loop
      vertex 2.40429 6.60573 33.951
      vertex 2.06622 5.67688 34.5217
      vertex 2.97087 6.37104 33.951
    endloop
  endfacet
  facet normal 0.246131 0.594204 0.765729
    outer loop
      vertex 3.02311 8.30592 32.5627
      vertex 2.72406 7.4843 33.2964
      vertex 3.73551 8.01083 32.5627
    endloop
  endfacet
  facet normal 0.21273 0.674714 0.706758
    outer loop
      vertex 2.49658 9.31736 31.7556
      vertex 2.28769 8.53779 32.5627
      vertex 3.02311 8.30592 32.5627
    endloop
  endfacet
  facet normal 0.231045 0.443831 0.865813
    outer loop
      vertex 3.51483 6.08787 33.951
      vertex 2.97087 6.37104 33.951
      vertex 3.02061 5.23184 34.5217
    endloop
  endfacet
  facet normal 0.265002 0.509059 0.818922
    outer loop
      vertex 3.366 7.2184 33.2964
      vertex 2.97087 6.37104 33.951
      vertex 3.51483 6.08787 33.951
    endloop
  endfacet
  facet normal 0.434509 0.474195 0.765729
    outer loop
      vertex 5.68158 6.77104 32.5627
      vertex 5.63184 5.63184 33.2964
      vertex 6.2501 6.2501 32.5627
    endloop
  endfacet
  facet normal 0.434519 0.474192 0.765725
    outer loop
      vertex 5.68158 6.77104 32.5627
      vertex 5.11956 6.10126 33.2964
      vertex 5.63184 5.63184 33.2964
    endloop
  endfacet
  facet normal -0.0112985 0.258795 0.965866
    outer loop
      vertex 0 3.93423 35.3945
      vertex -0.342891 3.91926 35.3945
      vertex 0 2.83175 35.6899
    endloop
  endfacet
  facet normal -0.0184509 0.42257 0.906143
    outer loop
      vertex 0 6.04121 34.5217
      vertex -0.526525 6.01822 34.5217
      vertex 0 5.00677 35.0041
    endloop
  endfacet
  facet normal 0.227263 0.356733 0.906142
    outer loop
      vertex 3.02061 5.23184 34.5217
      vertex 2.87177 4.10131 35.0041
      vertex 3.4651 4.94867 34.5217
    endloop
  endfacet
  facet normal 0.257491 0.335566 0.906142
    outer loop
      vertex 3.4651 4.94867 34.5217
      vertex 2.87177 4.10131 35.0041
      vertex 3.88321 4.62784 34.5217
    endloop
  endfacet
  facet normal 0.100032 -0.759777 0.642442
    outer loop
      vertex 1.80242 -10.222 30.8813
      vertex 0.840708 -9.60934 31.7556
      vertex 0.904651 -10.3402 30.8813
    endloop
  endfacet
  facet normal 0.0334215 -0.765605 0.642442
    outer loop
      vertex 0.840708 -9.60934 31.7556
      vertex 0 -9.64604 31.7556
      vertex 0.904651 -10.3402 30.8813
    endloop
  endfacet
  facet normal 0.391535 -0.51026 0.765725
    outer loop
      vertex 5.11956 -6.10126 33.2964
      vertex 4.56832 -6.52424 33.2964
      vertex 5.68158 -6.77104 32.5627
    endloop
  endfacet
  facet normal 0.434519 -0.474192 0.765725
    outer loop
      vertex 5.63184 -5.63184 33.2964
      vertex 5.11956 -6.10126 33.2964
      vertex 5.68158 -6.77104 32.5627
    endloop
  endfacet
  facet normal 0.345572 -0.542442 0.765727
    outer loop
      vertex 5.06983 -7.24046 32.5627
      vertex 3.98231 -6.89757 33.2964
      vertex 4.41949 -7.65477 32.5627
    endloop
  endfacet
  facet normal 0.380114 -0.596663 0.706758
    outer loop
      vertex 5.06983 -7.24046 32.5627
      vertex 4.41949 -7.65477 32.5627
      vertex 4.82302 -8.35372 31.7556
    endloop
  endfacet
  facet normal 0.285757 -0.311848 0.906142
    outer loop
      vertex 4.27178 -4.27178 34.5217
      vertex 3.21829 -3.83541 35.0041
      vertex 3.88321 -4.62784 34.5217
    endloop
  endfacet
  facet normal 0.285758 -0.311846 0.906143
    outer loop
      vertex 3.54032 -3.54032 35.0041
      vertex 3.21829 -3.83541 35.0041
      vertex 4.27178 -4.27178 34.5217
    endloop
  endfacet
  facet normal 0.13921 -0.62792 0.765726
    outer loop
      vertex 2.28769 -8.53779 32.5627
      vertex 1.38304 -7.84363 33.2964
      vertex 1.53487 -8.70469 32.5627
    endloop
  endfacet
  facet normal 0.153125 -0.690686 0.706758
    outer loop
      vertex 2.28769 -8.53779 32.5627
      vertex 1.53487 -8.70469 32.5627
      vertex 2.49658 -9.31736 31.7556
    endloop
  endfacet
  facet normal -0.106925 0.812421 0.573183
    outer loop
      vertex -0.958433 10.9549 30
      vertex -1.85804 10.8365 30
      vertex -0.904651 10.3402 30.8813
    endloop
  endfacet
  facet normal 0.165875 0.748172 0.642437
    outer loop
      vertex 2.68647 10.026 30.8813
      vertex 1.80242 10.222 30.8813
      vertex 2.49658 9.31736 31.7556
    endloop
  endfacet
  facet normal -0.411749 0.646317 0.642447
    outer loop
      vertex -5.18985 8.98909 30.8813
      vertex -5.95355 8.50256 30.8813
      vertex -5.53274 7.90158 31.7556
    endloop
  endfacet
  facet normal -0.411748 0.646317 0.642447
    outer loop
      vertex -5.18985 8.98909 30.8813
      vertex -5.53274 7.90158 31.7556
      vertex -4.82302 8.35372 31.7556
    endloop
  endfacet
  facet normal 0.765601 -0.0334286 0.642446
    outer loop
      vertex 10.3797 0 30.8813
      vertex 9.64604 0 31.7556
      vertex 10.3402 -0.904651 30.8813
    endloop
  endfacet
  facet normal 0.81861 -0.036261 0.573204
    outer loop
      vertex 10.3797 0 30.8813
      vertex 10.9945 -0.0519236 30
      vertex 10.9968 0 30
    endloop
  endfacet
  facet normal 0.81864 -0.0357445 0.573194
    outer loop
      vertex 10.9945 -0.0519236 30
      vertex 10.3797 0 30.8813
      vertex 10.3402 -0.904651 30.8813
    endloop
  endfacet
  facet normal 0.701403 0.0923421 0.706758
    outer loop
      vertex 9.4995 1.67502 31.7556
      vertex 8.70469 1.53487 32.5627
      vertex 9.60934 0.840708 31.7556
    endloop
  endfacet
  facet normal 0.706783 0.0308543 0.706757
    outer loop
      vertex 9.60934 0.840708 31.7556
      vertex 8.80534 0.770367 32.5627
      vertex 8.83897 0 32.5627
    endloop
  endfacet
  facet normal 0.547341 0.172579 0.818922
    outer loop
      vertex 7.4843 2.72406 33.2964
      vertex 6.79014 1.81941 33.951
      vertex 7.69324 2.0614 33.2964
    endloop
  endfacet
  facet normal 0.496085 0.0653136 0.865814
    outer loop
      vertex 6.92287 1.22069 33.951
      vertex 5.94943 1.04904 34.5217
      vertex 7.00292 0.612676 33.951
    endloop
  endfacet
  facet normal 0.509059 0.265002 0.818922
    outer loop
      vertex 7.2184 3.366 33.2964
      vertex 6.08787 3.51483 33.951
      vertex 6.37104 2.97087 33.951
    endloop
  endfacet
  facet normal 0.530219 0.219624 0.818922
    outer loop
      vertex 7.2184 3.366 33.2964
      vertex 6.37104 2.97087 33.951
      vertex 7.4843 2.72406 33.2964
    endloop
  endfacet
  facet normal 0.509059 0.264999 0.818923
    outer loop
      vertex 6.89757 3.98231 33.2964
      vertex 6.08787 3.51483 33.951
      vertex 7.2184 3.366 33.2964
    endloop
  endfacet
  facet normal 0.54244 0.345573 0.765728
    outer loop
      vertex 7.24046 5.06983 32.5627
      vertex 6.52424 4.56832 33.2964
      vertex 6.89757 3.98231 33.2964
    endloop
  endfacet
  facet normal 0.781474 0.24644 0.573207
    outer loop
      vertex 10.3336 3.76113 30
      vertex 9.75373 3.55007 30.8813
      vertex 10.6065 2.89575 30
    endloop
  endfacet
  facet normal 0.553593 -0.604132 0.573201
    outer loop
      vertex 7.0686 -8.42403 30
      vertex 7.33956 -7.33956 30.8813
      vertex 6.67195 -7.95132 30.8813
    endloop
  endfacet
  facet normal 0.553539 -0.604148 0.573236
    outer loop
      vertex 7.33956 -7.33956 30.8813
      vertex 7.0686 -8.42403 30
      vertex 7.10692 -8.38892 30
    endloop
  endfacet
  facet normal 0.553582 -0.604135 0.573209
    outer loop
      vertex 7.33956 -7.33956 30.8813
      vertex 7.10692 -8.38892 30
      vertex 7.77591 -7.77591 30
    endloop
  endfacet
  facet normal 0.607974 -0.466508 0.642447
    outer loop
      vertex 8.50256 -5.95355 30.8813
      vertex 7.90158 -5.53274 31.7556
      vertex 7.95132 -6.67195 30.8813
    endloop
  endfacet
  facet normal 0.650085 -0.49882 0.573209
    outer loop
      vertex 7.95132 -6.67195 30.8813
      vertex 9.00805 -6.3075 30
      vertex 8.50256 -5.95355 30.8813
    endloop
  endfacet
  facet normal 0.650096 -0.498764 0.573245
    outer loop
      vertex 9.00805 -6.3075 30
      vertex 7.95132 -6.67195 30.8813
      vertex 8.97641 -6.34874 30
    endloop
  endfacet
  facet normal 0.74817 -0.165869 0.642439
    outer loop
      vertex 9.4995 -1.67502 31.7556
      vertex 9.31736 -2.49658 31.7556
      vertex 10.222 -1.80242 30.8813
    endloop
  endfacet
  facet normal 0.75978 -0.100028 0.642439
    outer loop
      vertex 9.60934 -0.840708 31.7556
      vertex 9.4995 -1.67502 31.7556
      vertex 10.222 -1.80242 30.8813
    endloop
  endfacet
  facet normal -0.304605 0.396967 0.865814
    outer loop
      vertex -4.03205 5.75837 33.951
      vertex -4.51858 5.38504 33.951
      vertex -3.4651 4.94867 34.5217
    endloop
  endfacet
  facet normal -0.268844 0.422008 0.865813
    outer loop
      vertex -3.51483 6.08787 33.951
      vertex -4.03205 5.75837 33.951
      vertex -3.02061 5.23184 34.5217
    endloop
  endfacet
  facet normal -0.0749125 0.568992 0.818924
    outer loop
      vertex -0.612676 7.00292 33.951
      vertex -1.38304 7.84363 33.2964
      vertex -1.22069 6.92287 33.951
    endloop
  endfacet
  facet normal -0.124213 0.5603 0.818923
    outer loop
      vertex -1.38304 7.84363 33.2964
      vertex -1.81941 6.79014 33.951
      vertex -1.22069 6.92287 33.951
    endloop
  endfacet
  facet normal -0.0552088 0.419355 0.906142
    outer loop
      vertex -0.526525 6.01822 34.5217
      vertex -1.04904 5.94943 34.5217
      vertex -0.436369 4.98772 35.0041
    endloop
  endfacet
  facet normal -0.0149304 0.342003 0.93958
    outer loop
      vertex 0 5.00677 35.0041
      vertex -0.436369 4.98772 35.0041
      vertex -0.342891 3.91926 35.3945
    endloop
  endfacet
  facet normal 0.0250334 0.573359 0.818922
    outer loop
      vertex 0.694162 7.93432 33.2964
      vertex 0 7.02967 33.951
      vertex 0.612676 7.00292 33.951
    endloop
  endfacet
  facet normal 0.0250352 0.573358 0.818922
    outer loop
      vertex 0.694162 7.93432 33.2964
      vertex 0 7.96463 33.2964
      vertex 0 7.02967 33.951
    endloop
  endfacet
  facet normal -0.231045 0.443831 0.865813
    outer loop
      vertex -2.97087 6.37104 33.951
      vertex -3.51483 6.08787 33.951
      vertex -3.02061 5.23184 34.5217
    endloop
  endfacet
  facet normal -0.219629 0.530219 0.818921
    outer loop
      vertex -2.72406 7.4843 33.2964
      vertex -2.97087 6.37104 33.951
      vertex -2.40429 6.60573 33.951
    endloop
  endfacet
  facet normal -0.268846 0.422005 0.865814
    outer loop
      vertex -3.02061 5.23184 34.5217
      vertex -4.03205 5.75837 33.951
      vertex -3.4651 4.94867 34.5217
    endloop
  endfacet
  facet normal -0.257493 0.335564 0.906142
    outer loop
      vertex -2.87177 4.10131 35.0041
      vertex -3.88321 4.62784 34.5217
      vertex -3.21829 3.83541 35.0041
    endloop
  endfacet
  facet normal -0.195308 0.375181 0.906142
    outer loop
      vertex -2.11595 4.53768 35.0041
      vertex -3.02061 5.23184 34.5217
      vertex -2.50339 4.33599 35.0041
    endloop
  endfacet
  facet normal -0.158071 0.30365 0.93958
    outer loop
      vertex -2.11595 4.53768 35.0041
      vertex -2.50339 4.33599 35.0041
      vertex -1.66268 3.56563 35.3945
    endloop
  endfacet
  facet normal -0.0915476 0.412947 0.906142
    outer loop
      vertex -1.04904 5.94943 34.5217
      vertex -1.56358 5.83536 34.5217
      vertex -1.29585 4.83617 35.0041
    endloop
  endfacet
  facet normal -0.108298 0.488505 0.865815
    outer loop
      vertex -1.04904 5.94943 34.5217
      vertex -1.81941 6.79014 33.951
      vertex -1.56358 5.83536 34.5217
    endloop
  endfacet
  facet normal 0.0915503 0.412948 0.906142
    outer loop
      vertex 1.04904 5.94943 34.5217
      vertex 0.869417 4.93071 35.0041
      vertex 1.29585 4.83617 35.0041
    endloop
  endfacet
  facet normal 0.0552075 0.419356 0.906142
    outer loop
      vertex 1.04904 5.94943 34.5217
      vertex 0.436369 4.98772 35.0041
      vertex 0.869417 4.93071 35.0041
    endloop
  endfacet
  facet normal 0.127189 0.403398 0.906142
    outer loop
      vertex 2.06622 5.67688 34.5217
      vertex 1.56358 5.83536 34.5217
      vertex 1.71242 4.70483 35.0041
    endloop
  endfacet
  facet normal 0.150461 0.477207 0.865815
    outer loop
      vertex 1.81941 6.79014 33.951
      vertex 1.56358 5.83536 34.5217
      vertex 2.06622 5.67688 34.5217
    endloop
  endfacet
  facet normal -0.0250334 0.573359 0.818922
    outer loop
      vertex 0 7.02967 33.951
      vertex -0.694162 7.93432 33.2964
      vertex -0.612676 7.00292 33.951
    endloop
  endfacet
  facet normal -0.0250352 0.573358 0.818922
    outer loop
      vertex 0 7.96463 33.2964
      vertex -0.694162 7.93432 33.2964
      vertex 0 7.02967 33.951
    endloop
  endfacet
  facet normal 0.0308543 0.706783 0.706757
    outer loop
      vertex 0.840708 9.60934 31.7556
      vertex 0 8.83897 32.5627
      vertex 0.770367 8.80534 32.5627
    endloop
  endfacet
  facet normal -0.0334215 0.765605 0.642442
    outer loop
      vertex 0 9.64604 31.7556
      vertex -0.904651 10.3402 30.8813
      vertex -0.840708 9.60934 31.7556
    endloop
  endfacet
  facet normal -0.29326 0.707998 0.642446
    outer loop
      vertex -3.55007 9.75373 30.8813
      vertex -4.38665 9.40721 30.8813
      vertex -4.07659 8.74229 31.7556
    endloop
  endfacet
  facet normal -0.24644 0.781474 0.573207
    outer loop
      vertex -2.89575 10.6065 30
      vertex -3.76113 10.3336 30
      vertex -3.55007 9.75373 30.8813
    endloop
  endfacet
  facet normal 0.691084 0.440269 0.573207
    outer loop
      vertex 9.03597 6.26367 30
      vertex 8.98909 5.18985 30.8813
      vertex 9.5235 5.4984 30
    endloop
  endfacet
  facet normal 0.691103 0.440237 0.573208
    outer loop
      vertex 8.50256 5.95355 30.8813
      vertex 9.03597 6.26367 30
      vertex 9.00805 6.3075 30
    endloop
  endfacet
  facet normal 0.691084 0.440269 0.573207
    outer loop
      vertex 9.03597 6.26367 30
      vertex 8.50256 5.95355 30.8813
      vertex 8.98909 5.18985 30.8813
    endloop
  endfacet
  facet normal -0.5216 0.477946 0.706754
    outer loop
      vertex -6.2501 6.2501 32.5627
      vertex -6.82078 6.82078 31.7556
      vertex -6.77104 5.68158 32.5627
    endloop
  endfacet
  facet normal -0.474195 0.434509 0.765729
    outer loop
      vertex -6.2501 6.2501 32.5627
      vertex -6.77104 5.68158 32.5627
      vertex -5.63184 5.63184 33.2964
    endloop
  endfacet
  facet normal -0.349373 0.455309 0.818921
    outer loop
      vertex -4.03205 5.75837 33.951
      vertex -4.56832 6.52424 33.2964
      vertex -4.51858 5.38504 33.951
    endloop
  endfacet
  facet normal -0.308356 0.48403 0.818921
    outer loop
      vertex -3.51483 6.08787 33.951
      vertex -4.56832 6.52424 33.2964
      vertex -4.03205 5.75837 33.951
    endloop
  endfacet
  facet normal -0.691084 0.440269 0.573207
    outer loop
      vertex -9.03597 6.26367 30
      vertex -9.5235 5.4984 30
      vertex -8.98909 5.18985 30.8813
    endloop
  endfacet
  facet normal -0.564992 0.517729 0.642449
    outer loop
      vertex -6.82078 6.82078 31.7556
      vertex -7.95132 6.67195 30.8813
      vertex -7.3893 6.20036 31.7556
    endloop
  endfacet
  facet normal -0.564993 0.517727 0.64245
    outer loop
      vertex -7.33956 7.33956 30.8813
      vertex -7.95132 6.67195 30.8813
      vertex -6.82078 6.82078 31.7556
    endloop
  endfacet
  facet normal -0.81237 0.107202 0.573203
    outer loop
      vertex -10.8365 1.85804 30
      vertex -10.222 1.80242 30.8813
      vertex -10.8297 1.90957 30
    endloop
  endfacet
  facet normal -0.812399 0.10696 0.573208
    outer loop
      vertex -10.222 1.80242 30.8813
      vertex -10.8365 1.85804 30
      vertex -10.3402 0.904651 30.8813
    endloop
  endfacet
  facet normal -0.765601 0.0334286 0.642446
    outer loop
      vertex -10.3402 0.904651 30.8813
      vertex -10.3797 0 30.8813
      vertex -9.64604 0 31.7556
    endloop
  endfacet
  facet normal -0.707998 0.29326 0.642446
    outer loop
      vertex -9.40721 4.38665 30.8813
      vertex -9.75373 3.55007 30.8813
      vertex -8.74229 4.07659 31.7556
    endloop
  endfacet
  facet normal -0.679744 0.353853 0.642446
    outer loop
      vertex -8.98909 5.18985 30.8813
      vertex -9.40721 4.38665 30.8813
      vertex -8.74229 4.07659 31.7556
    endloop
  endfacet
  facet normal -0.781474 0.24644 0.573207
    outer loop
      vertex -10.3336 3.76113 30
      vertex -10.6065 2.89575 30
      vertex -9.75373 3.55007 30.8813
    endloop
  endfacet
  facet normal -0.396967 0.304605 0.865814
    outer loop
      vertex -5.38504 4.51858 33.951
      vertex -5.75837 4.03205 33.951
      vertex -4.94867 3.4651 34.5217
    endloop
  endfacet
  facet normal -0.396966 0.304606 0.865814
    outer loop
      vertex -4.62784 3.88321 34.5217
      vertex -5.38504 4.51858 33.951
      vertex -4.94867 3.4651 34.5217
    endloop
  endfacet
  facet normal -0.48403 -0.308356 0.818921
    outer loop
      vertex -6.08787 -3.51483 33.951
      vertex -6.52424 -4.56832 33.2964
      vertex -5.75837 -4.03205 33.951
    endloop
  endfacet
  facet normal -0.510254 -0.391538 0.765728
    outer loop
      vertex -6.52424 -4.56832 33.2964
      vertex -7.24046 -5.06983 32.5627
      vertex -6.77104 -5.68158 32.5627
    endloop
  endfacet
  facet normal -0.44383 -0.231048 0.865812
    outer loop
      vertex -5.4752 -2.55313 34.5217
      vertex -6.37104 -2.97087 33.951
      vertex -5.23184 -3.02061 34.5217
    endloop
  endfacet
  facet normal -0.462282 -0.191479 0.865812
    outer loop
      vertex -5.67688 -2.06622 34.5217
      vertex -6.37104 -2.97087 33.951
      vertex -5.4752 -2.55313 34.5217
    endloop
  endfacet
  facet normal -0.570495 -0.296983 0.765726
    outer loop
      vertex -6.89757 -3.98231 33.2964
      vertex -8.01083 -3.73551 32.5627
      vertex -7.65477 -4.41949 32.5627
    endloop
  endfacet
  facet normal -0.542442 -0.345572 0.765727
    outer loop
      vertex -6.89757 -3.98231 33.2964
      vertex -7.65477 -4.41949 32.5627
      vertex -7.24046 -5.06983 32.5627
    endloop
  endfacet
  facet normal -0.488505 -0.108298 0.865815
    outer loop
      vertex -5.94943 -1.04904 34.5217
      vertex -6.79014 -1.81941 33.951
      vertex -5.83536 -1.56358 34.5217
    endloop
  endfacet
  facet normal -0.477207 -0.150461 0.865815
    outer loop
      vertex -5.83536 -1.56358 34.5217
      vertex -6.79014 -1.81941 33.951
      vertex -5.67688 -2.06622 34.5217
    endloop
  endfacet
  facet normal -0.642553 0.0280503 0.765727
    outer loop
      vertex -8.80534 0.770367 32.5627
      vertex -8.83897 0 32.5627
      vertex -7.93432 0.694162 33.2964
    endloop
  endfacet
  facet normal -0.75978 -0.100028 0.642439
    outer loop
      vertex -9.60934 -0.840708 31.7556
      vertex -10.222 -1.80242 30.8813
      vertex -9.4995 -1.67502 31.7556
    endloop
  endfacet
  facet normal -0.730875 0.230425 0.642437
    outer loop
      vertex -9.75373 3.55007 30.8813
      vertex -10.026 2.68647 30.8813
      vertex -9.31736 2.49658 31.7556
    endloop
  endfacet
  facet normal -0.748172 0.165875 0.642437
    outer loop
      vertex -10.026 2.68647 30.8813
      vertex -10.222 1.80242 30.8813
      vertex -9.31736 2.49658 31.7556
    endloop
  endfacet
  facet normal -0.646317 -0.411749 0.642447
    outer loop
      vertex -7.90158 -5.53274 31.7556
      vertex -8.98909 -5.18985 30.8813
      vertex -8.50256 -5.95355 30.8813
    endloop
  endfacet
  facet normal -0.730866 -0.230435 0.642445
    outer loop
      vertex -9.31736 -2.49658 31.7556
      vertex -9.75373 -3.55007 30.8813
      vertex -9.06432 -3.29914 31.7556
    endloop
  endfacet
  facet normal -0.748172 -0.165875 0.642437
    outer loop
      vertex -9.31736 -2.49658 31.7556
      vertex -10.222 -1.80242 30.8813
      vertex -10.026 -2.68647 30.8813
    endloop
  endfacet
  facet normal -0.570495 -0.29698 0.765727
    outer loop
      vertex -7.2184 -3.366 33.2964
      vertex -8.01083 -3.73551 32.5627
      vertex -6.89757 -3.98231 33.2964
    endloop
  endfacet
  facet normal -0.62792 -0.13921 0.765726
    outer loop
      vertex -7.84363 -1.38304 33.2964
      vertex -8.70469 -1.53487 32.5627
      vertex -8.53779 -2.28769 32.5627
    endloop
  endfacet
  facet normal -0.707998 -0.29326 0.642446
    outer loop
      vertex -8.74229 -4.07659 31.7556
      vertex -9.75373 -3.55007 30.8813
      vertex -9.40721 -4.38665 30.8813
    endloop
  endfacet
  facet normal -0.637663 -0.0839476 0.765728
    outer loop
      vertex -7.93432 -0.694162 33.2964
      vertex -8.80534 -0.770367 32.5627
      vertex -7.84363 -1.38304 33.2964
    endloop
  endfacet
  facet normal -0.653603 -0.270731 0.706759
    outer loop
      vertex -8.01083 -3.73551 32.5627
      vertex -9.06432 -3.29914 31.7556
      vertex -8.74229 -4.07659 31.7556
    endloop
  endfacet
  facet normal -0.653603 -0.270735 0.706757
    outer loop
      vertex -8.30592 -3.02311 32.5627
      vertex -9.06432 -3.29914 31.7556
      vertex -8.01083 -3.73551 32.5627
    endloop
  endfacet
  facet normal -0.218469 0.139187 0.965866
    outer loop
      vertex -2.31963 1.62423 35.6899
      vertex -3.22274 2.25658 35.3945
      vertex -2.45237 1.41588 35.6899
    endloop
  endfacet
  facet normal -0.257491 0.335566 0.906142
    outer loop
      vertex -3.4651 4.94867 34.5217
      vertex -3.88321 4.62784 34.5217
      vertex -2.87177 4.10131 35.0041
    endloop
  endfacet
  facet normal -0.271587 0.208401 0.93958
    outer loop
      vertex -3.83541 3.21829 35.0041
      vertex -4.10131 2.87177 35.0041
      vertex -3.0138 2.52888 35.3945
    endloop
  endfacet
  facet normal -0.229773 0.11961 0.965866
    outer loop
      vertex -2.45237 1.41588 35.6899
      vertex -3.56563 1.66268 35.3945
      vertex -2.56644 1.19675 35.6899
    endloop
  endfacet
  facet normal -0.105807 0.137895 0.984779
    outer loop
      vertex -0.979506 1.39888 35.8881
      vertex -1.62423 2.31963 35.6899
      vertex -1.0977 1.30819 35.8881
    endloop
  endfacet
  facet normal -0.139185 0.218472 0.965866
    outer loop
      vertex -1.96712 3.40715 35.3945
      vertex -2.25658 3.22274 35.3945
      vertex -1.41588 2.45237 35.6899
    endloop
  endfacet
  facet normal -0.131001 0.316271 0.93958
    outer loop
      vertex -1.34559 3.69697 35.3945
      vertex -1.71242 4.70483 35.0041
      vertex -1.66268 3.56563 35.3945
    endloop
  endfacet
  facet normal -0.19531 0.375179 0.906143
    outer loop
      vertex -2.55313 5.4752 34.5217
      vertex -3.02061 5.23184 34.5217
      vertex -2.11595 4.53768 35.0041
    endloop
  endfacet
  facet normal -0.390777 0.161861 0.906143
    outer loop
      vertex -5.4752 2.55313 34.5217
      vertex -5.67688 2.06622 34.5217
      vertex -4.53768 2.11595 35.0041
    endloop
  endfacet
  facet normal -0.390776 0.161867 0.906142
    outer loop
      vertex -4.53768 2.11595 35.0041
      vertex -5.67688 2.06622 34.5217
      vertex -4.70483 1.71242 35.0041
    endloop
  endfacet
  facet normal -0.368911 0.338037 0.865815
    outer loop
      vertex -4.97073 4.97073 33.951
      vertex -5.38504 4.51858 33.951
      vertex -4.27178 4.27178 34.5217
    endloop
  endfacet
  facet normal -0.368908 0.338043 0.865814
    outer loop
      vertex -4.27178 4.27178 34.5217
      vertex -5.38504 4.51858 33.951
      vertex -4.62784 3.88321 34.5217
    endloop
  endfacet
  facet normal -0.568992 0.0749125 0.818924
    outer loop
      vertex -6.92287 1.22069 33.951
      vertex -7.84363 1.38304 33.2964
      vertex -7.00292 0.612676 33.951
    endloop
  endfacet
  facet normal -0.488505 0.108298 0.865815
    outer loop
      vertex -5.83536 1.56358 34.5217
      vertex -6.79014 1.81941 33.951
      vertex -5.94943 1.04904 34.5217
    endloop
  endfacet
  facet normal -0.488506 -0.108297 0.865814
    outer loop
      vertex -5.94943 -1.04904 34.5217
      vertex -6.92287 -1.22069 33.951
      vertex -6.79014 -1.81941 33.951
    endloop
  endfacet
  facet normal -0.573358 0.0250352 0.818922
    outer loop
      vertex -7.93432 0.694162 33.2964
      vertex -7.96463 0 33.2964
      vertex -7.02967 0 33.951
    endloop
  endfacet
  facet normal -0.674714 0.21273 0.706758
    outer loop
      vertex -8.30592 3.02311 32.5627
      vertex -9.31736 2.49658 31.7556
      vertex -8.53779 2.28769 32.5627
    endloop
  endfacet
  facet normal -0.75978 0.100028 0.642439
    outer loop
      vertex -9.4995 1.67502 31.7556
      vertex -10.222 1.80242 30.8813
      vertex -9.60934 0.840708 31.7556
    endloop
  endfacet
  facet normal -0.74817 -0.165869 0.642439
    outer loop
      vertex -9.4995 -1.67502 31.7556
      vertex -10.222 -1.80242 30.8813
      vertex -9.31736 -2.49658 31.7556
    endloop
  endfacet
  facet normal -0.637664 -0.0839511 0.765726
    outer loop
      vertex -7.84363 -1.38304 33.2964
      vertex -8.80534 -0.770367 32.5627
      vertex -8.70469 -1.53487 32.5627
    endloop
  endfacet
  facet normal -0.488506 0.108297 0.865814
    outer loop
      vertex -6.79014 1.81941 33.951
      vertex -6.92287 1.22069 33.951
      vertex -5.94943 1.04904 34.5217
    endloop
  endfacet
  facet normal -0.568995 0.0749076 0.818922
    outer loop
      vertex -7.84363 1.38304 33.2964
      vertex -7.93432 0.694162 33.2964
      vertex -7.00292 0.612676 33.951
    endloop
  endfacet
  facet normal -0.172323 -0.0226919 0.984779
    outer loop
      vertex -1.70122 -0.148837 35.8881
      vertex -2.82098 -0.246803 35.6899
      vertex -1.68177 -0.296541 35.8881
    endloop
  endfacet
  facet normal -0.172323 -0.0226902 0.984779
    outer loop
      vertex -1.68177 -0.296541 35.8881
      vertex -2.82098 -0.246803 35.6899
      vertex -2.78873 -0.491728 35.6899
    endloop
  endfacet
  facet normal -0.0851052 0.0188644 0.996193
    outer loop
      vertex -1.64953 0.441989 35.8881
      vertex -1.68177 0.296541 35.8881
      vertex -0.551241 0.147704 35.9875
    endloop
  endfacet
  facet normal -0.169691 0.0376138 0.984779
    outer loop
      vertex -1.64953 0.441989 35.8881
      vertex -2.78873 0.491728 35.6899
      vertex -1.68177 0.296541 35.8881
    endloop
  endfacet
  facet normal -0.173645 0.0075834 0.984779
    outer loop
      vertex -1.70122 0.148837 35.8881
      vertex -2.82098 0.246803 35.6899
      vertex -1.70772 0 35.8881
    endloop
  endfacet
  facet normal -0.173646 0.00757757 0.984779
    outer loop
      vertex -2.82098 0.246803 35.6899
      vertex -2.83175 0 35.6899
      vertex -1.70772 0 35.8881
    endloop
  endfacet
  facet normal -0.326484 -0.10294 0.93958
    outer loop
      vertex -3.80018 -1.01825 35.3945
      vertex -4.70483 -1.71242 35.0041
      vertex -3.69697 -1.34559 35.3945
    endloop
  endfacet
  facet normal -0.316271 -0.131001 0.93958
    outer loop
      vertex -3.69697 -1.34559 35.3945
      vertex -4.70483 -1.71242 35.0041
      vertex -3.56563 -1.66268 35.3945
    endloop
  endfacet
  facet normal -0.422005 -0.268846 0.865814
    outer loop
      vertex -5.23184 -3.02061 34.5217
      vertex -5.75837 -4.03205 33.951
      vertex -4.94867 -3.4651 34.5217
    endloop
  endfacet
  facet normal -0.396967 -0.304605 0.865814
    outer loop
      vertex -4.94867 -3.4651 34.5217
      vertex -5.75837 -4.03205 33.951
      vertex -5.38504 -4.51858 33.951
    endloop
  endfacet
  facet normal -0.0262127 -0.0831362 0.996193
    outer loop
      vertex -0.195186 -0.53627 35.9875
      vertex -0.441989 -1.64953 35.8881
      vertex -0.147704 -0.551241 35.9875
    endloop
  endfacet
  facet normal -0.0991292 -0.239324 0.965866
    outer loop
      vertex -0.968515 -2.66098 35.6899
      vertex -1.66268 -3.56563 35.3945
      vertex -1.34559 -3.69697 35.3945
    endloop
  endfacet
  facet normal 0.117425 -0.128147 0.984779
    outer loop
      vertex 1.20754 -1.20754 35.8881
      vertex 1.0977 -1.30819 35.8881
      vertex 1.82021 -2.16925 35.6899
    endloop
  endfacet
  facet normal 0.105809 -0.137894 0.984779
    outer loop
      vertex 1.82021 -2.16925 35.6899
      vertex 1.0977 -1.30819 35.8881
      vertex 1.62423 -2.31963 35.6899
    endloop
  endfacet
  facet normal 0.0665126 -0.160581 0.984779
    outer loop
      vertex 0.721712 -1.54772 35.8881
      vertex 0.584073 -1.60473 35.8881
      vertex 1.19675 -2.56644 35.6899
    endloop
  endfacet
  facet normal 0.172323 -0.0226902 0.984779
    outer loop
      vertex 2.82098 -0.246803 35.6899
      vertex 1.68177 -0.296541 35.8881
      vertex 2.78873 -0.491728 35.6899
    endloop
  endfacet
  facet normal 0.0773215 -0.0402505 0.996193
    outer loop
      vertex 1.54772 -0.721712 35.8881
      vertex 0.494229 -0.285343 35.9875
      vertex 1.47893 -0.853858 35.8881
    endloop
  endfacet
  facet normal 0.0735181 -0.0468382 0.996193
    outer loop
      vertex 1.47893 -0.853858 35.8881
      vertex 0.494229 -0.285343 35.9875
      vertex 1.39888 -0.979506 35.8881
    endloop
  endfacet
  facet normal 0.0773212 -0.0402513 0.996193
    outer loop
      vertex 0.517218 -0.241182 35.9875
      vertex 0.494229 -0.285343 35.9875
      vertex 1.54772 -0.721712 35.8881
    endloop
  endfacet
  facet normal 0.165766 -0.0522672 0.984779
    outer loop
      vertex 1.64953 -0.441989 35.8881
      vertex 1.60473 -0.584073 35.8881
      vertex 2.73526 -0.732911 35.6899
    endloop
  endfacet
  facet normal 0.0864249 -0.0113791 0.996193
    outer loop
      vertex 0.568515 -0.0497379 35.9875
      vertex 0.562016 -0.0990982 35.9875
      vertex 1.70122 -0.148837 35.8881
    endloop
  endfacet
  facet normal 0.173645 0.0075834 0.984779
    outer loop
      vertex 2.82098 0.246803 35.6899
      vertex 1.70122 0.148837 35.8881
      vertex 1.70772 0 35.8881
    endloop
  endfacet
  facet normal 0.0864249 -0.0113806 0.996193
    outer loop
      vertex 1.70122 -0.148837 35.8881
      vertex 0.562016 -0.0990982 35.9875
      vertex 1.68177 -0.296541 35.8881
    endloop
  endfacet
  facet normal 0.085105 -0.0188662 0.996193
    outer loop
      vertex 0.562016 -0.0990982 35.9875
      vertex 0.551241 -0.147704 35.9875
      vertex 1.68177 -0.296541 35.8881
    endloop
  endfacet
  facet normal 0.0870877 0.00380127 0.996193
    outer loop
      vertex 1.70772 0 35.8881
      vertex 0.568515 0.0497379 35.9875
      vertex 0.570686 0 35.9875
    endloop
  endfacet
  facet normal 0.0870877 -0.00380127 0.996193
    outer loop
      vertex 0.570686 0 35.9875
      vertex 0.568515 -0.0497379 35.9875
      vertex 1.70772 0 35.8881
    endloop
  endfacet
  facet normal 0.146589 0.0933912 0.984779
    outer loop
      vertex 2.45237 1.41588 35.6899
      vertex 1.39888 0.979506 35.8881
      vertex 1.47893 0.853858 35.8881
    endloop
  endfacet
  facet normal 0.169691 0.0376138 0.984779
    outer loop
      vertex 2.78873 0.491728 35.6899
      vertex 1.64953 0.441989 35.8881
      vertex 1.68177 0.296541 35.8881
    endloop
  endfacet
  facet normal 0.247055 0.0778902 0.965866
    outer loop
      vertex 3.69697 1.34559 35.3945
      vertex 2.66098 0.968515 35.6899
      vertex 2.73526 0.732911 35.6899
    endloop
  endfacet
  facet normal 0.239324 0.0991292 0.965866
    outer loop
      vertex 3.56563 1.66268 35.3945
      vertex 2.66098 0.968515 35.6899
      vertex 3.69697 1.34559 35.3945
    endloop
  endfacet
  facet normal 0.356733 0.22726 0.906142
    outer loop
      vertex 5.23184 3.02061 34.5217
      vertex 4.10131 2.87177 35.0041
      vertex 4.33599 2.50339 35.0041
    endloop
  endfacet
  facet normal 0.356733 0.227263 0.906142
    outer loop
      vertex 4.94867 3.4651 34.5217
      vertex 4.10131 2.87177 35.0041
      vertex 5.23184 3.02061 34.5217
    endloop
  endfacet
  facet normal 0.30365 0.158071 0.93958
    outer loop
      vertex 4.33599 2.50339 35.0041
      vertex 3.56563 1.66268 35.3945
      vertex 4.53768 2.11595 35.0041
    endloop
  endfacet
  facet normal 0.316271 0.131006 0.93958
    outer loop
      vertex 4.53768 2.11595 35.0041
      vertex 3.56563 1.66268 35.3945
      vertex 4.70483 1.71242 35.0041
    endloop
  endfacet
  facet normal 0.229773 0.11961 0.965866
    outer loop
      vertex 3.56563 1.66268 35.3945
      vertex 2.45237 1.41588 35.6899
      vertex 2.56644 1.19675 35.6899
    endloop
  endfacet
  facet normal 0.271589 0.208394 0.93958
    outer loop
      vertex 4.10131 2.87177 35.0041
      vertex 3.0138 2.52888 35.3945
      vertex 3.22274 2.25658 35.3945
    endloop
  endfacet
  facet normal 0.0991292 -0.239324 0.965866
    outer loop
      vertex 1.66268 -3.56563 35.3945
      vertex 0.968515 -2.66098 35.6899
      vertex 1.34559 -3.69697 35.3945
    endloop
  endfacet
  facet normal 0.0991325 -0.239322 0.965866
    outer loop
      vertex 1.19675 -2.56644 35.6899
      vertex 0.968515 -2.66098 35.6899
      vertex 1.66268 -3.56563 35.3945
    endloop
  endfacet
  facet normal 0.205512 -0.157693 0.965866
    outer loop
      vertex 3.22274 -2.25658 35.3945
      vertex 2.31963 -1.62423 35.6899
      vertex 3.0138 -2.52888 35.3945
    endloop
  endfacet
  facet normal 0.205511 -0.157693 0.965866
    outer loop
      vertex 2.31963 -1.62423 35.6899
      vertex 2.16925 -1.82021 35.6899
      vertex 3.0138 -2.52888 35.3945
    endloop
  endfacet
  facet normal 0.268844 -0.422008 0.865813
    outer loop
      vertex 4.03205 -5.75837 33.951
      vertex 3.02061 -5.23184 34.5217
      vertex 3.51483 -6.08787 33.951
    endloop
  endfacet
  facet normal 0.268846 -0.422005 0.865814
    outer loop
      vertex 3.4651 -4.94867 34.5217
      vertex 3.02061 -5.23184 34.5217
      vertex 4.03205 -5.75837 33.951
    endloop
  endfacet
  facet normal -0.0338171 -0.256826 0.965866
    outer loop
      vertex -0.246803 -2.82098 35.6899
      vertex -0.491728 -2.78873 35.6899
      vertex -0.342891 -3.91926 35.3945
    endloop
  endfacet
  facet normal -0.0112934 -0.258797 0.965866
    outer loop
      vertex -0.246803 -2.82098 35.6899
      vertex -0.342891 -3.91926 35.3945
      vertex 0 -2.83175 35.6899
    endloop
  endfacet
  facet normal -0.0402505 -0.0773215 0.996193
    outer loop
      vertex -0.285343 -0.494229 35.9875
      vertex -0.853858 -1.47893 35.8881
      vertex -0.721712 -1.54772 35.8881
    endloop
  endfacet
  facet normal -0.0778902 -0.247055 0.965866
    outer loop
      vertex -0.968515 -2.66098 35.6899
      vertex -1.34559 -3.69697 35.3945
      vertex -0.732911 -2.73526 35.6899
    endloop
  endfacet
  facet normal 0.127187 -0.403398 0.906142
    outer loop
      vertex 1.71242 -4.70483 35.0041
      vertex 1.29585 -4.83617 35.0041
      vertex 1.56358 -5.83536 34.5217
    endloop
  endfacet
  facet normal 0.102938 -0.326486 0.93958
    outer loop
      vertex 1.71242 -4.70483 35.0041
      vertex 1.01825 -3.80018 35.3945
      vertex 1.29585 -4.83617 35.0041
    endloop
  endfacet
  facet normal 0.308359 -0.484025 0.818923
    outer loop
      vertex 4.56832 -6.52424 33.2964
      vertex 3.51483 -6.08787 33.951
      vertex 3.98231 -6.89757 33.2964
    endloop
  endfacet
  facet normal 0.264999 -0.509059 0.818923
    outer loop
      vertex 3.51483 -6.08787 33.951
      vertex 3.366 -7.2184 33.2964
      vertex 3.98231 -6.89757 33.2964
    endloop
  endfacet
  facet normal 0.191479 -0.462282 0.865812
    outer loop
      vertex 2.55313 -5.4752 34.5217
      vertex 2.06622 -5.67688 34.5217
      vertex 2.97087 -6.37104 33.951
    endloop
  endfacet
  facet normal 0.161861 -0.390777 0.906143
    outer loop
      vertex 2.11595 -4.53768 35.0041
      vertex 2.06622 -5.67688 34.5217
      vertex 2.55313 -5.4752 34.5217
    endloop
  endfacet
  facet normal -0.0250352 -0.573358 0.818922
    outer loop
      vertex 0 -7.02967 33.951
      vertex -0.694162 -7.93432 33.2964
      vertex 0 -7.96463 33.2964
    endloop
  endfacet
  facet normal 0.0250352 -0.573358 0.818922
    outer loop
      vertex 0.694162 -7.93432 33.2964
      vertex 0 -7.02967 33.951
      vertex 0 -7.96463 33.2964
    endloop
  endfacet
  facet normal 0.0184509 -0.42257 0.906143
    outer loop
      vertex 0.526525 -6.01822 34.5217
      vertex 0 -5.00677 35.0041
      vertex 0 -6.04121 34.5217
    endloop
  endfacet
  facet normal 0.021827 -0.499889 0.865814
    outer loop
      vertex 0.526525 -6.01822 34.5217
      vertex 0 -6.04121 34.5217
      vertex 0 -7.02967 33.951
    endloop
  endfacet
  facet normal -0.326484 0.10294 0.93958
    outer loop
      vertex -3.69697 1.34559 35.3945
      vertex -4.70483 1.71242 35.0041
      vertex -3.80018 1.01825 35.3945
    endloop
  endfacet
  facet normal -0.0831361 0.0262133 0.996193
    outer loop
      vertex -1.60473 0.584073 35.8881
      vertex -1.64953 0.441989 35.8881
      vertex -0.53627 0.195186 35.9875
    endloop
  endfacet
  facet normal -0.0805357 0.0333578 0.996193
    outer loop
      vertex -1.54772 0.721712 35.8881
      vertex -1.60473 0.584073 35.8881
      vertex -0.517218 0.241182 35.9875
    endloop
  endfacet
  facet normal -0.0805354 0.0333586 0.996193
    outer loop
      vertex -0.517218 0.241182 35.9875
      vertex -1.60473 0.584073 35.8881
      vertex -0.53627 0.195186 35.9875
    endloop
  endfacet
  facet normal -0.137895 0.105807 0.984779
    outer loop
      vertex -1.30819 1.0977 35.8881
      vertex -2.31963 1.62423 35.6899
      vertex -1.39888 0.979506 35.8881
    endloop
  endfacet
  facet normal -0.137894 0.105809 0.984779
    outer loop
      vertex -2.16925 1.82021 35.6899
      vertex -2.31963 1.62423 35.6899
      vertex -1.30819 1.0977 35.8881
    endloop
  endfacet
  facet normal -0.069157 -0.0530663 0.996193
    outer loop
      vertex -0.467479 -0.327332 35.9875
      vertex -1.30819 -1.0977 35.8881
      vertex -0.437171 -0.36683 35.9875
    endloop
  endfacet
  facet normal -0.160581 -0.0665126 0.984779
    outer loop
      vertex -1.60473 -0.584073 35.8881
      vertex -2.56644 -1.19675 35.6899
      vertex -1.54772 -0.721712 35.8881
    endloop
  endfacet
  facet normal -0.117425 -0.128147 0.984779
    outer loop
      vertex -1.20754 -1.20754 35.8881
      vertex -2.00235 -2.00235 35.6899
      vertex -1.82021 -2.16925 35.6899
    endloop
  endfacet
  facet normal -0.0933917 -0.146588 0.984779
    outer loop
      vertex -0.979506 -1.39888 35.8881
      vertex -1.62423 -2.31963 35.6899
      vertex -1.41588 -2.45237 35.6899
    endloop
  endfacet
  facet normal 0.0262127 -0.0831362 0.996193
    outer loop
      vertex 0.195186 -0.53627 35.9875
      vertex 0.147704 -0.551241 35.9875
      vertex 0.441989 -1.64953 35.8881
    endloop
  endfacet
  facet normal 0.0468369 -0.0735191 0.996193
    outer loop
      vertex 0.327332 -0.467479 35.9875
      vertex 0.285343 -0.494229 35.9875
      vertex 0.979506 -1.39888 35.8881
    endloop
  endfacet
  facet normal -0.105807 -0.137895 0.984779
    outer loop
      vertex -1.0977 -1.30819 35.8881
      vertex -1.62423 -2.31963 35.6899
      vertex -0.979506 -1.39888 35.8881
    endloop
  endfacet
  facet normal -0.0665155 -0.160579 0.984779
    outer loop
      vertex -0.584073 -1.60473 35.8881
      vertex -1.19675 -2.56644 35.6899
      vertex -0.968515 -2.66098 35.6899
    endloop
  endfacet
  facet normal -0.0522622 -0.165767 0.984779
    outer loop
      vertex -0.584073 -1.60473 35.8881
      vertex -0.968515 -2.66098 35.6899
      vertex -0.732911 -2.73526 35.6899
    endloop
  endfacet
  facet normal -0.00380329 -0.0870877 0.996193
    outer loop
      vertex -0.0497379 -0.568515 35.9875
      vertex -0.148837 -1.70122 35.8881
      vertex 0 -1.70772 35.8881
    endloop
  endfacet
  facet normal -0.0226919 -0.172323 0.984779
    outer loop
      vertex -0.148837 -1.70122 35.8881
      vertex -0.296541 -1.68177 35.8881
      vertex -0.246803 -2.82098 35.6899
    endloop
  endfacet
  facet normal -0.0831362 -0.0262127 0.996193
    outer loop
      vertex -0.551241 -0.147704 35.9875
      vertex -1.64953 -0.441989 35.8881
      vertex -0.53627 -0.195186 35.9875
    endloop
  endfacet
  facet normal -0.0864249 0.0113791 0.996193
    outer loop
      vertex -0.562016 0.0990982 35.9875
      vertex -1.70122 0.148837 35.8881
      vertex -0.568515 0.0497379 35.9875
    endloop
  endfacet
  facet normal -0.0870877 0.00380329 0.996193
    outer loop
      vertex -1.70122 0.148837 35.8881
      vertex -1.70772 0 35.8881
      vertex -0.568515 0.0497379 35.9875
    endloop
  endfacet
  facet normal -0.0522622 0.165767 0.984779
    outer loop
      vertex -0.732911 2.73526 35.6899
      vertex -0.968515 2.66098 35.6899
      vertex -0.584073 1.60473 35.8881
    endloop
  endfacet
  facet normal -0.139187 0.218469 0.965866
    outer loop
      vertex -1.41588 2.45237 35.6899
      vertex -2.25658 3.22274 35.3945
      vertex -1.62423 2.31963 35.6899
    endloop
  endfacet
  facet normal -0.0338171 0.256826 0.965866
    outer loop
      vertex -0.342891 3.91926 35.3945
      vertex -0.491728 2.78873 35.6899
      vertex -0.246803 2.82098 35.6899
    endloop
  endfacet
  facet normal -0.0338126 0.256826 0.965866
    outer loop
      vertex -0.342891 3.91926 35.3945
      vertex -0.683172 3.87446 35.3945
      vertex -0.491728 2.78873 35.6899
    endloop
  endfacet
  facet normal 0.0262133 0.0831361 0.996193
    outer loop
      vertex 0.441989 1.64953 35.8881
      vertex 0.195186 0.53627 35.9875
      vertex 0.584073 1.60473 35.8881
    endloop
  endfacet
  facet normal 0.0338126 0.256826 0.965866
    outer loop
      vertex 0.683172 3.87446 35.3945
      vertex 0.342891 3.91926 35.3945
      vertex 0.491728 2.78873 35.6899
    endloop
  endfacet
  facet normal 0.0112985 0.258795 0.965866
    outer loop
      vertex 0.342891 3.91926 35.3945
      vertex 0 3.93423 35.3945
      vertex 0 2.83175 35.6899
    endloop
  endfacet
  facet normal 0.0333586 0.0805354 0.996193
    outer loop
      vertex 0.584073 1.60473 35.8881
      vertex 0.195186 0.53627 35.9875
      vertex 0.241182 0.517218 35.9875
    endloop
  endfacet
  facet normal 0.0522672 0.165766 0.984779
    outer loop
      vertex 0.732911 2.73526 35.6899
      vertex 0.441989 1.64953 35.8881
      vertex 0.584073 1.60473 35.8881
    endloop
  endfacet
  facet normal -0.0376138 0.169691 0.984779
    outer loop
      vertex -0.296541 1.68177 35.8881
      vertex -0.491728 2.78873 35.6899
      vertex -0.441989 1.64953 35.8881
    endloop
  endfacet
  facet normal 0.053065 0.0691582 0.996193
    outer loop
      vertex 0.979506 1.39888 35.8881
      vertex 0.327332 0.467479 35.9875
      vertex 1.0977 1.30819 35.8881
    endloop
  endfacet
  facet normal 0.0773212 0.0402513 0.996193
    outer loop
      vertex 1.54772 0.721712 35.8881
      vertex 0.494229 0.285343 35.9875
      vertex 0.517218 0.241182 35.9875
    endloop
  endfacet
  facet normal 0.160581 0.0665126 0.984779
    outer loop
      vertex 2.56644 1.19675 35.6899
      vertex 1.54772 0.721712 35.8881
      vertex 1.60473 0.584073 35.8881
    endloop
  endfacet
  facet normal 0.0831361 -0.0262133 0.996193
    outer loop
      vertex 1.64953 -0.441989 35.8881
      vertex 0.53627 -0.195186 35.9875
      vertex 1.60473 -0.584073 35.8881
    endloop
  endfacet
  facet normal 0.0805354 -0.0333586 0.996193
    outer loop
      vertex 0.53627 -0.195186 35.9875
      vertex 0.517218 -0.241182 35.9875
      vertex 1.60473 -0.584073 35.8881
    endloop
  endfacet
  facet normal 0.412948 0.0915503 0.906142
    outer loop
      vertex 5.94943 1.04904 34.5217
      vertex 4.83617 1.29585 35.0041
      vertex 4.93071 0.869417 35.0041
    endloop
  endfacet
  facet normal 0.334213 0.0740949 0.939581
    outer loop
      vertex 4.83617 1.29585 35.0041
      vertex 3.87446 0.683172 35.3945
      vertex 4.93071 0.869417 35.0041
    endloop
  endfacet
  facet normal 0.474192 0.434519 0.765725
    outer loop
      vertex 6.77104 5.68158 32.5627
      vertex 5.63184 5.63184 33.2964
      vertex 6.10126 5.11956 33.2964
    endloop
  endfacet
  facet normal 0.455309 0.349373 0.818921
    outer loop
      vertex 6.52424 4.56832 33.2964
      vertex 5.38504 4.51858 33.951
      vertex 5.75837 4.03205 33.951
    endloop
  endfacet
  facet normal 0.208394 0.271589 0.93958
    outer loop
      vertex 2.87177 4.10131 35.0041
      vertex 2.25658 3.22274 35.3945
      vertex 2.52888 3.0138 35.3945
    endloop
  endfacet
  facet normal 0.158071 0.30365 0.93958
    outer loop
      vertex 2.11595 4.53768 35.0041
      vertex 1.66268 3.56563 35.3945
      vertex 2.50339 4.33599 35.0041
    endloop
  endfacet
  facet normal 0.0530663 0.069157 0.996193
    outer loop
      vertex 1.0977 1.30819 35.8881
      vertex 0.327332 0.467479 35.9875
      vertex 0.36683 0.437171 35.9875
    endloop
  endfacet
  facet normal 0.128147 0.117425 0.984779
    outer loop
      vertex 2.00235 2.00235 35.6899
      vertex 1.20754 1.20754 35.8881
      vertex 2.16925 1.82021 35.6899
    endloop
  endfacet
  facet normal 0.19098 0.17501 0.965866
    outer loop
      vertex 2.78192 2.78192 35.3945
      vertex 2.16925 1.82021 35.6899
      vertex 3.0138 2.52888 35.3945
    endloop
  endfacet
  facet normal 0.252387 0.231282 0.939579
    outer loop
      vertex 3.83541 3.21829 35.0041
      vertex 2.78192 2.78192 35.3945
      vertex 3.0138 2.52888 35.3945
    endloop
  endfacet
  facet normal 0.131001 0.316271 0.93958
    outer loop
      vertex 1.71242 4.70483 35.0041
      vertex 1.34559 3.69697 35.3945
      vertex 1.66268 3.56563 35.3945
    endloop
  endfacet
  facet normal 0.0991292 0.239324 0.965866
    outer loop
      vertex 1.34559 3.69697 35.3945
      vertex 0.968515 2.66098 35.6899
      vertex 1.66268 3.56563 35.3945
    endloop
  endfacet
  facet normal 0.29326 0.707998 0.642446
    outer loop
      vertex 4.38665 9.40721 30.8813
      vertex 3.55007 9.75373 30.8813
      vertex 4.07659 8.74229 31.7556
    endloop
  endfacet
  facet normal 0.353853 0.679744 0.642446
    outer loop
      vertex 4.38665 9.40721 30.8813
      vertex 4.07659 8.74229 31.7556
      vertex 5.18985 8.98909 30.8813
    endloop
  endfacet
  facet normal 0.380114 0.596663 0.706758
    outer loop
      vertex 4.82302 8.35372 31.7556
      vertex 4.41949 7.65477 32.5627
      vertex 5.06983 7.24046 32.5627
    endloop
  endfacet
  facet normal 0.246128 0.594207 0.765728
    outer loop
      vertex 3.73551 8.01083 32.5627
      vertex 2.72406 7.4843 33.2964
      vertex 3.366 7.2184 33.2964
    endloop
  endfacet
  facet normal 0.172575 0.547345 0.818921
    outer loop
      vertex 2.72406 7.4843 33.2964
      vertex 1.81941 6.79014 33.951
      vertex 2.40429 6.60573 33.951
    endloop
  endfacet
  facet normal 0.219629 0.530219 0.818921
    outer loop
      vertex 2.72406 7.4843 33.2964
      vertex 2.40429 6.60573 33.951
      vertex 2.97087 6.37104 33.951
    endloop
  endfacet
  facet normal 0.219624 0.530219 0.818922
    outer loop
      vertex 3.366 7.2184 33.2964
      vertex 2.72406 7.4843 33.2964
      vertex 2.97087 6.37104 33.951
    endloop
  endfacet
  facet normal 0.296983 0.570495 0.765726
    outer loop
      vertex 4.41949 7.65477 32.5627
      vertex 3.73551 8.01083 32.5627
      vertex 3.98231 6.89757 33.2964
    endloop
  endfacet
  facet normal 0.0149312 0.342003 0.93958
    outer loop
      vertex 0.342891 3.91926 35.3945
      vertex 0 5.00677 35.0041
      vertex 0 3.93423 35.3945
    endloop
  endfacet
  facet normal 0.0149304 0.342003 0.93958
    outer loop
      vertex 0.436369 4.98772 35.0041
      vertex 0 5.00677 35.0041
      vertex 0.342891 3.91926 35.3945
    endloop
  endfacet
  facet normal -0.10696 0.812399 0.573208
    outer loop
      vertex -1.85804 10.8365 30
      vertex -1.80242 10.222 30.8813
      vertex -0.904651 10.3402 30.8813
    endloop
  endfacet
  facet normal -0.107202 0.81237 0.573203
    outer loop
      vertex -1.80242 10.222 30.8813
      vertex -1.85804 10.8365 30
      vertex -1.90957 10.8297 30
    endloop
  endfacet
  facet normal -0.100032 0.759777 0.642442
    outer loop
      vertex -0.904651 10.3402 30.8813
      vertex -1.80242 10.222 30.8813
      vertex -0.840708 9.60934 31.7556
    endloop
  endfacet
  facet normal 0.0334215 0.765605 0.642442
    outer loop
      vertex 0.904651 10.3402 30.8813
      vertex 0 9.64604 31.7556
      vertex 0.840708 9.60934 31.7556
    endloop
  endfacet
  facet normal 0.177359 0.799971 0.573228
    outer loop
      vertex 1.96031 10.8185 30
      vertex 1.80242 10.222 30.8813
      vertex 2.68647 10.026 30.8813
    endloop
  endfacet
  facet normal 0.176619 0.800145 0.573213
    outer loop
      vertex 1.80242 10.222 30.8813
      vertex 1.96031 10.8185 30
      vertex 1.90957 10.8297 30
    endloop
  endfacet
  facet normal -0.313759 0.756964 0.573202
    outer loop
      vertex -3.80914 10.3137 30
      vertex -3.55007 9.75373 30.8813
      vertex -3.76113 10.3336 30
    endloop
  endfacet
  facet normal -0.313575 0.757043 0.573198
    outer loop
      vertex -3.55007 9.75373 30.8813
      vertex -3.80914 10.3137 30
      vertex -4.38665 9.40721 30.8813
    endloop
  endfacet
  facet normal -0.31356 0.757043 0.573207
    outer loop
      vertex -3.80914 10.3137 30
      vertex -4.64745 9.96648 30
      vertex -4.38665 9.40721 30.8813
    endloop
  endfacet
  facet normal 0.24644 0.781474 0.573207
    outer loop
      vertex 3.76113 10.3336 30
      vertex 2.89575 10.6065 30
      vertex 3.55007 9.75373 30.8813
    endloop
  endfacet
  facet normal 0.313575 0.757043 0.573198
    outer loop
      vertex 3.80914 10.3137 30
      vertex 3.55007 9.75373 30.8813
      vertex 4.38665 9.40721 30.8813
    endloop
  endfacet
  facet normal 0.313759 0.756964 0.573202
    outer loop
      vertex 3.55007 9.75373 30.8813
      vertex 3.80914 10.3137 30
      vertex 3.76113 10.3336 30
    endloop
  endfacet
  facet normal 0.637663 0.0839476 0.765728
    outer loop
      vertex 8.80534 0.770367 32.5627
      vertex 7.84363 1.38304 33.2964
      vertex 7.93432 0.694162 33.2964
    endloop
  endfacet
  facet normal 0.642553 0.0280503 0.765727
    outer loop
      vertex 8.80534 0.770367 32.5627
      vertex 7.93432 0.694162 33.2964
      vertex 8.83897 0 32.5627
    endloop
  endfacet
  facet normal 0.530219 0.219629 0.818921
    outer loop
      vertex 7.4843 2.72406 33.2964
      vertex 6.37104 2.97087 33.951
      vertex 6.60573 2.40429 33.951
    endloop
  endfacet
  facet normal 0.477207 0.150461 0.865815
    outer loop
      vertex 6.79014 1.81941 33.951
      vertex 5.67688 2.06622 34.5217
      vertex 5.83536 1.56358 34.5217
    endloop
  endfacet
  facet normal 0.674714 0.21273 0.706758
    outer loop
      vertex 9.31736 2.49658 31.7556
      vertex 8.30592 3.02311 32.5627
      vertex 8.53779 2.28769 32.5627
    endloop
  endfacet
  facet normal 0.613398 0.193398 0.765729
    outer loop
      vertex 8.30592 3.02311 32.5627
      vertex 7.4843 2.72406 33.2964
      vertex 8.53779 2.28769 32.5627
    endloop
  endfacet
  facet normal 0.79997 0.177356 0.57323
    outer loop
      vertex 10.6221 2.84618 30
      vertex 10.026 2.68647 30.8813
      vertex 10.8185 1.96031 30
    endloop
  endfacet
  facet normal -0.191485 0.462276 0.865814
    outer loop
      vertex -2.40429 6.60573 33.951
      vertex -2.97087 6.37104 33.951
      vertex -2.06622 5.67688 34.5217
    endloop
  endfacet
  facet normal -0.150461 0.477207 0.865814
    outer loop
      vertex -1.81941 6.79014 33.951
      vertex -2.40429 6.60573 33.951
      vertex -2.06622 5.67688 34.5217
    endloop
  endfacet
  facet normal -0.231048 0.44383 0.865812
    outer loop
      vertex -2.97087 6.37104 33.951
      vertex -3.02061 5.23184 34.5217
      vertex -2.55313 5.4752 34.5217
    endloop
  endfacet
  facet normal -0.131006 0.316271 0.93958
    outer loop
      vertex -1.71242 4.70483 35.0041
      vertex -2.11595 4.53768 35.0041
      vertex -1.66268 3.56563 35.3945
    endloop
  endfacet
  facet normal 0.100032 0.759777 0.642442
    outer loop
      vertex 0.904651 10.3402 30.8813
      vertex 0.840708 9.60934 31.7556
      vertex 1.80242 10.222 30.8813
    endloop
  endfacet
  facet normal 0.106925 0.812421 0.573183
    outer loop
      vertex 0.958433 10.9549 30
      vertex 0.904651 10.3402 30.8813
      vertex 1.85804 10.8365 30
    endloop
  endfacet
  facet normal -0.650096 0.498764 0.573245
    outer loop
      vertex -9.00805 6.3075 30
      vertex -7.95132 6.67195 30.8813
      vertex -8.97641 6.34874 30
    endloop
  endfacet
  facet normal -0.650085 0.49882 0.573209
    outer loop
      vertex -7.95132 6.67195 30.8813
      vertex -9.00805 6.3075 30
      vertex -8.50256 5.95355 30.8813
    endloop
  endfacet
  facet normal -0.691103 0.440237 0.573208
    outer loop
      vertex -9.03597 6.26367 30
      vertex -8.50256 5.95355 30.8813
      vertex -9.00805 6.3075 30
    endloop
  endfacet
  facet normal -0.691084 0.440269 0.573207
    outer loop
      vertex -8.50256 5.95355 30.8813
      vertex -9.03597 6.26367 30
      vertex -8.98909 5.18985 30.8813
    endloop
  endfacet
  facet normal -0.759777 0.100032 0.642442
    outer loop
      vertex -10.222 1.80242 30.8813
      vertex -10.3402 0.904651 30.8813
      vertex -9.60934 0.840708 31.7556
    endloop
  endfacet
  facet normal -0.812421 0.106925 0.573183
    outer loop
      vertex -10.8365 1.85804 30
      vertex -10.9549 0.958433 30
      vertex -10.3402 0.904651 30.8813
    endloop
  endfacet
  facet normal -0.594204 -0.246131 0.765729
    outer loop
      vertex -7.4843 -2.72406 33.2964
      vertex -8.30592 -3.02311 32.5627
      vertex -8.01083 -3.73551 32.5627
    endloop
  endfacet
  facet normal -0.462276 -0.191485 0.865814
    outer loop
      vertex -5.67688 -2.06622 34.5217
      vertex -6.60573 -2.40429 33.951
      vertex -6.37104 -2.97087 33.951
    endloop
  endfacet
  facet normal -0.51026 -0.391535 0.765725
    outer loop
      vertex -6.52424 -4.56832 33.2964
      vertex -6.77104 -5.68158 32.5627
      vertex -6.10126 -5.11956 33.2964
    endloop
  endfacet
  facet normal -0.45531 -0.34937 0.818922
    outer loop
      vertex -5.38504 -4.51858 33.951
      vertex -6.52424 -4.56832 33.2964
      vertex -6.10126 -5.11956 33.2964
    endloop
  endfacet
  facet normal -0.530219 -0.219624 0.818922
    outer loop
      vertex -6.37104 -2.97087 33.951
      vertex -7.4843 -2.72406 33.2964
      vertex -7.2184 -3.366 33.2964
    endloop
  endfacet
  facet normal -0.530219 -0.219629 0.818921
    outer loop
      vertex -6.60573 -2.40429 33.951
      vertex -7.4843 -2.72406 33.2964
      vertex -6.37104 -2.97087 33.951
    endloop
  endfacet
  facet normal -0.62792 0.13921 0.765726
    outer loop
      vertex -8.53779 2.28769 32.5627
      vertex -8.70469 1.53487 32.5627
      vertex -7.84363 1.38304 33.2964
    endloop
  endfacet
  facet normal -0.637663 0.0839476 0.765728
    outer loop
      vertex -7.84363 1.38304 33.2964
      vertex -8.80534 0.770367 32.5627
      vertex -7.93432 0.694162 33.2964
    endloop
  endfacet
  facet normal -0.646317 -0.411748 0.642447
    outer loop
      vertex -8.35372 -4.82302 31.7556
      vertex -8.98909 -5.18985 30.8813
      vertex -7.90158 -5.53274 31.7556
    endloop
  endfacet
  facet normal -0.596662 -0.380115 0.706758
    outer loop
      vertex -7.24046 -5.06983 32.5627
      vertex -8.35372 -4.82302 31.7556
      vertex -7.90158 -5.53274 31.7556
    endloop
  endfacet
  facet normal -0.691084 -0.440269 0.573207
    outer loop
      vertex -8.98909 -5.18985 30.8813
      vertex -9.5235 -5.4984 30
      vertex -9.03597 -6.26367 30
    endloop
  endfacet
  facet normal -0.781598 -0.245974 0.573238
    outer loop
      vertex -10.6065 -2.89575 30
      vertex -10.026 -2.68647 30.8813
      vertex -10.6221 -2.84618 30
    endloop
  endfacet
  facet normal -0.781465 -0.246375 0.573246
    outer loop
      vertex -10.026 -2.68647 30.8813
      vertex -10.6065 -2.89575 30
      vertex -9.75373 -3.55007 30.8813
    endloop
  endfacet
  facet normal -0.730875 -0.230425 0.642437
    outer loop
      vertex -9.31736 -2.49658 31.7556
      vertex -10.026 -2.68647 30.8813
      vertex -9.75373 -3.55007 30.8813
    endloop
  endfacet
  facet normal -0.208401 0.271587 0.93958
    outer loop
      vertex -2.87177 4.10131 35.0041
      vertex -3.21829 3.83541 35.0041
      vertex -2.52888 3.0138 35.3945
    endloop
  endfacet
  facet normal -0.119611 0.229773 0.965866
    outer loop
      vertex -1.66268 3.56563 35.3945
      vertex -1.96712 3.40715 35.3945
      vertex -1.41588 2.45237 35.6899
    endloop
  endfacet
  facet normal -0.0933912 0.146589 0.984779
    outer loop
      vertex -0.853858 1.47893 35.8881
      vertex -1.41588 2.45237 35.6899
      vertex -0.979506 1.39888 35.8881
    endloop
  endfacet
  facet normal -0.11961 0.229773 0.965866
    outer loop
      vertex -1.19675 2.56644 35.6899
      vertex -1.66268 3.56563 35.3945
      vertex -1.41588 2.45237 35.6899
    endloop
  endfacet
  facet normal -0.252387 0.231282 0.939579
    outer loop
      vertex -2.78192 2.78192 35.3945
      vertex -3.83541 3.21829 35.0041
      vertex -3.0138 2.52888 35.3945
    endloop
  endfacet
  facet normal -0.19098 0.17501 0.965866
    outer loop
      vertex -2.78192 2.78192 35.3945
      vertex -3.0138 2.52888 35.3945
      vertex -2.16925 1.82021 35.6899
    endloop
  endfacet
  facet normal -0.15807 0.303652 0.93958
    outer loop
      vertex -1.66268 3.56563 35.3945
      vertex -2.50339 4.33599 35.0041
      vertex -1.96712 3.40715 35.3945
    endloop
  endfacet
  facet normal -0.183932 0.28872 0.93958
    outer loop
      vertex -2.50339 4.33599 35.0041
      vertex -2.87177 4.10131 35.0041
      vertex -1.96712 3.40715 35.3945
    endloop
  endfacet
  facet normal -0.0778902 0.247055 0.965866
    outer loop
      vertex -0.732911 2.73526 35.6899
      vertex -1.34559 3.69697 35.3945
      vertex -0.968515 2.66098 35.6899
    endloop
  endfacet
  facet normal -0.0778952 0.247052 0.965866
    outer loop
      vertex -1.01825 3.80018 35.3945
      vertex -1.34559 3.69697 35.3945
      vertex -0.732911 2.73526 35.6899
    endloop
  endfacet
  facet normal -0.161867 0.390776 0.906142
    outer loop
      vertex -2.06622 5.67688 34.5217
      vertex -2.11595 4.53768 35.0041
      vertex -1.71242 4.70483 35.0041
    endloop
  endfacet
  facet normal -0.161861 0.390777 0.906143
    outer loop
      vertex -2.06622 5.67688 34.5217
      vertex -2.55313 5.4752 34.5217
      vertex -2.11595 4.53768 35.0041
    endloop
  endfacet
  facet normal -0.239324 0.0991292 0.965866
    outer loop
      vertex -3.56563 1.66268 35.3945
      vertex -3.69697 1.34559 35.3945
      vertex -2.66098 0.968515 35.6899
    endloop
  endfacet
  facet normal -0.316271 0.131001 0.93958
    outer loop
      vertex -3.56563 1.66268 35.3945
      vertex -4.70483 1.71242 35.0041
      vertex -3.69697 1.34559 35.3945
    endloop
  endfacet
  facet normal -0.311846 0.285758 0.906143
    outer loop
      vertex -3.54032 3.54032 35.0041
      vertex -4.27178 4.27178 34.5217
      vertex -3.83541 3.21829 35.0041
    endloop
  endfacet
  facet normal -0.25239 0.231276 0.93958
    outer loop
      vertex -3.54032 3.54032 35.0041
      vertex -3.83541 3.21829 35.0041
      vertex -2.78192 2.78192 35.3945
    endloop
  endfacet
  facet normal -0.499888 -0.0218256 0.865815
    outer loop
      vertex -6.01822 -0.526525 34.5217
      vertex -7.02967 0 33.951
      vertex -7.00292 -0.612676 33.951
    endloop
  endfacet
  facet normal -0.496084 -0.0653103 0.865815
    outer loop
      vertex -6.01822 -0.526525 34.5217
      vertex -7.00292 -0.612676 33.951
      vertex -5.94943 -1.04904 34.5217
    endloop
  endfacet
  facet normal -0.642556 -0.0280567 0.765725
    outer loop
      vertex -7.96463 0 33.2964
      vertex -8.83897 0 32.5627
      vertex -7.93432 -0.694162 33.2964
    endloop
  endfacet
  facet normal -0.627922 -0.139208 0.765725
    outer loop
      vertex -7.84363 -1.38304 33.2964
      vertex -8.53779 -2.28769 32.5627
      vertex -7.69324 -2.0614 33.2964
    endloop
  endfacet
  facet normal -0.818647 0.0357618 0.573182
    outer loop
      vertex -10.9549 0.958433 30
      vertex -10.9945 0.0519236 30
      vertex -10.3402 0.904651 30.8813
    endloop
  endfacet
  facet normal -0.81861 -0.036261 0.573204
    outer loop
      vertex -10.9945 -0.0519236 30
      vertex -10.3797 0 30.8813
      vertex -10.9968 0 30
    endloop
  endfacet
  facet normal -0.81864 -0.0357445 0.573194
    outer loop
      vertex -10.3797 0 30.8813
      vertex -10.9945 -0.0519236 30
      vertex -10.3402 -0.904651 30.8813
    endloop
  endfacet
  facet normal -0.706783 0.0308543 0.706757
    outer loop
      vertex -8.80534 0.770367 32.5627
      vertex -9.60934 0.840708 31.7556
      vertex -8.83897 0 32.5627
    endloop
  endfacet
  facet normal -0.706783 0.0308537 0.706757
    outer loop
      vertex -9.60934 0.840708 31.7556
      vertex -9.64604 0 31.7556
      vertex -8.83897 0 32.5627
    endloop
  endfacet
  facet normal -0.701403 -0.0923427 0.706757
    outer loop
      vertex -8.80534 -0.770367 32.5627
      vertex -9.60934 -0.840708 31.7556
      vertex -8.70469 -1.53487 32.5627
    endloop
  endfacet
  facet normal -0.759777 -0.100032 0.642442
    outer loop
      vertex -9.60934 -0.840708 31.7556
      vertex -10.3402 -0.904651 30.8813
      vertex -10.222 -1.80242 30.8813
    endloop
  endfacet
  facet normal -0.5603 0.124213 0.818923
    outer loop
      vertex -6.79014 1.81941 33.951
      vertex -7.84363 1.38304 33.2964
      vertex -6.92287 1.22069 33.951
    endloop
  endfacet
  facet normal -0.496085 0.0653136 0.865814
    outer loop
      vertex -6.92287 1.22069 33.951
      vertex -7.00292 0.612676 33.951
      vertex -5.94943 1.04904 34.5217
    endloop
  endfacet
  facet normal 0.165767 0.0522622 0.984779
    outer loop
      vertex 2.66098 0.968515 35.6899
      vertex 1.60473 0.584073 35.8881
      vertex 2.73526 0.732911 35.6899
    endloop
  endfacet
  facet normal 0.160579 0.0665155 0.984779
    outer loop
      vertex 2.56644 1.19675 35.6899
      vertex 1.60473 0.584073 35.8881
      vertex 2.66098 0.968515 35.6899
    endloop
  endfacet
  facet normal -0.160581 0.0665126 0.984779
    outer loop
      vertex -1.54772 0.721712 35.8881
      vertex -2.56644 1.19675 35.6899
      vertex -1.60473 0.584073 35.8881
    endloop
  endfacet
  facet normal -0.160579 0.0665155 0.984779
    outer loop
      vertex -2.56644 1.19675 35.6899
      vertex -2.66098 0.968515 35.6899
      vertex -1.60473 0.584073 35.8881
    endloop
  endfacet
  facet normal -0.085105 0.0188662 0.996193
    outer loop
      vertex -0.551241 0.147704 35.9875
      vertex -1.68177 0.296541 35.8881
      vertex -0.562016 0.0990982 35.9875
    endloop
  endfacet
  facet normal -0.0642689 0.0588917 0.996193
    outer loop
      vertex -1.20754 1.20754 35.8881
      vertex -1.30819 1.0977 35.8881
      vertex -0.437171 0.36683 35.9875
    endloop
  endfacet
  facet normal -0.069157 0.0530663 0.996193
    outer loop
      vertex -0.437171 0.36683 35.9875
      vertex -1.30819 1.0977 35.8881
      vertex -0.467479 0.327332 35.9875
    endloop
  endfacet
  facet normal -0.0773212 0.0402513 0.996193
    outer loop
      vertex -0.494229 0.285343 35.9875
      vertex -1.54772 0.721712 35.8881
      vertex -0.517218 0.241182 35.9875
    endloop
  endfacet
  facet normal -0.154173 -0.0802558 0.984779
    outer loop
      vertex -1.54772 -0.721712 35.8881
      vertex -2.56644 -1.19675 35.6899
      vertex -2.45237 -1.41588 35.6899
    endloop
  endfacet
  facet normal -0.154172 -0.0802561 0.984779
    outer loop
      vertex -1.54772 -0.721712 35.8881
      vertex -2.45237 -1.41588 35.6899
      vertex -1.47893 -0.853858 35.8881
    endloop
  endfacet
  facet normal -0.0805357 -0.0333578 0.996193
    outer loop
      vertex -0.517218 -0.241182 35.9875
      vertex -1.60473 -0.584073 35.8881
      vertex -1.54772 -0.721712 35.8881
    endloop
  endfacet
  facet normal -0.0773215 -0.0402505 0.996193
    outer loop
      vertex -0.494229 -0.285343 35.9875
      vertex -1.54772 -0.721712 35.8881
      vertex -1.47893 -0.853858 35.8881
    endloop
  endfacet
  facet normal -0.0468382 -0.0735181 0.996193
    outer loop
      vertex -0.285343 -0.494229 35.9875
      vertex -0.979506 -1.39888 35.8881
      vertex -0.853858 -1.47893 35.8881
    endloop
  endfacet
  facet normal -0.053065 -0.0691582 0.996193
    outer loop
      vertex -0.327332 -0.467479 35.9875
      vertex -1.0977 -1.30819 35.8881
      vertex -0.979506 -1.39888 35.8881
    endloop
  endfacet
  facet normal 0.0333586 -0.0805354 0.996193
    outer loop
      vertex 0.241182 -0.517218 35.9875
      vertex 0.195186 -0.53627 35.9875
      vertex 0.584073 -1.60473 35.8881
    endloop
  endfacet
  facet normal -0.0333586 -0.0805354 0.996193
    outer loop
      vertex -0.241182 -0.517218 35.9875
      vertex -0.584073 -1.60473 35.8881
      vertex -0.195186 -0.53627 35.9875
    endloop
  endfacet
  facet normal -0.0588918 -0.0642688 0.996193
    outer loop
      vertex -0.403536 -0.403536 35.9875
      vertex -1.20754 -1.20754 35.8881
      vertex -0.36683 -0.437171 35.9875
    endloop
  endfacet
  facet normal -0.0262133 -0.0831361 0.996193
    outer loop
      vertex -0.195186 -0.53627 35.9875
      vertex -0.584073 -1.60473 35.8881
      vertex -0.441989 -1.64953 35.8881
    endloop
  endfacet
  facet normal -0.0522672 -0.165766 0.984779
    outer loop
      vertex -0.584073 -1.60473 35.8881
      vertex -0.732911 -2.73526 35.6899
      vertex -0.441989 -1.64953 35.8881
    endloop
  endfacet
  facet normal -0.0864249 -0.0113806 0.996193
    outer loop
      vertex -0.562016 -0.0990982 35.9875
      vertex -1.70122 -0.148837 35.8881
      vertex -1.68177 -0.296541 35.8881
    endloop
  endfacet
  facet normal -0.085105 -0.0188662 0.996193
    outer loop
      vertex -0.562016 -0.0990982 35.9875
      vertex -1.68177 -0.296541 35.8881
      vertex -0.551241 -0.147704 35.9875
    endloop
  endfacet
  facet normal 0 0 1
    outer loop
      vertex 0.568515 0.0497379 35.9875
      vertex 0.568515 -0.0497379 35.9875
      vertex 0.570686 0 35.9875
    endloop
  endfacet
  facet normal 0 0 1
    outer loop
      vertex 0.562016 0.0990982 35.9875
      vertex 0.568515 -0.0497379 35.9875
      vertex 0.568515 0.0497379 35.9875
    endloop
  endfacet
  facet normal 0 0 1
    outer loop
      vertex 0.562016 0.0990982 35.9875
      vertex 0.562016 -0.0990982 35.9875
      vertex 0.568515 -0.0497379 35.9875
    endloop
  endfacet
  facet normal 0 0 1
    outer loop
      vertex 0.551241 0.147704 35.9875
      vertex 0.562016 -0.0990982 35.9875
      vertex 0.562016 0.0990982 35.9875
    endloop
  endfacet
  facet normal 0 0 1
    outer loop
      vertex 0.551241 0.147704 35.9875
      vertex 0.551241 -0.147704 35.9875
      vertex 0.562016 -0.0990982 35.9875
    endloop
  endfacet
  facet normal 0 0 1
    outer loop
      vertex 0.53627 0.195186 35.9875
      vertex 0.551241 -0.147704 35.9875
      vertex 0.551241 0.147704 35.9875
    endloop
  endfacet
  facet normal 0 0 1
    outer loop
      vertex 0.53627 0.195186 35.9875
      vertex 0.53627 -0.195186 35.9875
      vertex 0.551241 -0.147704 35.9875
    endloop
  endfacet
  facet normal 0 0 1
    outer loop
      vertex 0.517218 0.241182 35.9875
      vertex 0.53627 -0.195186 35.9875
      vertex 0.53627 0.195186 35.9875
    endloop
  endfacet
  facet normal 0 0 1
    outer loop
      vertex 0.517218 0.241182 35.9875
      vertex 0.517218 -0.241182 35.9875
      vertex 0.53627 -0.195186 35.9875
    endloop
  endfacet
  facet normal 0 0 1
    outer loop
      vertex 0.494229 0.285343 35.9875
      vertex 0.517218 -0.241182 35.9875
      vertex 0.517218 0.241182 35.9875
    endloop
  endfacet
  facet normal 0 0 1
    outer loop
      vertex 0.494229 0.285343 35.9875
      vertex 0.494229 -0.285343 35.9875
      vertex 0.517218 -0.241182 35.9875
    endloop
  endfacet
  facet normal 0 0 1
    outer loop
      vertex 0.467479 0.327332 35.9875
      vertex 0.494229 -0.285343 35.9875
      vertex 0.494229 0.285343 35.9875
    endloop
  endfacet
  facet normal 0 0 1
    outer loop
      vertex 0.467479 0.327332 35.9875
      vertex 0.467479 -0.327332 35.9875
      vertex 0.494229 -0.285343 35.9875
    endloop
  endfacet
  facet normal 0 0 1
    outer loop
      vertex 0.437171 0.36683 35.9875
      vertex 0.467479 -0.327332 35.9875
      vertex 0.467479 0.327332 35.9875
    endloop
  endfacet
  facet normal 0 0 1
    outer loop
      vertex 0.437171 0.36683 35.9875
      vertex 0.437171 -0.36683 35.9875
      vertex 0.467479 -0.327332 35.9875
    endloop
  endfacet
  facet normal 0 0 1
    outer loop
      vertex 0.403536 0.403536 35.9875
      vertex 0.437171 -0.36683 35.9875
      vertex 0.437171 0.36683 35.9875
    endloop
  endfacet
  facet normal 0 0 1
    outer loop
      vertex 0.403536 0.403536 35.9875
      vertex 0.403536 -0.403536 35.9875
      vertex 0.437171 -0.36683 35.9875
    endloop
  endfacet
  facet normal 0 0 1
    outer loop
      vertex 0.36683 0.437171 35.9875
      vertex 0.403536 -0.403536 35.9875
      vertex 0.403536 0.403536 35.9875
    endloop
  endfacet
  facet normal 0 0 1
    outer loop
      vertex 0.36683 0.437171 35.9875
      vertex 0.36683 -0.437171 35.9875
      vertex 0.403536 -0.403536 35.9875
    endloop
  endfacet
  facet normal 0 0 1
    outer loop
      vertex 0.327332 0.467479 35.9875
      vertex 0.36683 -0.437171 35.9875
      vertex 0.36683 0.437171 35.9875
    endloop
  endfacet
  facet normal 0 0 1
    outer loop
      vertex 0.327332 0.467479 35.9875
      vertex 0.327332 -0.467479 35.9875
      vertex 0.36683 -0.437171 35.9875
    endloop
  endfacet
  facet normal 0 0 1
    outer loop
      vertex 0.285343 0.494229 35.9875
      vertex 0.327332 -0.467479 35.9875
      vertex 0.327332 0.467479 35.9875
    endloop
  endfacet
  facet normal 0 0 1
    outer loop
      vertex 0.285343 0.494229 35.9875
      vertex 0.285343 -0.494229 35.9875
      vertex 0.327332 -0.467479 35.9875
    endloop
  endfacet
  facet normal 0 0 1
    outer loop
      vertex 0.241182 0.517218 35.9875
      vertex 0.285343 -0.494229 35.9875
      vertex 0.285343 0.494229 35.9875
    endloop
  endfacet
  facet normal 0 0 1
    outer loop
      vertex 0.241182 0.517218 35.9875
      vertex 0.241182 -0.517218 35.9875
      vertex 0.285343 -0.494229 35.9875
    endloop
  endfacet
  facet normal 0 0 1
    outer loop
      vertex 0.195186 0.53627 35.9875
      vertex 0.241182 -0.517218 35.9875
      vertex 0.241182 0.517218 35.9875
    endloop
  endfacet
  facet normal 0 0 1
    outer loop
      vertex 0.195186 0.53627 35.9875
      vertex 0.195186 -0.53627 35.9875
      vertex 0.241182 -0.517218 35.9875
    endloop
  endfacet
  facet normal 0 0 1
    outer loop
      vertex 0.147704 0.551241 35.9875
      vertex 0.195186 -0.53627 35.9875
      vertex 0.195186 0.53627 35.9875
    endloop
  endfacet
  facet normal 0 0 1
    outer loop
      vertex 0.147704 0.551241 35.9875
      vertex 0.147704 -0.551241 35.9875
      vertex 0.195186 -0.53627 35.9875
    endloop
  endfacet
  facet normal 0 0 1
    outer loop
      vertex 0.0990982 0.562016 35.9875
      vertex 0.147704 -0.551241 35.9875
      vertex 0.147704 0.551241 35.9875
    endloop
  endfacet
  facet normal 0 0 1
    outer loop
      vertex 0.0990982 0.562016 35.9875
      vertex 0.0990982 -0.562016 35.9875
      vertex 0.147704 -0.551241 35.9875
    endloop
  endfacet
  facet normal 0 0 1
    outer loop
      vertex 0.0497379 0.568515 35.9875
      vertex 0.0990982 -0.562016 35.9875
      vertex 0.0990982 0.562016 35.9875
    endloop
  endfacet
  facet normal 0 0 1
    outer loop
      vertex 0.0497379 0.568515 35.9875
      vertex 0.0497379 -0.568515 35.9875
      vertex 0.0990982 -0.562016 35.9875
    endloop
  endfacet
  facet normal 0 0 1
    outer loop
      vertex 0 0.570686 35.9875
      vertex 0.0497379 -0.568515 35.9875
      vertex 0.0497379 0.568515 35.9875
    endloop
  endfacet
  facet normal 0 0 1
    outer loop
      vertex 0 0.570686 35.9875
      vertex 0 -0.570686 35.9875
      vertex 0.0497379 -0.568515 35.9875
    endloop
  endfacet
  facet normal -0 0 1
    outer loop
      vertex -0.0497379 0.568515 35.9875
      vertex 0 -0.570686 35.9875
      vertex 0 0.570686 35.9875
    endloop
  endfacet
  facet normal 0 0 1
    outer loop
      vertex -0.0497379 0.568515 35.9875
      vertex -0.0497379 -0.568515 35.9875
      vertex 0 -0.570686 35.9875
    endloop
  endfacet
  facet normal -0 0 1
    outer loop
      vertex -0.0990982 0.562016 35.9875
      vertex -0.0497379 -0.568515 35.9875
      vertex -0.0497379 0.568515 35.9875
    endloop
  endfacet
  facet normal 0 0 1
    outer loop
      vertex -0.0990982 0.562016 35.9875
      vertex -0.0990982 -0.562016 35.9875
      vertex -0.0497379 -0.568515 35.9875
    endloop
  endfacet
  facet normal -0 0 1
    outer loop
      vertex -0.147704 0.551241 35.9875
      vertex -0.0990982 -0.562016 35.9875
      vertex -0.0990982 0.562016 35.9875
    endloop
  endfacet
  facet normal 0 0 1
    outer loop
      vertex -0.147704 0.551241 35.9875
      vertex -0.147704 -0.551241 35.9875
      vertex -0.0990982 -0.562016 35.9875
    endloop
  endfacet
  facet normal -0 0 1
    outer loop
      vertex -0.195186 0.53627 35.9875
      vertex -0.147704 -0.551241 35.9875
      vertex -0.147704 0.551241 35.9875
    endloop
  endfacet
  facet normal 0 0 1
    outer loop
      vertex -0.195186 0.53627 35.9875
      vertex -0.195186 -0.53627 35.9875
      vertex -0.147704 -0.551241 35.9875
    endloop
  endfacet
  facet normal -0 0 1
    outer loop
      vertex -0.241182 0.517218 35.9875
      vertex -0.195186 -0.53627 35.9875
      vertex -0.195186 0.53627 35.9875
    endloop
  endfacet
  facet normal 0 0 1
    outer loop
      vertex -0.241182 0.517218 35.9875
      vertex -0.241182 -0.517218 35.9875
      vertex -0.195186 -0.53627 35.9875
    endloop
  endfacet
  facet normal -0 0 1
    outer loop
      vertex -0.285343 0.494229 35.9875
      vertex -0.241182 -0.517218 35.9875
      vertex -0.241182 0.517218 35.9875
    endloop
  endfacet
  facet normal 0 0 1
    outer loop
      vertex -0.285343 0.494229 35.9875
      vertex -0.285343 -0.494229 35.9875
      vertex -0.241182 -0.517218 35.9875
    endloop
  endfacet
  facet normal -0 0 1
    outer loop
      vertex -0.327332 0.467479 35.9875
      vertex -0.285343 -0.494229 35.9875
      vertex -0.285343 0.494229 35.9875
    endloop
  endfacet
  facet normal 0 0 1
    outer loop
      vertex -0.327332 0.467479 35.9875
      vertex -0.327332 -0.467479 35.9875
      vertex -0.285343 -0.494229 35.9875
    endloop
  endfacet
  facet normal -0 0 1
    outer loop
      vertex -0.36683 0.437171 35.9875
      vertex -0.327332 -0.467479 35.9875
      vertex -0.327332 0.467479 35.9875
    endloop
  endfacet
  facet normal 0 0 1
    outer loop
      vertex -0.36683 0.437171 35.9875
      vertex -0.36683 -0.437171 35.9875
      vertex -0.327332 -0.467479 35.9875
    endloop
  endfacet
  facet normal -0 0 1
    outer loop
      vertex -0.403536 0.403536 35.9875
      vertex -0.36683 -0.437171 35.9875
      vertex -0.36683 0.437171 35.9875
    endloop
  endfacet
  facet normal 0 0 1
    outer loop
      vertex -0.403536 0.403536 35.9875
      vertex -0.403536 -0.403536 35.9875
      vertex -0.36683 -0.437171 35.9875
    endloop
  endfacet
  facet normal -0 0 1
    outer loop
      vertex -0.437171 0.36683 35.9875
      vertex -0.403536 -0.403536 35.9875
      vertex -0.403536 0.403536 35.9875
    endloop
  endfacet
  facet normal 0 0 1
    outer loop
      vertex -0.437171 0.36683 35.9875
      vertex -0.437171 -0.36683 35.9875
      vertex -0.403536 -0.403536 35.9875
    endloop
  endfacet
  facet normal -0 0 1
    outer loop
      vertex -0.467479 0.327332 35.9875
      vertex -0.437171 -0.36683 35.9875
      vertex -0.437171 0.36683 35.9875
    endloop
  endfacet
  facet normal 0 0 1
    outer loop
      vertex -0.467479 0.327332 35.9875
      vertex -0.467479 -0.327332 35.9875
      vertex -0.437171 -0.36683 35.9875
    endloop
  endfacet
  facet normal -0 0 1
    outer loop
      vertex -0.494229 0.285343 35.9875
      vertex -0.467479 -0.327332 35.9875
      vertex -0.467479 0.327332 35.9875
    endloop
  endfacet
  facet normal 0 0 1
    outer loop
      vertex -0.494229 0.285343 35.9875
      vertex -0.494229 -0.285343 35.9875
      vertex -0.467479 -0.327332 35.9875
    endloop
  endfacet
  facet normal -0 0 1
    outer loop
      vertex -0.517218 0.241182 35.9875
      vertex -0.494229 -0.285343 35.9875
      vertex -0.494229 0.285343 35.9875
    endloop
  endfacet
  facet normal 0 0 1
    outer loop
      vertex -0.517218 0.241182 35.9875
      vertex -0.517218 -0.241182 35.9875
      vertex -0.494229 -0.285343 35.9875
    endloop
  endfacet
  facet normal -0 0 1
    outer loop
      vertex -0.53627 0.195186 35.9875
      vertex -0.517218 -0.241182 35.9875
      vertex -0.517218 0.241182 35.9875
    endloop
  endfacet
  facet normal 0 0 1
    outer loop
      vertex -0.53627 0.195186 35.9875
      vertex -0.53627 -0.195186 35.9875
      vertex -0.517218 -0.241182 35.9875
    endloop
  endfacet
  facet normal -0 0 1
    outer loop
      vertex -0.551241 0.147704 35.9875
      vertex -0.53627 -0.195186 35.9875
      vertex -0.53627 0.195186 35.9875
    endloop
  endfacet
  facet normal 0 0 1
    outer loop
      vertex -0.551241 0.147704 35.9875
      vertex -0.551241 -0.147704 35.9875
      vertex -0.53627 -0.195186 35.9875
    endloop
  endfacet
  facet normal -0 0 1
    outer loop
      vertex -0.562016 0.0990982 35.9875
      vertex -0.551241 -0.147704 35.9875
      vertex -0.551241 0.147704 35.9875
    endloop
  endfacet
  facet normal 0 0 1
    outer loop
      vertex -0.562016 0.0990982 35.9875
      vertex -0.562016 -0.0990982 35.9875
      vertex -0.551241 -0.147704 35.9875
    endloop
  endfacet
  facet normal -0 0 1
    outer loop
      vertex -0.568515 0.0497379 35.9875
      vertex -0.562016 -0.0990982 35.9875
      vertex -0.562016 0.0990982 35.9875
    endloop
  endfacet
  facet normal 0 0 1
    outer loop
      vertex -0.568515 0.0497379 35.9875
      vertex -0.568515 -0.0497379 35.9875
      vertex -0.562016 -0.0990982 35.9875
    endloop
  endfacet
  facet normal 0 -0 1
    outer loop
      vertex -0.568515 -0.0497379 35.9875
      vertex -0.568515 0.0497379 35.9875
      vertex -0.570686 0 35.9875
    endloop
  endfacet
  facet normal -0.0870877 0.00380127 0.996193
    outer loop
      vertex -0.568515 0.0497379 35.9875
      vertex -1.70772 0 35.8881
      vertex -0.570686 0 35.9875
    endloop
  endfacet
  facet normal -0.0333586 0.0805354 0.996193
    outer loop
      vertex -0.195186 0.53627 35.9875
      vertex -0.584073 1.60473 35.8881
      vertex -0.241182 0.517218 35.9875
    endloop
  endfacet
  facet normal 0.0226902 0.172323 0.984779
    outer loop
      vertex 0.491728 2.78873 35.6899
      vertex 0.246803 2.82098 35.6899
      vertex 0.296541 1.68177 35.8881
    endloop
  endfacet
  facet normal 0.0226919 0.172323 0.984779
    outer loop
      vertex 0.246803 2.82098 35.6899
      vertex 0.148837 1.70122 35.8881
      vertex 0.296541 1.68177 35.8881
    endloop
  endfacet
  facet normal 0.0468369 0.0735191 0.996193
    outer loop
      vertex 0.979506 1.39888 35.8881
      vertex 0.285343 0.494229 35.9875
      vertex 0.327332 0.467479 35.9875
    endloop
  endfacet
  facet normal 0.0402513 0.0773212 0.996193
    outer loop
      vertex 0.721712 1.54772 35.8881
      vertex 0.241182 0.517218 35.9875
      vertex 0.285343 0.494229 35.9875
    endloop
  endfacet
  facet normal 0.0665126 0.160581 0.984779
    outer loop
      vertex 1.19675 2.56644 35.6899
      vertex 0.584073 1.60473 35.8881
      vertex 0.721712 1.54772 35.8881
    endloop
  endfacet
  facet normal 0.0665155 0.160579 0.984779
    outer loop
      vertex 0.968515 2.66098 35.6899
      vertex 0.584073 1.60473 35.8881
      vertex 1.19675 2.56644 35.6899
    endloop
  endfacet
  facet normal 0.0113806 0.0864249 0.996193
    outer loop
      vertex 0.148837 1.70122 35.8881
      vertex 0.0990982 0.562016 35.9875
      vertex 0.296541 1.68177 35.8881
    endloop
  endfacet
  facet normal -0.0226919 0.172323 0.984779
    outer loop
      vertex -0.246803 2.82098 35.6899
      vertex -0.296541 1.68177 35.8881
      vertex -0.148837 1.70122 35.8881
    endloop
  endfacet
  facet normal -0.0226902 0.172323 0.984779
    outer loop
      vertex -0.246803 2.82098 35.6899
      vertex -0.491728 2.78873 35.6899
      vertex -0.296541 1.68177 35.8881
    endloop
  endfacet
  facet normal 0.0773215 0.0402505 0.996193
    outer loop
      vertex 1.47893 0.853858 35.8881
      vertex 0.494229 0.285343 35.9875
      vertex 1.54772 0.721712 35.8881
    endloop
  endfacet
  facet normal 0.154172 0.0802561 0.984779
    outer loop
      vertex 2.45237 1.41588 35.6899
      vertex 1.47893 0.853858 35.8881
      vertex 1.54772 0.721712 35.8881
    endloop
  endfacet
  facet normal 0.423126 0.387725 0.818922
    outer loop
      vertex 5.63184 5.63184 33.2964
      vertex 5.38504 4.51858 33.951
      vertex 6.10126 5.11956 33.2964
    endloop
  endfacet
  facet normal 0.45531 0.34937 0.818922
    outer loop
      vertex 6.10126 5.11956 33.2964
      vertex 5.38504 4.51858 33.951
      vertex 6.52424 4.56832 33.2964
    endloop
  endfacet
  facet normal 0.0588917 0.0642689 0.996193
    outer loop
      vertex 1.0977 1.30819 35.8881
      vertex 0.36683 0.437171 35.9875
      vertex 1.20754 1.20754 35.8881
    endloop
  endfacet
  facet normal 0.0642689 0.0588917 0.996193
    outer loop
      vertex 1.20754 1.20754 35.8881
      vertex 0.437171 0.36683 35.9875
      vertex 1.30819 1.0977 35.8881
    endloop
  endfacet
  facet normal 0.157693 0.205512 0.965866
    outer loop
      vertex 2.25658 3.22274 35.3945
      vertex 1.62423 2.31963 35.6899
      vertex 2.52888 3.0138 35.3945
    endloop
  endfacet
  facet normal 0.105809 0.137894 0.984779
    outer loop
      vertex 1.62423 2.31963 35.6899
      vertex 1.0977 1.30819 35.8881
      vertex 1.82021 2.16925 35.6899
    endloop
  endfacet
  facet normal 0.105807 0.137895 0.984779
    outer loop
      vertex 1.62423 2.31963 35.6899
      vertex 0.979506 1.39888 35.8881
      vertex 1.0977 1.30819 35.8881
    endloop
  endfacet
  facet normal 0.0933917 0.146588 0.984779
    outer loop
      vertex 1.41588 2.45237 35.6899
      vertex 0.979506 1.39888 35.8881
      vertex 1.62423 2.31963 35.6899
    endloop
  endfacet
  facet normal 0.205512 0.157693 0.965866
    outer loop
      vertex 3.0138 2.52888 35.3945
      vertex 2.31963 1.62423 35.6899
      vertex 3.22274 2.25658 35.3945
    endloop
  endfacet
  facet normal 0.218469 0.139187 0.965866
    outer loop
      vertex 3.22274 2.25658 35.3945
      vertex 2.31963 1.62423 35.6899
      vertex 2.45237 1.41588 35.6899
    endloop
  endfacet
  facet normal 0.285758 0.311846 0.906143
    outer loop
      vertex 4.27178 4.27178 34.5217
      vertex 3.21829 3.83541 35.0041
      vertex 3.54032 3.54032 35.0041
    endloop
  endfacet
  facet normal 0.231276 0.25239 0.93958
    outer loop
      vertex 3.21829 3.83541 35.0041
      vertex 2.78192 2.78192 35.3945
      vertex 3.54032 3.54032 35.0041
    endloop
  endfacet
  facet normal 0.157693 0.205511 0.965866
    outer loop
      vertex 2.52888 3.0138 35.3945
      vertex 1.62423 2.31963 35.6899
      vertex 1.82021 2.16925 35.6899
    endloop
  endfacet
  facet normal 0.17501 0.19098 0.965866
    outer loop
      vertex 2.52888 3.0138 35.3945
      vertex 1.82021 2.16925 35.6899
      vertex 2.78192 2.78192 35.3945
    endloop
  endfacet
  facet normal 0.308359 0.484025 0.818923
    outer loop
      vertex 3.98231 6.89757 33.2964
      vertex 3.51483 6.08787 33.951
      vertex 4.56832 6.52424 33.2964
    endloop
  endfacet
  facet normal 0.345573 0.54244 0.765728
    outer loop
      vertex 5.06983 7.24046 32.5627
      vertex 3.98231 6.89757 33.2964
      vertex 4.56832 6.52424 33.2964
    endloop
  endfacet
  facet normal 0.124217 0.5603 0.818922
    outer loop
      vertex 2.0614 7.69324 33.2964
      vertex 1.38304 7.84363 33.2964
      vertex 1.81941 6.79014 33.951
    endloop
  endfacet
  facet normal 0.172579 0.547341 0.818922
    outer loop
      vertex 2.0614 7.69324 33.2964
      vertex 1.81941 6.79014 33.951
      vertex 2.72406 7.4843 33.2964
    endloop
  endfacet
  facet normal -0.0357618 0.818647 0.573182
    outer loop
      vertex -0.0519236 10.9945 30
      vertex -0.958433 10.9549 30
      vertex -0.904651 10.3402 30.8813
    endloop
  endfacet
  facet normal 0.0357618 0.818647 0.573182
    outer loop
      vertex 0.958433 10.9549 30
      vertex 0.0519236 10.9945 30
      vertex 0.904651 10.3402 30.8813
    endloop
  endfacet
  facet normal 0.0334286 0.765601 0.642446
    outer loop
      vertex 0.904651 10.3402 30.8813
      vertex 0 10.3797 30.8813
      vertex 0 9.64604 31.7556
    endloop
  endfacet
  facet normal 0.568992 0.0749125 0.818924
    outer loop
      vertex 7.84363 1.38304 33.2964
      vertex 6.92287 1.22069 33.951
      vertex 7.00292 0.612676 33.951
    endloop
  endfacet
  facet normal 0.5603 0.124213 0.818923
    outer loop
      vertex 7.84363 1.38304 33.2964
      vertex 6.79014 1.81941 33.951
      vertex 6.92287 1.22069 33.951
    endloop
  endfacet
  facet normal 0.462276 0.191485 0.865814
    outer loop
      vertex 6.37104 2.97087 33.951
      vertex 5.67688 2.06622 34.5217
      vertex 6.60573 2.40429 33.951
    endloop
  endfacet
  facet normal 0.477207 0.150461 0.865814
    outer loop
      vertex 6.60573 2.40429 33.951
      vertex 5.67688 2.06622 34.5217
      vertex 6.79014 1.81941 33.951
    endloop
  endfacet
  facet normal 0.757043 0.31356 0.573207
    outer loop
      vertex 9.96648 4.64745 30
      vertex 9.40721 4.38665 30.8813
      vertex 10.3137 3.80914 30
    endloop
  endfacet
  facet normal -0.637664 0.0839511 0.765726
    outer loop
      vertex -8.70469 1.53487 32.5627
      vertex -8.80534 0.770367 32.5627
      vertex -7.84363 1.38304 33.2964
    endloop
  endfacet
  facet normal -0.701403 0.0923427 0.706757
    outer loop
      vertex -8.70469 1.53487 32.5627
      vertex -9.60934 0.840708 31.7556
      vertex -8.80534 0.770367 32.5627
    endloop
  endfacet
  facet normal -0.5603 0.124217 0.818922
    outer loop
      vertex -7.69324 2.0614 33.2964
      vertex -7.84363 1.38304 33.2964
      vertex -6.79014 1.81941 33.951
    endloop
  endfacet
  facet normal -0.547341 0.172579 0.818922
    outer loop
      vertex -7.4843 2.72406 33.2964
      vertex -7.69324 2.0614 33.2964
      vertex -6.79014 1.81941 33.951
    endloop
  endfacet
  facet normal -0.65008 -0.498835 0.573201
    outer loop
      vertex -7.95132 -6.67195 30.8813
      vertex -8.97641 -6.34874 30
      vertex -8.42403 -7.0686 30
    endloop
  endfacet
  facet normal -0.650096 -0.498764 0.573245
    outer loop
      vertex -7.95132 -6.67195 30.8813
      vertex -9.00805 -6.3075 30
      vertex -8.97641 -6.34874 30
    endloop
  endfacet
  facet normal -0.650085 -0.49882 0.573209
    outer loop
      vertex -9.00805 -6.3075 30
      vertex -7.95132 -6.67195 30.8813
      vertex -8.50256 -5.95355 30.8813
    endloop
  endfacet
  facet normal -0.800145 -0.176619 0.573213
    outer loop
      vertex -10.8185 -1.96031 30
      vertex -10.222 -1.80242 30.8813
      vertex -10.8297 -1.90957 30
    endloop
  endfacet
  facet normal -0.799971 -0.177359 0.573228
    outer loop
      vertex -10.222 -1.80242 30.8813
      vertex -10.8185 -1.96031 30
      vertex -10.026 -2.68647 30.8813
    endloop
  endfacet
  facet normal -0.79997 -0.177356 0.57323
    outer loop
      vertex -10.026 -2.68647 30.8813
      vertex -10.8185 -1.96031 30
      vertex -10.6221 -2.84618 30
    endloop
  endfacet
  facet normal -0.0468382 0.0735181 0.996193
    outer loop
      vertex -0.853858 1.47893 35.8881
      vertex -0.979506 1.39888 35.8881
      vertex -0.285343 0.494229 35.9875
    endloop
  endfacet
  facet normal -0.0802561 0.154172 0.984779
    outer loop
      vertex -0.721712 1.54772 35.8881
      vertex -1.41588 2.45237 35.6899
      vertex -0.853858 1.47893 35.8881
    endloop
  endfacet
  facet normal -0.157693 0.205511 0.965866
    outer loop
      vertex -1.62423 2.31963 35.6899
      vertex -2.52888 3.0138 35.3945
      vertex -1.82021 2.16925 35.6899
    endloop
  endfacet
  facet normal -0.157693 0.205512 0.965866
    outer loop
      vertex -2.25658 3.22274 35.3945
      vertex -2.52888 3.0138 35.3945
      vertex -1.62423 2.31963 35.6899
    endloop
  endfacet
  facet normal -0.229773 0.119611 0.965866
    outer loop
      vertex -3.40715 1.96712 35.3945
      vertex -3.56563 1.66268 35.3945
      vertex -2.45237 1.41588 35.6899
    endloop
  endfacet
  facet normal -0.205512 0.157693 0.965866
    outer loop
      vertex -3.0138 2.52888 35.3945
      vertex -3.22274 2.25658 35.3945
      vertex -2.31963 1.62423 35.6899
    endloop
  endfacet
  facet normal -0.247052 0.0778952 0.965866
    outer loop
      vertex -3.69697 1.34559 35.3945
      vertex -3.80018 1.01825 35.3945
      vertex -2.73526 0.732911 35.6899
    endloop
  endfacet
  facet normal -0.247055 0.0778902 0.965866
    outer loop
      vertex -2.66098 0.968515 35.6899
      vertex -3.69697 1.34559 35.3945
      vertex -2.73526 0.732911 35.6899
    endloop
  endfacet
  facet normal -0.42257 -0.0184509 0.906143
    outer loop
      vertex -5.00677 0 35.0041
      vertex -6.04121 0 34.5217
      vertex -6.01822 -0.526525 34.5217
    endloop
  endfacet
  facet normal -0.42257 0.0184509 0.906143
    outer loop
      vertex -6.01822 0.526525 34.5217
      vertex -6.04121 0 34.5217
      vertex -5.00677 0 35.0041
    endloop
  endfacet
  facet normal -0.674714 -0.21273 0.706758
    outer loop
      vertex -8.53779 -2.28769 32.5627
      vertex -9.31736 -2.49658 31.7556
      vertex -8.30592 -3.02311 32.5627
    endloop
  endfacet
  facet normal -0.613398 -0.193398 0.765729
    outer loop
      vertex -7.4843 -2.72406 33.2964
      vertex -8.53779 -2.28769 32.5627
      vertex -8.30592 -3.02311 32.5627
    endloop
  endfacet
  facet normal -0.496085 -0.0653136 0.865814
    outer loop
      vertex -5.94943 -1.04904 34.5217
      vertex -7.00292 -0.612676 33.951
      vertex -6.92287 -1.22069 33.951
    endloop
  endfacet
  facet normal -0.568992 -0.0749125 0.818924
    outer loop
      vertex -7.00292 -0.612676 33.951
      vertex -7.84363 -1.38304 33.2964
      vertex -6.92287 -1.22069 33.951
    endloop
  endfacet
  facet normal -0.568995 -0.0749076 0.818922
    outer loop
      vertex -7.00292 -0.612676 33.951
      vertex -7.93432 -0.694162 33.2964
      vertex -7.84363 -1.38304 33.2964
    endloop
  endfacet
  facet normal -0.573359 -0.0250334 0.818922
    outer loop
      vertex -7.02967 0 33.951
      vertex -7.93432 -0.694162 33.2964
      vertex -7.00292 -0.612676 33.951
    endloop
  endfacet
  facet normal -0.701403 -0.0923421 0.706758
    outer loop
      vertex -8.70469 -1.53487 32.5627
      vertex -9.60934 -0.840708 31.7556
      vertex -9.4995 -1.67502 31.7556
    endloop
  endfacet
  facet normal -0.706783 -0.0308543 0.706757
    outer loop
      vertex -8.83897 0 32.5627
      vertex -9.60934 -0.840708 31.7556
      vertex -8.80534 -0.770367 32.5627
    endloop
  endfacet
  facet normal 0.0831362 0.0262127 0.996193
    outer loop
      vertex 1.64953 0.441989 35.8881
      vertex 0.53627 0.195186 35.9875
      vertex 0.551241 0.147704 35.9875
    endloop
  endfacet
  facet normal 0.0851052 0.0188644 0.996193
    outer loop
      vertex 1.64953 0.441989 35.8881
      vertex 0.551241 0.147704 35.9875
      vertex 1.68177 0.296541 35.8881
    endloop
  endfacet
  facet normal -0.0588917 0.0642689 0.996193
    outer loop
      vertex -1.0977 1.30819 35.8881
      vertex -1.20754 1.20754 35.8881
      vertex -0.36683 0.437171 35.9875
    endloop
  endfacet
  facet normal -0.0588918 0.0642688 0.996193
    outer loop
      vertex -0.36683 0.437171 35.9875
      vertex -1.20754 1.20754 35.8881
      vertex -0.403536 0.403536 35.9875
    endloop
  endfacet
  facet normal -0.0773212 -0.0402513 0.996193
    outer loop
      vertex -0.517218 -0.241182 35.9875
      vertex -1.54772 -0.721712 35.8881
      vertex -0.494229 -0.285343 35.9875
    endloop
  endfacet
  facet normal -0.0530663 -0.069157 0.996193
    outer loop
      vertex -0.36683 -0.437171 35.9875
      vertex -1.0977 -1.30819 35.8881
      vertex -0.327332 -0.467479 35.9875
    endloop
  endfacet
  facet normal -0.0588917 -0.0642689 0.996193
    outer loop
      vertex -0.36683 -0.437171 35.9875
      vertex -1.20754 -1.20754 35.8881
      vertex -1.0977 -1.30819 35.8881
    endloop
  endfacet
  facet normal 0.0588917 -0.0642689 0.996193
    outer loop
      vertex 1.20754 -1.20754 35.8881
      vertex 0.36683 -0.437171 35.9875
      vertex 1.0977 -1.30819 35.8881
    endloop
  endfacet
  facet normal 0.0262133 -0.0831361 0.996193
    outer loop
      vertex 0.584073 -1.60473 35.8881
      vertex 0.195186 -0.53627 35.9875
      vertex 0.441989 -1.64953 35.8881
    endloop
  endfacet
  facet normal 0.0333578 -0.0805357 0.996193
    outer loop
      vertex 0.721712 -1.54772 35.8881
      vertex 0.241182 -0.517218 35.9875
      vertex 0.584073 -1.60473 35.8881
    endloop
  endfacet
  facet normal -0.0188644 -0.0851052 0.996193
    outer loop
      vertex -0.147704 -0.551241 35.9875
      vertex -0.441989 -1.64953 35.8881
      vertex -0.296541 -1.68177 35.8881
    endloop
  endfacet
  facet normal -0.0188662 -0.085105 0.996193
    outer loop
      vertex -0.147704 -0.551241 35.9875
      vertex -0.296541 -1.68177 35.8881
      vertex -0.0990982 -0.562016 35.9875
    endloop
  endfacet
  facet normal 0.0113791 -0.0864249 0.996193
    outer loop
      vertex 0.0990982 -0.562016 35.9875
      vertex 0.0497379 -0.568515 35.9875
      vertex 0.148837 -1.70122 35.8881
    endloop
  endfacet
  facet normal 0.0113806 -0.0864249 0.996193
    outer loop
      vertex 0.296541 -1.68177 35.8881
      vertex 0.0990982 -0.562016 35.9875
      vertex 0.148837 -1.70122 35.8881
    endloop
  endfacet
  facet normal -0.0802558 -0.154173 0.984779
    outer loop
      vertex -0.721712 -1.54772 35.8881
      vertex -1.41588 -2.45237 35.6899
      vertex -1.19675 -2.56644 35.6899
    endloop
  endfacet
  facet normal -0.0665126 -0.160581 0.984779
    outer loop
      vertex -0.721712 -1.54772 35.8881
      vertex -1.19675 -2.56644 35.6899
      vertex -0.584073 -1.60473 35.8881
    endloop
  endfacet
  facet normal -0.0642688 -0.0588918 0.996193
    outer loop
      vertex -0.437171 -0.36683 35.9875
      vertex -1.20754 -1.20754 35.8881
      vertex -0.403536 -0.403536 35.9875
    endloop
  endfacet
  facet normal -0.0333578 0.0805357 0.996193
    outer loop
      vertex -0.584073 1.60473 35.8881
      vertex -0.721712 1.54772 35.8881
      vertex -0.241182 0.517218 35.9875
    endloop
  endfacet
  facet normal -0.0665126 0.160581 0.984779
    outer loop
      vertex -0.584073 1.60473 35.8881
      vertex -1.19675 2.56644 35.6899
      vertex -0.721712 1.54772 35.8881
    endloop
  endfacet
  facet normal -0.0402513 0.0773212 0.996193
    outer loop
      vertex -0.241182 0.517218 35.9875
      vertex -0.721712 1.54772 35.8881
      vertex -0.285343 0.494229 35.9875
    endloop
  endfacet
  facet normal -0.0262133 0.0831361 0.996193
    outer loop
      vertex -0.441989 1.64953 35.8881
      vertex -0.584073 1.60473 35.8881
      vertex -0.195186 0.53627 35.9875
    endloop
  endfacet
  facet normal -0.00757757 0.173646 0.984779
    outer loop
      vertex 0 2.83175 35.6899
      vertex -0.246803 2.82098 35.6899
      vertex 0 1.70772 35.8881
    endloop
  endfacet
  facet normal 0.00757757 0.173646 0.984779
    outer loop
      vertex 0.246803 2.82098 35.6899
      vertex 0 2.83175 35.6899
      vertex 0 1.70772 35.8881
    endloop
  endfacet
  facet normal 0.0188644 0.0851052 0.996193
    outer loop
      vertex 0.296541 1.68177 35.8881
      vertex 0.147704 0.551241 35.9875
      vertex 0.441989 1.64953 35.8881
    endloop
  endfacet
  facet normal 0.0376138 0.169691 0.984779
    outer loop
      vertex 0.491728 2.78873 35.6899
      vertex 0.296541 1.68177 35.8881
      vertex 0.441989 1.64953 35.8881
    endloop
  endfacet
  facet normal 0.0262127 0.0831362 0.996193
    outer loop
      vertex 0.441989 1.64953 35.8881
      vertex 0.147704 0.551241 35.9875
      vertex 0.195186 0.53627 35.9875
    endloop
  endfacet
  facet normal -0.00380329 0.0870877 0.996193
    outer loop
      vertex 0 1.70772 35.8881
      vertex -0.148837 1.70122 35.8881
      vertex -0.0497379 0.568515 35.9875
    endloop
  endfacet
  facet normal -0.0075834 0.173645 0.984779
    outer loop
      vertex 0 1.70772 35.8881
      vertex -0.246803 2.82098 35.6899
      vertex -0.148837 1.70122 35.8881
    endloop
  endfacet
  facet normal 0.0735181 0.0468382 0.996193
    outer loop
      vertex 1.39888 0.979506 35.8881
      vertex 0.494229 0.285343 35.9875
      vertex 1.47893 0.853858 35.8881
    endloop
  endfacet
  facet normal 0.0735191 0.0468369 0.996193
    outer loop
      vertex 1.39888 0.979506 35.8881
      vertex 0.467479 0.327332 35.9875
      vertex 0.494229 0.285343 35.9875
    endloop
  endfacet
  facet normal 0.128147 0.117425 0.984779
    outer loop
      vertex 2.16925 1.82021 35.6899
      vertex 1.20754 1.20754 35.8881
      vertex 1.30819 1.0977 35.8881
    endloop
  endfacet
  facet normal 0.0588918 0.0642688 0.996193
    outer loop
      vertex 1.20754 1.20754 35.8881
      vertex 0.36683 0.437171 35.9875
      vertex 0.403536 0.403536 35.9875
    endloop
  endfacet
  facet normal 0.0642688 0.0588918 0.996193
    outer loop
      vertex 1.20754 1.20754 35.8881
      vertex 0.403536 0.403536 35.9875
      vertex 0.437171 0.36683 35.9875
    endloop
  endfacet
  facet normal 0.0468382 0.0735181 0.996193
    outer loop
      vertex 0.853858 1.47893 35.8881
      vertex 0.285343 0.494229 35.9875
      vertex 0.979506 1.39888 35.8881
    endloop
  endfacet
  facet normal 0.0933912 0.146589 0.984779
    outer loop
      vertex 1.41588 2.45237 35.6899
      vertex 0.853858 1.47893 35.8881
      vertex 0.979506 1.39888 35.8881
    endloop
  endfacet
  facet normal 0.229773 0.119611 0.965866
    outer loop
      vertex 3.40715 1.96712 35.3945
      vertex 2.45237 1.41588 35.6899
      vertex 3.56563 1.66268 35.3945
    endloop
  endfacet
  facet normal 0.303652 0.15807 0.93958
    outer loop
      vertex 4.33599 2.50339 35.0041
      vertex 3.40715 1.96712 35.3945
      vertex 3.56563 1.66268 35.3945
    endloop
  endfacet
  facet normal 0.183936 0.288715 0.93958
    outer loop
      vertex 2.87177 4.10131 35.0041
      vertex 1.96712 3.40715 35.3945
      vertex 2.25658 3.22274 35.3945
    endloop
  endfacet
  facet normal 0.139185 0.218472 0.965866
    outer loop
      vertex 1.96712 3.40715 35.3945
      vertex 1.41588 2.45237 35.6899
      vertex 2.25658 3.22274 35.3945
    endloop
  endfacet
  facet normal 0.264999 0.509059 0.818923
    outer loop
      vertex 3.98231 6.89757 33.2964
      vertex 3.366 7.2184 33.2964
      vertex 3.51483 6.08787 33.951
    endloop
  endfacet
  facet normal 0.29698 0.570495 0.765727
    outer loop
      vertex 3.73551 8.01083 32.5627
      vertex 3.366 7.2184 33.2964
      vertex 3.98231 6.89757 33.2964
    endloop
  endfacet
  facet normal 0.0357445 0.81864 0.573194
    outer loop
      vertex 0.0519236 10.9945 30
      vertex 0 10.3797 30.8813
      vertex 0.904651 10.3402 30.8813
    endloop
  endfacet
  facet normal 0.036261 0.81861 0.573204
    outer loop
      vertex 0 10.3797 30.8813
      vertex 0.0519236 10.9945 30
      vertex 0 10.9968 30
    endloop
  endfacet
  facet normal -0.036261 0.81861 0.573204
    outer loop
      vertex -0.0519236 10.9945 30
      vertex 0 10.3797 30.8813
      vertex 0 10.9968 30
    endloop
  endfacet
  facet normal -0.0357445 0.81864 0.573194
    outer loop
      vertex 0 10.3797 30.8813
      vertex -0.0519236 10.9945 30
      vertex -0.904651 10.3402 30.8813
    endloop
  endfacet
  facet normal 0.818647 0.0357618 0.573182
    outer loop
      vertex 10.9549 0.958433 30
      vertex 10.3402 0.904651 30.8813
      vertex 10.9945 0.0519236 30
    endloop
  endfacet
  facet normal -0.690686 0.153125 0.706758
    outer loop
      vertex -8.53779 2.28769 32.5627
      vertex -9.31736 2.49658 31.7556
      vertex -8.70469 1.53487 32.5627
    endloop
  endfacet
  facet normal -0.690685 0.153125 0.706758
    outer loop
      vertex -9.31736 2.49658 31.7556
      vertex -9.4995 1.67502 31.7556
      vertex -8.70469 1.53487 32.5627
    endloop
  endfacet
  facet normal -0.613399 0.193408 0.765725
    outer loop
      vertex -7.4843 2.72406 33.2964
      vertex -8.53779 2.28769 32.5627
      vertex -7.69324 2.0614 33.2964
    endloop
  endfacet
  facet normal -0.627922 0.139208 0.765725
    outer loop
      vertex -7.69324 2.0614 33.2964
      vertex -8.53779 2.28769 32.5627
      vertex -7.84363 1.38304 33.2964
    endloop
  endfacet
  facet normal -0.128147 0.117425 0.984779
    outer loop
      vertex -2.00235 2.00235 35.6899
      vertex -2.16925 1.82021 35.6899
      vertex -1.20754 1.20754 35.8881
    endloop
  endfacet
  facet normal -0.117425 0.128147 0.984779
    outer loop
      vertex -1.82021 2.16925 35.6899
      vertex -2.00235 2.00235 35.6899
      vertex -1.20754 1.20754 35.8881
    endloop
  endfacet
  facet normal -0.231282 0.252387 0.939579
    outer loop
      vertex -2.52888 3.0138 35.3945
      vertex -3.21829 3.83541 35.0041
      vertex -2.78192 2.78192 35.3945
    endloop
  endfacet
  facet normal -0.17501 0.19098 0.965866
    outer loop
      vertex -2.52888 3.0138 35.3945
      vertex -2.78192 2.78192 35.3945
      vertex -1.82021 2.16925 35.6899
    endloop
  endfacet
  facet normal -0.271589 0.208394 0.93958
    outer loop
      vertex -3.0138 2.52888 35.3945
      vertex -4.10131 2.87177 35.0041
      vertex -3.22274 2.25658 35.3945
    endloop
  endfacet
  facet normal -0.288715 0.183936 0.93958
    outer loop
      vertex -3.22274 2.25658 35.3945
      vertex -4.10131 2.87177 35.0041
      vertex -3.40715 1.96712 35.3945
    endloop
  endfacet
  facet normal -0.30365 0.158071 0.93958
    outer loop
      vertex -4.33599 2.50339 35.0041
      vertex -4.53768 2.11595 35.0041
      vertex -3.56563 1.66268 35.3945
    endloop
  endfacet
  facet normal -0.303652 0.15807 0.93958
    outer loop
      vertex -3.40715 1.96712 35.3945
      vertex -4.33599 2.50339 35.0041
      vertex -3.56563 1.66268 35.3945
    endloop
  endfacet
  facet normal -0.499889 0.021827 0.865814
    outer loop
      vertex -6.01822 0.526525 34.5217
      vertex -7.02967 0 33.951
      vertex -6.04121 0 34.5217
    endloop
  endfacet
  facet normal -0.499889 -0.021827 0.865814
    outer loop
      vertex -6.04121 0 34.5217
      vertex -7.02967 0 33.951
      vertex -6.01822 -0.526525 34.5217
    endloop
  endfacet
  facet normal -0.690685 -0.153125 0.706758
    outer loop
      vertex -8.70469 -1.53487 32.5627
      vertex -9.4995 -1.67502 31.7556
      vertex -9.31736 -2.49658 31.7556
    endloop
  endfacet
  facet normal -0.690686 -0.153125 0.706758
    outer loop
      vertex -8.70469 -1.53487 32.5627
      vertex -9.31736 -2.49658 31.7556
      vertex -8.53779 -2.28769 32.5627
    endloop
  endfacet
  facet normal -0.765605 0.0334215 0.642442
    outer loop
      vertex -9.60934 0.840708 31.7556
      vertex -10.3402 0.904651 30.8813
      vertex -9.64604 0 31.7556
    endloop
  endfacet
  facet normal -0.81861 0.036261 0.573204
    outer loop
      vertex -10.3797 0 30.8813
      vertex -10.9945 0.0519236 30
      vertex -10.9968 0 30
    endloop
  endfacet
  facet normal -0.81864 0.0357445 0.573194
    outer loop
      vertex -10.9945 0.0519236 30
      vertex -10.3797 0 30.8813
      vertex -10.3402 0.904651 30.8813
    endloop
  endfacet
  facet normal -0.765601 -0.0334286 0.642446
    outer loop
      vertex -9.64604 0 31.7556
      vertex -10.3797 0 30.8813
      vertex -10.3402 -0.904651 30.8813
    endloop
  endfacet
  facet normal -0.765605 -0.0334215 0.642442
    outer loop
      vertex -9.64604 0 31.7556
      vertex -10.3402 -0.904651 30.8813
      vertex -9.60934 -0.840708 31.7556
    endloop
  endfacet
  facet normal 0.169691 0.0376203 0.984779
    outer loop
      vertex 2.73526 0.732911 35.6899
      vertex 1.64953 0.441989 35.8881
      vertex 2.78873 0.491728 35.6899
    endloop
  endfacet
  facet normal 0.165766 0.0522672 0.984779
    outer loop
      vertex 2.73526 0.732911 35.6899
      vertex 1.60473 0.584073 35.8881
      vertex 1.64953 0.441989 35.8881
    endloop
  endfacet
  facet normal -0.0642688 0.0588918 0.996193
    outer loop
      vertex -0.403536 0.403536 35.9875
      vertex -1.20754 1.20754 35.8881
      vertex -0.437171 0.36683 35.9875
    endloop
  endfacet
  facet normal -0.0735181 -0.0468382 0.996193
    outer loop
      vertex -0.494229 -0.285343 35.9875
      vertex -1.47893 -0.853858 35.8881
      vertex -1.39888 -0.979506 35.8881
    endloop
  endfacet
  facet normal -0.0735191 -0.0468369 0.996193
    outer loop
      vertex -0.494229 -0.285343 35.9875
      vertex -1.39888 -0.979506 35.8881
      vertex -0.467479 -0.327332 35.9875
    endloop
  endfacet
  facet normal 0.0588918 -0.0642688 0.996193
    outer loop
      vertex 0.403536 -0.403536 35.9875
      vertex 0.36683 -0.437171 35.9875
      vertex 1.20754 -1.20754 35.8881
    endloop
  endfacet
  facet normal 0.0402513 -0.0773212 0.996193
    outer loop
      vertex 0.285343 -0.494229 35.9875
      vertex 0.241182 -0.517218 35.9875
      vertex 0.721712 -1.54772 35.8881
    endloop
  endfacet
  facet normal -0.0113791 -0.0864249 0.996193
    outer loop
      vertex -0.0990982 -0.562016 35.9875
      vertex -0.148837 -1.70122 35.8881
      vertex -0.0497379 -0.568515 35.9875
    endloop
  endfacet
  facet normal -0.00380127 -0.0870877 0.996193
    outer loop
      vertex 0 -0.570686 35.9875
      vertex -0.0497379 -0.568515 35.9875
      vertex 0 -1.70772 35.8881
    endloop
  endfacet
  facet normal 0.00380127 -0.0870877 0.996193
    outer loop
      vertex 0.0497379 -0.568515 35.9875
      vertex 0 -0.570686 35.9875
      vertex 0 -1.70772 35.8881
    endloop
  endfacet
  facet normal 0.0188662 -0.085105 0.996193
    outer loop
      vertex 0.147704 -0.551241 35.9875
      vertex 0.0990982 -0.562016 35.9875
      vertex 0.296541 -1.68177 35.8881
    endloop
  endfacet
  facet normal -0.0402513 -0.0773212 0.996193
    outer loop
      vertex -0.285343 -0.494229 35.9875
      vertex -0.721712 -1.54772 35.8881
      vertex -0.241182 -0.517218 35.9875
    endloop
  endfacet
  facet normal -0.0188644 0.0851052 0.996193
    outer loop
      vertex -0.296541 1.68177 35.8881
      vertex -0.441989 1.64953 35.8881
      vertex -0.147704 0.551241 35.9875
    endloop
  endfacet
  facet normal -0.0262127 0.0831362 0.996193
    outer loop
      vertex -0.147704 0.551241 35.9875
      vertex -0.441989 1.64953 35.8881
      vertex -0.195186 0.53627 35.9875
    endloop
  endfacet
  facet normal 0.00380329 0.0870877 0.996193
    outer loop
      vertex 0.148837 1.70122 35.8881
      vertex 0 1.70772 35.8881
      vertex 0.0497379 0.568515 35.9875
    endloop
  endfacet
  facet normal 0.0113791 0.0864249 0.996193
    outer loop
      vertex 0.148837 1.70122 35.8881
      vertex 0.0497379 0.568515 35.9875
      vertex 0.0990982 0.562016 35.9875
    endloop
  endfacet
  facet normal 0.0188662 0.085105 0.996193
    outer loop
      vertex 0.296541 1.68177 35.8881
      vertex 0.0990982 0.562016 35.9875
      vertex 0.147704 0.551241 35.9875
    endloop
  endfacet
  facet normal 0.00380127 0.0870877 0.996193
    outer loop
      vertex 0.0497379 0.568515 35.9875
      vertex 0 1.70772 35.8881
      vertex 0 0.570686 35.9875
    endloop
  endfacet
  facet normal -0.00380127 0.0870877 0.996193
    outer loop
      vertex 0 1.70772 35.8881
      vertex -0.0497379 0.568515 35.9875
      vertex 0 0.570686 35.9875
    endloop
  endfacet
  facet normal -0.0113806 0.0864249 0.996193
    outer loop
      vertex -0.148837 1.70122 35.8881
      vertex -0.296541 1.68177 35.8881
      vertex -0.0990982 0.562016 35.9875
    endloop
  endfacet
  facet normal -0.0113791 0.0864249 0.996193
    outer loop
      vertex -0.0497379 0.568515 35.9875
      vertex -0.148837 1.70122 35.8881
      vertex -0.0990982 0.562016 35.9875
    endloop
  endfacet
  facet normal 0.0805354 0.0333586 0.996193
    outer loop
      vertex 1.60473 0.584073 35.8881
      vertex 0.517218 0.241182 35.9875
      vertex 0.53627 0.195186 35.9875
    endloop
  endfacet
  facet normal 0.069157 0.0530663 0.996193
    outer loop
      vertex 1.30819 1.0977 35.8881
      vertex 0.437171 0.36683 35.9875
      vertex 0.467479 0.327332 35.9875
    endloop
  endfacet
  facet normal 0.28872 0.183932 0.93958
    outer loop
      vertex 4.10131 2.87177 35.0041
      vertex 3.40715 1.96712 35.3945
      vertex 4.33599 2.50339 35.0041
    endloop
  endfacet
  facet normal 0.288715 0.183936 0.93958
    outer loop
      vertex 4.10131 2.87177 35.0041
      vertex 3.22274 2.25658 35.3945
      vertex 3.40715 1.96712 35.3945
    endloop
  endfacet
  facet normal 0.781465 0.246375 0.573246
    outer loop
      vertex 10.026 2.68647 30.8813
      vertex 10.6065 2.89575 30
      vertex 9.75373 3.55007 30.8813
    endloop
  endfacet
  facet normal 0.781598 0.245974 0.573238
    outer loop
      vertex 10.6065 2.89575 30
      vertex 10.026 2.68647 30.8813
      vertex 10.6221 2.84618 30
    endloop
  endfacet
  facet normal 0.0642688 -0.0588918 0.996193
    outer loop
      vertex 0.437171 -0.36683 35.9875
      vertex 0.403536 -0.403536 35.9875
      vertex 1.20754 -1.20754 35.8881
    endloop
  endfacet
  facet normal 0.675594 -0.737274 0
    outer loop
      vertex 7.07066 -8.42649 0
      vertex 7.77817 -7.77817 30
      vertex 7.07066 -8.42649 30
    endloop
  endfacet
  facet normal 0.675594 -0.737274 0
    outer loop
      vertex 7.77817 -7.77817 30
      vertex 7.07066 -8.42649 0
      vertex 7.77817 -7.77817 0
    endloop
  endfacet
  facet normal 0.999046 0.0436627 0
    outer loop
      vertex 11 0 9.8
      vertex 10.9581 0.958713 0
      vertex 10.9581 0.958713 9.8
    endloop
  endfacet
  facet normal 0.999046 0.0436627 0
    outer loop
      vertex 10.9581 0.958713 0
      vertex 11 0 9.8
      vertex 11 0 0
    endloop
  endfacet
  facet normal 0.999046 0.0436627 0
    outer loop
      vertex 11 0 30
      vertex 10.9581 0.958713 14.2
      vertex 10.9581 0.958713 30
    endloop
  endfacet
  facet normal 0.999046 0.0436627 0
    outer loop
      vertex 10.9581 0.958713 14.2
      vertex 11 0 30
      vertex 11 0 14.2
    endloop
  endfacet
  facet normal -0.382663 -0.923888 0
    outer loop
      vertex -4.6488 -9.96939 0
      vertex -3.76222 -10.3366 30
      vertex -4.6488 -9.96939 30
    endloop
  endfacet
  facet normal -0.382663 -0.923888 -0
    outer loop
      vertex -3.76222 -10.3366 30
      vertex -4.6488 -9.96939 0
      vertex -3.76222 -10.3366 0
    endloop
  endfacet
  facet normal -0.887009 -0.461751 0
    outer loop
      vertex -9.52628 -5.5 0
      vertex -9.96939 -4.6488 30
      vertex -9.96939 -4.6488 0
    endloop
  endfacet
  facet normal -0.887009 -0.461751 0
    outer loop
      vertex -9.96939 -4.6488 30
      vertex -9.52628 -5.5 0
      vertex -9.52628 -5.5 30
    endloop
  endfacet
  facet normal 0.923892 -0.382653 0
    outer loop
      vertex 10.3366 -3.76222 30
      vertex 10.1967 -4.1 14.2
      vertex 10.3366 -3.76222 14.2
    endloop
  endfacet
  facet normal 0.923886 -0.382668 0
    outer loop
      vertex 9.96939 -4.6488 0
      vertex 10.1967 -4.1 14.2
      vertex 9.96939 -4.6488 30
    endloop
  endfacet
  facet normal 0.923888 -0.382663 2.40853e-07
    outer loop
      vertex 9.96939 -4.6488 30
      vertex 10.1967 -4.1 14.2
      vertex 10.3366 -3.76222 30
    endloop
  endfacet
  facet normal 0.923892 -0.382653 0
    outer loop
      vertex 10.1967 -4.1 9.8
      vertex 10.3366 -3.76222 0
      vertex 10.3366 -3.76222 9.8
    endloop
  endfacet
  facet normal 0.923888 -0.382663 -3.88313e-07
    outer loop
      vertex 10.1967 -4.1 9.8
      vertex 9.96939 -4.6488 0
      vertex 10.3366 -3.76222 0
    endloop
  endfacet
  facet normal 0.923886 -0.382668 0
    outer loop
      vertex 10.1967 -4.1 14.2
      vertex 9.96939 -4.6488 0
      vertex 10.1967 -4.1 9.8
    endloop
  endfacet
  facet normal 0.887009 -0.461751 0
    outer loop
      vertex 9.52628 -5.5 30
      vertex 9.96939 -4.6488 0
      vertex 9.96939 -4.6488 30
    endloop
  endfacet
  facet normal 0.887009 -0.461751 0
    outer loop
      vertex 9.96939 -4.6488 0
      vertex 9.52628 -5.5 30
      vertex 9.52628 -5.5 0
    endloop
  endfacet
  facet normal 0.461751 -0.887009 0
    outer loop
      vertex 4.6488 -9.96939 0
      vertex 5.5 -9.52628 30
      vertex 4.6488 -9.96939 30
    endloop
  endfacet
  facet normal 0.461751 -0.887009 0
    outer loop
      vertex 5.5 -9.52628 30
      vertex 4.6488 -9.96939 0
      vertex 5.5 -9.52628 0
    endloop
  endfacet
  facet normal -0.737274 -0.675594 0
    outer loop
      vertex -7.77817 -7.77817 0
      vertex -8.42649 -7.07066 30
      vertex -8.42649 -7.07066 0
    endloop
  endfacet
  facet normal -0.737274 -0.675594 0
    outer loop
      vertex -8.42649 -7.07066 30
      vertex -7.77817 -7.77817 0
      vertex -7.77817 -7.77817 30
    endloop
  endfacet
  facet normal -0.216438 -0.976296 0
    outer loop
      vertex -2.84701 -10.6252 0
      vertex -1.91013 -10.8329 30
      vertex -2.84701 -10.6252 30
    endloop
  endfacet
  facet normal -0.216438 -0.976296 -0
    outer loop
      vertex -1.91013 -10.8329 30
      vertex -2.84701 -10.6252 0
      vertex -1.91013 -10.8329 0
    endloop
  endfacet
  facet normal 0.923886 0.382668 0
    outer loop
      vertex 9.96939 4.6488 30
      vertex 10.1967 4.1 14.2
      vertex 9.96939 4.6488 0
    endloop
  endfacet
  facet normal 0.923888 0.382663 2.40853e-07
    outer loop
      vertex 10.3366 3.76222 30
      vertex 10.1967 4.1 14.2
      vertex 9.96939 4.6488 30
    endloop
  endfacet
  facet normal 0.923892 0.382653 0
    outer loop
      vertex 10.1967 4.1 14.2
      vertex 10.3366 3.76222 30
      vertex 10.3366 3.76222 14.2
    endloop
  endfacet
  facet normal 0.923886 0.382668 -0
    outer loop
      vertex 10.1967 4.1 9.8
      vertex 9.96939 4.6488 0
      vertex 10.1967 4.1 14.2
    endloop
  endfacet
  facet normal 0.923892 0.382653 -0
    outer loop
      vertex 10.3366 3.76222 0
      vertex 10.1967 4.1 9.8
      vertex 10.3366 3.76222 9.8
    endloop
  endfacet
  facet normal 0.923888 0.382663 -3.88313e-07
    outer loop
      vertex 10.1967 4.1 9.8
      vertex 10.3366 3.76222 0
      vertex 9.96939 4.6488 0
    endloop
  endfacet
  facet normal -0.675594 0.737274 0
    outer loop
      vertex -7.07066 8.42649 0
      vertex -7.77817 7.77817 30
      vertex -7.07066 8.42649 30
    endloop
  endfacet
  facet normal -0.675594 0.737274 0
    outer loop
      vertex -7.77817 7.77817 30
      vertex -7.07066 8.42649 0
      vertex -7.77817 7.77817 0
    endloop
  endfacet
  facet normal -0.976296 0.216438 0
    outer loop
      vertex -10.8329 1.91013 0
      vertex -10.6252 2.84701 30
      vertex -10.6252 2.84701 0
    endloop
  endfacet
  facet normal -0.976296 0.216438 0
    outer loop
      vertex -10.6252 2.84701 30
      vertex -10.8329 1.91013 0
      vertex -10.8329 1.91013 30
    endloop
  endfacet
  facet normal 0.976296 -0.216438 0
    outer loop
      vertex 10.6252 -2.84701 30
      vertex 10.8329 -1.91013 14.2
      vertex 10.8329 -1.91013 30
    endloop
  endfacet
  facet normal 0.976296 -0.216438 0
    outer loop
      vertex 10.8329 -1.91013 14.2
      vertex 10.6252 -2.84701 30
      vertex 10.6252 -2.84701 14.2
    endloop
  endfacet
  facet normal 0.976296 -0.216438 0
    outer loop
      vertex 10.6252 -2.84701 9.8
      vertex 10.8329 -1.91013 0
      vertex 10.8329 -1.91013 9.8
    endloop
  endfacet
  facet normal 0.976296 -0.216438 0
    outer loop
      vertex 10.8329 -1.91013 0
      vertex 10.6252 -2.84701 9.8
      vertex 10.6252 -2.84701 0
    endloop
  endfacet
  facet normal 0.953706 -0.300739 0
    outer loop
      vertex 10.3366 -3.76222 30
      vertex 10.6252 -2.84701 14.2
      vertex 10.6252 -2.84701 30
    endloop
  endfacet
  facet normal 0.953706 -0.300739 0
    outer loop
      vertex 10.6252 -2.84701 14.2
      vertex 10.3366 -3.76222 30
      vertex 10.3366 -3.76222 14.2
    endloop
  endfacet
  facet normal 0.953706 -0.300739 0
    outer loop
      vertex 10.3366 -3.76222 9.8
      vertex 10.6252 -2.84701 0
      vertex 10.6252 -2.84701 9.8
    endloop
  endfacet
  facet normal 0.953706 -0.300739 0
    outer loop
      vertex 10.6252 -2.84701 0
      vertex 10.3366 -3.76222 9.8
      vertex 10.3366 -3.76222 0
    endloop
  endfacet
  facet normal 0.793354 -0.608761 0
    outer loop
      vertex 8.42649 -7.07066 30
      vertex 9.01067 -6.30934 0
      vertex 9.01067 -6.30934 30
    endloop
  endfacet
  facet normal 0.793354 -0.608761 0
    outer loop
      vertex 9.01067 -6.30934 0
      vertex 8.42649 -7.07066 30
      vertex 8.42649 -7.07066 0
    endloop
  endfacet
  facet normal 0.84339 -0.537302 0
    outer loop
      vertex 9.01067 -6.30934 30
      vertex 9.52628 -5.5 0
      vertex 9.52628 -5.5 30
    endloop
  endfacet
  facet normal 0.84339 -0.537302 0
    outer loop
      vertex 9.52628 -5.5 0
      vertex 9.01067 -6.30934 30
      vertex 9.01067 -6.30934 0
    endloop
  endfacet
  facet normal 0.737274 -0.675594 0
    outer loop
      vertex 7.77817 -7.77817 30
      vertex 8.42649 -7.07066 0
      vertex 8.42649 -7.07066 30
    endloop
  endfacet
  facet normal 0.737274 -0.675594 0
    outer loop
      vertex 8.42649 -7.07066 0
      vertex 7.77817 -7.77817 30
      vertex 7.77817 -7.77817 0
    endloop
  endfacet
  facet normal 0.608761 -0.793354 0
    outer loop
      vertex 6.30934 -9.01067 0
      vertex 7.07066 -8.42649 30
      vertex 6.30934 -9.01067 30
    endloop
  endfacet
  facet normal 0.608761 -0.793354 0
    outer loop
      vertex 7.07066 -8.42649 30
      vertex 6.30934 -9.01067 0
      vertex 7.07066 -8.42649 0
    endloop
  endfacet
  facet normal 0.0436627 -0.999046 0
    outer loop
      vertex 0 -11 0
      vertex 0.958713 -10.9581 30
      vertex 0 -11 30
    endloop
  endfacet
  facet normal 0.0436627 -0.999046 0
    outer loop
      vertex 0.958713 -10.9581 30
      vertex 0 -11 0
      vertex 0.958713 -10.9581 0
    endloop
  endfacet
  facet normal 0.537302 -0.84339 0
    outer loop
      vertex 5.5 -9.52628 0
      vertex 6.30934 -9.01067 30
      vertex 5.5 -9.52628 30
    endloop
  endfacet
  facet normal 0.537302 -0.84339 0
    outer loop
      vertex 6.30934 -9.01067 30
      vertex 5.5 -9.52628 0
      vertex 6.30934 -9.01067 0
    endloop
  endfacet
  facet normal 0.382663 -0.923888 0
    outer loop
      vertex 3.76222 -10.3366 0
      vertex 4.6488 -9.96939 30
      vertex 3.76222 -10.3366 30
    endloop
  endfacet
  facet normal 0.382663 -0.923888 0
    outer loop
      vertex 4.6488 -9.96939 30
      vertex 3.76222 -10.3366 0
      vertex 4.6488 -9.96939 0
    endloop
  endfacet
  facet normal 0.300739 -0.953706 0
    outer loop
      vertex 2.84701 -10.6252 0
      vertex 3.76222 -10.3366 30
      vertex 2.84701 -10.6252 30
    endloop
  endfacet
  facet normal 0.300739 -0.953706 0
    outer loop
      vertex 3.76222 -10.3366 30
      vertex 2.84701 -10.6252 0
      vertex 3.76222 -10.3366 0
    endloop
  endfacet
  facet normal -0.999046 -0.0436627 0
    outer loop
      vertex -10.9581 -0.958713 0
      vertex -11 0 30
      vertex -11 0 0
    endloop
  endfacet
  facet normal -0.999046 -0.0436627 0
    outer loop
      vertex -11 0 30
      vertex -10.9581 -0.958713 0
      vertex -10.9581 -0.958713 30
    endloop
  endfacet
  facet normal -0.923888 -0.382663 0
    outer loop
      vertex -9.96939 -4.6488 0
      vertex -10.3366 -3.76222 30
      vertex -10.3366 -3.76222 0
    endloop
  endfacet
  facet normal -0.923888 -0.382663 0
    outer loop
      vertex -10.3366 -3.76222 30
      vertex -9.96939 -4.6488 0
      vertex -9.96939 -4.6488 30
    endloop
  endfacet
  facet normal -0.953706 -0.300739 0
    outer loop
      vertex -10.3366 -3.76222 0
      vertex -10.6252 -2.84701 30
      vertex -10.6252 -2.84701 0
    endloop
  endfacet
  facet normal -0.953706 -0.300739 0
    outer loop
      vertex -10.6252 -2.84701 30
      vertex -10.3366 -3.76222 0
      vertex -10.3366 -3.76222 30
    endloop
  endfacet
  facet normal -0.84339 -0.537302 0
    outer loop
      vertex -9.01067 -6.30934 0
      vertex -9.52628 -5.5 30
      vertex -9.52628 -5.5 0
    endloop
  endfacet
  facet normal -0.84339 -0.537302 0
    outer loop
      vertex -9.52628 -5.5 30
      vertex -9.01067 -6.30934 0
      vertex -9.01067 -6.30934 30
    endloop
  endfacet
  facet normal -0.793354 -0.608761 0
    outer loop
      vertex -8.42649 -7.07066 0
      vertex -9.01067 -6.30934 30
      vertex -9.01067 -6.30934 0
    endloop
  endfacet
  facet normal -0.793354 -0.608761 0
    outer loop
      vertex -9.01067 -6.30934 30
      vertex -8.42649 -7.07066 0
      vertex -8.42649 -7.07066 30
    endloop
  endfacet
  facet normal -0.300739 -0.953706 0
    outer loop
      vertex -3.76222 -10.3366 0
      vertex -2.84701 -10.6252 30
      vertex -3.76222 -10.3366 30
    endloop
  endfacet
  facet normal -0.300739 -0.953706 -0
    outer loop
      vertex -2.84701 -10.6252 30
      vertex -3.76222 -10.3366 0
      vertex -2.84701 -10.6252 0
    endloop
  endfacet
  facet normal -0.0436627 -0.999046 0
    outer loop
      vertex -0.958713 -10.9581 0
      vertex 0 -11 30
      vertex -0.958713 -10.9581 30
    endloop
  endfacet
  facet normal -0.0436627 -0.999046 -0
    outer loop
      vertex 0 -11 30
      vertex -0.958713 -10.9581 0
      vertex 0 -11 0
    endloop
  endfacet
  facet normal -0.537302 -0.84339 0
    outer loop
      vertex -6.30934 -9.01067 0
      vertex -5.5 -9.52628 30
      vertex -6.30934 -9.01067 30
    endloop
  endfacet
  facet normal -0.537302 -0.84339 -0
    outer loop
      vertex -5.5 -9.52628 30
      vertex -6.30934 -9.01067 0
      vertex -5.5 -9.52628 0
    endloop
  endfacet
  facet normal -0.608761 -0.793354 0
    outer loop
      vertex -7.07066 -8.42649 0
      vertex -6.30934 -9.01067 30
      vertex -7.07066 -8.42649 30
    endloop
  endfacet
  facet normal -0.608761 -0.793354 -0
    outer loop
      vertex -6.30934 -9.01067 30
      vertex -7.07066 -8.42649 0
      vertex -6.30934 -9.01067 0
    endloop
  endfacet
  facet normal -0.461751 -0.887009 0
    outer loop
      vertex -5.5 -9.52628 0
      vertex -4.6488 -9.96939 30
      vertex -5.5 -9.52628 30
    endloop
  endfacet
  facet normal -0.461751 -0.887009 -0
    outer loop
      vertex -4.6488 -9.96939 30
      vertex -5.5 -9.52628 0
      vertex -4.6488 -9.96939 0
    endloop
  endfacet
  facet normal -0.675594 -0.737274 0
    outer loop
      vertex -7.77817 -7.77817 0
      vertex -7.07066 -8.42649 30
      vertex -7.77817 -7.77817 30
    endloop
  endfacet
  facet normal -0.675594 -0.737274 -0
    outer loop
      vertex -7.07066 -8.42649 30
      vertex -7.77817 -7.77817 0
      vertex -7.07066 -8.42649 0
    endloop
  endfacet
  facet normal 0.999046 -0.0436627 0
    outer loop
      vertex 10.9581 -0.958713 30
      vertex 11 0 14.2
      vertex 11 0 30
    endloop
  endfacet
  facet normal 0.999046 -0.0436627 0
    outer loop
      vertex 11 0 14.2
      vertex 10.9581 -0.958713 30
      vertex 10.9581 -0.958713 14.2
    endloop
  endfacet
  facet normal 0.999046 -0.0436627 0
    outer loop
      vertex 10.9581 -0.958713 9.8
      vertex 11 0 0
      vertex 11 0 9.8
    endloop
  endfacet
  facet normal 0.999046 -0.0436627 0
    outer loop
      vertex 11 0 0
      vertex 10.9581 -0.958713 9.8
      vertex 10.9581 -0.958713 0
    endloop
  endfacet
  facet normal 0.991452 0.130468 0
    outer loop
      vertex 10.9581 0.958713 9.8
      vertex 10.8329 1.91013 0
      vertex 10.8329 1.91013 9.8
    endloop
  endfacet
  facet normal 0.991452 0.130468 0
    outer loop
      vertex 10.8329 1.91013 0
      vertex 10.9581 0.958713 9.8
      vertex 10.9581 0.958713 0
    endloop
  endfacet
  facet normal 0.991452 0.130468 0
    outer loop
      vertex 10.9581 0.958713 30
      vertex 10.8329 1.91013 14.2
      vertex 10.8329 1.91013 30
    endloop
  endfacet
  facet normal 0.991452 0.130468 0
    outer loop
      vertex 10.8329 1.91013 14.2
      vertex 10.9581 0.958713 30
      vertex 10.9581 0.958713 14.2
    endloop
  endfacet
  facet normal 0.0436627 0.999046 -0
    outer loop
      vertex 0.958713 10.9581 0
      vertex 0 11 30
      vertex 0.958713 10.9581 30
    endloop
  endfacet
  facet normal 0.0436627 0.999046 0
    outer loop
      vertex 0 11 30
      vertex 0.958713 10.9581 0
      vertex 0 11 0
    endloop
  endfacet
  facet normal 0.737274 0.675594 0
    outer loop
      vertex 8.42649 7.07066 30
      vertex 7.77817 7.77817 0
      vertex 7.77817 7.77817 30
    endloop
  endfacet
  facet normal 0.737274 0.675594 0
    outer loop
      vertex 7.77817 7.77817 0
      vertex 8.42649 7.07066 30
      vertex 8.42649 7.07066 0
    endloop
  endfacet
  facet normal 0.216438 0.976296 -0
    outer loop
      vertex 2.84701 10.6252 0
      vertex 1.91013 10.8329 30
      vertex 2.84701 10.6252 30
    endloop
  endfacet
  facet normal 0.216438 0.976296 0
    outer loop
      vertex 1.91013 10.8329 30
      vertex 2.84701 10.6252 0
      vertex 1.91013 10.8329 0
    endloop
  endfacet
  facet normal 0.300739 0.953706 -0
    outer loop
      vertex 3.76222 10.3366 0
      vertex 2.84701 10.6252 30
      vertex 3.76222 10.3366 30
    endloop
  endfacet
  facet normal 0.300739 0.953706 0
    outer loop
      vertex 2.84701 10.6252 30
      vertex 3.76222 10.3366 0
      vertex 2.84701 10.6252 0
    endloop
  endfacet
  facet normal 0.608761 0.793354 -0
    outer loop
      vertex 7.07066 8.42649 0
      vertex 6.30934 9.01067 30
      vertex 7.07066 8.42649 30
    endloop
  endfacet
  facet normal 0.608761 0.793354 0
    outer loop
      vertex 6.30934 9.01067 30
      vertex 7.07066 8.42649 0
      vertex 6.30934 9.01067 0
    endloop
  endfacet
  facet normal 0.461751 0.887009 -0
    outer loop
      vertex 5.5 9.52628 0
      vertex 4.6488 9.96939 30
      vertex 5.5 9.52628 30
    endloop
  endfacet
  facet normal 0.461751 0.887009 0
    outer loop
      vertex 4.6488 9.96939 30
      vertex 5.5 9.52628 0
      vertex 4.6488 9.96939 0
    endloop
  endfacet
  facet normal -0.0436627 0.999046 0
    outer loop
      vertex 0 11 0
      vertex -0.958713 10.9581 30
      vertex 0 11 30
    endloop
  endfacet
  facet normal -0.0436627 0.999046 0
    outer loop
      vertex -0.958713 10.9581 30
      vertex 0 11 0
      vertex -0.958713 10.9581 0
    endloop
  endfacet
  facet normal -0.382663 0.923888 0
    outer loop
      vertex -3.76222 10.3366 0
      vertex -4.6488 9.96939 30
      vertex -3.76222 10.3366 30
    endloop
  endfacet
  facet normal -0.382663 0.923888 0
    outer loop
      vertex -4.6488 9.96939 30
      vertex -3.76222 10.3366 0
      vertex -4.6488 9.96939 0
    endloop
  endfacet
  facet normal -0.537302 0.84339 0
    outer loop
      vertex -5.5 9.52628 0
      vertex -6.30934 9.01067 30
      vertex -5.5 9.52628 30
    endloop
  endfacet
  facet normal -0.537302 0.84339 0
    outer loop
      vertex -6.30934 9.01067 30
      vertex -5.5 9.52628 0
      vertex -6.30934 9.01067 0
    endloop
  endfacet
  facet normal -0.953706 0.300739 0
    outer loop
      vertex -10.6252 2.84701 0
      vertex -10.3366 3.76222 30
      vertex -10.3366 3.76222 0
    endloop
  endfacet
  facet normal -0.953706 0.300739 0
    outer loop
      vertex -10.3366 3.76222 30
      vertex -10.6252 2.84701 0
      vertex -10.6252 2.84701 30
    endloop
  endfacet
  facet normal -0.999046 0.0436627 0
    outer loop
      vertex -11 0 0
      vertex -10.9581 0.958713 30
      vertex -10.9581 0.958713 0
    endloop
  endfacet
  facet normal -0.999046 0.0436627 0
    outer loop
      vertex -10.9581 0.958713 30
      vertex -11 0 0
      vertex -11 0 30
    endloop
  endfacet
  facet normal -0.793354 0.608761 0
    outer loop
      vertex -9.01067 6.30934 0
      vertex -8.42649 7.07066 30
      vertex -8.42649 7.07066 0
    endloop
  endfacet
  facet normal -0.793354 0.608761 0
    outer loop
      vertex -8.42649 7.07066 30
      vertex -9.01067 6.30934 0
      vertex -9.01067 6.30934 30
    endloop
  endfacet
  facet normal -0.887009 0.461751 0
    outer loop
      vertex -9.96939 4.6488 0
      vertex -9.52628 5.5 30
      vertex -9.52628 5.5 0
    endloop
  endfacet
  facet normal -0.887009 0.461751 0
    outer loop
      vertex -9.52628 5.5 30
      vertex -9.96939 4.6488 0
      vertex -9.96939 4.6488 30
    endloop
  endfacet
  facet normal 0.991452 -0.130468 0
    outer loop
      vertex 10.8329 -1.91013 9.8
      vertex 10.9581 -0.958713 0
      vertex 10.9581 -0.958713 9.8
    endloop
  endfacet
  facet normal 0.991452 -0.130468 0
    outer loop
      vertex 10.9581 -0.958713 0
      vertex 10.8329 -1.91013 9.8
      vertex 10.8329 -1.91013 0
    endloop
  endfacet
  facet normal 0.991452 -0.130468 0
    outer loop
      vertex 10.8329 -1.91013 30
      vertex 10.9581 -0.958713 14.2
      vertex 10.9581 -0.958713 30
    endloop
  endfacet
  facet normal 0.991452 -0.130468 0
    outer loop
      vertex 10.9581 -0.958713 14.2
      vertex 10.8329 -1.91013 30
      vertex 10.8329 -1.91013 14.2
    endloop
  endfacet
  facet normal 0.216438 -0.976296 0
    outer loop
      vertex 1.91013 -10.8329 0
      vertex 2.84701 -10.6252 30
      vertex 1.91013 -10.8329 30
    endloop
  endfacet
  facet normal 0.216438 -0.976296 0
    outer loop
      vertex 2.84701 -10.6252 30
      vertex 1.91013 -10.8329 0
      vertex 2.84701 -10.6252 0
    endloop
  endfacet
  facet normal 0.130468 -0.991452 0
    outer loop
      vertex 0.958713 -10.9581 0
      vertex 1.91013 -10.8329 30
      vertex 0.958713 -10.9581 30
    endloop
  endfacet
  facet normal 0.130468 -0.991452 0
    outer loop
      vertex 1.91013 -10.8329 30
      vertex 0.958713 -10.9581 0
      vertex 1.91013 -10.8329 0
    endloop
  endfacet
  facet normal -0.976296 -0.216438 0
    outer loop
      vertex -10.6252 -2.84701 0
      vertex -10.8329 -1.91013 30
      vertex -10.8329 -1.91013 0
    endloop
  endfacet
  facet normal -0.976296 -0.216438 0
    outer loop
      vertex -10.8329 -1.91013 30
      vertex -10.6252 -2.84701 0
      vertex -10.6252 -2.84701 30
    endloop
  endfacet
  facet normal -0.991452 -0.130468 0
    outer loop
      vertex -10.8329 -1.91013 0
      vertex -10.9581 -0.958713 30
      vertex -10.9581 -0.958713 0
    endloop
  endfacet
  facet normal -0.991452 -0.130468 0
    outer loop
      vertex -10.9581 -0.958713 30
      vertex -10.8329 -1.91013 0
      vertex -10.8329 -1.91013 30
    endloop
  endfacet
  facet normal -0.130468 -0.991452 0
    outer loop
      vertex -1.91013 -10.8329 0
      vertex -0.958713 -10.9581 30
      vertex -1.91013 -10.8329 30
    endloop
  endfacet
  facet normal -0.130468 -0.991452 -0
    outer loop
      vertex -0.958713 -10.9581 30
      vertex -1.91013 -10.8329 0
      vertex -0.958713 -10.9581 0
    endloop
  endfacet
  facet normal 0.976296 0.216438 0
    outer loop
      vertex 10.8329 1.91013 30
      vertex 10.6252 2.84701 14.2
      vertex 10.6252 2.84701 30
    endloop
  endfacet
  facet normal 0.976296 0.216438 0
    outer loop
      vertex 10.6252 2.84701 14.2
      vertex 10.8329 1.91013 30
      vertex 10.8329 1.91013 14.2
    endloop
  endfacet
  facet normal 0.976296 0.216438 0
    outer loop
      vertex 10.8329 1.91013 9.8
      vertex 10.6252 2.84701 0
      vertex 10.6252 2.84701 9.8
    endloop
  endfacet
  facet normal 0.976296 0.216438 0
    outer loop
      vertex 10.6252 2.84701 0
      vertex 10.8329 1.91013 9.8
      vertex 10.8329 1.91013 0
    endloop
  endfacet
  facet normal 0.130468 0.991452 -0
    outer loop
      vertex 1.91013 10.8329 0
      vertex 0.958713 10.9581 30
      vertex 1.91013 10.8329 30
    endloop
  endfacet
  facet normal 0.130468 0.991452 0
    outer loop
      vertex 0.958713 10.9581 30
      vertex 1.91013 10.8329 0
      vertex 0.958713 10.9581 0
    endloop
  endfacet
  facet normal 0.382663 0.923888 -0
    outer loop
      vertex 4.6488 9.96939 0
      vertex 3.76222 10.3366 30
      vertex 4.6488 9.96939 30
    endloop
  endfacet
  facet normal 0.382663 0.923888 0
    outer loop
      vertex 3.76222 10.3366 30
      vertex 4.6488 9.96939 0
      vertex 3.76222 10.3366 0
    endloop
  endfacet
  facet normal 0.675594 0.737274 -0
    outer loop
      vertex 7.77817 7.77817 0
      vertex 7.07066 8.42649 30
      vertex 7.77817 7.77817 30
    endloop
  endfacet
  facet normal 0.675594 0.737274 0
    outer loop
      vertex 7.07066 8.42649 30
      vertex 7.77817 7.77817 0
      vertex 7.07066 8.42649 0
    endloop
  endfacet
  facet normal 0.537302 0.84339 -0
    outer loop
      vertex 6.30934 9.01067 0
      vertex 5.5 9.52628 30
      vertex 6.30934 9.01067 30
    endloop
  endfacet
  facet normal 0.537302 0.84339 0
    outer loop
      vertex 5.5 9.52628 30
      vertex 6.30934 9.01067 0
      vertex 5.5 9.52628 0
    endloop
  endfacet
  facet normal -0.216438 0.976296 0
    outer loop
      vertex -1.91013 10.8329 0
      vertex -2.84701 10.6252 30
      vertex -1.91013 10.8329 30
    endloop
  endfacet
  facet normal -0.216438 0.976296 0
    outer loop
      vertex -2.84701 10.6252 30
      vertex -1.91013 10.8329 0
      vertex -2.84701 10.6252 0
    endloop
  endfacet
  facet normal -0.300739 0.953706 0
    outer loop
      vertex -2.84701 10.6252 0
      vertex -3.76222 10.3366 30
      vertex -2.84701 10.6252 30
    endloop
  endfacet
  facet normal -0.300739 0.953706 0
    outer loop
      vertex -3.76222 10.3366 30
      vertex -2.84701 10.6252 0
      vertex -3.76222 10.3366 0
    endloop
  endfacet
  facet normal -0.461751 0.887009 0
    outer loop
      vertex -4.6488 9.96939 0
      vertex -5.5 9.52628 30
      vertex -4.6488 9.96939 30
    endloop
  endfacet
  facet normal -0.461751 0.887009 0
    outer loop
      vertex -5.5 9.52628 30
      vertex -4.6488 9.96939 0
      vertex -5.5 9.52628 0
    endloop
  endfacet
  facet normal -0.608761 0.793354 0
    outer loop
      vertex -6.30934 9.01067 0
      vertex -7.07066 8.42649 30
      vertex -6.30934 9.01067 30
    endloop
  endfacet
  facet normal -0.608761 0.793354 0
    outer loop
      vertex -7.07066 8.42649 30
      vertex -6.30934 9.01067 0
      vertex -7.07066 8.42649 0
    endloop
  endfacet
  facet normal -0.923888 0.382663 0
    outer loop
      vertex -10.3366 3.76222 0
      vertex -9.96939 4.6488 30
      vertex -9.96939 4.6488 0
    endloop
  endfacet
  facet normal -0.923888 0.382663 0
    outer loop
      vertex -9.96939 4.6488 30
      vertex -10.3366 3.76222 0
      vertex -10.3366 3.76222 30
    endloop
  endfacet
  facet normal -0.991452 0.130468 0
    outer loop
      vertex -10.9581 0.958713 0
      vertex -10.8329 1.91013 30
      vertex -10.8329 1.91013 0
    endloop
  endfacet
  facet normal -0.991452 0.130468 0
    outer loop
      vertex -10.8329 1.91013 30
      vertex -10.9581 0.958713 0
      vertex -10.9581 0.958713 30
    endloop
  endfacet
  facet normal -0.84339 0.537302 0
    outer loop
      vertex -9.52628 5.5 0
      vertex -9.01067 6.30934 30
      vertex -9.01067 6.30934 0
    endloop
  endfacet
  facet normal -0.84339 0.537302 0
    outer loop
      vertex -9.01067 6.30934 30
      vertex -9.52628 5.5 0
      vertex -9.52628 5.5 30
    endloop
  endfacet
  facet normal -0.737274 0.675594 0
    outer loop
      vertex -8.42649 7.07066 0
      vertex -7.77817 7.77817 30
      vertex -7.77817 7.77817 0
    endloop
  endfacet
  facet normal -0.737274 0.675594 0
    outer loop
      vertex -7.77817 7.77817 30
      vertex -8.42649 7.07066 0
      vertex -8.42649 7.07066 30
    endloop
  endfacet
  facet normal 0.953706 0.300739 0
    outer loop
      vertex 10.6252 2.84701 30
      vertex 10.3366 3.76222 14.2
      vertex 10.3366 3.76222 30
    endloop
  endfacet
  facet normal 0.953706 0.300739 0
    outer loop
      vertex 10.3366 3.76222 14.2
      vertex 10.6252 2.84701 30
      vertex 10.6252 2.84701 14.2
    endloop
  endfacet
  facet normal 0.953706 0.300739 0
    outer loop
      vertex 10.6252 2.84701 9.8
      vertex 10.3366 3.76222 0
      vertex 10.3366 3.76222 9.8
    endloop
  endfacet
  facet normal 0.953706 0.300739 0
    outer loop
      vertex 10.3366 3.76222 0
      vertex 10.6252 2.84701 9.8
      vertex 10.6252 2.84701 0
    endloop
  endfacet
  facet normal 0.887009 0.461751 0
    outer loop
      vertex 9.96939 4.6488 30
      vertex 9.52628 5.5 0
      vertex 9.52628 5.5 30
    endloop
  endfacet
  facet normal 0.887009 0.461751 0
    outer loop
      vertex 9.52628 5.5 0
      vertex 9.96939 4.6488 30
      vertex 9.96939 4.6488 0
    endloop
  endfacet
  facet normal 0.84339 0.537302 0
    outer loop
      vertex 9.52628 5.5 30
      vertex 9.01067 6.30934 0
      vertex 9.01067 6.30934 30
    endloop
  endfacet
  facet normal 0.84339 0.537302 0
    outer loop
      vertex 9.01067 6.30934 0
      vertex 9.52628 5.5 30
      vertex 9.52628 5.5 0
    endloop
  endfacet
  facet normal -0.130468 0.991452 0
    outer loop
      vertex -0.958713 10.9581 0
      vertex -1.91013 10.8329 30
      vertex -0.958713 10.9581 30
    endloop
  endfacet
  facet normal -0.130468 0.991452 0
    outer loop
      vertex -1.91013 10.8329 30
      vertex -0.958713 10.9581 0
      vertex -1.91013 10.8329 0
    endloop
  endfacet
  facet normal 0.793354 0.608761 0
    outer loop
      vertex 9.01067 6.30934 30
      vertex 8.42649 7.07066 0
      vertex 8.42649 7.07066 30
    endloop
  endfacet
  facet normal 0.793354 0.608761 0
    outer loop
      vertex 8.42649 7.07066 0
      vertex 9.01067 6.30934 30
      vertex 9.01067 6.30934 0
    endloop
  endfacet
  facet normal 0 0 1
    outer loop
      vertex 11 0 30
      vertex 10.9945 0.0519236 30
      vertex 10.9968 0 30
    endloop
  endfacet
  facet normal 0 0 1
    outer loop
      vertex 10.9581 0.958713 30
      vertex 10.9945 0.0519236 30
      vertex 11 0 30
    endloop
  endfacet
  facet normal 0 0 1
    outer loop
      vertex 10.9581 0.958713 30
      vertex 10.9549 0.958433 30
      vertex 10.9945 0.0519236 30
    endloop
  endfacet
  facet normal 0 0 1
    outer loop
      vertex 10.9581 0.958713 30
      vertex 10.8365 1.85804 30
      vertex 10.9549 0.958433 30
    endloop
  endfacet
  facet normal 0 0 1
    outer loop
      vertex 10.8329 1.91013 30
      vertex 10.8365 1.85804 30
      vertex 10.9581 0.958713 30
    endloop
  endfacet
  facet normal 0 0 1
    outer loop
      vertex 10.8329 1.91013 30
      vertex 10.8297 1.90957 30
      vertex 10.8365 1.85804 30
    endloop
  endfacet
  facet normal 0 0 1
    outer loop
      vertex 10.8329 1.91013 30
      vertex 10.8185 1.96031 30
      vertex 10.8297 1.90957 30
    endloop
  endfacet
  facet normal 0 0 1
    outer loop
      vertex 10.6252 2.84701 30
      vertex 10.8185 1.96031 30
      vertex 10.8329 1.91013 30
    endloop
  endfacet
  facet normal 0 0 1
    outer loop
      vertex 10.6252 2.84701 30
      vertex 10.6221 2.84618 30
      vertex 10.8185 1.96031 30
    endloop
  endfacet
  facet normal 0 0 1
    outer loop
      vertex 10.6252 2.84701 30
      vertex 10.6065 2.89575 30
      vertex 10.6221 2.84618 30
    endloop
  endfacet
  facet normal 0 0 1
    outer loop
      vertex 10.3366 3.76222 30
      vertex 10.6065 2.89575 30
      vertex 10.6252 2.84701 30
    endloop
  endfacet
  facet normal 0 0 1
    outer loop
      vertex 10.3366 3.76222 30
      vertex 10.3336 3.76113 30
      vertex 10.6065 2.89575 30
    endloop
  endfacet
  facet normal 0 0 1
    outer loop
      vertex 10.3366 3.76222 30
      vertex 10.3137 3.80914 30
      vertex 10.3336 3.76113 30
    endloop
  endfacet
  facet normal 0 0 1
    outer loop
      vertex 9.96939 4.6488 30
      vertex 10.3137 3.80914 30
      vertex 10.3366 3.76222 30
    endloop
  endfacet
  facet normal 0 0 1
    outer loop
      vertex 9.96939 4.6488 30
      vertex 9.96648 4.64745 30
      vertex 10.3137 3.80914 30
    endloop
  endfacet
  facet normal 0 0 1
    outer loop
      vertex 9.96939 4.6488 30
      vertex 9.5475 5.4523 30
      vertex 9.96648 4.64745 30
    endloop
  endfacet
  facet normal 0 0 1
    outer loop
      vertex 9.52628 5.5 30
      vertex 9.5475 5.4523 30
      vertex 9.96939 4.6488 30
    endloop
  endfacet
  facet normal 0 0 1
    outer loop
      vertex 9.52628 5.5 30
      vertex 9.5235 5.4984 30
      vertex 9.5475 5.4523 30
    endloop
  endfacet
  facet normal 0 0 1
    outer loop
      vertex 9.52628 5.5 30
      vertex 9.03597 6.26367 30
      vertex 9.5235 5.4984 30
    endloop
  endfacet
  facet normal 0 0 1
    outer loop
      vertex 9.01067 6.30934 30
      vertex 9.03597 6.26367 30
      vertex 9.52628 5.5 30
    endloop
  endfacet
  facet normal 0 0 1
    outer loop
      vertex 9.01067 6.30934 30
      vertex 9.00805 6.3075 30
      vertex 9.03597 6.26367 30
    endloop
  endfacet
  facet normal 0 0 1
    outer loop
      vertex 9.01067 6.30934 30
      vertex 8.97641 6.34874 30
      vertex 9.00805 6.3075 30
    endloop
  endfacet
  facet normal 0 0 1
    outer loop
      vertex 8.42649 7.07066 30
      vertex 8.97641 6.34874 30
      vertex 9.01067 6.30934 30
    endloop
  endfacet
  facet normal 0 0 1
    outer loop
      vertex 8.42649 7.07066 30
      vertex 8.42403 7.0686 30
      vertex 8.97641 6.34874 30
    endloop
  endfacet
  facet normal 0 0 1
    outer loop
      vertex 8.42649 7.07066 30
      vertex 8.38892 7.10692 30
      vertex 8.42403 7.0686 30
    endloop
  endfacet
  facet normal 0 0 1
    outer loop
      vertex 7.77817 7.77817 30
      vertex 8.38892 7.10692 30
      vertex 8.42649 7.07066 30
    endloop
  endfacet
  facet normal 0 0 1
    outer loop
      vertex 7.77817 7.77817 30
      vertex 7.77591 7.77591 30
      vertex 8.38892 7.10692 30
    endloop
  endfacet
  facet normal 0 0 1
    outer loop
      vertex 7.77817 7.77817 30
      vertex 7.10692 8.38892 30
      vertex 7.77591 7.77591 30
    endloop
  endfacet
  facet normal 0 0 1
    outer loop
      vertex 7.07066 8.42649 30
      vertex 7.10692 8.38892 30
      vertex 7.77817 7.77817 30
    endloop
  endfacet
  facet normal 0 0 1
    outer loop
      vertex 7.07066 8.42649 30
      vertex 7.0686 8.42403 30
      vertex 7.10692 8.38892 30
    endloop
  endfacet
  facet normal 0 0 1
    outer loop
      vertex 7.07066 8.42649 30
      vertex 6.34874 8.97641 30
      vertex 7.0686 8.42403 30
    endloop
  endfacet
  facet normal 0 0 1
    outer loop
      vertex 6.30934 9.01067 30
      vertex 6.34874 8.97641 30
      vertex 7.07066 8.42649 30
    endloop
  endfacet
  facet normal 0 0 1
    outer loop
      vertex 6.30934 9.01067 30
      vertex 6.3075 9.00805 30
      vertex 6.34874 8.97641 30
    endloop
  endfacet
  facet normal 0 0 1
    outer loop
      vertex 6.30934 9.01067 30
      vertex 6.26367 9.03597 30
      vertex 6.3075 9.00805 30
    endloop
  endfacet
  facet normal 0 0 1
    outer loop
      vertex 5.5 9.52628 30
      vertex 6.26367 9.03597 30
      vertex 6.30934 9.01067 30
    endloop
  endfacet
  facet normal 0 0 1
    outer loop
      vertex 5.5 9.52628 30
      vertex 5.4984 9.5235 30
      vertex 6.26367 9.03597 30
    endloop
  endfacet
  facet normal 0 0 1
    outer loop
      vertex 5.5 9.52628 30
      vertex 5.4523 9.5475 30
      vertex 5.4984 9.5235 30
    endloop
  endfacet
  facet normal 0 0 1
    outer loop
      vertex 4.6488 9.96939 30
      vertex 5.4523 9.5475 30
      vertex 5.5 9.52628 30
    endloop
  endfacet
  facet normal 0 0 1
    outer loop
      vertex 4.6488 9.96939 30
      vertex 4.64745 9.96648 30
      vertex 5.4523 9.5475 30
    endloop
  endfacet
  facet normal 0 0 1
    outer loop
      vertex 4.6488 9.96939 30
      vertex 3.80914 10.3137 30
      vertex 4.64745 9.96648 30
    endloop
  endfacet
  facet normal 0 0 1
    outer loop
      vertex 3.76222 10.3366 30
      vertex 3.80914 10.3137 30
      vertex 4.6488 9.96939 30
    endloop
  endfacet
  facet normal 0 0 1
    outer loop
      vertex 3.76222 10.3366 30
      vertex 3.76113 10.3336 30
      vertex 3.80914 10.3137 30
    endloop
  endfacet
  facet normal 0 0 1
    outer loop
      vertex 3.76222 10.3366 30
      vertex 2.89575 10.6065 30
      vertex 3.76113 10.3336 30
    endloop
  endfacet
  facet normal 0 0 1
    outer loop
      vertex 2.84701 10.6252 30
      vertex 2.89575 10.6065 30
      vertex 3.76222 10.3366 30
    endloop
  endfacet
  facet normal 0 0 1
    outer loop
      vertex 2.84701 10.6252 30
      vertex 2.84618 10.6221 30
      vertex 2.89575 10.6065 30
    endloop
  endfacet
  facet normal 0 0 1
    outer loop
      vertex 2.84701 10.6252 30
      vertex 1.96031 10.8185 30
      vertex 2.84618 10.6221 30
    endloop
  endfacet
  facet normal 0 0 1
    outer loop
      vertex 1.91013 10.8329 30
      vertex 1.96031 10.8185 30
      vertex 2.84701 10.6252 30
    endloop
  endfacet
  facet normal 0 0 1
    outer loop
      vertex 1.91013 10.8329 30
      vertex 1.90957 10.8297 30
      vertex 1.96031 10.8185 30
    endloop
  endfacet
  facet normal 0 0 1
    outer loop
      vertex 1.91013 10.8329 30
      vertex 1.85804 10.8365 30
      vertex 1.90957 10.8297 30
    endloop
  endfacet
  facet normal 0 0 1
    outer loop
      vertex 0.958713 10.9581 30
      vertex 1.85804 10.8365 30
      vertex 1.91013 10.8329 30
    endloop
  endfacet
  facet normal 0 0 1
    outer loop
      vertex 0.958713 10.9581 30
      vertex 0.958433 10.9549 30
      vertex 1.85804 10.8365 30
    endloop
  endfacet
  facet normal 0 0 1
    outer loop
      vertex 0.958713 10.9581 30
      vertex 0.0519236 10.9945 30
      vertex 0.958433 10.9549 30
    endloop
  endfacet
  facet normal 0 0 1
    outer loop
      vertex 0 11 30
      vertex 0.0519236 10.9945 30
      vertex 0.958713 10.9581 30
    endloop
  endfacet
  facet normal 0 0 1
    outer loop
      vertex 0 11 30
      vertex 0 10.9968 30
      vertex 0.0519236 10.9945 30
    endloop
  endfacet
  facet normal 0 0 1
    outer loop
      vertex 0 11 30
      vertex -0.0519236 10.9945 30
      vertex 0 10.9968 30
    endloop
  endfacet
  facet normal 0 0 1
    outer loop
      vertex -0.958713 10.9581 30
      vertex -0.0519236 10.9945 30
      vertex 0 11 30
    endloop
  endfacet
  facet normal 0 0 1
    outer loop
      vertex -0.0519236 10.9945 30
      vertex -0.958713 10.9581 30
      vertex -0.958433 10.9549 30
    endloop
  endfacet
  facet normal 0 0 1
    outer loop
      vertex -0.958713 10.9581 30
      vertex -1.85804 10.8365 30
      vertex -0.958433 10.9549 30
    endloop
  endfacet
  facet normal 0 0 1
    outer loop
      vertex -1.91013 10.8329 30
      vertex -1.85804 10.8365 30
      vertex -0.958713 10.9581 30
    endloop
  endfacet
  facet normal 0 0 1
    outer loop
      vertex -1.85804 10.8365 30
      vertex -1.91013 10.8329 30
      vertex -1.90957 10.8297 30
    endloop
  endfacet
  facet normal 0 0 1
    outer loop
      vertex -1.91013 10.8329 30
      vertex -1.96031 10.8185 30
      vertex -1.90957 10.8297 30
    endloop
  endfacet
  facet normal 0 0 1
    outer loop
      vertex -2.84701 10.6252 30
      vertex -1.96031 10.8185 30
      vertex -1.91013 10.8329 30
    endloop
  endfacet
  facet normal 0 0 1
    outer loop
      vertex -1.96031 10.8185 30
      vertex -2.84701 10.6252 30
      vertex -2.84618 10.6221 30
    endloop
  endfacet
  facet normal 0 0 1
    outer loop
      vertex -2.84701 10.6252 30
      vertex -2.89575 10.6065 30
      vertex -2.84618 10.6221 30
    endloop
  endfacet
  facet normal 0 0 1
    outer loop
      vertex -3.76222 10.3366 30
      vertex -2.89575 10.6065 30
      vertex -2.84701 10.6252 30
    endloop
  endfacet
  facet normal 0 0 1
    outer loop
      vertex -2.89575 10.6065 30
      vertex -3.76222 10.3366 30
      vertex -3.76113 10.3336 30
    endloop
  endfacet
  facet normal 0 0 1
    outer loop
      vertex -3.76222 10.3366 30
      vertex -3.80914 10.3137 30
      vertex -3.76113 10.3336 30
    endloop
  endfacet
  facet normal 0 0 1
    outer loop
      vertex -4.6488 9.96939 30
      vertex -3.80914 10.3137 30
      vertex -3.76222 10.3366 30
    endloop
  endfacet
  facet normal 0 0 1
    outer loop
      vertex -3.80914 10.3137 30
      vertex -4.6488 9.96939 30
      vertex -4.64745 9.96648 30
    endloop
  endfacet
  facet normal 0 0 1
    outer loop
      vertex -4.6488 9.96939 30
      vertex -5.4523 9.5475 30
      vertex -4.64745 9.96648 30
    endloop
  endfacet
  facet normal 0 0 1
    outer loop
      vertex -5.5 9.52628 30
      vertex -5.4523 9.5475 30
      vertex -4.6488 9.96939 30
    endloop
  endfacet
  facet normal 0 0 1
    outer loop
      vertex -5.4523 9.5475 30
      vertex -5.5 9.52628 30
      vertex -5.4984 9.5235 30
    endloop
  endfacet
  facet normal 0 0 1
    outer loop
      vertex -5.5 9.52628 30
      vertex -6.26367 9.03597 30
      vertex -5.4984 9.5235 30
    endloop
  endfacet
  facet normal 0 0 1
    outer loop
      vertex -6.30934 9.01067 30
      vertex -6.26367 9.03597 30
      vertex -5.5 9.52628 30
    endloop
  endfacet
  facet normal 0 0 1
    outer loop
      vertex -6.26367 9.03597 30
      vertex -6.30934 9.01067 30
      vertex -6.3075 9.00805 30
    endloop
  endfacet
  facet normal 0 0 1
    outer loop
      vertex -6.30934 9.01067 30
      vertex -6.34874 8.97641 30
      vertex -6.3075 9.00805 30
    endloop
  endfacet
  facet normal 0 0 1
    outer loop
      vertex -7.07066 8.42649 30
      vertex -6.34874 8.97641 30
      vertex -6.30934 9.01067 30
    endloop
  endfacet
  facet normal 0 0 1
    outer loop
      vertex -6.34874 8.97641 30
      vertex -7.07066 8.42649 30
      vertex -7.0686 8.42403 30
    endloop
  endfacet
  facet normal 0 0 1
    outer loop
      vertex -7.07066 8.42649 30
      vertex -7.10692 8.38892 30
      vertex -7.0686 8.42403 30
    endloop
  endfacet
  facet normal 0 0 1
    outer loop
      vertex -7.77817 7.77817 30
      vertex -7.10692 8.38892 30
      vertex -7.07066 8.42649 30
    endloop
  endfacet
  facet normal 0 0 1
    outer loop
      vertex -7.10692 8.38892 30
      vertex -7.77817 7.77817 30
      vertex -7.77591 7.77591 30
    endloop
  endfacet
  facet normal 0 0 1
    outer loop
      vertex -7.77817 7.77817 30
      vertex -8.38892 7.10692 30
      vertex -7.77591 7.77591 30
    endloop
  endfacet
  facet normal 0 0 1
    outer loop
      vertex -8.42649 7.07066 30
      vertex -8.38892 7.10692 30
      vertex -7.77817 7.77817 30
    endloop
  endfacet
  facet normal 0 0 1
    outer loop
      vertex -8.38892 7.10692 30
      vertex -8.42649 7.07066 30
      vertex -8.42403 7.0686 30
    endloop
  endfacet
  facet normal 0 0 1
    outer loop
      vertex -8.42649 7.07066 30
      vertex -8.97641 6.34874 30
      vertex -8.42403 7.0686 30
    endloop
  endfacet
  facet normal 0 0 1
    outer loop
      vertex -9.01067 6.30934 30
      vertex -8.97641 6.34874 30
      vertex -8.42649 7.07066 30
    endloop
  endfacet
  facet normal 0 0 1
    outer loop
      vertex -8.97641 6.34874 30
      vertex -9.01067 6.30934 30
      vertex -9.00805 6.3075 30
    endloop
  endfacet
  facet normal 0 0 1
    outer loop
      vertex -9.01067 6.30934 30
      vertex -9.03597 6.26367 30
      vertex -9.00805 6.3075 30
    endloop
  endfacet
  facet normal 0 0 1
    outer loop
      vertex -9.52628 5.5 30
      vertex -9.03597 6.26367 30
      vertex -9.01067 6.30934 30
    endloop
  endfacet
  facet normal 0 0 1
    outer loop
      vertex -9.03597 6.26367 30
      vertex -9.52628 5.5 30
      vertex -9.5235 5.4984 30
    endloop
  endfacet
  facet normal 0 0 1
    outer loop
      vertex -9.52628 5.5 30
      vertex -9.5475 5.4523 30
      vertex -9.5235 5.4984 30
    endloop
  endfacet
  facet normal 0 0 1
    outer loop
      vertex -9.96939 4.6488 30
      vertex -9.5475 5.4523 30
      vertex -9.52628 5.5 30
    endloop
  endfacet
  facet normal 0 0 1
    outer loop
      vertex -9.5475 5.4523 30
      vertex -9.96939 4.6488 30
      vertex -9.96648 4.64745 30
    endloop
  endfacet
  facet normal 0 0 1
    outer loop
      vertex -9.96939 4.6488 30
      vertex -10.3137 3.80914 30
      vertex -9.96648 4.64745 30
    endloop
  endfacet
  facet normal 0 0 1
    outer loop
      vertex -10.3366 3.76222 30
      vertex -10.3137 3.80914 30
      vertex -9.96939 4.6488 30
    endloop
  endfacet
  facet normal 0 0 1
    outer loop
      vertex -10.3137 3.80914 30
      vertex -10.3366 3.76222 30
      vertex -10.3336 3.76113 30
    endloop
  endfacet
  facet normal 0 0 1
    outer loop
      vertex -10.3366 3.76222 30
      vertex -10.6065 2.89575 30
      vertex -10.3336 3.76113 30
    endloop
  endfacet
  facet normal 0 0 1
    outer loop
      vertex -10.6252 2.84701 30
      vertex -10.6065 2.89575 30
      vertex -10.3366 3.76222 30
    endloop
  endfacet
  facet normal 0 0 1
    outer loop
      vertex -10.6065 2.89575 30
      vertex -10.6252 2.84701 30
      vertex -10.6221 2.84618 30
    endloop
  endfacet
  facet normal 0 0 1
    outer loop
      vertex -10.6252 2.84701 30
      vertex -10.8185 1.96031 30
      vertex -10.6221 2.84618 30
    endloop
  endfacet
  facet normal 0 0 1
    outer loop
      vertex -10.8329 1.91013 30
      vertex -10.8185 1.96031 30
      vertex -10.6252 2.84701 30
    endloop
  endfacet
  facet normal 0 0 1
    outer loop
      vertex -10.8185 1.96031 30
      vertex -10.8329 1.91013 30
      vertex -10.8297 1.90957 30
    endloop
  endfacet
  facet normal 0 0 1
    outer loop
      vertex -10.8329 1.91013 30
      vertex -10.8365 1.85804 30
      vertex -10.8297 1.90957 30
    endloop
  endfacet
  facet normal 0 0 1
    outer loop
      vertex -10.9581 0.958713 30
      vertex -10.8365 1.85804 30
      vertex -10.8329 1.91013 30
    endloop
  endfacet
  facet normal 0 0 1
    outer loop
      vertex -10.8365 1.85804 30
      vertex -10.9581 0.958713 30
      vertex -10.9549 0.958433 30
    endloop
  endfacet
  facet normal 0 0 1
    outer loop
      vertex -10.9581 0.958713 30
      vertex -10.9945 0.0519236 30
      vertex -10.9549 0.958433 30
    endloop
  endfacet
  facet normal 0 0 1
    outer loop
      vertex -11 0 30
      vertex -10.9945 0.0519236 30
      vertex -10.9581 0.958713 30
    endloop
  endfacet
  facet normal 0 0 1
    outer loop
      vertex -10.9945 0.0519236 30
      vertex -11 0 30
      vertex -10.9968 0 30
    endloop
  endfacet
  facet normal 0 0 1
    outer loop
      vertex 10.9945 -0.0519236 30
      vertex 11 0 30
      vertex 10.9968 0 30
    endloop
  endfacet
  facet normal -0 0 1
    outer loop
      vertex 10.9945 -0.0519236 30
      vertex 10.9581 -0.958713 30
      vertex 11 0 30
    endloop
  endfacet
  facet normal -0 0 1
    outer loop
      vertex 10.9549 -0.958433 30
      vertex 10.9581 -0.958713 30
      vertex 10.9945 -0.0519236 30
    endloop
  endfacet
  facet normal 0 0 1
    outer loop
      vertex 10.8365 -1.85804 30
      vertex 10.9581 -0.958713 30
      vertex 10.9549 -0.958433 30
    endloop
  endfacet
  facet normal -0 0 1
    outer loop
      vertex 10.8365 -1.85804 30
      vertex 10.8329 -1.91013 30
      vertex 10.9581 -0.958713 30
    endloop
  endfacet
  facet normal -0 0 1
    outer loop
      vertex 10.8297 -1.90957 30
      vertex 10.8329 -1.91013 30
      vertex 10.8365 -1.85804 30
    endloop
  endfacet
  facet normal 0 0 1
    outer loop
      vertex 10.8185 -1.96031 30
      vertex 10.8329 -1.91013 30
      vertex 10.8297 -1.90957 30
    endloop
  endfacet
  facet normal -0 0 1
    outer loop
      vertex 10.8185 -1.96031 30
      vertex 10.6252 -2.84701 30
      vertex 10.8329 -1.91013 30
    endloop
  endfacet
  facet normal -0 0 1
    outer loop
      vertex 10.6221 -2.84618 30
      vertex 10.6252 -2.84701 30
      vertex 10.8185 -1.96031 30
    endloop
  endfacet
  facet normal 0 0 1
    outer loop
      vertex 10.6065 -2.89575 30
      vertex 10.6252 -2.84701 30
      vertex 10.6221 -2.84618 30
    endloop
  endfacet
  facet normal -0 0 1
    outer loop
      vertex 10.6065 -2.89575 30
      vertex 10.3366 -3.76222 30
      vertex 10.6252 -2.84701 30
    endloop
  endfacet
  facet normal -0 0 1
    outer loop
      vertex 10.3336 -3.76113 30
      vertex 10.3366 -3.76222 30
      vertex 10.6065 -2.89575 30
    endloop
  endfacet
  facet normal 0 0 1
    outer loop
      vertex 10.3137 -3.80914 30
      vertex 10.3366 -3.76222 30
      vertex 10.3336 -3.76113 30
    endloop
  endfacet
  facet normal -0 0 1
    outer loop
      vertex 10.3137 -3.80914 30
      vertex 9.96939 -4.6488 30
      vertex 10.3366 -3.76222 30
    endloop
  endfacet
  facet normal -0 0 1
    outer loop
      vertex 9.96648 -4.64745 30
      vertex 9.96939 -4.6488 30
      vertex 10.3137 -3.80914 30
    endloop
  endfacet
  facet normal 0 0 1
    outer loop
      vertex 9.5475 -5.4523 30
      vertex 9.96939 -4.6488 30
      vertex 9.96648 -4.64745 30
    endloop
  endfacet
  facet normal -0 0 1
    outer loop
      vertex 9.5475 -5.4523 30
      vertex 9.52628 -5.5 30
      vertex 9.96939 -4.6488 30
    endloop
  endfacet
  facet normal -0 0 1
    outer loop
      vertex 9.5235 -5.4984 30
      vertex 9.52628 -5.5 30
      vertex 9.5475 -5.4523 30
    endloop
  endfacet
  facet normal 0 0 1
    outer loop
      vertex 9.03597 -6.26367 30
      vertex 9.52628 -5.5 30
      vertex 9.5235 -5.4984 30
    endloop
  endfacet
  facet normal -0 0 1
    outer loop
      vertex 9.03597 -6.26367 30
      vertex 9.01067 -6.30934 30
      vertex 9.52628 -5.5 30
    endloop
  endfacet
  facet normal -0 0 1
    outer loop
      vertex 9.00805 -6.3075 30
      vertex 9.01067 -6.30934 30
      vertex 9.03597 -6.26367 30
    endloop
  endfacet
  facet normal 0 0 1
    outer loop
      vertex 8.97641 -6.34874 30
      vertex 9.01067 -6.30934 30
      vertex 9.00805 -6.3075 30
    endloop
  endfacet
  facet normal -0 0 1
    outer loop
      vertex 8.97641 -6.34874 30
      vertex 8.42649 -7.07066 30
      vertex 9.01067 -6.30934 30
    endloop
  endfacet
  facet normal -0 0 1
    outer loop
      vertex 8.42403 -7.0686 30
      vertex 8.42649 -7.07066 30
      vertex 8.97641 -6.34874 30
    endloop
  endfacet
  facet normal 0 0 1
    outer loop
      vertex 8.38892 -7.10692 30
      vertex 8.42649 -7.07066 30
      vertex 8.42403 -7.0686 30
    endloop
  endfacet
  facet normal -0 0 1
    outer loop
      vertex 8.38892 -7.10692 30
      vertex 7.77817 -7.77817 30
      vertex 8.42649 -7.07066 30
    endloop
  endfacet
  facet normal -0 0 1
    outer loop
      vertex 7.77591 -7.77591 30
      vertex 7.77817 -7.77817 30
      vertex 8.38892 -7.10692 30
    endloop
  endfacet
  facet normal 0 0 1
    outer loop
      vertex 7.10692 -8.38892 30
      vertex 7.77817 -7.77817 30
      vertex 7.77591 -7.77591 30
    endloop
  endfacet
  facet normal -0 0 1
    outer loop
      vertex 7.10692 -8.38892 30
      vertex 7.07066 -8.42649 30
      vertex 7.77817 -7.77817 30
    endloop
  endfacet
  facet normal -0 0 1
    outer loop
      vertex 7.0686 -8.42403 30
      vertex 7.07066 -8.42649 30
      vertex 7.10692 -8.38892 30
    endloop
  endfacet
  facet normal 0 0 1
    outer loop
      vertex 6.34874 -8.97641 30
      vertex 7.07066 -8.42649 30
      vertex 7.0686 -8.42403 30
    endloop
  endfacet
  facet normal -0 0 1
    outer loop
      vertex 6.34874 -8.97641 30
      vertex 6.30934 -9.01067 30
      vertex 7.07066 -8.42649 30
    endloop
  endfacet
  facet normal -0 0 1
    outer loop
      vertex 6.3075 -9.00805 30
      vertex 6.30934 -9.01067 30
      vertex 6.34874 -8.97641 30
    endloop
  endfacet
  facet normal 0 0 1
    outer loop
      vertex 6.26367 -9.03597 30
      vertex 6.30934 -9.01067 30
      vertex 6.3075 -9.00805 30
    endloop
  endfacet
  facet normal -0 0 1
    outer loop
      vertex 6.26367 -9.03597 30
      vertex 5.5 -9.52628 30
      vertex 6.30934 -9.01067 30
    endloop
  endfacet
  facet normal -0 0 1
    outer loop
      vertex 5.4984 -9.5235 30
      vertex 5.5 -9.52628 30
      vertex 6.26367 -9.03597 30
    endloop
  endfacet
  facet normal 0 0 1
    outer loop
      vertex 5.4523 -9.5475 30
      vertex 5.5 -9.52628 30
      vertex 5.4984 -9.5235 30
    endloop
  endfacet
  facet normal -0 0 1
    outer loop
      vertex 5.4523 -9.5475 30
      vertex 4.6488 -9.96939 30
      vertex 5.5 -9.52628 30
    endloop
  endfacet
  facet normal -0 0 1
    outer loop
      vertex 4.64745 -9.96648 30
      vertex 4.6488 -9.96939 30
      vertex 5.4523 -9.5475 30
    endloop
  endfacet
  facet normal 0 0 1
    outer loop
      vertex 3.80914 -10.3137 30
      vertex 4.6488 -9.96939 30
      vertex 4.64745 -9.96648 30
    endloop
  endfacet
  facet normal -0 0 1
    outer loop
      vertex 3.80914 -10.3137 30
      vertex 3.76222 -10.3366 30
      vertex 4.6488 -9.96939 30
    endloop
  endfacet
  facet normal -0 0 1
    outer loop
      vertex 3.76113 -10.3336 30
      vertex 3.76222 -10.3366 30
      vertex 3.80914 -10.3137 30
    endloop
  endfacet
  facet normal 0 0 1
    outer loop
      vertex 2.89575 -10.6065 30
      vertex 3.76222 -10.3366 30
      vertex 3.76113 -10.3336 30
    endloop
  endfacet
  facet normal -0 0 1
    outer loop
      vertex 2.89575 -10.6065 30
      vertex 2.84701 -10.6252 30
      vertex 3.76222 -10.3366 30
    endloop
  endfacet
  facet normal -0 0 1
    outer loop
      vertex 2.84618 -10.6221 30
      vertex 2.84701 -10.6252 30
      vertex 2.89575 -10.6065 30
    endloop
  endfacet
  facet normal 0 0 1
    outer loop
      vertex 1.96031 -10.8185 30
      vertex 2.84701 -10.6252 30
      vertex 2.84618 -10.6221 30
    endloop
  endfacet
  facet normal -0 0 1
    outer loop
      vertex 1.96031 -10.8185 30
      vertex 1.91013 -10.8329 30
      vertex 2.84701 -10.6252 30
    endloop
  endfacet
  facet normal -0 0 1
    outer loop
      vertex 1.90957 -10.8297 30
      vertex 1.91013 -10.8329 30
      vertex 1.96031 -10.8185 30
    endloop
  endfacet
  facet normal 0 0 1
    outer loop
      vertex 1.85804 -10.8365 30
      vertex 1.91013 -10.8329 30
      vertex 1.90957 -10.8297 30
    endloop
  endfacet
  facet normal -0 0 1
    outer loop
      vertex 1.85804 -10.8365 30
      vertex 0.958713 -10.9581 30
      vertex 1.91013 -10.8329 30
    endloop
  endfacet
  facet normal -0 0 1
    outer loop
      vertex 0.958433 -10.9549 30
      vertex 0.958713 -10.9581 30
      vertex 1.85804 -10.8365 30
    endloop
  endfacet
  facet normal 0 0 1
    outer loop
      vertex 0.0519236 -10.9945 30
      vertex 0.958713 -10.9581 30
      vertex 0.958433 -10.9549 30
    endloop
  endfacet
  facet normal 0 0 1
    outer loop
      vertex 0 -11 30
      vertex 0.0519236 -10.9945 30
      vertex 0 -10.9968 30
    endloop
  endfacet
  facet normal -0 0 1
    outer loop
      vertex 0.0519236 -10.9945 30
      vertex 0 -11 30
      vertex 0.958713 -10.9581 30
    endloop
  endfacet
  facet normal 0 0 1
    outer loop
      vertex -0.0519236 -10.9945 30
      vertex 0 -11 30
      vertex 0 -10.9968 30
    endloop
  endfacet
  facet normal -0 0 1
    outer loop
      vertex -0.958713 -10.9581 30
      vertex -0.0519236 -10.9945 30
      vertex -0.958433 -10.9549 30
    endloop
  endfacet
  facet normal 0 0 1
    outer loop
      vertex -0.0519236 -10.9945 30
      vertex -0.958713 -10.9581 30
      vertex 0 -11 30
    endloop
  endfacet
  facet normal 0 0 1
    outer loop
      vertex -1.85804 -10.8365 30
      vertex -0.958713 -10.9581 30
      vertex -0.958433 -10.9549 30
    endloop
  endfacet
  facet normal -0 0 1
    outer loop
      vertex -1.91013 -10.8329 30
      vertex -1.85804 -10.8365 30
      vertex -1.90957 -10.8297 30
    endloop
  endfacet
  facet normal 0 0 1
    outer loop
      vertex -1.85804 -10.8365 30
      vertex -1.91013 -10.8329 30
      vertex -0.958713 -10.9581 30
    endloop
  endfacet
  facet normal 0 0 1
    outer loop
      vertex -1.96031 -10.8185 30
      vertex -1.91013 -10.8329 30
      vertex -1.90957 -10.8297 30
    endloop
  endfacet
  facet normal -0 0 1
    outer loop
      vertex -2.84701 -10.6252 30
      vertex -1.96031 -10.8185 30
      vertex -2.84618 -10.6221 30
    endloop
  endfacet
  facet normal 0 0 1
    outer loop
      vertex -1.96031 -10.8185 30
      vertex -2.84701 -10.6252 30
      vertex -1.91013 -10.8329 30
    endloop
  endfacet
  facet normal 0 0 1
    outer loop
      vertex -2.89575 -10.6065 30
      vertex -2.84701 -10.6252 30
      vertex -2.84618 -10.6221 30
    endloop
  endfacet
  facet normal -0 0 1
    outer loop
      vertex -3.76222 -10.3366 30
      vertex -2.89575 -10.6065 30
      vertex -3.76113 -10.3336 30
    endloop
  endfacet
  facet normal 0 0 1
    outer loop
      vertex -2.89575 -10.6065 30
      vertex -3.76222 -10.3366 30
      vertex -2.84701 -10.6252 30
    endloop
  endfacet
  facet normal 0 0 1
    outer loop
      vertex -3.80914 -10.3137 30
      vertex -3.76222 -10.3366 30
      vertex -3.76113 -10.3336 30
    endloop
  endfacet
  facet normal -0 0 1
    outer loop
      vertex -4.6488 -9.96939 30
      vertex -3.80914 -10.3137 30
      vertex -4.64745 -9.96648 30
    endloop
  endfacet
  facet normal 0 0 1
    outer loop
      vertex -3.80914 -10.3137 30
      vertex -4.6488 -9.96939 30
      vertex -3.76222 -10.3366 30
    endloop
  endfacet
  facet normal 0 0 1
    outer loop
      vertex -5.4523 -9.5475 30
      vertex -4.6488 -9.96939 30
      vertex -4.64745 -9.96648 30
    endloop
  endfacet
  facet normal -0 0 1
    outer loop
      vertex -5.5 -9.52628 30
      vertex -5.4523 -9.5475 30
      vertex -5.4984 -9.5235 30
    endloop
  endfacet
  facet normal 0 0 1
    outer loop
      vertex -5.4523 -9.5475 30
      vertex -5.5 -9.52628 30
      vertex -4.6488 -9.96939 30
    endloop
  endfacet
  facet normal 0 0 1
    outer loop
      vertex -6.26367 -9.03597 30
      vertex -5.5 -9.52628 30
      vertex -5.4984 -9.5235 30
    endloop
  endfacet
  facet normal -0 0 1
    outer loop
      vertex -6.30934 -9.01067 30
      vertex -6.26367 -9.03597 30
      vertex -6.3075 -9.00805 30
    endloop
  endfacet
  facet normal 0 0 1
    outer loop
      vertex -6.26367 -9.03597 30
      vertex -6.30934 -9.01067 30
      vertex -5.5 -9.52628 30
    endloop
  endfacet
  facet normal 0 0 1
    outer loop
      vertex -6.34874 -8.97641 30
      vertex -6.30934 -9.01067 30
      vertex -6.3075 -9.00805 30
    endloop
  endfacet
  facet normal -0 0 1
    outer loop
      vertex -7.07066 -8.42649 30
      vertex -6.34874 -8.97641 30
      vertex -7.0686 -8.42403 30
    endloop
  endfacet
  facet normal 0 0 1
    outer loop
      vertex -6.34874 -8.97641 30
      vertex -7.07066 -8.42649 30
      vertex -6.30934 -9.01067 30
    endloop
  endfacet
  facet normal 0 0 1
    outer loop
      vertex -7.10692 -8.38892 30
      vertex -7.07066 -8.42649 30
      vertex -7.0686 -8.42403 30
    endloop
  endfacet
  facet normal -0 0 1
    outer loop
      vertex -7.77817 -7.77817 30
      vertex -7.10692 -8.38892 30
      vertex -7.77591 -7.77591 30
    endloop
  endfacet
  facet normal 0 0 1
    outer loop
      vertex -7.10692 -8.38892 30
      vertex -7.77817 -7.77817 30
      vertex -7.07066 -8.42649 30
    endloop
  endfacet
  facet normal 0 0 1
    outer loop
      vertex -8.38892 -7.10692 30
      vertex -7.77817 -7.77817 30
      vertex -7.77591 -7.77591 30
    endloop
  endfacet
  facet normal -0 0 1
    outer loop
      vertex -8.42649 -7.07066 30
      vertex -8.38892 -7.10692 30
      vertex -8.42403 -7.0686 30
    endloop
  endfacet
  facet normal 0 0 1
    outer loop
      vertex -8.38892 -7.10692 30
      vertex -8.42649 -7.07066 30
      vertex -7.77817 -7.77817 30
    endloop
  endfacet
  facet normal 0 0 1
    outer loop
      vertex -8.97641 -6.34874 30
      vertex -8.42649 -7.07066 30
      vertex -8.42403 -7.0686 30
    endloop
  endfacet
  facet normal -0 0 1
    outer loop
      vertex -9.01067 -6.30934 30
      vertex -8.97641 -6.34874 30
      vertex -9.00805 -6.3075 30
    endloop
  endfacet
  facet normal 0 0 1
    outer loop
      vertex -8.97641 -6.34874 30
      vertex -9.01067 -6.30934 30
      vertex -8.42649 -7.07066 30
    endloop
  endfacet
  facet normal 0 0 1
    outer loop
      vertex -9.03597 -6.26367 30
      vertex -9.01067 -6.30934 30
      vertex -9.00805 -6.3075 30
    endloop
  endfacet
  facet normal -0 0 1
    outer loop
      vertex -9.52628 -5.5 30
      vertex -9.03597 -6.26367 30
      vertex -9.5235 -5.4984 30
    endloop
  endfacet
  facet normal 0 0 1
    outer loop
      vertex -9.03597 -6.26367 30
      vertex -9.52628 -5.5 30
      vertex -9.01067 -6.30934 30
    endloop
  endfacet
  facet normal 0 0 1
    outer loop
      vertex -9.5475 -5.4523 30
      vertex -9.52628 -5.5 30
      vertex -9.5235 -5.4984 30
    endloop
  endfacet
  facet normal -0 0 1
    outer loop
      vertex -9.96939 -4.6488 30
      vertex -9.5475 -5.4523 30
      vertex -9.96648 -4.64745 30
    endloop
  endfacet
  facet normal 0 0 1
    outer loop
      vertex -9.5475 -5.4523 30
      vertex -9.96939 -4.6488 30
      vertex -9.52628 -5.5 30
    endloop
  endfacet
  facet normal 0 0 1
    outer loop
      vertex -10.3137 -3.80914 30
      vertex -9.96939 -4.6488 30
      vertex -9.96648 -4.64745 30
    endloop
  endfacet
  facet normal -0 0 1
    outer loop
      vertex -10.3366 -3.76222 30
      vertex -10.3137 -3.80914 30
      vertex -10.3336 -3.76113 30
    endloop
  endfacet
  facet normal 0 0 1
    outer loop
      vertex -10.3137 -3.80914 30
      vertex -10.3366 -3.76222 30
      vertex -9.96939 -4.6488 30
    endloop
  endfacet
  facet normal 0 0 1
    outer loop
      vertex -10.6065 -2.89575 30
      vertex -10.3366 -3.76222 30
      vertex -10.3336 -3.76113 30
    endloop
  endfacet
  facet normal -0 0 1
    outer loop
      vertex -10.6252 -2.84701 30
      vertex -10.6065 -2.89575 30
      vertex -10.6221 -2.84618 30
    endloop
  endfacet
  facet normal 0 0 1
    outer loop
      vertex -10.6065 -2.89575 30
      vertex -10.6252 -2.84701 30
      vertex -10.3366 -3.76222 30
    endloop
  endfacet
  facet normal 0 0 1
    outer loop
      vertex -10.8185 -1.96031 30
      vertex -10.6252 -2.84701 30
      vertex -10.6221 -2.84618 30
    endloop
  endfacet
  facet normal -0 0 1
    outer loop
      vertex -10.8329 -1.91013 30
      vertex -10.8185 -1.96031 30
      vertex -10.8297 -1.90957 30
    endloop
  endfacet
  facet normal 0 0 1
    outer loop
      vertex -10.8185 -1.96031 30
      vertex -10.8329 -1.91013 30
      vertex -10.6252 -2.84701 30
    endloop
  endfacet
  facet normal 0 0 1
    outer loop
      vertex -10.8365 -1.85804 30
      vertex -10.8329 -1.91013 30
      vertex -10.8297 -1.90957 30
    endloop
  endfacet
  facet normal -0 0 1
    outer loop
      vertex -10.9581 -0.958713 30
      vertex -10.8365 -1.85804 30
      vertex -10.9549 -0.958433 30
    endloop
  endfacet
  facet normal 0 0 1
    outer loop
      vertex -10.8365 -1.85804 30
      vertex -10.9581 -0.958713 30
      vertex -10.8329 -1.91013 30
    endloop
  endfacet
  facet normal 0 0 1
    outer loop
      vertex -10.9945 -0.0519236 30
      vertex -10.9581 -0.958713 30
      vertex -10.9549 -0.958433 30
    endloop
  endfacet
  facet normal -0 0 1
    outer loop
      vertex -11 0 30
      vertex -10.9945 -0.0519236 30
      vertex -10.9968 0 30
    endloop
  endfacet
  facet normal 0 0 1
    outer loop
      vertex -10.9945 -0.0519236 30
      vertex -11 0 30
      vertex -10.9581 -0.958713 30
    endloop
  endfacet
  facet normal 0 0 -1
    outer loop
      vertex 2.75 0 0
      vertex 11 0 0
      vertex 10.9581 -0.958713 0
    endloop
  endfacet
  facet normal 0 0 -1
    outer loop
      vertex 2.73954 -0.239677 0
      vertex 10.9581 -0.958713 0
      vertex 10.8329 -1.91013 0
    endloop
  endfacet
  facet normal 0 0 -1
    outer loop
      vertex 11 0 0
      vertex 2.75 0 0
      vertex 10.9581 0.958713 0
    endloop
  endfacet
  facet normal 0 0 -1
    outer loop
      vertex 2.70822 -0.477532 0
      vertex 10.8329 -1.91013 0
      vertex 10.6252 -2.84701 0
    endloop
  endfacet
  facet normal 0 0 -1
    outer loop
      vertex 2.73954 0.239677 0
      vertex 10.9581 0.958713 0
      vertex 2.75 0 0
    endloop
  endfacet
  facet normal 0 0 -1
    outer loop
      vertex 2.6563 -0.711752 0
      vertex 10.6252 -2.84701 0
      vertex 10.3366 -3.76222 0
    endloop
  endfacet
  facet normal -0 0 -1
    outer loop
      vertex 10.9581 0.958713 0
      vertex 2.73954 0.239677 0
      vertex 10.8329 1.91013 0
    endloop
  endfacet
  facet normal 0 0 -1
    outer loop
      vertex 2.58415 -0.940555 0
      vertex 10.3366 -3.76222 0
      vertex 9.96939 -4.6488 0
    endloop
  endfacet
  facet normal 0 0 -1
    outer loop
      vertex 2.70822 0.477532 0
      vertex 10.8329 1.91013 0
      vertex 2.73954 0.239677 0
    endloop
  endfacet
  facet normal 0 0 -1
    outer loop
      vertex 2.49235 -1.1622 0
      vertex 9.96939 -4.6488 0
      vertex 9.52628 -5.5 0
    endloop
  endfacet
  facet normal -0 0 -1
    outer loop
      vertex 10.8329 1.91013 0
      vertex 2.70822 0.477532 0
      vertex 10.6252 2.84701 0
    endloop
  endfacet
  facet normal 0 0 -1
    outer loop
      vertex 2.38157 -1.375 0
      vertex 9.52628 -5.5 0
      vertex 9.01067 -6.30934 0
    endloop
  endfacet
  facet normal 0 0 -1
    outer loop
      vertex 2.6563 0.711752 0
      vertex 10.6252 2.84701 0
      vertex 2.70822 0.477532 0
    endloop
  endfacet
  facet normal 0 0 -1
    outer loop
      vertex 2.25267 -1.57733 0
      vertex 9.01067 -6.30934 0
      vertex 8.42649 -7.07066 0
    endloop
  endfacet
  facet normal -0 0 -1
    outer loop
      vertex 10.6252 2.84701 0
      vertex 2.6563 0.711752 0
      vertex 10.3366 3.76222 0
    endloop
  endfacet
  facet normal 0 0 -1
    outer loop
      vertex 2.10662 -1.76767 0
      vertex 8.42649 -7.07066 0
      vertex 7.77817 -7.77817 0
    endloop
  endfacet
  facet normal 0 0 -1
    outer loop
      vertex 2.58415 0.940555 0
      vertex 10.3366 3.76222 0
      vertex 2.6563 0.711752 0
    endloop
  endfacet
  facet normal 0 0 -1
    outer loop
      vertex 1.94454 -1.94454 0
      vertex 7.77817 -7.77817 0
      vertex 7.07066 -8.42649 0
    endloop
  endfacet
  facet normal -0 0 -1
    outer loop
      vertex 10.3366 3.76222 0
      vertex 2.58415 0.940555 0
      vertex 9.96939 4.6488 0
    endloop
  endfacet
  facet normal 0 0 -1
    outer loop
      vertex 1.76767 -2.10662 0
      vertex 7.07066 -8.42649 0
      vertex 6.30934 -9.01067 0
    endloop
  endfacet
  facet normal 0 0 -1
    outer loop
      vertex 2.49235 1.1622 0
      vertex 9.96939 4.6488 0
      vertex 2.58415 0.940555 0
    endloop
  endfacet
  facet normal 0 0 -1
    outer loop
      vertex 1.57733 -2.25267 0
      vertex 6.30934 -9.01067 0
      vertex 5.5 -9.52628 0
    endloop
  endfacet
  facet normal -0 0 -1
    outer loop
      vertex 9.96939 4.6488 0
      vertex 2.49235 1.1622 0
      vertex 9.52628 5.5 0
    endloop
  endfacet
  facet normal 0 0 -1
    outer loop
      vertex 1.375 -2.38157 0
      vertex 5.5 -9.52628 0
      vertex 4.6488 -9.96939 0
    endloop
  endfacet
  facet normal 0 0 -1
    outer loop
      vertex 2.38157 1.375 0
      vertex 9.52628 5.5 0
      vertex 2.49235 1.1622 0
    endloop
  endfacet
  facet normal 0 0 -1
    outer loop
      vertex 1.1622 -2.49235 0
      vertex 4.6488 -9.96939 0
      vertex 3.76222 -10.3366 0
    endloop
  endfacet
  facet normal -0 0 -1
    outer loop
      vertex 9.52628 5.5 0
      vertex 2.38157 1.375 0
      vertex 9.01067 6.30934 0
    endloop
  endfacet
  facet normal 0 0 -1
    outer loop
      vertex 0.940555 -2.58415 0
      vertex 3.76222 -10.3366 0
      vertex 2.84701 -10.6252 0
    endloop
  endfacet
  facet normal 0 0 -1
    outer loop
      vertex 2.25267 1.57733 0
      vertex 9.01067 6.30934 0
      vertex 2.38157 1.375 0
    endloop
  endfacet
  facet normal -0 0 -1
    outer loop
      vertex 9.01067 6.30934 0
      vertex 2.25267 1.57733 0
      vertex 8.42649 7.07066 0
    endloop
  endfacet
  facet normal 0 0 -1
    outer loop
      vertex 10.9581 -0.958713 0
      vertex 2.73954 -0.239677 0
      vertex 2.75 0 0
    endloop
  endfacet
  facet normal 0 0 -1
    outer loop
      vertex 10.8329 -1.91013 0
      vertex 2.70822 -0.477532 0
      vertex 2.73954 -0.239677 0
    endloop
  endfacet
  facet normal 0 0 -1
    outer loop
      vertex 10.6252 -2.84701 0
      vertex 2.6563 -0.711752 0
      vertex 2.70822 -0.477532 0
    endloop
  endfacet
  facet normal 0 0 -1
    outer loop
      vertex 10.3366 -3.76222 0
      vertex 2.58415 -0.940555 0
      vertex 2.6563 -0.711752 0
    endloop
  endfacet
  facet normal 0 0 -1
    outer loop
      vertex 9.96939 -4.6488 0
      vertex 2.49235 -1.1622 0
      vertex 2.58415 -0.940555 0
    endloop
  endfacet
  facet normal 0 0 -1
    outer loop
      vertex 9.52628 -5.5 0
      vertex 2.38157 -1.375 0
      vertex 2.49235 -1.1622 0
    endloop
  endfacet
  facet normal 0 0 -1
    outer loop
      vertex 9.01067 -6.30934 0
      vertex 2.25267 -1.57733 0
      vertex 2.38157 -1.375 0
    endloop
  endfacet
  facet normal 0 0 -1
    outer loop
      vertex 8.42649 -7.07066 0
      vertex 2.10662 -1.76767 0
      vertex 2.25267 -1.57733 0
    endloop
  endfacet
  facet normal 0 0 -1
    outer loop
      vertex 7.77817 -7.77817 0
      vertex 1.94454 -1.94454 0
      vertex 2.10662 -1.76767 0
    endloop
  endfacet
  facet normal 0 0 -1
    outer loop
      vertex 0.711752 -2.6563 0
      vertex 2.84701 -10.6252 0
      vertex 1.91013 -10.8329 0
    endloop
  endfacet
  facet normal 0 0 -1
    outer loop
      vertex 7.07066 -8.42649 0
      vertex 1.76767 -2.10662 0
      vertex 1.94454 -1.94454 0
    endloop
  endfacet
  facet normal 0 0 -1
    outer loop
      vertex 6.30934 -9.01067 0
      vertex 1.57733 -2.25267 0
      vertex 1.76767 -2.10662 0
    endloop
  endfacet
  facet normal 0 0 -1
    outer loop
      vertex 5.5 -9.52628 0
      vertex 1.375 -2.38157 0
      vertex 1.57733 -2.25267 0
    endloop
  endfacet
  facet normal 0 0 -1
    outer loop
      vertex 4.6488 -9.96939 0
      vertex 1.1622 -2.49235 0
      vertex 1.375 -2.38157 0
    endloop
  endfacet
  facet normal 0 0 -1
    outer loop
      vertex 0.477532 -2.70822 0
      vertex 1.91013 -10.8329 0
      vertex 0.958713 -10.9581 0
    endloop
  endfacet
  facet normal 0 0 -1
    outer loop
      vertex 3.76222 -10.3366 0
      vertex 0.940555 -2.58415 0
      vertex 1.1622 -2.49235 0
    endloop
  endfacet
  facet normal 0 0 -1
    outer loop
      vertex 2.84701 -10.6252 0
      vertex 0.711752 -2.6563 0
      vertex 0.940555 -2.58415 0
    endloop
  endfacet
  facet normal 0 0 -1
    outer loop
      vertex 1.91013 -10.8329 0
      vertex 0.477532 -2.70822 0
      vertex 0.711752 -2.6563 0
    endloop
  endfacet
  facet normal 0 0 -1
    outer loop
      vertex 0.958713 -10.9581 0
      vertex 0.239677 -2.73954 0
      vertex 0.477532 -2.70822 0
    endloop
  endfacet
  facet normal 0 0 -1
    outer loop
      vertex 0 -11 0
      vertex 0.239677 -2.73954 0
      vertex 0.958713 -10.9581 0
    endloop
  endfacet
  facet normal 0 0 -1
    outer loop
      vertex 0 -11 0
      vertex 0 -2.75 0
      vertex 0.239677 -2.73954 0
    endloop
  endfacet
  facet normal 0 0 -1
    outer loop
      vertex 0 -11 0
      vertex -0.239677 -2.73954 0
      vertex 0 -2.75 0
    endloop
  endfacet
  facet normal 0 0 -1
    outer loop
      vertex -0.958713 -10.9581 0
      vertex -0.239677 -2.73954 0
      vertex 0 -11 0
    endloop
  endfacet
  facet normal -0 0 -1
    outer loop
      vertex -0.239677 -2.73954 0
      vertex -0.958713 -10.9581 0
      vertex -0.477532 -2.70822 0
    endloop
  endfacet
  facet normal 0 0 -1
    outer loop
      vertex -1.91013 -10.8329 0
      vertex -0.477532 -2.70822 0
      vertex -0.958713 -10.9581 0
    endloop
  endfacet
  facet normal -0 0 -1
    outer loop
      vertex -0.477532 -2.70822 0
      vertex -1.91013 -10.8329 0
      vertex -0.711752 -2.6563 0
    endloop
  endfacet
  facet normal 0 0 -1
    outer loop
      vertex -2.84701 -10.6252 0
      vertex -0.711752 -2.6563 0
      vertex -1.91013 -10.8329 0
    endloop
  endfacet
  facet normal -0 0 -1
    outer loop
      vertex -0.711752 -2.6563 0
      vertex -2.84701 -10.6252 0
      vertex -0.940555 -2.58415 0
    endloop
  endfacet
  facet normal 0 0 -1
    outer loop
      vertex -3.76222 -10.3366 0
      vertex -0.940555 -2.58415 0
      vertex -2.84701 -10.6252 0
    endloop
  endfacet
  facet normal -0 0 -1
    outer loop
      vertex -0.940555 -2.58415 0
      vertex -3.76222 -10.3366 0
      vertex -1.1622 -2.49235 0
    endloop
  endfacet
  facet normal 0 0 -1
    outer loop
      vertex -4.6488 -9.96939 0
      vertex -1.1622 -2.49235 0
      vertex -3.76222 -10.3366 0
    endloop
  endfacet
  facet normal -0 0 -1
    outer loop
      vertex -1.1622 -2.49235 0
      vertex -4.6488 -9.96939 0
      vertex -1.375 -2.38157 0
    endloop
  endfacet
  facet normal 0 0 -1
    outer loop
      vertex -5.5 -9.52628 0
      vertex -1.375 -2.38157 0
      vertex -4.6488 -9.96939 0
    endloop
  endfacet
  facet normal -0 0 -1
    outer loop
      vertex -1.375 -2.38157 0
      vertex -5.5 -9.52628 0
      vertex -1.57733 -2.25267 0
    endloop
  endfacet
  facet normal 0 0 -1
    outer loop
      vertex -6.30934 -9.01067 0
      vertex -1.57733 -2.25267 0
      vertex -5.5 -9.52628 0
    endloop
  endfacet
  facet normal -0 0 -1
    outer loop
      vertex -1.57733 -2.25267 0
      vertex -6.30934 -9.01067 0
      vertex -1.76767 -2.10662 0
    endloop
  endfacet
  facet normal 0 0 -1
    outer loop
      vertex -7.07066 -8.42649 0
      vertex -1.76767 -2.10662 0
      vertex -6.30934 -9.01067 0
    endloop
  endfacet
  facet normal -0 0 -1
    outer loop
      vertex -1.76767 -2.10662 0
      vertex -7.07066 -8.42649 0
      vertex -1.94454 -1.94454 0
    endloop
  endfacet
  facet normal 0 0 -1
    outer loop
      vertex -7.77817 -7.77817 0
      vertex -1.94454 -1.94454 0
      vertex -7.07066 -8.42649 0
    endloop
  endfacet
  facet normal -0 0 -1
    outer loop
      vertex -1.94454 -1.94454 0
      vertex -7.77817 -7.77817 0
      vertex -2.10662 -1.76767 0
    endloop
  endfacet
  facet normal -0 0 -1
    outer loop
      vertex -2.10662 -1.76767 0
      vertex -8.42649 -7.07066 0
      vertex -2.25267 -1.57733 0
    endloop
  endfacet
  facet normal 0 0 -1
    outer loop
      vertex -8.42649 -7.07066 0
      vertex -2.10662 -1.76767 0
      vertex -7.77817 -7.77817 0
    endloop
  endfacet
  facet normal 0 0 -1
    outer loop
      vertex 2.10662 1.76767 0
      vertex 8.42649 7.07066 0
      vertex 2.25267 1.57733 0
    endloop
  endfacet
  facet normal -0 0 -1
    outer loop
      vertex 8.42649 7.07066 0
      vertex 2.10662 1.76767 0
      vertex 7.77817 7.77817 0
    endloop
  endfacet
  facet normal 0 0 -1
    outer loop
      vertex 1.94454 1.94454 0
      vertex 7.77817 7.77817 0
      vertex 2.10662 1.76767 0
    endloop
  endfacet
  facet normal -0 0 -1
    outer loop
      vertex 7.77817 7.77817 0
      vertex 1.94454 1.94454 0
      vertex 7.07066 8.42649 0
    endloop
  endfacet
  facet normal 0 0 -1
    outer loop
      vertex 1.76767 2.10662 0
      vertex 7.07066 8.42649 0
      vertex 1.94454 1.94454 0
    endloop
  endfacet
  facet normal -0 0 -1
    outer loop
      vertex 7.07066 8.42649 0
      vertex 1.76767 2.10662 0
      vertex 6.30934 9.01067 0
    endloop
  endfacet
  facet normal 0 0 -1
    outer loop
      vertex 1.57733 2.25267 0
      vertex 6.30934 9.01067 0
      vertex 1.76767 2.10662 0
    endloop
  endfacet
  facet normal -0 0 -1
    outer loop
      vertex 6.30934 9.01067 0
      vertex 1.57733 2.25267 0
      vertex 5.5 9.52628 0
    endloop
  endfacet
  facet normal 0 0 -1
    outer loop
      vertex 1.375 2.38157 0
      vertex 5.5 9.52628 0
      vertex 1.57733 2.25267 0
    endloop
  endfacet
  facet normal -0 0 -1
    outer loop
      vertex 5.5 9.52628 0
      vertex 1.375 2.38157 0
      vertex 4.6488 9.96939 0
    endloop
  endfacet
  facet normal 0 0 -1
    outer loop
      vertex 1.1622 2.49235 0
      vertex 4.6488 9.96939 0
      vertex 1.375 2.38157 0
    endloop
  endfacet
  facet normal -0 0 -1
    outer loop
      vertex 4.6488 9.96939 0
      vertex 1.1622 2.49235 0
      vertex 3.76222 10.3366 0
    endloop
  endfacet
  facet normal 0 0 -1
    outer loop
      vertex 0.940555 2.58415 0
      vertex 3.76222 10.3366 0
      vertex 1.1622 2.49235 0
    endloop
  endfacet
  facet normal -0 0 -1
    outer loop
      vertex 3.76222 10.3366 0
      vertex 0.940555 2.58415 0
      vertex 2.84701 10.6252 0
    endloop
  endfacet
  facet normal 0 0 -1
    outer loop
      vertex 0.711752 2.6563 0
      vertex 2.84701 10.6252 0
      vertex 0.940555 2.58415 0
    endloop
  endfacet
  facet normal -0 0 -1
    outer loop
      vertex 2.84701 10.6252 0
      vertex 0.711752 2.6563 0
      vertex 1.91013 10.8329 0
    endloop
  endfacet
  facet normal 0 0 -1
    outer loop
      vertex 0.477532 2.70822 0
      vertex 1.91013 10.8329 0
      vertex 0.711752 2.6563 0
    endloop
  endfacet
  facet normal -0 0 -1
    outer loop
      vertex 1.91013 10.8329 0
      vertex 0.477532 2.70822 0
      vertex 0.958713 10.9581 0
    endloop
  endfacet
  facet normal 0 0 -1
    outer loop
      vertex 0.239677 2.73954 0
      vertex 0.958713 10.9581 0
      vertex 0.477532 2.70822 0
    endloop
  endfacet
  facet normal 0 0 -1
    outer loop
      vertex 0 2.75 0
      vertex 0.958713 10.9581 0
      vertex 0.239677 2.73954 0
    endloop
  endfacet
  facet normal 0 0 -1
    outer loop
      vertex 0 2.75 0
      vertex 0 11 0
      vertex 0.958713 10.9581 0
    endloop
  endfacet
  facet normal 0 0 -1
    outer loop
      vertex -0.239677 2.73954 0
      vertex 0 11 0
      vertex 0 2.75 0
    endloop
  endfacet
  facet normal 0 0 -1
    outer loop
      vertex -0.958713 10.9581 0
      vertex -0.239677 2.73954 0
      vertex -0.477532 2.70822 0
    endloop
  endfacet
  facet normal 0 0 -1
    outer loop
      vertex -1.91013 10.8329 0
      vertex -0.477532 2.70822 0
      vertex -0.711752 2.6563 0
    endloop
  endfacet
  facet normal 0 0 -1
    outer loop
      vertex -2.84701 10.6252 0
      vertex -0.711752 2.6563 0
      vertex -0.940555 2.58415 0
    endloop
  endfacet
  facet normal 0 0 -1
    outer loop
      vertex -0.239677 2.73954 0
      vertex -0.958713 10.9581 0
      vertex 0 11 0
    endloop
  endfacet
  facet normal 0 0 -1
    outer loop
      vertex -3.76222 10.3366 0
      vertex -0.940555 2.58415 0
      vertex -1.1622 2.49235 0
    endloop
  endfacet
  facet normal 0 0 -1
    outer loop
      vertex -4.6488 9.96939 0
      vertex -1.1622 2.49235 0
      vertex -1.375 2.38157 0
    endloop
  endfacet
  facet normal 0 0 -1
    outer loop
      vertex -5.5 9.52628 0
      vertex -1.375 2.38157 0
      vertex -1.57733 2.25267 0
    endloop
  endfacet
  facet normal 0 0 -1
    outer loop
      vertex -6.30934 9.01067 0
      vertex -1.57733 2.25267 0
      vertex -1.76767 2.10662 0
    endloop
  endfacet
  facet normal 0 0 -1
    outer loop
      vertex -0.477532 2.70822 0
      vertex -1.91013 10.8329 0
      vertex -0.958713 10.9581 0
    endloop
  endfacet
  facet normal 0 0 -1
    outer loop
      vertex -7.07066 8.42649 0
      vertex -1.76767 2.10662 0
      vertex -1.94454 1.94454 0
    endloop
  endfacet
  facet normal 0 0 -1
    outer loop
      vertex -7.77817 7.77817 0
      vertex -1.94454 1.94454 0
      vertex -2.10662 1.76767 0
    endloop
  endfacet
  facet normal 0 0 -1
    outer loop
      vertex -8.42649 7.07066 0
      vertex -2.10662 1.76767 0
      vertex -2.25267 1.57733 0
    endloop
  endfacet
  facet normal 0 0 -1
    outer loop
      vertex -9.01067 6.30934 0
      vertex -2.25267 1.57733 0
      vertex -2.38157 1.375 0
    endloop
  endfacet
  facet normal 0 0 -1
    outer loop
      vertex -9.52628 5.5 0
      vertex -2.38157 1.375 0
      vertex -2.49235 1.1622 0
    endloop
  endfacet
  facet normal 0 0 -1
    outer loop
      vertex -9.96939 4.6488 0
      vertex -2.49235 1.1622 0
      vertex -2.58415 0.940555 0
    endloop
  endfacet
  facet normal 0 0 -1
    outer loop
      vertex -10.3366 3.76222 0
      vertex -2.58415 0.940555 0
      vertex -2.6563 0.711752 0
    endloop
  endfacet
  facet normal 0 0 -1
    outer loop
      vertex -10.6252 2.84701 0
      vertex -2.6563 0.711752 0
      vertex -2.70822 0.477532 0
    endloop
  endfacet
  facet normal 0 0 -1
    outer loop
      vertex -10.8329 1.91013 0
      vertex -2.70822 0.477532 0
      vertex -2.73954 0.239677 0
    endloop
  endfacet
  facet normal 0 0 -1
    outer loop
      vertex -0.711752 2.6563 0
      vertex -2.84701 10.6252 0
      vertex -1.91013 10.8329 0
    endloop
  endfacet
  facet normal 0 0 -1
    outer loop
      vertex -10.9581 0.958713 0
      vertex -2.73954 0.239677 0
      vertex -2.75 0 0
    endloop
  endfacet
  facet normal 0 0 -1
    outer loop
      vertex -9.01067 -6.30934 0
      vertex -2.25267 -1.57733 0
      vertex -8.42649 -7.07066 0
    endloop
  endfacet
  facet normal -0 0 -1
    outer loop
      vertex -2.25267 -1.57733 0
      vertex -9.01067 -6.30934 0
      vertex -2.38157 -1.375 0
    endloop
  endfacet
  facet normal 0 0 -1
    outer loop
      vertex -0.940555 2.58415 0
      vertex -3.76222 10.3366 0
      vertex -2.84701 10.6252 0
    endloop
  endfacet
  facet normal 0 0 -1
    outer loop
      vertex -9.52628 -5.5 0
      vertex -2.38157 -1.375 0
      vertex -9.01067 -6.30934 0
    endloop
  endfacet
  facet normal 0 0 -1
    outer loop
      vertex -1.1622 2.49235 0
      vertex -4.6488 9.96939 0
      vertex -3.76222 10.3366 0
    endloop
  endfacet
  facet normal -0 0 -1
    outer loop
      vertex -2.38157 -1.375 0
      vertex -9.52628 -5.5 0
      vertex -2.49235 -1.1622 0
    endloop
  endfacet
  facet normal 0 0 -1
    outer loop
      vertex -1.375 2.38157 0
      vertex -5.5 9.52628 0
      vertex -4.6488 9.96939 0
    endloop
  endfacet
  facet normal 0 0 -1
    outer loop
      vertex -9.96939 -4.6488 0
      vertex -2.49235 -1.1622 0
      vertex -9.52628 -5.5 0
    endloop
  endfacet
  facet normal 0 0 -1
    outer loop
      vertex -1.57733 2.25267 0
      vertex -6.30934 9.01067 0
      vertex -5.5 9.52628 0
    endloop
  endfacet
  facet normal -0 0 -1
    outer loop
      vertex -2.49235 -1.1622 0
      vertex -9.96939 -4.6488 0
      vertex -2.58415 -0.940555 0
    endloop
  endfacet
  facet normal 0 0 -1
    outer loop
      vertex -1.76767 2.10662 0
      vertex -7.07066 8.42649 0
      vertex -6.30934 9.01067 0
    endloop
  endfacet
  facet normal 0 0 -1
    outer loop
      vertex -10.3366 -3.76222 0
      vertex -2.58415 -0.940555 0
      vertex -9.96939 -4.6488 0
    endloop
  endfacet
  facet normal 0 0 -1
    outer loop
      vertex -1.94454 1.94454 0
      vertex -7.77817 7.77817 0
      vertex -7.07066 8.42649 0
    endloop
  endfacet
  facet normal -0 0 -1
    outer loop
      vertex -2.58415 -0.940555 0
      vertex -10.3366 -3.76222 0
      vertex -2.6563 -0.711752 0
    endloop
  endfacet
  facet normal 0 0 -1
    outer loop
      vertex -2.10662 1.76767 0
      vertex -8.42649 7.07066 0
      vertex -7.77817 7.77817 0
    endloop
  endfacet
  facet normal 0 0 -1
    outer loop
      vertex -10.6252 -2.84701 0
      vertex -2.6563 -0.711752 0
      vertex -10.3366 -3.76222 0
    endloop
  endfacet
  facet normal 0 0 -1
    outer loop
      vertex -2.25267 1.57733 0
      vertex -9.01067 6.30934 0
      vertex -8.42649 7.07066 0
    endloop
  endfacet
  facet normal -0 0 -1
    outer loop
      vertex -2.6563 -0.711752 0
      vertex -10.6252 -2.84701 0
      vertex -2.70822 -0.477532 0
    endloop
  endfacet
  facet normal 0 0 -1
    outer loop
      vertex -2.38157 1.375 0
      vertex -9.52628 5.5 0
      vertex -9.01067 6.30934 0
    endloop
  endfacet
  facet normal 0 0 -1
    outer loop
      vertex -10.8329 -1.91013 0
      vertex -2.70822 -0.477532 0
      vertex -10.6252 -2.84701 0
    endloop
  endfacet
  facet normal 0 0 -1
    outer loop
      vertex -2.49235 1.1622 0
      vertex -9.96939 4.6488 0
      vertex -9.52628 5.5 0
    endloop
  endfacet
  facet normal -0 0 -1
    outer loop
      vertex -2.70822 -0.477532 0
      vertex -10.8329 -1.91013 0
      vertex -2.73954 -0.239677 0
    endloop
  endfacet
  facet normal 0 0 -1
    outer loop
      vertex -2.58415 0.940555 0
      vertex -10.3366 3.76222 0
      vertex -9.96939 4.6488 0
    endloop
  endfacet
  facet normal 0 0 -1
    outer loop
      vertex -10.9581 -0.958713 0
      vertex -2.73954 -0.239677 0
      vertex -10.8329 -1.91013 0
    endloop
  endfacet
  facet normal 0 0 -1
    outer loop
      vertex -2.6563 0.711752 0
      vertex -10.6252 2.84701 0
      vertex -10.3366 3.76222 0
    endloop
  endfacet
  facet normal -0 0 -1
    outer loop
      vertex -2.73954 -0.239677 0
      vertex -10.9581 -0.958713 0
      vertex -2.75 0 0
    endloop
  endfacet
  facet normal 0 0 -1
    outer loop
      vertex -2.70822 0.477532 0
      vertex -10.8329 1.91013 0
      vertex -10.6252 2.84701 0
    endloop
  endfacet
  facet normal 0 0 -1
    outer loop
      vertex -11 0 0
      vertex -2.75 0 0
      vertex -10.9581 -0.958713 0
    endloop
  endfacet
  facet normal 0 0 -1
    outer loop
      vertex -2.73954 0.239677 0
      vertex -10.9581 0.958713 0
      vertex -10.8329 1.91013 0
    endloop
  endfacet
  facet normal 0 0 -1
    outer loop
      vertex -2.75 0 0
      vertex -11 0 0
      vertex -10.9581 0.958713 0
    endloop
  endfacet
  facet normal -0.608754 0.793359 0
    outer loop
      vertex 1.76767 -2.10662 14.2
      vertex 1.57733 -2.25267 20
      vertex 1.76767 -2.10662 20
    endloop
  endfacet
  facet normal -0.608754 0.793359 0
    outer loop
      vertex 1.57733 -2.25267 20
      vertex 1.76767 -2.10662 14.2
      vertex 1.57733 -2.25267 14.2
    endloop
  endfacet
  facet normal -0.608754 0.793359 0
    outer loop
      vertex 1.76767 -2.10662 0
      vertex 1.57733 -2.25267 9.8
      vertex 1.76767 -2.10662 9.8
    endloop
  endfacet
  facet normal -0.608754 0.793359 0
    outer loop
      vertex 1.57733 -2.25267 9.8
      vertex 1.76767 -2.10662 0
      vertex 1.57733 -2.25267 0
    endloop
  endfacet
  facet normal -0.999049 -0.0436006 0
    outer loop
      vertex 2.75 0 14.2
      vertex 2.73954 0.239677 20
      vertex 2.73954 0.239677 14.2
    endloop
  endfacet
  facet normal -0.999049 -0.0436006 0
    outer loop
      vertex 2.73954 0.239677 20
      vertex 2.75 0 14.2
      vertex 2.75 0 20
    endloop
  endfacet
  facet normal -0.999049 -0.0436006 0
    outer loop
      vertex 2.75 0 0
      vertex 2.73954 0.239677 9.8
      vertex 2.73954 0.239677 0
    endloop
  endfacet
  facet normal -0.999049 -0.0436006 0
    outer loop
      vertex 2.73954 0.239677 9.8
      vertex 2.75 0 0
      vertex 2.75 0 9.8
    endloop
  endfacet
  facet normal 0.382654 0.923892 -0
    outer loop
      vertex -0.940555 -2.58415 14.2
      vertex -1.1622 -2.49235 20
      vertex -0.940555 -2.58415 20
    endloop
  endfacet
  facet normal 0.382654 0.923892 0
    outer loop
      vertex -1.1622 -2.49235 20
      vertex -0.940555 -2.58415 14.2
      vertex -1.1622 -2.49235 14.2
    endloop
  endfacet
  facet normal 0.382654 0.923892 -0
    outer loop
      vertex -0.940555 -2.58415 0
      vertex -1.1622 -2.49235 9.8
      vertex -0.940555 -2.58415 9.8
    endloop
  endfacet
  facet normal 0.382654 0.923892 0
    outer loop
      vertex -1.1622 -2.49235 9.8
      vertex -0.940555 -2.58415 0
      vertex -1.1622 -2.49235 0
    endloop
  endfacet
  facet normal 0.887005 0.46176 0
    outer loop
      vertex -2.38157 -1.375 20
      vertex -2.49235 -1.1622 14.2
      vertex -2.49235 -1.1622 20
    endloop
  endfacet
  facet normal 0.887005 0.46176 0
    outer loop
      vertex -2.49235 -1.1622 14.2
      vertex -2.38157 -1.375 20
      vertex -2.38157 -1.375 14.2
    endloop
  endfacet
  facet normal 0.887005 0.46176 0
    outer loop
      vertex -2.38157 -1.375 9.8
      vertex -2.49235 -1.1622 0
      vertex -2.49235 -1.1622 9.8
    endloop
  endfacet
  facet normal 0.887005 0.46176 0
    outer loop
      vertex -2.49235 -1.1622 0
      vertex -2.38157 -1.375 9.8
      vertex -2.38157 -1.375 0
    endloop
  endfacet
  facet normal -0.608754 -0.793359 0
    outer loop
      vertex 1.57733 2.25267 14.2
      vertex 1.76767 2.10662 20
      vertex 1.57733 2.25267 20
    endloop
  endfacet
  facet normal -0.608754 -0.793359 -0
    outer loop
      vertex 1.76767 2.10662 20
      vertex 1.57733 2.25267 14.2
      vertex 1.76767 2.10662 14.2
    endloop
  endfacet
  facet normal -0.608754 -0.793359 0
    outer loop
      vertex 1.57733 2.25267 0
      vertex 1.76767 2.10662 9.8
      vertex 1.57733 2.25267 9.8
    endloop
  endfacet
  facet normal -0.608754 -0.793359 -0
    outer loop
      vertex 1.76767 2.10662 9.8
      vertex 1.57733 2.25267 0
      vertex 1.76767 2.10662 0
    endloop
  endfacet
  facet normal 0.46176 -0.887005 0
    outer loop
      vertex -1.375 2.38157 14.2
      vertex -1.1622 2.49235 20
      vertex -1.375 2.38157 20
    endloop
  endfacet
  facet normal 0.46176 -0.887005 0
    outer loop
      vertex -1.1622 2.49235 20
      vertex -1.375 2.38157 14.2
      vertex -1.1622 2.49235 14.2
    endloop
  endfacet
  facet normal 0.46176 -0.887005 0
    outer loop
      vertex -1.375 2.38157 0
      vertex -1.1622 2.49235 9.8
      vertex -1.375 2.38157 9.8
    endloop
  endfacet
  facet normal 0.46176 -0.887005 0
    outer loop
      vertex -1.1622 2.49235 9.8
      vertex -1.375 2.38157 0
      vertex -1.1622 2.49235 0
    endloop
  endfacet
  facet normal -0.923892 0.382654 0
    outer loop
      vertex 2.49235 -1.1622 14.2
      vertex 2.58415 -0.940555 20
      vertex 2.58415 -0.940555 14.2
    endloop
  endfacet
  facet normal -0.923892 0.382654 0
    outer loop
      vertex 2.58415 -0.940555 20
      vertex 2.49235 -1.1622 14.2
      vertex 2.49235 -1.1622 20
    endloop
  endfacet
  facet normal -0.923892 0.382654 0
    outer loop
      vertex 2.49235 -1.1622 0
      vertex 2.58415 -0.940555 9.8
      vertex 2.58415 -0.940555 0
    endloop
  endfacet
  facet normal -0.923892 0.382654 0
    outer loop
      vertex 2.58415 -0.940555 9.8
      vertex 2.49235 -1.1622 0
      vertex 2.49235 -1.1622 9.8
    endloop
  endfacet
  facet normal -0.887005 0.46176 0
    outer loop
      vertex 2.38157 -1.375 14.2
      vertex 2.49235 -1.1622 20
      vertex 2.49235 -1.1622 14.2
    endloop
  endfacet
  facet normal -0.887005 0.46176 0
    outer loop
      vertex 2.49235 -1.1622 20
      vertex 2.38157 -1.375 14.2
      vertex 2.38157 -1.375 20
    endloop
  endfacet
  facet normal -0.887005 0.46176 0
    outer loop
      vertex 2.38157 -1.375 0
      vertex 2.49235 -1.1622 9.8
      vertex 2.49235 -1.1622 0
    endloop
  endfacet
  facet normal -0.887005 0.46176 0
    outer loop
      vertex 2.49235 -1.1622 9.8
      vertex 2.38157 -1.375 0
      vertex 2.38157 -1.375 9.8
    endloop
  endfacet
  facet normal -0.382654 0.923892 0
    outer loop
      vertex 1.1622 -2.49235 14.2
      vertex 0.940555 -2.58415 20
      vertex 1.1622 -2.49235 20
    endloop
  endfacet
  facet normal -0.382654 0.923892 0
    outer loop
      vertex 0.940555 -2.58415 20
      vertex 1.1622 -2.49235 14.2
      vertex 0.940555 -2.58415 14.2
    endloop
  endfacet
  facet normal -0.382654 0.923892 0
    outer loop
      vertex 1.1622 -2.49235 0
      vertex 0.940555 -2.58415 9.8
      vertex 1.1622 -2.49235 9.8
    endloop
  endfacet
  facet normal -0.382654 0.923892 0
    outer loop
      vertex 0.940555 -2.58415 9.8
      vertex 1.1622 -2.49235 0
      vertex 0.940555 -2.58415 0
    endloop
  endfacet
  facet normal -0.13055 0.991442 0
    outer loop
      vertex 0.477532 -2.70822 14.2
      vertex 0.239677 -2.73954 20
      vertex 0.477532 -2.70822 20
    endloop
  endfacet
  facet normal -0.13055 0.991442 0
    outer loop
      vertex 0.239677 -2.73954 20
      vertex 0.477532 -2.70822 14.2
      vertex 0.239677 -2.73954 14.2
    endloop
  endfacet
  facet normal -0.13055 0.991442 0
    outer loop
      vertex 0.477532 -2.70822 0
      vertex 0.239677 -2.73954 9.8
      vertex 0.477532 -2.70822 9.8
    endloop
  endfacet
  facet normal -0.13055 0.991442 0
    outer loop
      vertex 0.239677 -2.73954 9.8
      vertex 0.477532 -2.70822 0
      vertex 0.239677 -2.73954 0
    endloop
  endfacet
  facet normal 0.73726 0.675609 0
    outer loop
      vertex -1.94454 -1.94454 20
      vertex -2.10662 -1.76767 14.2
      vertex -2.10662 -1.76767 20
    endloop
  endfacet
  facet normal 0.73726 0.675609 0
    outer loop
      vertex -2.10662 -1.76767 14.2
      vertex -1.94454 -1.94454 20
      vertex -1.94454 -1.94454 14.2
    endloop
  endfacet
  facet normal 0.73726 0.675609 0
    outer loop
      vertex -1.94454 -1.94454 9.8
      vertex -2.10662 -1.76767 0
      vertex -2.10662 -1.76767 9.8
    endloop
  endfacet
  facet normal 0.73726 0.675609 0
    outer loop
      vertex -2.10662 -1.76767 0
      vertex -1.94454 -1.94454 9.8
      vertex -1.94454 -1.94454 0
    endloop
  endfacet
  facet normal 0.216418 0.976301 -0
    outer loop
      vertex -0.477532 -2.70822 14.2
      vertex -0.711752 -2.6563 20
      vertex -0.477532 -2.70822 20
    endloop
  endfacet
  facet normal 0.216418 0.976301 0
    outer loop
      vertex -0.711752 -2.6563 20
      vertex -0.477532 -2.70822 14.2
      vertex -0.711752 -2.6563 14.2
    endloop
  endfacet
  facet normal 0.216418 0.976301 -0
    outer loop
      vertex -0.477532 -2.70822 0
      vertex -0.711752 -2.6563 9.8
      vertex -0.477532 -2.70822 9.8
    endloop
  endfacet
  facet normal 0.216418 0.976301 0
    outer loop
      vertex -0.711752 -2.6563 9.8
      vertex -0.477532 -2.70822 0
      vertex -0.711752 -2.6563 0
    endloop
  endfacet
  facet normal -0.953707 -0.300739 0
    outer loop
      vertex 2.6563 0.711752 14.2
      vertex 2.58415 0.940555 20
      vertex 2.58415 0.940555 14.2
    endloop
  endfacet
  facet normal -0.953707 -0.300739 0
    outer loop
      vertex 2.58415 0.940555 20
      vertex 2.6563 0.711752 14.2
      vertex 2.6563 0.711752 20
    endloop
  endfacet
  facet normal -0.953707 -0.300739 0
    outer loop
      vertex 2.6563 0.711752 0
      vertex 2.58415 0.940555 9.8
      vertex 2.58415 0.940555 0
    endloop
  endfacet
  facet normal -0.953707 -0.300739 0
    outer loop
      vertex 2.58415 0.940555 9.8
      vertex 2.6563 0.711752 0
      vertex 2.6563 0.711752 9.8
    endloop
  endfacet
  facet normal 0.675609 -0.73726 0
    outer loop
      vertex -1.94454 1.94454 14.2
      vertex -1.76767 2.10662 20
      vertex -1.94454 1.94454 20
    endloop
  endfacet
  facet normal 0.675609 -0.73726 0
    outer loop
      vertex -1.76767 2.10662 20
      vertex -1.94454 1.94454 14.2
      vertex -1.76767 2.10662 14.2
    endloop
  endfacet
  facet normal 0.675609 -0.73726 0
    outer loop
      vertex -1.94454 1.94454 0
      vertex -1.76767 2.10662 9.8
      vertex -1.94454 1.94454 9.8
    endloop
  endfacet
  facet normal 0.675609 -0.73726 0
    outer loop
      vertex -1.76767 2.10662 9.8
      vertex -1.94454 1.94454 0
      vertex -1.76767 2.10662 0
    endloop
  endfacet
  facet normal -0.976301 0.216418 0
    outer loop
      vertex 2.6563 -0.711752 14.2
      vertex 2.70822 -0.477532 20
      vertex 2.70822 -0.477532 14.2
    endloop
  endfacet
  facet normal -0.976301 0.216418 0
    outer loop
      vertex 2.70822 -0.477532 20
      vertex 2.6563 -0.711752 14.2
      vertex 2.6563 -0.711752 20
    endloop
  endfacet
  facet normal -0.976301 0.216418 0
    outer loop
      vertex 2.6563 -0.711752 0
      vertex 2.70822 -0.477532 9.8
      vertex 2.70822 -0.477532 0
    endloop
  endfacet
  facet normal -0.976301 0.216418 0
    outer loop
      vertex 2.70822 -0.477532 9.8
      vertex 2.6563 -0.711752 0
      vertex 2.6563 -0.711752 9.8
    endloop
  endfacet
  facet normal -0.953707 0.300739 0
    outer loop
      vertex 2.58415 -0.940555 14.2
      vertex 2.6563 -0.711752 20
      vertex 2.6563 -0.711752 14.2
    endloop
  endfacet
  facet normal -0.953707 0.300739 0
    outer loop
      vertex 2.6563 -0.711752 20
      vertex 2.58415 -0.940555 14.2
      vertex 2.58415 -0.940555 20
    endloop
  endfacet
  facet normal -0.953707 0.300739 0
    outer loop
      vertex 2.58415 -0.940555 0
      vertex 2.6563 -0.711752 9.8
      vertex 2.6563 -0.711752 0
    endloop
  endfacet
  facet normal -0.953707 0.300739 0
    outer loop
      vertex 2.6563 -0.711752 9.8
      vertex 2.58415 -0.940555 0
      vertex 2.58415 -0.940555 9.8
    endloop
  endfacet
  facet normal -0.73726 0.675609 0
    outer loop
      vertex 1.94454 -1.94454 14.2
      vertex 2.10662 -1.76767 20
      vertex 2.10662 -1.76767 14.2
    endloop
  endfacet
  facet normal -0.73726 0.675609 0
    outer loop
      vertex 2.10662 -1.76767 20
      vertex 1.94454 -1.94454 14.2
      vertex 1.94454 -1.94454 20
    endloop
  endfacet
  facet normal -0.73726 0.675609 0
    outer loop
      vertex 1.94454 -1.94454 0
      vertex 2.10662 -1.76767 9.8
      vertex 2.10662 -1.76767 0
    endloop
  endfacet
  facet normal -0.73726 0.675609 0
    outer loop
      vertex 2.10662 -1.76767 9.8
      vertex 1.94454 -1.94454 0
      vertex 1.94454 -1.94454 9.8
    endloop
  endfacet
  facet normal -0.793359 0.608754 0
    outer loop
      vertex 2.10662 -1.76767 14.2
      vertex 2.25267 -1.57733 20
      vertex 2.25267 -1.57733 14.2
    endloop
  endfacet
  facet normal -0.793359 0.608754 0
    outer loop
      vertex 2.25267 -1.57733 20
      vertex 2.10662 -1.76767 14.2
      vertex 2.10662 -1.76767 20
    endloop
  endfacet
  facet normal -0.793359 0.608754 0
    outer loop
      vertex 2.10662 -1.76767 0
      vertex 2.25267 -1.57733 9.8
      vertex 2.25267 -1.57733 0
    endloop
  endfacet
  facet normal -0.793359 0.608754 0
    outer loop
      vertex 2.25267 -1.57733 9.8
      vertex 2.10662 -1.76767 0
      vertex 2.10662 -1.76767 9.8
    endloop
  endfacet
  facet normal -0.675609 0.73726 0
    outer loop
      vertex 1.94454 -1.94454 14.2
      vertex 1.76767 -2.10662 20
      vertex 1.94454 -1.94454 20
    endloop
  endfacet
  facet normal -0.675609 0.73726 0
    outer loop
      vertex 1.76767 -2.10662 20
      vertex 1.94454 -1.94454 14.2
      vertex 1.76767 -2.10662 14.2
    endloop
  endfacet
  facet normal -0.675609 0.73726 0
    outer loop
      vertex 1.94454 -1.94454 0
      vertex 1.76767 -2.10662 9.8
      vertex 1.94454 -1.94454 9.8
    endloop
  endfacet
  facet normal -0.675609 0.73726 0
    outer loop
      vertex 1.76767 -2.10662 9.8
      vertex 1.94454 -1.94454 0
      vertex 1.76767 -2.10662 0
    endloop
  endfacet
  facet normal -0.537304 0.843388 0
    outer loop
      vertex 1.57733 -2.25267 14.2
      vertex 1.375 -2.38157 20
      vertex 1.57733 -2.25267 20
    endloop
  endfacet
  facet normal -0.537304 0.843388 0
    outer loop
      vertex 1.375 -2.38157 20
      vertex 1.57733 -2.25267 14.2
      vertex 1.375 -2.38157 14.2
    endloop
  endfacet
  facet normal -0.537304 0.843388 0
    outer loop
      vertex 1.57733 -2.25267 0
      vertex 1.375 -2.38157 9.8
      vertex 1.57733 -2.25267 9.8
    endloop
  endfacet
  facet normal -0.537304 0.843388 0
    outer loop
      vertex 1.375 -2.38157 9.8
      vertex 1.57733 -2.25267 0
      vertex 1.375 -2.38157 0
    endloop
  endfacet
  facet normal -0.0436006 0.999049 0
    outer loop
      vertex 0.239677 -2.73954 14.2
      vertex 0 -2.75 20
      vertex 0.239677 -2.73954 20
    endloop
  endfacet
  facet normal -0.0436006 0.999049 0
    outer loop
      vertex 0 -2.75 20
      vertex 0.239677 -2.73954 14.2
      vertex 0 -2.75 14.2
    endloop
  endfacet
  facet normal -0.0436006 0.999049 0
    outer loop
      vertex 0.239677 -2.73954 0
      vertex 0 -2.75 9.8
      vertex 0.239677 -2.73954 9.8
    endloop
  endfacet
  facet normal -0.0436006 0.999049 0
    outer loop
      vertex 0 -2.75 9.8
      vertex 0.239677 -2.73954 0
      vertex 0 -2.75 0
    endloop
  endfacet
  facet normal -0.46176 0.887005 0
    outer loop
      vertex 1.375 -2.38157 14.2
      vertex 1.1622 -2.49235 20
      vertex 1.375 -2.38157 20
    endloop
  endfacet
  facet normal -0.46176 0.887005 0
    outer loop
      vertex 1.1622 -2.49235 20
      vertex 1.375 -2.38157 14.2
      vertex 1.1622 -2.49235 14.2
    endloop
  endfacet
  facet normal -0.46176 0.887005 0
    outer loop
      vertex 1.375 -2.38157 0
      vertex 1.1622 -2.49235 9.8
      vertex 1.375 -2.38157 9.8
    endloop
  endfacet
  facet normal -0.46176 0.887005 0
    outer loop
      vertex 1.1622 -2.49235 9.8
      vertex 1.375 -2.38157 0
      vertex 1.1622 -2.49235 0
    endloop
  endfacet
  facet normal -0.300739 0.953707 0
    outer loop
      vertex 0.940555 -2.58415 14.2
      vertex 0.711752 -2.6563 20
      vertex 0.940555 -2.58415 20
    endloop
  endfacet
  facet normal -0.300739 0.953707 0
    outer loop
      vertex 0.711752 -2.6563 20
      vertex 0.940555 -2.58415 14.2
      vertex 0.711752 -2.6563 14.2
    endloop
  endfacet
  facet normal -0.300739 0.953707 0
    outer loop
      vertex 0.940555 -2.58415 0
      vertex 0.711752 -2.6563 9.8
      vertex 0.940555 -2.58415 9.8
    endloop
  endfacet
  facet normal -0.300739 0.953707 0
    outer loop
      vertex 0.711752 -2.6563 9.8
      vertex 0.940555 -2.58415 0
      vertex 0.711752 -2.6563 0
    endloop
  endfacet
  facet normal -0.216418 0.976301 0
    outer loop
      vertex 0.711752 -2.6563 14.2
      vertex 0.477532 -2.70822 20
      vertex 0.711752 -2.6563 20
    endloop
  endfacet
  facet normal -0.216418 0.976301 0
    outer loop
      vertex 0.477532 -2.70822 20
      vertex 0.711752 -2.6563 14.2
      vertex 0.477532 -2.70822 14.2
    endloop
  endfacet
  facet normal -0.216418 0.976301 0
    outer loop
      vertex 0.711752 -2.6563 0
      vertex 0.477532 -2.70822 9.8
      vertex 0.711752 -2.6563 9.8
    endloop
  endfacet
  facet normal -0.216418 0.976301 0
    outer loop
      vertex 0.477532 -2.70822 9.8
      vertex 0.711752 -2.6563 0
      vertex 0.477532 -2.70822 0
    endloop
  endfacet
  facet normal 0.999049 0.0436006 0
    outer loop
      vertex -2.73954 -0.239677 20
      vertex -2.75 0 14.2
      vertex -2.75 0 20
    endloop
  endfacet
  facet normal 0.999049 0.0436006 0
    outer loop
      vertex -2.75 0 14.2
      vertex -2.73954 -0.239677 20
      vertex -2.73954 -0.239677 14.2
    endloop
  endfacet
  facet normal 0.999049 0.0436006 0
    outer loop
      vertex -2.73954 -0.239677 9.8
      vertex -2.75 0 0
      vertex -2.75 0 9.8
    endloop
  endfacet
  facet normal 0.999049 0.0436006 0
    outer loop
      vertex -2.75 0 0
      vertex -2.73954 -0.239677 9.8
      vertex -2.73954 -0.239677 0
    endloop
  endfacet
  facet normal 0.923892 0.382654 0
    outer loop
      vertex -2.49235 -1.1622 20
      vertex -2.58415 -0.940555 14.2
      vertex -2.58415 -0.940555 20
    endloop
  endfacet
  facet normal 0.923892 0.382654 0
    outer loop
      vertex -2.58415 -0.940555 14.2
      vertex -2.49235 -1.1622 20
      vertex -2.49235 -1.1622 14.2
    endloop
  endfacet
  facet normal 0.923892 0.382654 0
    outer loop
      vertex -2.49235 -1.1622 9.8
      vertex -2.58415 -0.940555 0
      vertex -2.58415 -0.940555 9.8
    endloop
  endfacet
  facet normal 0.923892 0.382654 0
    outer loop
      vertex -2.58415 -0.940555 0
      vertex -2.49235 -1.1622 9.8
      vertex -2.49235 -1.1622 0
    endloop
  endfacet
  facet normal 0.953707 0.300739 0
    outer loop
      vertex -2.58415 -0.940555 20
      vertex -2.6563 -0.711752 14.2
      vertex -2.6563 -0.711752 20
    endloop
  endfacet
  facet normal 0.953707 0.300739 0
    outer loop
      vertex -2.6563 -0.711752 14.2
      vertex -2.58415 -0.940555 20
      vertex -2.58415 -0.940555 14.2
    endloop
  endfacet
  facet normal 0.953707 0.300739 0
    outer loop
      vertex -2.58415 -0.940555 9.8
      vertex -2.6563 -0.711752 0
      vertex -2.6563 -0.711752 9.8
    endloop
  endfacet
  facet normal 0.953707 0.300739 0
    outer loop
      vertex -2.6563 -0.711752 0
      vertex -2.58415 -0.940555 9.8
      vertex -2.58415 -0.940555 0
    endloop
  endfacet
  facet normal 0.843388 0.537304 0
    outer loop
      vertex -2.25267 -1.57733 20
      vertex -2.38157 -1.375 14.2
      vertex -2.38157 -1.375 20
    endloop
  endfacet
  facet normal 0.843388 0.537304 0
    outer loop
      vertex -2.38157 -1.375 14.2
      vertex -2.25267 -1.57733 20
      vertex -2.25267 -1.57733 14.2
    endloop
  endfacet
  facet normal 0.843388 0.537304 0
    outer loop
      vertex -2.25267 -1.57733 9.8
      vertex -2.38157 -1.375 0
      vertex -2.38157 -1.375 9.8
    endloop
  endfacet
  facet normal 0.843388 0.537304 0
    outer loop
      vertex -2.38157 -1.375 0
      vertex -2.25267 -1.57733 9.8
      vertex -2.25267 -1.57733 0
    endloop
  endfacet
  facet normal 0.793359 0.608754 0
    outer loop
      vertex -2.10662 -1.76767 20
      vertex -2.25267 -1.57733 14.2
      vertex -2.25267 -1.57733 20
    endloop
  endfacet
  facet normal 0.793359 0.608754 0
    outer loop
      vertex -2.25267 -1.57733 14.2
      vertex -2.10662 -1.76767 20
      vertex -2.10662 -1.76767 14.2
    endloop
  endfacet
  facet normal 0.793359 0.608754 0
    outer loop
      vertex -2.10662 -1.76767 9.8
      vertex -2.25267 -1.57733 0
      vertex -2.25267 -1.57733 9.8
    endloop
  endfacet
  facet normal 0.793359 0.608754 0
    outer loop
      vertex -2.25267 -1.57733 0
      vertex -2.10662 -1.76767 9.8
      vertex -2.10662 -1.76767 0
    endloop
  endfacet
  facet normal 0.300739 0.953707 -0
    outer loop
      vertex -0.711752 -2.6563 14.2
      vertex -0.940555 -2.58415 20
      vertex -0.711752 -2.6563 20
    endloop
  endfacet
  facet normal 0.300739 0.953707 0
    outer loop
      vertex -0.940555 -2.58415 20
      vertex -0.711752 -2.6563 14.2
      vertex -0.940555 -2.58415 14.2
    endloop
  endfacet
  facet normal 0.300739 0.953707 -0
    outer loop
      vertex -0.711752 -2.6563 0
      vertex -0.940555 -2.58415 9.8
      vertex -0.711752 -2.6563 9.8
    endloop
  endfacet
  facet normal 0.300739 0.953707 0
    outer loop
      vertex -0.940555 -2.58415 9.8
      vertex -0.711752 -2.6563 0
      vertex -0.940555 -2.58415 0
    endloop
  endfacet
  facet normal 0.0436006 0.999049 -0
    outer loop
      vertex 0 -2.75 14.2
      vertex -0.239677 -2.73954 20
      vertex 0 -2.75 20
    endloop
  endfacet
  facet normal 0.0436006 0.999049 0
    outer loop
      vertex -0.239677 -2.73954 20
      vertex 0 -2.75 14.2
      vertex -0.239677 -2.73954 14.2
    endloop
  endfacet
  facet normal 0.0436006 0.999049 -0
    outer loop
      vertex 0 -2.75 0
      vertex -0.239677 -2.73954 9.8
      vertex 0 -2.75 9.8
    endloop
  endfacet
  facet normal 0.0436006 0.999049 0
    outer loop
      vertex -0.239677 -2.73954 9.8
      vertex 0 -2.75 0
      vertex -0.239677 -2.73954 0
    endloop
  endfacet
  facet normal 0.537304 0.843388 -0
    outer loop
      vertex -1.375 -2.38157 14.2
      vertex -1.57733 -2.25267 20
      vertex -1.375 -2.38157 20
    endloop
  endfacet
  facet normal 0.537304 0.843388 0
    outer loop
      vertex -1.57733 -2.25267 20
      vertex -1.375 -2.38157 14.2
      vertex -1.57733 -2.25267 14.2
    endloop
  endfacet
  facet normal 0.537304 0.843388 -0
    outer loop
      vertex -1.375 -2.38157 0
      vertex -1.57733 -2.25267 9.8
      vertex -1.375 -2.38157 9.8
    endloop
  endfacet
  facet normal 0.537304 0.843388 0
    outer loop
      vertex -1.57733 -2.25267 9.8
      vertex -1.375 -2.38157 0
      vertex -1.57733 -2.25267 0
    endloop
  endfacet
  facet normal 0.608754 0.793359 -0
    outer loop
      vertex -1.57733 -2.25267 14.2
      vertex -1.76767 -2.10662 20
      vertex -1.57733 -2.25267 20
    endloop
  endfacet
  facet normal 0.608754 0.793359 0
    outer loop
      vertex -1.76767 -2.10662 20
      vertex -1.57733 -2.25267 14.2
      vertex -1.76767 -2.10662 14.2
    endloop
  endfacet
  facet normal 0.608754 0.793359 -0
    outer loop
      vertex -1.57733 -2.25267 0
      vertex -1.76767 -2.10662 9.8
      vertex -1.57733 -2.25267 9.8
    endloop
  endfacet
  facet normal 0.608754 0.793359 0
    outer loop
      vertex -1.76767 -2.10662 9.8
      vertex -1.57733 -2.25267 0
      vertex -1.76767 -2.10662 0
    endloop
  endfacet
  facet normal 0.46176 0.887005 -0
    outer loop
      vertex -1.1622 -2.49235 14.2
      vertex -1.375 -2.38157 20
      vertex -1.1622 -2.49235 20
    endloop
  endfacet
  facet normal 0.46176 0.887005 0
    outer loop
      vertex -1.375 -2.38157 20
      vertex -1.1622 -2.49235 14.2
      vertex -1.375 -2.38157 14.2
    endloop
  endfacet
  facet normal 0.46176 0.887005 -0
    outer loop
      vertex -1.1622 -2.49235 0
      vertex -1.375 -2.38157 9.8
      vertex -1.1622 -2.49235 9.8
    endloop
  endfacet
  facet normal 0.46176 0.887005 0
    outer loop
      vertex -1.375 -2.38157 9.8
      vertex -1.1622 -2.49235 0
      vertex -1.375 -2.38157 0
    endloop
  endfacet
  facet normal 0.675609 0.73726 -0
    outer loop
      vertex -1.76767 -2.10662 14.2
      vertex -1.94454 -1.94454 20
      vertex -1.76767 -2.10662 20
    endloop
  endfacet
  facet normal 0.675609 0.73726 0
    outer loop
      vertex -1.94454 -1.94454 20
      vertex -1.76767 -2.10662 14.2
      vertex -1.94454 -1.94454 14.2
    endloop
  endfacet
  facet normal 0.675609 0.73726 -0
    outer loop
      vertex -1.76767 -2.10662 0
      vertex -1.94454 -1.94454 9.8
      vertex -1.76767 -2.10662 9.8
    endloop
  endfacet
  facet normal 0.675609 0.73726 0
    outer loop
      vertex -1.94454 -1.94454 9.8
      vertex -1.76767 -2.10662 0
      vertex -1.94454 -1.94454 0
    endloop
  endfacet
  facet normal -0.999049 0.0436006 0
    outer loop
      vertex 2.73954 -0.239677 14.2
      vertex 2.75 0 20
      vertex 2.75 0 14.2
    endloop
  endfacet
  facet normal -0.999049 0.0436006 0
    outer loop
      vertex 2.75 0 20
      vertex 2.73954 -0.239677 14.2
      vertex 2.73954 -0.239677 20
    endloop
  endfacet
  facet normal -0.999049 0.0436006 0
    outer loop
      vertex 2.73954 -0.239677 0
      vertex 2.75 0 9.8
      vertex 2.75 0 0
    endloop
  endfacet
  facet normal -0.999049 0.0436006 0
    outer loop
      vertex 2.75 0 9.8
      vertex 2.73954 -0.239677 0
      vertex 2.73954 -0.239677 9.8
    endloop
  endfacet
  facet normal -0.976301 -0.216418 0
    outer loop
      vertex 2.70822 0.477532 14.2
      vertex 2.6563 0.711752 20
      vertex 2.6563 0.711752 14.2
    endloop
  endfacet
  facet normal -0.976301 -0.216418 0
    outer loop
      vertex 2.6563 0.711752 20
      vertex 2.70822 0.477532 14.2
      vertex 2.70822 0.477532 20
    endloop
  endfacet
  facet normal -0.976301 -0.216418 0
    outer loop
      vertex 2.70822 0.477532 0
      vertex 2.6563 0.711752 9.8
      vertex 2.6563 0.711752 0
    endloop
  endfacet
  facet normal -0.976301 -0.216418 0
    outer loop
      vertex 2.6563 0.711752 9.8
      vertex 2.70822 0.477532 0
      vertex 2.70822 0.477532 9.8
    endloop
  endfacet
  facet normal -0.0436006 -0.999049 0
    outer loop
      vertex 0 2.75 14.2
      vertex 0.239677 2.73954 20
      vertex 0 2.75 20
    endloop
  endfacet
  facet normal -0.0436006 -0.999049 -0
    outer loop
      vertex 0.239677 2.73954 20
      vertex 0 2.75 14.2
      vertex 0.239677 2.73954 14.2
    endloop
  endfacet
  facet normal -0.0436006 -0.999049 0
    outer loop
      vertex 0 2.75 0
      vertex 0.239677 2.73954 9.8
      vertex 0 2.75 9.8
    endloop
  endfacet
  facet normal -0.0436006 -0.999049 -0
    outer loop
      vertex 0.239677 2.73954 9.8
      vertex 0 2.75 0
      vertex 0.239677 2.73954 0
    endloop
  endfacet
  facet normal -0.793359 -0.608754 0
    outer loop
      vertex 2.25267 1.57733 14.2
      vertex 2.10662 1.76767 20
      vertex 2.10662 1.76767 14.2
    endloop
  endfacet
  facet normal -0.793359 -0.608754 0
    outer loop
      vertex 2.10662 1.76767 20
      vertex 2.25267 1.57733 14.2
      vertex 2.25267 1.57733 20
    endloop
  endfacet
  facet normal -0.793359 -0.608754 0
    outer loop
      vertex 2.25267 1.57733 0
      vertex 2.10662 1.76767 9.8
      vertex 2.10662 1.76767 0
    endloop
  endfacet
  facet normal -0.793359 -0.608754 0
    outer loop
      vertex 2.10662 1.76767 9.8
      vertex 2.25267 1.57733 0
      vertex 2.25267 1.57733 9.8
    endloop
  endfacet
  facet normal -0.216418 -0.976301 0
    outer loop
      vertex 0.477532 2.70822 14.2
      vertex 0.711752 2.6563 20
      vertex 0.477532 2.70822 20
    endloop
  endfacet
  facet normal -0.216418 -0.976301 -0
    outer loop
      vertex 0.711752 2.6563 20
      vertex 0.477532 2.70822 14.2
      vertex 0.711752 2.6563 14.2
    endloop
  endfacet
  facet normal -0.216418 -0.976301 0
    outer loop
      vertex 0.477532 2.70822 0
      vertex 0.711752 2.6563 9.8
      vertex 0.477532 2.70822 9.8
    endloop
  endfacet
  facet normal -0.216418 -0.976301 -0
    outer loop
      vertex 0.711752 2.6563 9.8
      vertex 0.477532 2.70822 0
      vertex 0.711752 2.6563 0
    endloop
  endfacet
  facet normal -0.300739 -0.953707 0
    outer loop
      vertex 0.711752 2.6563 14.2
      vertex 0.940555 2.58415 20
      vertex 0.711752 2.6563 20
    endloop
  endfacet
  facet normal -0.300739 -0.953707 -0
    outer loop
      vertex 0.940555 2.58415 20
      vertex 0.711752 2.6563 14.2
      vertex 0.940555 2.58415 14.2
    endloop
  endfacet
  facet normal -0.300739 -0.953707 0
    outer loop
      vertex 0.711752 2.6563 0
      vertex 0.940555 2.58415 9.8
      vertex 0.711752 2.6563 9.8
    endloop
  endfacet
  facet normal -0.300739 -0.953707 -0
    outer loop
      vertex 0.940555 2.58415 9.8
      vertex 0.711752 2.6563 0
      vertex 0.940555 2.58415 0
    endloop
  endfacet
  facet normal -0.73726 -0.675609 0
    outer loop
      vertex 2.10662 1.76767 14.2
      vertex 1.94454 1.94454 20
      vertex 1.94454 1.94454 14.2
    endloop
  endfacet
  facet normal -0.73726 -0.675609 0
    outer loop
      vertex 1.94454 1.94454 20
      vertex 2.10662 1.76767 14.2
      vertex 2.10662 1.76767 20
    endloop
  endfacet
  facet normal -0.73726 -0.675609 0
    outer loop
      vertex 2.10662 1.76767 0
      vertex 1.94454 1.94454 9.8
      vertex 1.94454 1.94454 0
    endloop
  endfacet
  facet normal -0.73726 -0.675609 0
    outer loop
      vertex 1.94454 1.94454 9.8
      vertex 2.10662 1.76767 0
      vertex 2.10662 1.76767 9.8
    endloop
  endfacet
  facet normal -0.675609 -0.73726 0
    outer loop
      vertex 1.76767 2.10662 14.2
      vertex 1.94454 1.94454 20
      vertex 1.76767 2.10662 20
    endloop
  endfacet
  facet normal -0.675609 -0.73726 -0
    outer loop
      vertex 1.94454 1.94454 20
      vertex 1.76767 2.10662 14.2
      vertex 1.94454 1.94454 14.2
    endloop
  endfacet
  facet normal -0.675609 -0.73726 0
    outer loop
      vertex 1.76767 2.10662 0
      vertex 1.94454 1.94454 9.8
      vertex 1.76767 2.10662 9.8
    endloop
  endfacet
  facet normal -0.675609 -0.73726 -0
    outer loop
      vertex 1.94454 1.94454 9.8
      vertex 1.76767 2.10662 0
      vertex 1.94454 1.94454 0
    endloop
  endfacet
  facet normal -0.46176 -0.887005 0
    outer loop
      vertex 1.1622 2.49235 14.2
      vertex 1.375 2.38157 20
      vertex 1.1622 2.49235 20
    endloop
  endfacet
  facet normal -0.46176 -0.887005 -0
    outer loop
      vertex 1.375 2.38157 20
      vertex 1.1622 2.49235 14.2
      vertex 1.375 2.38157 14.2
    endloop
  endfacet
  facet normal -0.46176 -0.887005 0
    outer loop
      vertex 1.1622 2.49235 0
      vertex 1.375 2.38157 9.8
      vertex 1.1622 2.49235 9.8
    endloop
  endfacet
  facet normal -0.46176 -0.887005 -0
    outer loop
      vertex 1.375 2.38157 9.8
      vertex 1.1622 2.49235 0
      vertex 1.375 2.38157 0
    endloop
  endfacet
  facet normal 0.0436006 -0.999049 0
    outer loop
      vertex -0.239677 2.73954 14.2
      vertex 0 2.75 20
      vertex -0.239677 2.73954 20
    endloop
  endfacet
  facet normal 0.0436006 -0.999049 0
    outer loop
      vertex 0 2.75 20
      vertex -0.239677 2.73954 14.2
      vertex 0 2.75 14.2
    endloop
  endfacet
  facet normal 0.0436006 -0.999049 0
    outer loop
      vertex -0.239677 2.73954 0
      vertex 0 2.75 9.8
      vertex -0.239677 2.73954 9.8
    endloop
  endfacet
  facet normal 0.0436006 -0.999049 0
    outer loop
      vertex 0 2.75 9.8
      vertex -0.239677 2.73954 0
      vertex 0 2.75 0
    endloop
  endfacet
  facet normal 0.382654 -0.923892 0
    outer loop
      vertex -1.1622 2.49235 14.2
      vertex -0.940555 2.58415 20
      vertex -1.1622 2.49235 20
    endloop
  endfacet
  facet normal 0.382654 -0.923892 0
    outer loop
      vertex -0.940555 2.58415 20
      vertex -1.1622 2.49235 14.2
      vertex -0.940555 2.58415 14.2
    endloop
  endfacet
  facet normal 0.382654 -0.923892 0
    outer loop
      vertex -1.1622 2.49235 0
      vertex -0.940555 2.58415 9.8
      vertex -1.1622 2.49235 9.8
    endloop
  endfacet
  facet normal 0.382654 -0.923892 0
    outer loop
      vertex -0.940555 2.58415 9.8
      vertex -1.1622 2.49235 0
      vertex -0.940555 2.58415 0
    endloop
  endfacet
  facet normal 0.537304 -0.843388 0
    outer loop
      vertex -1.57733 2.25267 14.2
      vertex -1.375 2.38157 20
      vertex -1.57733 2.25267 20
    endloop
  endfacet
  facet normal 0.537304 -0.843388 0
    outer loop
      vertex -1.375 2.38157 20
      vertex -1.57733 2.25267 14.2
      vertex -1.375 2.38157 14.2
    endloop
  endfacet
  facet normal 0.537304 -0.843388 0
    outer loop
      vertex -1.57733 2.25267 0
      vertex -1.375 2.38157 9.8
      vertex -1.57733 2.25267 9.8
    endloop
  endfacet
  facet normal 0.537304 -0.843388 0
    outer loop
      vertex -1.375 2.38157 9.8
      vertex -1.57733 2.25267 0
      vertex -1.375 2.38157 0
    endloop
  endfacet
  facet normal 0.953707 -0.300739 0
    outer loop
      vertex -2.6563 0.711752 20
      vertex -2.58415 0.940555 14.2
      vertex -2.58415 0.940555 20
    endloop
  endfacet
  facet normal 0.953707 -0.300739 0
    outer loop
      vertex -2.58415 0.940555 14.2
      vertex -2.6563 0.711752 20
      vertex -2.6563 0.711752 14.2
    endloop
  endfacet
  facet normal 0.953707 -0.300739 0
    outer loop
      vertex -2.6563 0.711752 9.8
      vertex -2.58415 0.940555 0
      vertex -2.58415 0.940555 9.8
    endloop
  endfacet
  facet normal 0.953707 -0.300739 0
    outer loop
      vertex -2.58415 0.940555 0
      vertex -2.6563 0.711752 9.8
      vertex -2.6563 0.711752 0
    endloop
  endfacet
  facet normal 0.999049 -0.0436006 0
    outer loop
      vertex -2.75 0 20
      vertex -2.73954 0.239677 14.2
      vertex -2.73954 0.239677 20
    endloop
  endfacet
  facet normal 0.999049 -0.0436006 0
    outer loop
      vertex -2.73954 0.239677 14.2
      vertex -2.75 0 20
      vertex -2.75 0 14.2
    endloop
  endfacet
  facet normal 0.999049 -0.0436006 0
    outer loop
      vertex -2.75 0 9.8
      vertex -2.73954 0.239677 0
      vertex -2.73954 0.239677 9.8
    endloop
  endfacet
  facet normal 0.999049 -0.0436006 0
    outer loop
      vertex -2.73954 0.239677 0
      vertex -2.75 0 9.8
      vertex -2.75 0 0
    endloop
  endfacet
  facet normal 0 0 -1
    outer loop
      vertex 2.73954 -0.239677 20
      vertex 2.73954 0.239677 20
      vertex 2.75 0 20
    endloop
  endfacet
  facet normal 0 0 -1
    outer loop
      vertex 2.70822 -0.477532 20
      vertex 2.73954 0.239677 20
      vertex 2.73954 -0.239677 20
    endloop
  endfacet
  facet normal 0 0 -1
    outer loop
      vertex 2.70822 -0.477532 20
      vertex 2.70822 0.477532 20
      vertex 2.73954 0.239677 20
    endloop
  endfacet
  facet normal 0 0 -1
    outer loop
      vertex 2.6563 -0.711752 20
      vertex 2.70822 0.477532 20
      vertex 2.70822 -0.477532 20
    endloop
  endfacet
  facet normal 0 0 -1
    outer loop
      vertex 2.6563 -0.711752 20
      vertex 2.6563 0.711752 20
      vertex 2.70822 0.477532 20
    endloop
  endfacet
  facet normal 0 0 -1
    outer loop
      vertex 2.58415 -0.940555 20
      vertex 2.6563 0.711752 20
      vertex 2.6563 -0.711752 20
    endloop
  endfacet
  facet normal 0 0 -1
    outer loop
      vertex 2.58415 -0.940555 20
      vertex 2.58415 0.940555 20
      vertex 2.6563 0.711752 20
    endloop
  endfacet
  facet normal 0 0 -1
    outer loop
      vertex 2.49235 -1.1622 20
      vertex 2.58415 0.940555 20
      vertex 2.58415 -0.940555 20
    endloop
  endfacet
  facet normal 0 0 -1
    outer loop
      vertex 2.49235 -1.1622 20
      vertex 2.49235 1.1622 20
      vertex 2.58415 0.940555 20
    endloop
  endfacet
  facet normal 0 0 -1
    outer loop
      vertex 2.38157 -1.375 20
      vertex 2.49235 1.1622 20
      vertex 2.49235 -1.1622 20
    endloop
  endfacet
  facet normal 0 0 -1
    outer loop
      vertex 2.38157 -1.375 20
      vertex 2.38157 1.375 20
      vertex 2.49235 1.1622 20
    endloop
  endfacet
  facet normal 0 0 -1
    outer loop
      vertex 2.25267 -1.57733 20
      vertex 2.38157 1.375 20
      vertex 2.38157 -1.375 20
    endloop
  endfacet
  facet normal 0 0 -1
    outer loop
      vertex 2.25267 -1.57733 20
      vertex 2.25267 1.57733 20
      vertex 2.38157 1.375 20
    endloop
  endfacet
  facet normal 0 0 -1
    outer loop
      vertex 2.10662 -1.76767 20
      vertex 2.25267 1.57733 20
      vertex 2.25267 -1.57733 20
    endloop
  endfacet
  facet normal 0 0 -1
    outer loop
      vertex 2.10662 -1.76767 20
      vertex 2.10662 1.76767 20
      vertex 2.25267 1.57733 20
    endloop
  endfacet
  facet normal 0 0 -1
    outer loop
      vertex 1.94454 -1.94454 20
      vertex 2.10662 1.76767 20
      vertex 2.10662 -1.76767 20
    endloop
  endfacet
  facet normal 0 0 -1
    outer loop
      vertex 1.94454 -1.94454 20
      vertex 1.94454 1.94454 20
      vertex 2.10662 1.76767 20
    endloop
  endfacet
  facet normal 0 0 -1
    outer loop
      vertex 1.76767 -2.10662 20
      vertex 1.94454 1.94454 20
      vertex 1.94454 -1.94454 20
    endloop
  endfacet
  facet normal 0 0 -1
    outer loop
      vertex 1.76767 -2.10662 20
      vertex 1.76767 2.10662 20
      vertex 1.94454 1.94454 20
    endloop
  endfacet
  facet normal 0 0 -1
    outer loop
      vertex 1.57733 -2.25267 20
      vertex 1.76767 2.10662 20
      vertex 1.76767 -2.10662 20
    endloop
  endfacet
  facet normal 0 0 -1
    outer loop
      vertex 1.57733 -2.25267 20
      vertex 1.57733 2.25267 20
      vertex 1.76767 2.10662 20
    endloop
  endfacet
  facet normal 0 0 -1
    outer loop
      vertex 1.375 -2.38157 20
      vertex 1.57733 2.25267 20
      vertex 1.57733 -2.25267 20
    endloop
  endfacet
  facet normal 0 0 -1
    outer loop
      vertex 1.375 -2.38157 20
      vertex 1.375 2.38157 20
      vertex 1.57733 2.25267 20
    endloop
  endfacet
  facet normal 0 0 -1
    outer loop
      vertex 1.1622 -2.49235 20
      vertex 1.375 2.38157 20
      vertex 1.375 -2.38157 20
    endloop
  endfacet
  facet normal 0 0 -1
    outer loop
      vertex 1.1622 -2.49235 20
      vertex 1.1622 2.49235 20
      vertex 1.375 2.38157 20
    endloop
  endfacet
  facet normal 0 0 -1
    outer loop
      vertex 0.940555 -2.58415 20
      vertex 1.1622 2.49235 20
      vertex 1.1622 -2.49235 20
    endloop
  endfacet
  facet normal 0 0 -1
    outer loop
      vertex 0.940555 -2.58415 20
      vertex 0.940555 2.58415 20
      vertex 1.1622 2.49235 20
    endloop
  endfacet
  facet normal 0 0 -1
    outer loop
      vertex 0.711752 -2.6563 20
      vertex 0.940555 2.58415 20
      vertex 0.940555 -2.58415 20
    endloop
  endfacet
  facet normal 0 0 -1
    outer loop
      vertex 0.711752 -2.6563 20
      vertex 0.711752 2.6563 20
      vertex 0.940555 2.58415 20
    endloop
  endfacet
  facet normal 0 0 -1
    outer loop
      vertex 0.477532 -2.70822 20
      vertex 0.711752 2.6563 20
      vertex 0.711752 -2.6563 20
    endloop
  endfacet
  facet normal 0 0 -1
    outer loop
      vertex 0.477532 -2.70822 20
      vertex 0.477532 2.70822 20
      vertex 0.711752 2.6563 20
    endloop
  endfacet
  facet normal 0 0 -1
    outer loop
      vertex 0.239677 -2.73954 20
      vertex 0.477532 2.70822 20
      vertex 0.477532 -2.70822 20
    endloop
  endfacet
  facet normal 0 0 -1
    outer loop
      vertex 0.239677 -2.73954 20
      vertex 0.239677 2.73954 20
      vertex 0.477532 2.70822 20
    endloop
  endfacet
  facet normal 0 0 -1
    outer loop
      vertex 0 -2.75 20
      vertex 0.239677 2.73954 20
      vertex 0.239677 -2.73954 20
    endloop
  endfacet
  facet normal 0 0 -1
    outer loop
      vertex 0 -2.75 20
      vertex 0 2.75 20
      vertex 0.239677 2.73954 20
    endloop
  endfacet
  facet normal 0 0 -1
    outer loop
      vertex -0.239677 -2.73954 20
      vertex 0 2.75 20
      vertex 0 -2.75 20
    endloop
  endfacet
  facet normal 0 0 -1
    outer loop
      vertex -0.239677 -2.73954 20
      vertex -0.239677 2.73954 20
      vertex 0 2.75 20
    endloop
  endfacet
  facet normal 0 0 -1
    outer loop
      vertex -0.477532 -2.70822 20
      vertex -0.239677 2.73954 20
      vertex -0.239677 -2.73954 20
    endloop
  endfacet
  facet normal 0 0 -1
    outer loop
      vertex -0.477532 -2.70822 20
      vertex -0.477532 2.70822 20
      vertex -0.239677 2.73954 20
    endloop
  endfacet
  facet normal 0 0 -1
    outer loop
      vertex -0.711752 -2.6563 20
      vertex -0.477532 2.70822 20
      vertex -0.477532 -2.70822 20
    endloop
  endfacet
  facet normal 0 0 -1
    outer loop
      vertex -0.711752 -2.6563 20
      vertex -0.711752 2.6563 20
      vertex -0.477532 2.70822 20
    endloop
  endfacet
  facet normal 0 0 -1
    outer loop
      vertex -0.940555 -2.58415 20
      vertex -0.711752 2.6563 20
      vertex -0.711752 -2.6563 20
    endloop
  endfacet
  facet normal 0 0 -1
    outer loop
      vertex -0.940555 -2.58415 20
      vertex -0.940555 2.58415 20
      vertex -0.711752 2.6563 20
    endloop
  endfacet
  facet normal 0 0 -1
    outer loop
      vertex -1.1622 -2.49235 20
      vertex -0.940555 2.58415 20
      vertex -0.940555 -2.58415 20
    endloop
  endfacet
  facet normal 0 0 -1
    outer loop
      vertex -1.1622 -2.49235 20
      vertex -1.1622 2.49235 20
      vertex -0.940555 2.58415 20
    endloop
  endfacet
  facet normal 0 0 -1
    outer loop
      vertex -1.375 -2.38157 20
      vertex -1.1622 2.49235 20
      vertex -1.1622 -2.49235 20
    endloop
  endfacet
  facet normal 0 0 -1
    outer loop
      vertex -1.375 -2.38157 20
      vertex -1.375 2.38157 20
      vertex -1.1622 2.49235 20
    endloop
  endfacet
  facet normal 0 0 -1
    outer loop
      vertex -1.57733 -2.25267 20
      vertex -1.375 2.38157 20
      vertex -1.375 -2.38157 20
    endloop
  endfacet
  facet normal 0 0 -1
    outer loop
      vertex -1.57733 -2.25267 20
      vertex -1.57733 2.25267 20
      vertex -1.375 2.38157 20
    endloop
  endfacet
  facet normal 0 0 -1
    outer loop
      vertex -1.76767 -2.10662 20
      vertex -1.57733 2.25267 20
      vertex -1.57733 -2.25267 20
    endloop
  endfacet
  facet normal 0 0 -1
    outer loop
      vertex -1.76767 -2.10662 20
      vertex -1.76767 2.10662 20
      vertex -1.57733 2.25267 20
    endloop
  endfacet
  facet normal 0 0 -1
    outer loop
      vertex -1.94454 -1.94454 20
      vertex -1.76767 2.10662 20
      vertex -1.76767 -2.10662 20
    endloop
  endfacet
  facet normal 0 0 -1
    outer loop
      vertex -1.94454 -1.94454 20
      vertex -1.94454 1.94454 20
      vertex -1.76767 2.10662 20
    endloop
  endfacet
  facet normal 0 0 -1
    outer loop
      vertex -2.10662 -1.76767 20
      vertex -1.94454 1.94454 20
      vertex -1.94454 -1.94454 20
    endloop
  endfacet
  facet normal 0 0 -1
    outer loop
      vertex -2.10662 -1.76767 20
      vertex -2.10662 1.76767 20
      vertex -1.94454 1.94454 20
    endloop
  endfacet
  facet normal 0 0 -1
    outer loop
      vertex -2.25267 -1.57733 20
      vertex -2.10662 1.76767 20
      vertex -2.10662 -1.76767 20
    endloop
  endfacet
  facet normal 0 0 -1
    outer loop
      vertex -2.25267 -1.57733 20
      vertex -2.25267 1.57733 20
      vertex -2.10662 1.76767 20
    endloop
  endfacet
  facet normal 0 0 -1
    outer loop
      vertex -2.38157 -1.375 20
      vertex -2.25267 1.57733 20
      vertex -2.25267 -1.57733 20
    endloop
  endfacet
  facet normal 0 0 -1
    outer loop
      vertex -2.38157 -1.375 20
      vertex -2.38157 1.375 20
      vertex -2.25267 1.57733 20
    endloop
  endfacet
  facet normal 0 0 -1
    outer loop
      vertex -2.49235 -1.1622 20
      vertex -2.38157 1.375 20
      vertex -2.38157 -1.375 20
    endloop
  endfacet
  facet normal 0 0 -1
    outer loop
      vertex -2.49235 -1.1622 20
      vertex -2.49235 1.1622 20
      vertex -2.38157 1.375 20
    endloop
  endfacet
  facet normal 0 0 -1
    outer loop
      vertex -2.58415 -0.940555 20
      vertex -2.49235 1.1622 20
      vertex -2.49235 -1.1622 20
    endloop
  endfacet
  facet normal 0 0 -1
    outer loop
      vertex -2.58415 -0.940555 20
      vertex -2.58415 0.940555 20
      vertex -2.49235 1.1622 20
    endloop
  endfacet
  facet normal 0 0 -1
    outer loop
      vertex -2.6563 -0.711752 20
      vertex -2.58415 0.940555 20
      vertex -2.58415 -0.940555 20
    endloop
  endfacet
  facet normal 0 0 -1
    outer loop
      vertex -2.6563 -0.711752 20
      vertex -2.6563 0.711752 20
      vertex -2.58415 0.940555 20
    endloop
  endfacet
  facet normal 0 0 -1
    outer loop
      vertex -2.70822 -0.477532 20
      vertex -2.6563 0.711752 20
      vertex -2.6563 -0.711752 20
    endloop
  endfacet
  facet normal 0 0 -1
    outer loop
      vertex -2.70822 -0.477532 20
      vertex -2.70822 0.477532 20
      vertex -2.6563 0.711752 20
    endloop
  endfacet
  facet normal 0 0 -1
    outer loop
      vertex -2.73954 -0.239677 20
      vertex -2.70822 0.477532 20
      vertex -2.70822 -0.477532 20
    endloop
  endfacet
  facet normal 0 0 -1
    outer loop
      vertex -2.73954 -0.239677 20
      vertex -2.73954 0.239677 20
      vertex -2.70822 0.477532 20
    endloop
  endfacet
  facet normal 0 -0 -1
    outer loop
      vertex -2.73954 0.239677 20
      vertex -2.73954 -0.239677 20
      vertex -2.75 0 20
    endloop
  endfacet
  facet normal 0.793359 -0.608754 0
    outer loop
      vertex -2.25267 1.57733 20
      vertex -2.10662 1.76767 14.2
      vertex -2.10662 1.76767 20
    endloop
  endfacet
  facet normal 0.793359 -0.608754 0
    outer loop
      vertex -2.10662 1.76767 14.2
      vertex -2.25267 1.57733 20
      vertex -2.25267 1.57733 14.2
    endloop
  endfacet
  facet normal 0.793359 -0.608754 0
    outer loop
      vertex -2.25267 1.57733 9.8
      vertex -2.10662 1.76767 0
      vertex -2.10662 1.76767 9.8
    endloop
  endfacet
  facet normal 0.793359 -0.608754 0
    outer loop
      vertex -2.10662 1.76767 0
      vertex -2.25267 1.57733 9.8
      vertex -2.25267 1.57733 0
    endloop
  endfacet
  facet normal 0.887005 -0.46176 0
    outer loop
      vertex -2.49235 1.1622 20
      vertex -2.38157 1.375 14.2
      vertex -2.38157 1.375 20
    endloop
  endfacet
  facet normal 0.887005 -0.46176 0
    outer loop
      vertex -2.38157 1.375 14.2
      vertex -2.49235 1.1622 20
      vertex -2.49235 1.1622 14.2
    endloop
  endfacet
  facet normal 0.887005 -0.46176 0
    outer loop
      vertex -2.49235 1.1622 9.8
      vertex -2.38157 1.375 0
      vertex -2.38157 1.375 9.8
    endloop
  endfacet
  facet normal 0.887005 -0.46176 0
    outer loop
      vertex -2.38157 1.375 0
      vertex -2.49235 1.1622 9.8
      vertex -2.49235 1.1622 0
    endloop
  endfacet
  facet normal 0.73726 -0.675609 0
    outer loop
      vertex -2.10662 1.76767 20
      vertex -1.94454 1.94454 14.2
      vertex -1.94454 1.94454 20
    endloop
  endfacet
  facet normal 0.73726 -0.675609 0
    outer loop
      vertex -1.94454 1.94454 14.2
      vertex -2.10662 1.76767 20
      vertex -2.10662 1.76767 14.2
    endloop
  endfacet
  facet normal 0.73726 -0.675609 0
    outer loop
      vertex -2.10662 1.76767 9.8
      vertex -1.94454 1.94454 0
      vertex -1.94454 1.94454 9.8
    endloop
  endfacet
  facet normal 0.73726 -0.675609 0
    outer loop
      vertex -1.94454 1.94454 0
      vertex -2.10662 1.76767 9.8
      vertex -2.10662 1.76767 0
    endloop
  endfacet
  facet normal -0.991442 0.13055 0
    outer loop
      vertex 2.70822 -0.477532 14.2
      vertex 2.73954 -0.239677 20
      vertex 2.73954 -0.239677 14.2
    endloop
  endfacet
  facet normal -0.991442 0.13055 0
    outer loop
      vertex 2.73954 -0.239677 20
      vertex 2.70822 -0.477532 14.2
      vertex 2.70822 -0.477532 20
    endloop
  endfacet
  facet normal -0.991442 0.13055 0
    outer loop
      vertex 2.70822 -0.477532 0
      vertex 2.73954 -0.239677 9.8
      vertex 2.73954 -0.239677 0
    endloop
  endfacet
  facet normal -0.991442 0.13055 0
    outer loop
      vertex 2.73954 -0.239677 9.8
      vertex 2.70822 -0.477532 0
      vertex 2.70822 -0.477532 9.8
    endloop
  endfacet
  facet normal -0.843388 0.537304 0
    outer loop
      vertex 2.25267 -1.57733 14.2
      vertex 2.38157 -1.375 20
      vertex 2.38157 -1.375 14.2
    endloop
  endfacet
  facet normal -0.843388 0.537304 0
    outer loop
      vertex 2.38157 -1.375 20
      vertex 2.25267 -1.57733 14.2
      vertex 2.25267 -1.57733 20
    endloop
  endfacet
  facet normal -0.843388 0.537304 0
    outer loop
      vertex 2.25267 -1.57733 0
      vertex 2.38157 -1.375 9.8
      vertex 2.38157 -1.375 0
    endloop
  endfacet
  facet normal -0.843388 0.537304 0
    outer loop
      vertex 2.38157 -1.375 9.8
      vertex 2.25267 -1.57733 0
      vertex 2.25267 -1.57733 9.8
    endloop
  endfacet
  facet normal 0.976301 0.216418 0
    outer loop
      vertex -2.6563 -0.711752 20
      vertex -2.70822 -0.477532 14.2
      vertex -2.70822 -0.477532 20
    endloop
  endfacet
  facet normal 0.976301 0.216418 0
    outer loop
      vertex -2.70822 -0.477532 14.2
      vertex -2.6563 -0.711752 20
      vertex -2.6563 -0.711752 14.2
    endloop
  endfacet
  facet normal 0.976301 0.216418 0
    outer loop
      vertex -2.6563 -0.711752 9.8
      vertex -2.70822 -0.477532 0
      vertex -2.70822 -0.477532 9.8
    endloop
  endfacet
  facet normal 0.976301 0.216418 0
    outer loop
      vertex -2.70822 -0.477532 0
      vertex -2.6563 -0.711752 9.8
      vertex -2.6563 -0.711752 0
    endloop
  endfacet
  facet normal 0.991442 0.13055 0
    outer loop
      vertex -2.70822 -0.477532 20
      vertex -2.73954 -0.239677 14.2
      vertex -2.73954 -0.239677 20
    endloop
  endfacet
  facet normal 0.991442 0.13055 0
    outer loop
      vertex -2.73954 -0.239677 14.2
      vertex -2.70822 -0.477532 20
      vertex -2.70822 -0.477532 14.2
    endloop
  endfacet
  facet normal 0.991442 0.13055 0
    outer loop
      vertex -2.70822 -0.477532 9.8
      vertex -2.73954 -0.239677 0
      vertex -2.73954 -0.239677 9.8
    endloop
  endfacet
  facet normal 0.991442 0.13055 0
    outer loop
      vertex -2.73954 -0.239677 0
      vertex -2.70822 -0.477532 9.8
      vertex -2.70822 -0.477532 0
    endloop
  endfacet
  facet normal 0.13055 0.991442 -0
    outer loop
      vertex -0.239677 -2.73954 14.2
      vertex -0.477532 -2.70822 20
      vertex -0.239677 -2.73954 20
    endloop
  endfacet
  facet normal 0.13055 0.991442 0
    outer loop
      vertex -0.477532 -2.70822 20
      vertex -0.239677 -2.73954 14.2
      vertex -0.477532 -2.70822 14.2
    endloop
  endfacet
  facet normal 0.13055 0.991442 -0
    outer loop
      vertex -0.239677 -2.73954 0
      vertex -0.477532 -2.70822 9.8
      vertex -0.239677 -2.73954 9.8
    endloop
  endfacet
  facet normal 0.13055 0.991442 0
    outer loop
      vertex -0.477532 -2.70822 9.8
      vertex -0.239677 -2.73954 0
      vertex -0.477532 -2.70822 0
    endloop
  endfacet
  facet normal -0.991442 -0.13055 0
    outer loop
      vertex 2.73954 0.239677 14.2
      vertex 2.70822 0.477532 20
      vertex 2.70822 0.477532 14.2
    endloop
  endfacet
  facet normal -0.991442 -0.13055 0
    outer loop
      vertex 2.70822 0.477532 20
      vertex 2.73954 0.239677 14.2
      vertex 2.73954 0.239677 20
    endloop
  endfacet
  facet normal -0.991442 -0.13055 0
    outer loop
      vertex 2.73954 0.239677 0
      vertex 2.70822 0.477532 9.8
      vertex 2.70822 0.477532 0
    endloop
  endfacet
  facet normal -0.991442 -0.13055 0
    outer loop
      vertex 2.70822 0.477532 9.8
      vertex 2.73954 0.239677 0
      vertex 2.73954 0.239677 9.8
    endloop
  endfacet
  facet normal -0.13055 -0.991442 0
    outer loop
      vertex 0.239677 2.73954 14.2
      vertex 0.477532 2.70822 20
      vertex 0.239677 2.73954 20
    endloop
  endfacet
  facet normal -0.13055 -0.991442 -0
    outer loop
      vertex 0.477532 2.70822 20
      vertex 0.239677 2.73954 14.2
      vertex 0.477532 2.70822 14.2
    endloop
  endfacet
  facet normal -0.13055 -0.991442 0
    outer loop
      vertex 0.239677 2.73954 0
      vertex 0.477532 2.70822 9.8
      vertex 0.239677 2.73954 9.8
    endloop
  endfacet
  facet normal -0.13055 -0.991442 -0
    outer loop
      vertex 0.477532 2.70822 9.8
      vertex 0.239677 2.73954 0
      vertex 0.477532 2.70822 0
    endloop
  endfacet
  facet normal -0.382654 -0.923892 0
    outer loop
      vertex 0.940555 2.58415 14.2
      vertex 1.1622 2.49235 20
      vertex 0.940555 2.58415 20
    endloop
  endfacet
  facet normal -0.382654 -0.923892 -0
    outer loop
      vertex 1.1622 2.49235 20
      vertex 0.940555 2.58415 14.2
      vertex 1.1622 2.49235 14.2
    endloop
  endfacet
  facet normal -0.382654 -0.923892 0
    outer loop
      vertex 0.940555 2.58415 0
      vertex 1.1622 2.49235 9.8
      vertex 0.940555 2.58415 9.8
    endloop
  endfacet
  facet normal -0.382654 -0.923892 -0
    outer loop
      vertex 1.1622 2.49235 9.8
      vertex 0.940555 2.58415 0
      vertex 1.1622 2.49235 0
    endloop
  endfacet
  facet normal -0.537304 -0.843388 0
    outer loop
      vertex 1.375 2.38157 14.2
      vertex 1.57733 2.25267 20
      vertex 1.375 2.38157 20
    endloop
  endfacet
  facet normal -0.537304 -0.843388 -0
    outer loop
      vertex 1.57733 2.25267 20
      vertex 1.375 2.38157 14.2
      vertex 1.57733 2.25267 14.2
    endloop
  endfacet
  facet normal -0.537304 -0.843388 0
    outer loop
      vertex 1.375 2.38157 0
      vertex 1.57733 2.25267 9.8
      vertex 1.375 2.38157 9.8
    endloop
  endfacet
  facet normal -0.537304 -0.843388 -0
    outer loop
      vertex 1.57733 2.25267 9.8
      vertex 1.375 2.38157 0
      vertex 1.57733 2.25267 0
    endloop
  endfacet
  facet normal 0.216418 -0.976301 0
    outer loop
      vertex -0.711752 2.6563 14.2
      vertex -0.477532 2.70822 20
      vertex -0.711752 2.6563 20
    endloop
  endfacet
  facet normal 0.216418 -0.976301 0
    outer loop
      vertex -0.477532 2.70822 20
      vertex -0.711752 2.6563 14.2
      vertex -0.477532 2.70822 14.2
    endloop
  endfacet
  facet normal 0.216418 -0.976301 0
    outer loop
      vertex -0.711752 2.6563 0
      vertex -0.477532 2.70822 9.8
      vertex -0.711752 2.6563 9.8
    endloop
  endfacet
  facet normal 0.216418 -0.976301 0
    outer loop
      vertex -0.477532 2.70822 9.8
      vertex -0.711752 2.6563 0
      vertex -0.477532 2.70822 0
    endloop
  endfacet
  facet normal 0.300739 -0.953707 0
    outer loop
      vertex -0.940555 2.58415 14.2
      vertex -0.711752 2.6563 20
      vertex -0.940555 2.58415 20
    endloop
  endfacet
  facet normal 0.300739 -0.953707 0
    outer loop
      vertex -0.711752 2.6563 20
      vertex -0.940555 2.58415 14.2
      vertex -0.711752 2.6563 14.2
    endloop
  endfacet
  facet normal 0.300739 -0.953707 0
    outer loop
      vertex -0.940555 2.58415 0
      vertex -0.711752 2.6563 9.8
      vertex -0.940555 2.58415 9.8
    endloop
  endfacet
  facet normal 0.300739 -0.953707 0
    outer loop
      vertex -0.711752 2.6563 9.8
      vertex -0.940555 2.58415 0
      vertex -0.711752 2.6563 0
    endloop
  endfacet
  facet normal 0.608754 -0.793359 0
    outer loop
      vertex -1.76767 2.10662 14.2
      vertex -1.57733 2.25267 20
      vertex -1.76767 2.10662 20
    endloop
  endfacet
  facet normal 0.608754 -0.793359 0
    outer loop
      vertex -1.57733 2.25267 20
      vertex -1.76767 2.10662 14.2
      vertex -1.57733 2.25267 14.2
    endloop
  endfacet
  facet normal 0.608754 -0.793359 0
    outer loop
      vertex -1.76767 2.10662 0
      vertex -1.57733 2.25267 9.8
      vertex -1.76767 2.10662 9.8
    endloop
  endfacet
  facet normal 0.608754 -0.793359 0
    outer loop
      vertex -1.57733 2.25267 9.8
      vertex -1.76767 2.10662 0
      vertex -1.57733 2.25267 0
    endloop
  endfacet
  facet normal 0.923892 -0.382654 0
    outer loop
      vertex -2.58415 0.940555 20
      vertex -2.49235 1.1622 14.2
      vertex -2.49235 1.1622 20
    endloop
  endfacet
  facet normal 0.923892 -0.382654 0
    outer loop
      vertex -2.49235 1.1622 14.2
      vertex -2.58415 0.940555 20
      vertex -2.58415 0.940555 14.2
    endloop
  endfacet
  facet normal 0.923892 -0.382654 0
    outer loop
      vertex -2.58415 0.940555 9.8
      vertex -2.49235 1.1622 0
      vertex -2.49235 1.1622 9.8
    endloop
  endfacet
  facet normal 0.923892 -0.382654 0
    outer loop
      vertex -2.49235 1.1622 0
      vertex -2.58415 0.940555 9.8
      vertex -2.58415 0.940555 0
    endloop
  endfacet
  facet normal 0.991442 -0.13055 0
    outer loop
      vertex -2.73954 0.239677 20
      vertex -2.70822 0.477532 14.2
      vertex -2.70822 0.477532 20
    endloop
  endfacet
  facet normal 0.991442 -0.13055 0
    outer loop
      vertex -2.70822 0.477532 14.2
      vertex -2.73954 0.239677 20
      vertex -2.73954 0.239677 14.2
    endloop
  endfacet
  facet normal 0.991442 -0.13055 0
    outer loop
      vertex -2.73954 0.239677 9.8
      vertex -2.70822 0.477532 0
      vertex -2.70822 0.477532 9.8
    endloop
  endfacet
  facet normal 0.991442 -0.13055 0
    outer loop
      vertex -2.70822 0.477532 0
      vertex -2.73954 0.239677 9.8
      vertex -2.73954 0.239677 0
    endloop
  endfacet
  facet normal 0.843388 -0.537304 0
    outer loop
      vertex -2.38157 1.375 20
      vertex -2.25267 1.57733 14.2
      vertex -2.25267 1.57733 20
    endloop
  endfacet
  facet normal 0.843388 -0.537304 0
    outer loop
      vertex -2.25267 1.57733 14.2
      vertex -2.38157 1.375 20
      vertex -2.38157 1.375 14.2
    endloop
  endfacet
  facet normal 0.843388 -0.537304 0
    outer loop
      vertex -2.38157 1.375 9.8
      vertex -2.25267 1.57733 0
      vertex -2.25267 1.57733 9.8
    endloop
  endfacet
  facet normal 0.843388 -0.537304 0
    outer loop
      vertex -2.25267 1.57733 0
      vertex -2.38157 1.375 9.8
      vertex -2.38157 1.375 0
    endloop
  endfacet
  facet normal -0.923892 -0.382654 0
    outer loop
      vertex 2.58415 0.940555 14.2
      vertex 2.49235 1.1622 20
      vertex 2.49235 1.1622 14.2
    endloop
  endfacet
  facet normal -0.923892 -0.382654 0
    outer loop
      vertex 2.49235 1.1622 20
      vertex 2.58415 0.940555 14.2
      vertex 2.58415 0.940555 20
    endloop
  endfacet
  facet normal -0.923892 -0.382654 0
    outer loop
      vertex 2.58415 0.940555 0
      vertex 2.49235 1.1622 9.8
      vertex 2.49235 1.1622 0
    endloop
  endfacet
  facet normal -0.923892 -0.382654 0
    outer loop
      vertex 2.49235 1.1622 9.8
      vertex 2.58415 0.940555 0
      vertex 2.58415 0.940555 9.8
    endloop
  endfacet
  facet normal -0.887005 -0.46176 0
    outer loop
      vertex 2.49235 1.1622 14.2
      vertex 2.38157 1.375 20
      vertex 2.38157 1.375 14.2
    endloop
  endfacet
  facet normal -0.887005 -0.46176 0
    outer loop
      vertex 2.38157 1.375 20
      vertex 2.49235 1.1622 14.2
      vertex 2.49235 1.1622 20
    endloop
  endfacet
  facet normal -0.887005 -0.46176 0
    outer loop
      vertex 2.49235 1.1622 0
      vertex 2.38157 1.375 9.8
      vertex 2.38157 1.375 0
    endloop
  endfacet
  facet normal -0.887005 -0.46176 0
    outer loop
      vertex 2.38157 1.375 9.8
      vertex 2.49235 1.1622 0
      vertex 2.49235 1.1622 9.8
    endloop
  endfacet
  facet normal 0.13055 -0.991442 0
    outer loop
      vertex -0.477532 2.70822 14.2
      vertex -0.239677 2.73954 20
      vertex -0.477532 2.70822 20
    endloop
  endfacet
  facet normal 0.13055 -0.991442 0
    outer loop
      vertex -0.239677 2.73954 20
      vertex -0.477532 2.70822 14.2
      vertex -0.239677 2.73954 14.2
    endloop
  endfacet
  facet normal 0.13055 -0.991442 0
    outer loop
      vertex -0.477532 2.70822 0
      vertex -0.239677 2.73954 9.8
      vertex -0.477532 2.70822 9.8
    endloop
  endfacet
  facet normal 0.13055 -0.991442 0
    outer loop
      vertex -0.239677 2.73954 9.8
      vertex -0.477532 2.70822 0
      vertex -0.239677 2.73954 0
    endloop
  endfacet
  facet normal 0.976301 -0.216418 0
    outer loop
      vertex -2.70822 0.477532 20
      vertex -2.6563 0.711752 14.2
      vertex -2.6563 0.711752 20
    endloop
  endfacet
  facet normal 0.976301 -0.216418 0
    outer loop
      vertex -2.6563 0.711752 14.2
      vertex -2.70822 0.477532 20
      vertex -2.70822 0.477532 14.2
    endloop
  endfacet
  facet normal 0.976301 -0.216418 0
    outer loop
      vertex -2.70822 0.477532 9.8
      vertex -2.6563 0.711752 0
      vertex -2.6563 0.711752 9.8
    endloop
  endfacet
  facet normal 0.976301 -0.216418 0
    outer loop
      vertex -2.6563 0.711752 0
      vertex -2.70822 0.477532 9.8
      vertex -2.70822 0.477532 0
    endloop
  endfacet
  facet normal -0.843388 -0.537304 0
    outer loop
      vertex 2.38157 1.375 14.2
      vertex 2.25267 1.57733 20
      vertex 2.25267 1.57733 14.2
    endloop
  endfacet
  facet normal -0.843388 -0.537304 0
    outer loop
      vertex 2.25267 1.57733 20
      vertex 2.38157 1.375 14.2
      vertex 2.38157 1.375 20
    endloop
  endfacet
  facet normal -0.843388 -0.537304 0
    outer loop
      vertex 2.38157 1.375 0
      vertex 2.25267 1.57733 9.8
      vertex 2.25267 1.57733 0
    endloop
  endfacet
  facet normal -0.843388 -0.537304 0
    outer loop
      vertex 2.25267 1.57733 9.8
      vertex 2.38157 1.375 0
      vertex 2.38157 1.375 9.8
    endloop
  endfacet
  facet normal 0 1 -0
    outer loop
      vertex 10.1967 -4.1 9.8
      vertex -2.36714 -4.1 14.2
      vertex 10.1967 -4.1 14.2
    endloop
  endfacet
  facet normal 0 1 0
    outer loop
      vertex -2.36714 -4.1 14.2
      vertex 10.1967 -4.1 9.8
      vertex -2.36714 -4.1 9.8
    endloop
  endfacet
  facet normal 0 -1 0
    outer loop
      vertex -2.36714 4.1 9.8
      vertex 10.1967 4.1 14.2
      vertex -2.36714 4.1 14.2
    endloop
  endfacet
  facet normal 0 -1 -0
    outer loop
      vertex 10.1967 4.1 14.2
      vertex -2.36714 4.1 9.8
      vertex 10.1967 4.1 9.8
    endloop
  endfacet
  facet normal 0 0 1
    outer loop
      vertex 2.75 0 9.8
      vertex 11 0 9.8
      vertex 10.9581 0.958713 9.8
    endloop
  endfacet
  facet normal 0 0 1
    outer loop
      vertex 2.73954 0.239677 9.8
      vertex 10.9581 0.958713 9.8
      vertex 10.8329 1.91013 9.8
    endloop
  endfacet
  facet normal 0 0 1
    outer loop
      vertex 11 0 9.8
      vertex 2.75 0 9.8
      vertex 10.9581 -0.958713 9.8
    endloop
  endfacet
  facet normal 0 0 1
    outer loop
      vertex 2.70822 0.477532 9.8
      vertex 10.8329 1.91013 9.8
      vertex 10.6252 2.84701 9.8
    endloop
  endfacet
  facet normal -0 0 1
    outer loop
      vertex 2.73954 -0.239677 9.8
      vertex 10.9581 -0.958713 9.8
      vertex 2.75 0 9.8
    endloop
  endfacet
  facet normal 0 0 1
    outer loop
      vertex 2.6563 0.711752 9.8
      vertex 10.6252 2.84701 9.8
      vertex 10.3366 3.76222 9.8
    endloop
  endfacet
  facet normal 0 0 1
    outer loop
      vertex 10.9581 -0.958713 9.8
      vertex 2.73954 -0.239677 9.8
      vertex 10.8329 -1.91013 9.8
    endloop
  endfacet
  facet normal 0 0 1
    outer loop
      vertex 2.58415 0.940555 9.8
      vertex 10.3366 3.76222 9.8
      vertex 10.1967 4.1 9.8
    endloop
  endfacet
  facet normal -0 0 1
    outer loop
      vertex 2.70822 -0.477532 9.8
      vertex 10.8329 -1.91013 9.8
      vertex 2.73954 -0.239677 9.8
    endloop
  endfacet
  facet normal 0 0 1
    outer loop
      vertex 10.8329 -1.91013 9.8
      vertex 2.70822 -0.477532 9.8
      vertex 10.6252 -2.84701 9.8
    endloop
  endfacet
  facet normal 0 0 1
    outer loop
      vertex 10.9581 0.958713 9.8
      vertex 2.73954 0.239677 9.8
      vertex 2.75 0 9.8
    endloop
  endfacet
  facet normal 0 0 1
    outer loop
      vertex 10.8329 1.91013 9.8
      vertex 2.70822 0.477532 9.8
      vertex 2.73954 0.239677 9.8
    endloop
  endfacet
  facet normal 0 0 1
    outer loop
      vertex 10.6252 2.84701 9.8
      vertex 2.6563 0.711752 9.8
      vertex 2.70822 0.477532 9.8
    endloop
  endfacet
  facet normal 0 0 1
    outer loop
      vertex 10.3366 3.76222 9.8
      vertex 2.58415 0.940555 9.8
      vertex 2.6563 0.711752 9.8
    endloop
  endfacet
  facet normal 0 0 1
    outer loop
      vertex 10.1967 4.1 9.8
      vertex 2.49235 1.1622 9.8
      vertex 2.58415 0.940555 9.8
    endloop
  endfacet
  facet normal 0 0 1
    outer loop
      vertex 10.1967 4.1 9.8
      vertex 2.38157 1.375 9.8
      vertex 2.49235 1.1622 9.8
    endloop
  endfacet
  facet normal 0 0 1
    outer loop
      vertex 10.1967 4.1 9.8
      vertex 2.25267 1.57733 9.8
      vertex 2.38157 1.375 9.8
    endloop
  endfacet
  facet normal 0 0 1
    outer loop
      vertex 10.1967 4.1 9.8
      vertex 2.10662 1.76767 9.8
      vertex 2.25267 1.57733 9.8
    endloop
  endfacet
  facet normal 0 0 1
    outer loop
      vertex 10.1967 4.1 9.8
      vertex 1.94454 1.94454 9.8
      vertex 2.10662 1.76767 9.8
    endloop
  endfacet
  facet normal 0 0 1
    outer loop
      vertex 10.1967 4.1 9.8
      vertex 1.76767 2.10662 9.8
      vertex 1.94454 1.94454 9.8
    endloop
  endfacet
  facet normal 0 0 1
    outer loop
      vertex 10.1967 4.1 9.8
      vertex 1.57733 2.25267 9.8
      vertex 1.76767 2.10662 9.8
    endloop
  endfacet
  facet normal 0 0 1
    outer loop
      vertex 10.1967 4.1 9.8
      vertex 1.375 2.38157 9.8
      vertex 1.57733 2.25267 9.8
    endloop
  endfacet
  facet normal 0 0 1
    outer loop
      vertex 10.1967 4.1 9.8
      vertex 1.1622 2.49235 9.8
      vertex 1.375 2.38157 9.8
    endloop
  endfacet
  facet normal 0 0 1
    outer loop
      vertex 10.1967 4.1 9.8
      vertex 0.940555 2.58415 9.8
      vertex 1.1622 2.49235 9.8
    endloop
  endfacet
  facet normal 0 0 1
    outer loop
      vertex 10.1967 4.1 9.8
      vertex 0.711752 2.6563 9.8
      vertex 0.940555 2.58415 9.8
    endloop
  endfacet
  facet normal -0 0 1
    outer loop
      vertex -2.36714 4.1 9.8
      vertex 0.711752 2.6563 9.8
      vertex 10.1967 4.1 9.8
    endloop
  endfacet
  facet normal 0 0 1
    outer loop
      vertex 0.711752 2.6563 9.8
      vertex -2.36714 4.1 9.8
      vertex 0.477532 2.70822 9.8
    endloop
  endfacet
  facet normal 0 0 1
    outer loop
      vertex 0.477532 2.70822 9.8
      vertex -2.36714 4.1 9.8
      vertex 0.239677 2.73954 9.8
    endloop
  endfacet
  facet normal 0 0 1
    outer loop
      vertex 0.239677 2.73954 9.8
      vertex -2.36714 4.1 9.8
      vertex 0 2.75 9.8
    endloop
  endfacet
  facet normal 0 0 1
    outer loop
      vertex 0 2.75 9.8
      vertex -2.36714 4.1 9.8
      vertex -0.239677 2.73954 9.8
    endloop
  endfacet
  facet normal 0 0 1
    outer loop
      vertex -2.36714 4.1 9.8
      vertex -0.477532 2.70822 9.8
      vertex -0.239677 2.73954 9.8
    endloop
  endfacet
  facet normal 0 0 1
    outer loop
      vertex -2.36714 4.1 9.8
      vertex -0.711752 2.6563 9.8
      vertex -0.477532 2.70822 9.8
    endloop
  endfacet
  facet normal 0 0 1
    outer loop
      vertex -2.36714 4.1 9.8
      vertex -0.940555 2.58415 9.8
      vertex -0.711752 2.6563 9.8
    endloop
  endfacet
  facet normal 0 0 1
    outer loop
      vertex -2.36714 4.1 9.8
      vertex -1.1622 2.49235 9.8
      vertex -0.940555 2.58415 9.8
    endloop
  endfacet
  facet normal 0 0 1
    outer loop
      vertex -2.36714 4.1 9.8
      vertex -1.375 2.38157 9.8
      vertex -1.1622 2.49235 9.8
    endloop
  endfacet
  facet normal 0 0 1
    outer loop
      vertex -2.36714 4.1 9.8
      vertex -1.57733 2.25267 9.8
      vertex -1.375 2.38157 9.8
    endloop
  endfacet
  facet normal 0 0 1
    outer loop
      vertex -2.36714 4.1 9.8
      vertex -1.76767 2.10662 9.8
      vertex -1.57733 2.25267 9.8
    endloop
  endfacet
  facet normal 0 0 1
    outer loop
      vertex -2.36714 4.1 9.8
      vertex -1.94454 1.94454 9.8
      vertex -1.76767 2.10662 9.8
    endloop
  endfacet
  facet normal 0 0 1
    outer loop
      vertex -2.36714 4.1 9.8
      vertex -2.10662 1.76767 9.8
      vertex -1.94454 1.94454 9.8
    endloop
  endfacet
  facet normal 0 0 1
    outer loop
      vertex -2.36714 4.1 9.8
      vertex -2.25267 1.57733 9.8
      vertex -2.10662 1.76767 9.8
    endloop
  endfacet
  facet normal 0 0 1
    outer loop
      vertex -2.36714 4.1 9.8
      vertex -2.38157 1.375 9.8
      vertex -2.25267 1.57733 9.8
    endloop
  endfacet
  facet normal 0 0 1
    outer loop
      vertex -4.73427 0 9.8
      vertex -2.38157 1.375 9.8
      vertex -2.36714 4.1 9.8
    endloop
  endfacet
  facet normal 0 0 1
    outer loop
      vertex -2.38157 1.375 9.8
      vertex -4.73427 0 9.8
      vertex -2.49235 1.1622 9.8
    endloop
  endfacet
  facet normal 0 0 1
    outer loop
      vertex -2.49235 1.1622 9.8
      vertex -4.73427 0 9.8
      vertex -2.58415 0.940555 9.8
    endloop
  endfacet
  facet normal 0 0 1
    outer loop
      vertex -2.58415 0.940555 9.8
      vertex -4.73427 0 9.8
      vertex -2.6563 0.711752 9.8
    endloop
  endfacet
  facet normal 0 0 1
    outer loop
      vertex -2.6563 0.711752 9.8
      vertex -4.73427 0 9.8
      vertex -2.70822 0.477532 9.8
    endloop
  endfacet
  facet normal 0 0 1
    outer loop
      vertex -2.73954 0.239677 9.8
      vertex -4.73427 0 9.8
      vertex -2.75 0 9.8
    endloop
  endfacet
  facet normal 0 0 1
    outer loop
      vertex -2.70822 0.477532 9.8
      vertex -4.73427 0 9.8
      vertex -2.73954 0.239677 9.8
    endloop
  endfacet
  facet normal -0 0 1
    outer loop
      vertex 2.6563 -0.711752 9.8
      vertex 10.6252 -2.84701 9.8
      vertex 2.70822 -0.477532 9.8
    endloop
  endfacet
  facet normal 0 0 1
    outer loop
      vertex 10.6252 -2.84701 9.8
      vertex 2.6563 -0.711752 9.8
      vertex 10.3366 -3.76222 9.8
    endloop
  endfacet
  facet normal -0 0 1
    outer loop
      vertex 2.58415 -0.940555 9.8
      vertex 10.3366 -3.76222 9.8
      vertex 2.6563 -0.711752 9.8
    endloop
  endfacet
  facet normal 0 0 1
    outer loop
      vertex 10.3366 -3.76222 9.8
      vertex 2.58415 -0.940555 9.8
      vertex 10.1967 -4.1 9.8
    endloop
  endfacet
  facet normal -0 0 1
    outer loop
      vertex 2.49235 -1.1622 9.8
      vertex 10.1967 -4.1 9.8
      vertex 2.58415 -0.940555 9.8
    endloop
  endfacet
  facet normal -0 0 1
    outer loop
      vertex 2.38157 -1.375 9.8
      vertex 10.1967 -4.1 9.8
      vertex 2.49235 -1.1622 9.8
    endloop
  endfacet
  facet normal -0 0 1
    outer loop
      vertex 2.25267 -1.57733 9.8
      vertex 10.1967 -4.1 9.8
      vertex 2.38157 -1.375 9.8
    endloop
  endfacet
  facet normal -0 0 1
    outer loop
      vertex 2.10662 -1.76767 9.8
      vertex 10.1967 -4.1 9.8
      vertex 2.25267 -1.57733 9.8
    endloop
  endfacet
  facet normal -0 0 1
    outer loop
      vertex 1.94454 -1.94454 9.8
      vertex 10.1967 -4.1 9.8
      vertex 2.10662 -1.76767 9.8
    endloop
  endfacet
  facet normal -0 0 1
    outer loop
      vertex 1.76767 -2.10662 9.8
      vertex 10.1967 -4.1 9.8
      vertex 1.94454 -1.94454 9.8
    endloop
  endfacet
  facet normal -0 0 1
    outer loop
      vertex 1.57733 -2.25267 9.8
      vertex 10.1967 -4.1 9.8
      vertex 1.76767 -2.10662 9.8
    endloop
  endfacet
  facet normal -0 0 1
    outer loop
      vertex 1.375 -2.38157 9.8
      vertex 10.1967 -4.1 9.8
      vertex 1.57733 -2.25267 9.8
    endloop
  endfacet
  facet normal -0 0 1
    outer loop
      vertex 1.1622 -2.49235 9.8
      vertex 10.1967 -4.1 9.8
      vertex 1.375 -2.38157 9.8
    endloop
  endfacet
  facet normal -0 0 1
    outer loop
      vertex 0.940555 -2.58415 9.8
      vertex 10.1967 -4.1 9.8
      vertex 1.1622 -2.49235 9.8
    endloop
  endfacet
  facet normal -0 0 1
    outer loop
      vertex 0.711752 -2.6563 9.8
      vertex 10.1967 -4.1 9.8
      vertex 0.940555 -2.58415 9.8
    endloop
  endfacet
  facet normal 0 0 1
    outer loop
      vertex -2.36714 -4.1 9.8
      vertex 0.711752 -2.6563 9.8
      vertex 0.477532 -2.70822 9.8
    endloop
  endfacet
  facet normal 0 0 1
    outer loop
      vertex -2.36714 -4.1 9.8
      vertex 0.477532 -2.70822 9.8
      vertex 0.239677 -2.73954 9.8
    endloop
  endfacet
  facet normal 0 0 1
    outer loop
      vertex -2.36714 -4.1 9.8
      vertex 0.239677 -2.73954 9.8
      vertex 0 -2.75 9.8
    endloop
  endfacet
  facet normal 0 0 1
    outer loop
      vertex -2.36714 -4.1 9.8
      vertex 0 -2.75 9.8
      vertex -0.239677 -2.73954 9.8
    endloop
  endfacet
  facet normal 0 0 1
    outer loop
      vertex 0.711752 -2.6563 9.8
      vertex -2.36714 -4.1 9.8
      vertex 10.1967 -4.1 9.8
    endloop
  endfacet
  facet normal 0 0 1
    outer loop
      vertex -0.477532 -2.70822 9.8
      vertex -2.36714 -4.1 9.8
      vertex -0.239677 -2.73954 9.8
    endloop
  endfacet
  facet normal 0 0 1
    outer loop
      vertex -0.711752 -2.6563 9.8
      vertex -2.36714 -4.1 9.8
      vertex -0.477532 -2.70822 9.8
    endloop
  endfacet
  facet normal 0 0 1
    outer loop
      vertex -0.940555 -2.58415 9.8
      vertex -2.36714 -4.1 9.8
      vertex -0.711752 -2.6563 9.8
    endloop
  endfacet
  facet normal 0 0 1
    outer loop
      vertex -1.1622 -2.49235 9.8
      vertex -2.36714 -4.1 9.8
      vertex -0.940555 -2.58415 9.8
    endloop
  endfacet
  facet normal 0 0 1
    outer loop
      vertex -1.375 -2.38157 9.8
      vertex -2.36714 -4.1 9.8
      vertex -1.1622 -2.49235 9.8
    endloop
  endfacet
  facet normal 0 0 1
    outer loop
      vertex -1.57733 -2.25267 9.8
      vertex -2.36714 -4.1 9.8
      vertex -1.375 -2.38157 9.8
    endloop
  endfacet
  facet normal 0 0 1
    outer loop
      vertex -1.76767 -2.10662 9.8
      vertex -2.36714 -4.1 9.8
      vertex -1.57733 -2.25267 9.8
    endloop
  endfacet
  facet normal 0 0 1
    outer loop
      vertex -1.94454 -1.94454 9.8
      vertex -2.36714 -4.1 9.8
      vertex -1.76767 -2.10662 9.8
    endloop
  endfacet
  facet normal 0 0 1
    outer loop
      vertex -2.10662 -1.76767 9.8
      vertex -2.36714 -4.1 9.8
      vertex -1.94454 -1.94454 9.8
    endloop
  endfacet
  facet normal 0 0 1
    outer loop
      vertex -2.25267 -1.57733 9.8
      vertex -2.36714 -4.1 9.8
      vertex -2.10662 -1.76767 9.8
    endloop
  endfacet
  facet normal 0 0 1
    outer loop
      vertex -2.38157 -1.375 9.8
      vertex -2.36714 -4.1 9.8
      vertex -2.25267 -1.57733 9.8
    endloop
  endfacet
  facet normal 0 0 1
    outer loop
      vertex -4.73427 0 9.8
      vertex -2.38157 -1.375 9.8
      vertex -2.49235 -1.1622 9.8
    endloop
  endfacet
  facet normal 0 0 1
    outer loop
      vertex -4.73427 0 9.8
      vertex -2.49235 -1.1622 9.8
      vertex -2.58415 -0.940555 9.8
    endloop
  endfacet
  facet normal 0 0 1
    outer loop
      vertex -4.73427 0 9.8
      vertex -2.58415 -0.940555 9.8
      vertex -2.6563 -0.711752 9.8
    endloop
  endfacet
  facet normal 0 0 1
    outer loop
      vertex -4.73427 0 9.8
      vertex -2.6563 -0.711752 9.8
      vertex -2.70822 -0.477532 9.8
    endloop
  endfacet
  facet normal 0 0 1
    outer loop
      vertex -4.73427 0 9.8
      vertex -2.70822 -0.477532 9.8
      vertex -2.73954 -0.239677 9.8
    endloop
  endfacet
  facet normal 0 0 1
    outer loop
      vertex -2.38157 -1.375 9.8
      vertex -4.73427 0 9.8
      vertex -2.36714 -4.1 9.8
    endloop
  endfacet
  facet normal -0 0 1
    outer loop
      vertex -4.73427 0 9.8
      vertex -2.73954 -0.239677 9.8
      vertex -2.75 0 9.8
    endloop
  endfacet
  facet normal 0.866026 0.499999 0
    outer loop
      vertex -2.36714 -4.1 14.2
      vertex -4.73427 0 9.8
      vertex -4.73427 0 14.2
    endloop
  endfacet
  facet normal 0.866026 0.499999 0
    outer loop
      vertex -4.73427 0 9.8
      vertex -2.36714 -4.1 14.2
      vertex -2.36714 -4.1 9.8
    endloop
  endfacet
  facet normal 0 0 -1
    outer loop
      vertex 2.75 0 14.2
      vertex 11 0 14.2
      vertex 10.9581 -0.958713 14.2
    endloop
  endfacet
  facet normal 0 0 -1
    outer loop
      vertex 2.73954 -0.239677 14.2
      vertex 10.9581 -0.958713 14.2
      vertex 10.8329 -1.91013 14.2
    endloop
  endfacet
  facet normal 0 0 -1
    outer loop
      vertex 11 0 14.2
      vertex 2.75 0 14.2
      vertex 10.9581 0.958713 14.2
    endloop
  endfacet
  facet normal 0 0 -1
    outer loop
      vertex 2.70822 -0.477532 14.2
      vertex 10.8329 -1.91013 14.2
      vertex 10.6252 -2.84701 14.2
    endloop
  endfacet
  facet normal 0 0 -1
    outer loop
      vertex 2.73954 0.239677 14.2
      vertex 10.9581 0.958713 14.2
      vertex 2.75 0 14.2
    endloop
  endfacet
  facet normal 0 0 -1
    outer loop
      vertex 2.6563 -0.711752 14.2
      vertex 10.6252 -2.84701 14.2
      vertex 10.3366 -3.76222 14.2
    endloop
  endfacet
  facet normal -0 0 -1
    outer loop
      vertex 10.9581 0.958713 14.2
      vertex 2.73954 0.239677 14.2
      vertex 10.8329 1.91013 14.2
    endloop
  endfacet
  facet normal 0 0 -1
    outer loop
      vertex 2.58415 -0.940555 14.2
      vertex 10.3366 -3.76222 14.2
      vertex 10.1967 -4.1 14.2
    endloop
  endfacet
  facet normal 0 0 -1
    outer loop
      vertex 2.70822 0.477532 14.2
      vertex 10.8329 1.91013 14.2
      vertex 2.73954 0.239677 14.2
    endloop
  endfacet
  facet normal -0 0 -1
    outer loop
      vertex 10.8329 1.91013 14.2
      vertex 2.70822 0.477532 14.2
      vertex 10.6252 2.84701 14.2
    endloop
  endfacet
  facet normal 0 0 -1
    outer loop
      vertex 10.9581 -0.958713 14.2
      vertex 2.73954 -0.239677 14.2
      vertex 2.75 0 14.2
    endloop
  endfacet
  facet normal 0 0 -1
    outer loop
      vertex 10.8329 -1.91013 14.2
      vertex 2.70822 -0.477532 14.2
      vertex 2.73954 -0.239677 14.2
    endloop
  endfacet
  facet normal 0 0 -1
    outer loop
      vertex 10.6252 -2.84701 14.2
      vertex 2.6563 -0.711752 14.2
      vertex 2.70822 -0.477532 14.2
    endloop
  endfacet
  facet normal 0 0 -1
    outer loop
      vertex 10.3366 -3.76222 14.2
      vertex 2.58415 -0.940555 14.2
      vertex 2.6563 -0.711752 14.2
    endloop
  endfacet
  facet normal 0 0 -1
    outer loop
      vertex 10.1967 -4.1 14.2
      vertex 2.49235 -1.1622 14.2
      vertex 2.58415 -0.940555 14.2
    endloop
  endfacet
  facet normal 0 0 -1
    outer loop
      vertex 10.1967 -4.1 14.2
      vertex 2.38157 -1.375 14.2
      vertex 2.49235 -1.1622 14.2
    endloop
  endfacet
  facet normal 0 0 -1
    outer loop
      vertex 10.1967 -4.1 14.2
      vertex 2.25267 -1.57733 14.2
      vertex 2.38157 -1.375 14.2
    endloop
  endfacet
  facet normal 0 0 -1
    outer loop
      vertex 10.1967 -4.1 14.2
      vertex 2.10662 -1.76767 14.2
      vertex 2.25267 -1.57733 14.2
    endloop
  endfacet
  facet normal 0 0 -1
    outer loop
      vertex 10.1967 -4.1 14.2
      vertex 1.94454 -1.94454 14.2
      vertex 2.10662 -1.76767 14.2
    endloop
  endfacet
  facet normal 0 0 -1
    outer loop
      vertex 10.1967 -4.1 14.2
      vertex 1.76767 -2.10662 14.2
      vertex 1.94454 -1.94454 14.2
    endloop
  endfacet
  facet normal 0 0 -1
    outer loop
      vertex 10.1967 -4.1 14.2
      vertex 1.57733 -2.25267 14.2
      vertex 1.76767 -2.10662 14.2
    endloop
  endfacet
  facet normal 0 0 -1
    outer loop
      vertex 10.1967 -4.1 14.2
      vertex 1.375 -2.38157 14.2
      vertex 1.57733 -2.25267 14.2
    endloop
  endfacet
  facet normal 0 0 -1
    outer loop
      vertex 10.1967 -4.1 14.2
      vertex 1.1622 -2.49235 14.2
      vertex 1.375 -2.38157 14.2
    endloop
  endfacet
  facet normal 0 0 -1
    outer loop
      vertex 10.1967 -4.1 14.2
      vertex 0.940555 -2.58415 14.2
      vertex 1.1622 -2.49235 14.2
    endloop
  endfacet
  facet normal 0 0 -1
    outer loop
      vertex 10.1967 -4.1 14.2
      vertex 0.711752 -2.6563 14.2
      vertex 0.940555 -2.58415 14.2
    endloop
  endfacet
  facet normal 0 0 -1
    outer loop
      vertex -2.36714 -4.1 14.2
      vertex 0.711752 -2.6563 14.2
      vertex 10.1967 -4.1 14.2
    endloop
  endfacet
  facet normal 0 0 -1
    outer loop
      vertex 0.711752 -2.6563 14.2
      vertex -2.36714 -4.1 14.2
      vertex 0.477532 -2.70822 14.2
    endloop
  endfacet
  facet normal 0 0 -1
    outer loop
      vertex 0.477532 -2.70822 14.2
      vertex -2.36714 -4.1 14.2
      vertex 0.239677 -2.73954 14.2
    endloop
  endfacet
  facet normal 0 0 -1
    outer loop
      vertex 0.239677 -2.73954 14.2
      vertex -2.36714 -4.1 14.2
      vertex 0 -2.75 14.2
    endloop
  endfacet
  facet normal -0 0 -1
    outer loop
      vertex 0 -2.75 14.2
      vertex -2.36714 -4.1 14.2
      vertex -0.239677 -2.73954 14.2
    endloop
  endfacet
  facet normal 0 0 -1
    outer loop
      vertex -2.36714 -4.1 14.2
      vertex -0.477532 -2.70822 14.2
      vertex -0.239677 -2.73954 14.2
    endloop
  endfacet
  facet normal 0 0 -1
    outer loop
      vertex -2.36714 -4.1 14.2
      vertex -0.711752 -2.6563 14.2
      vertex -0.477532 -2.70822 14.2
    endloop
  endfacet
  facet normal 0 0 -1
    outer loop
      vertex -2.36714 -4.1 14.2
      vertex -0.940555 -2.58415 14.2
      vertex -0.711752 -2.6563 14.2
    endloop
  endfacet
  facet normal 0 0 -1
    outer loop
      vertex -2.36714 -4.1 14.2
      vertex -1.1622 -2.49235 14.2
      vertex -0.940555 -2.58415 14.2
    endloop
  endfacet
  facet normal 0 0 -1
    outer loop
      vertex -2.36714 -4.1 14.2
      vertex -1.375 -2.38157 14.2
      vertex -1.1622 -2.49235 14.2
    endloop
  endfacet
  facet normal 0 0 -1
    outer loop
      vertex -2.36714 -4.1 14.2
      vertex -1.57733 -2.25267 14.2
      vertex -1.375 -2.38157 14.2
    endloop
  endfacet
  facet normal 0 0 -1
    outer loop
      vertex -2.36714 -4.1 14.2
      vertex -1.76767 -2.10662 14.2
      vertex -1.57733 -2.25267 14.2
    endloop
  endfacet
  facet normal 0 0 -1
    outer loop
      vertex -2.36714 -4.1 14.2
      vertex -1.94454 -1.94454 14.2
      vertex -1.76767 -2.10662 14.2
    endloop
  endfacet
  facet normal 0 0 -1
    outer loop
      vertex -2.36714 -4.1 14.2
      vertex -2.10662 -1.76767 14.2
      vertex -1.94454 -1.94454 14.2
    endloop
  endfacet
  facet normal 0 0 -1
    outer loop
      vertex -2.36714 -4.1 14.2
      vertex -2.25267 -1.57733 14.2
      vertex -2.10662 -1.76767 14.2
    endloop
  endfacet
  facet normal 0 0 -1
    outer loop
      vertex -2.36714 -4.1 14.2
      vertex -2.38157 -1.375 14.2
      vertex -2.25267 -1.57733 14.2
    endloop
  endfacet
  facet normal 0 0 -1
    outer loop
      vertex -4.73427 0 14.2
      vertex -2.38157 -1.375 14.2
      vertex -2.36714 -4.1 14.2
    endloop
  endfacet
  facet normal 0 0 -1
    outer loop
      vertex -2.38157 -1.375 14.2
      vertex -4.73427 0 14.2
      vertex -2.49235 -1.1622 14.2
    endloop
  endfacet
  facet normal 0 0 -1
    outer loop
      vertex -2.49235 -1.1622 14.2
      vertex -4.73427 0 14.2
      vertex -2.58415 -0.940555 14.2
    endloop
  endfacet
  facet normal 0 0 -1
    outer loop
      vertex -2.58415 -0.940555 14.2
      vertex -4.73427 0 14.2
      vertex -2.6563 -0.711752 14.2
    endloop
  endfacet
  facet normal 0 0 -1
    outer loop
      vertex -2.6563 -0.711752 14.2
      vertex -4.73427 0 14.2
      vertex -2.70822 -0.477532 14.2
    endloop
  endfacet
  facet normal 0 0 -1
    outer loop
      vertex -2.73954 -0.239677 14.2
      vertex -4.73427 0 14.2
      vertex -2.75 0 14.2
    endloop
  endfacet
  facet normal 0 0 -1
    outer loop
      vertex -2.70822 -0.477532 14.2
      vertex -4.73427 0 14.2
      vertex -2.73954 -0.239677 14.2
    endloop
  endfacet
  facet normal 0 0 -1
    outer loop
      vertex 2.6563 0.711752 14.2
      vertex 10.6252 2.84701 14.2
      vertex 2.70822 0.477532 14.2
    endloop
  endfacet
  facet normal -0 0 -1
    outer loop
      vertex 10.6252 2.84701 14.2
      vertex 2.6563 0.711752 14.2
      vertex 10.3366 3.76222 14.2
    endloop
  endfacet
  facet normal 0 0 -1
    outer loop
      vertex 2.58415 0.940555 14.2
      vertex 10.3366 3.76222 14.2
      vertex 2.6563 0.711752 14.2
    endloop
  endfacet
  facet normal -0 0 -1
    outer loop
      vertex 10.3366 3.76222 14.2
      vertex 2.58415 0.940555 14.2
      vertex 10.1967 4.1 14.2
    endloop
  endfacet
  facet normal 0 0 -1
    outer loop
      vertex 2.49235 1.1622 14.2
      vertex 10.1967 4.1 14.2
      vertex 2.58415 0.940555 14.2
    endloop
  endfacet
  facet normal 0 0 -1
    outer loop
      vertex 2.38157 1.375 14.2
      vertex 10.1967 4.1 14.2
      vertex 2.49235 1.1622 14.2
    endloop
  endfacet
  facet normal 0 0 -1
    outer loop
      vertex 2.25267 1.57733 14.2
      vertex 10.1967 4.1 14.2
      vertex 2.38157 1.375 14.2
    endloop
  endfacet
  facet normal 0 0 -1
    outer loop
      vertex 2.10662 1.76767 14.2
      vertex 10.1967 4.1 14.2
      vertex 2.25267 1.57733 14.2
    endloop
  endfacet
  facet normal 0 0 -1
    outer loop
      vertex 1.94454 1.94454 14.2
      vertex 10.1967 4.1 14.2
      vertex 2.10662 1.76767 14.2
    endloop
  endfacet
  facet normal 0 0 -1
    outer loop
      vertex 1.76767 2.10662 14.2
      vertex 10.1967 4.1 14.2
      vertex 1.94454 1.94454 14.2
    endloop
  endfacet
  facet normal 0 0 -1
    outer loop
      vertex 1.57733 2.25267 14.2
      vertex 10.1967 4.1 14.2
      vertex 1.76767 2.10662 14.2
    endloop
  endfacet
  facet normal 0 0 -1
    outer loop
      vertex 1.375 2.38157 14.2
      vertex 10.1967 4.1 14.2
      vertex 1.57733 2.25267 14.2
    endloop
  endfacet
  facet normal 0 0 -1
    outer loop
      vertex 1.1622 2.49235 14.2
      vertex 10.1967 4.1 14.2
      vertex 1.375 2.38157 14.2
    endloop
  endfacet
  facet normal 0 0 -1
    outer loop
      vertex 0.940555 2.58415 14.2
      vertex 10.1967 4.1 14.2
      vertex 1.1622 2.49235 14.2
    endloop
  endfacet
  facet normal 0 0 -1
    outer loop
      vertex 0.711752 2.6563 14.2
      vertex 10.1967 4.1 14.2
      vertex 0.940555 2.58415 14.2
    endloop
  endfacet
  facet normal 0 0 -1
    outer loop
      vertex -2.36714 4.1 14.2
      vertex 0.711752 2.6563 14.2
      vertex 0.477532 2.70822 14.2
    endloop
  endfacet
  facet normal 0 0 -1
    outer loop
      vertex -2.36714 4.1 14.2
      vertex 0.477532 2.70822 14.2
      vertex 0.239677 2.73954 14.2
    endloop
  endfacet
  facet normal 0 0 -1
    outer loop
      vertex -2.36714 4.1 14.2
      vertex 0.239677 2.73954 14.2
      vertex 0 2.75 14.2
    endloop
  endfacet
  facet normal 0 0 -1
    outer loop
      vertex -2.36714 4.1 14.2
      vertex 0 2.75 14.2
      vertex -0.239677 2.73954 14.2
    endloop
  endfacet
  facet normal 0 0 -1
    outer loop
      vertex 0.711752 2.6563 14.2
      vertex -2.36714 4.1 14.2
      vertex 10.1967 4.1 14.2
    endloop
  endfacet
  facet normal 0 0 -1
    outer loop
      vertex -0.477532 2.70822 14.2
      vertex -2.36714 4.1 14.2
      vertex -0.239677 2.73954 14.2
    endloop
  endfacet
  facet normal 0 0 -1
    outer loop
      vertex -0.711752 2.6563 14.2
      vertex -2.36714 4.1 14.2
      vertex -0.477532 2.70822 14.2
    endloop
  endfacet
  facet normal 0 0 -1
    outer loop
      vertex -0.940555 2.58415 14.2
      vertex -2.36714 4.1 14.2
      vertex -0.711752 2.6563 14.2
    endloop
  endfacet
  facet normal 0 0 -1
    outer loop
      vertex -1.1622 2.49235 14.2
      vertex -2.36714 4.1 14.2
      vertex -0.940555 2.58415 14.2
    endloop
  endfacet
  facet normal 0 0 -1
    outer loop
      vertex -1.375 2.38157 14.2
      vertex -2.36714 4.1 14.2
      vertex -1.1622 2.49235 14.2
    endloop
  endfacet
  facet normal 0 0 -1
    outer loop
      vertex -1.57733 2.25267 14.2
      vertex -2.36714 4.1 14.2
      vertex -1.375 2.38157 14.2
    endloop
  endfacet
  facet normal 0 0 -1
    outer loop
      vertex -1.76767 2.10662 14.2
      vertex -2.36714 4.1 14.2
      vertex -1.57733 2.25267 14.2
    endloop
  endfacet
  facet normal 0 0 -1
    outer loop
      vertex -1.94454 1.94454 14.2
      vertex -2.36714 4.1 14.2
      vertex -1.76767 2.10662 14.2
    endloop
  endfacet
  facet normal 0 0 -1
    outer loop
      vertex -2.10662 1.76767 14.2
      vertex -2.36714 4.1 14.2
      vertex -1.94454 1.94454 14.2
    endloop
  endfacet
  facet normal 0 0 -1
    outer loop
      vertex -2.25267 1.57733 14.2
      vertex -2.36714 4.1 14.2
      vertex -2.10662 1.76767 14.2
    endloop
  endfacet
  facet normal 0 0 -1
    outer loop
      vertex -2.38157 1.375 14.2
      vertex -2.36714 4.1 14.2
      vertex -2.25267 1.57733 14.2
    endloop
  endfacet
  facet normal 0 0 -1
    outer loop
      vertex -4.73427 0 14.2
      vertex -2.38157 1.375 14.2
      vertex -2.49235 1.1622 14.2
    endloop
  endfacet
  facet normal 0 0 -1
    outer loop
      vertex -4.73427 0 14.2
      vertex -2.49235 1.1622 14.2
      vertex -2.58415 0.940555 14.2
    endloop
  endfacet
  facet normal 0 0 -1
    outer loop
      vertex -4.73427 0 14.2
      vertex -2.58415 0.940555 14.2
      vertex -2.6563 0.711752 14.2
    endloop
  endfacet
  facet normal 0 0 -1
    outer loop
      vertex -4.73427 0 14.2
      vertex -2.6563 0.711752 14.2
      vertex -2.70822 0.477532 14.2
    endloop
  endfacet
  facet normal 0 0 -1
    outer loop
      vertex -4.73427 0 14.2
      vertex -2.70822 0.477532 14.2
      vertex -2.73954 0.239677 14.2
    endloop
  endfacet
  facet normal -0 0 -1
    outer loop
      vertex -2.38157 1.375 14.2
      vertex -4.73427 0 14.2
      vertex -2.36714 4.1 14.2
    endloop
  endfacet
  facet normal 0 0 -1
    outer loop
      vertex -4.73427 0 14.2
      vertex -2.73954 0.239677 14.2
      vertex -2.75 0 14.2
    endloop
  endfacet
  facet normal 0.866026 -0.499999 0
    outer loop
      vertex -4.73427 0 14.2
      vertex -2.36714 4.1 9.8
      vertex -2.36714 4.1 14.2
    endloop
  endfacet
  facet normal 0.866026 -0.499999 0
    outer loop
      vertex -2.36714 4.1 9.8
      vertex -4.73427 0 14.2
      vertex -4.73427 0 9.8
    endloop
  endfacet
endsolid OpenSCAD_Model
