solid OpenSCAD_Model
  facet normal 0.996918 -0.0784551 0
    outer loop
      vertex -8.25 -6 4
      vertex -8.2223 -5.64802 0
      vertex -8.2223 -5.64802 4
    endloop
  endfacet
  facet normal 0.996918 -0.0784551 0
    outer loop
      vertex -8.2223 -5.64802 0
      vertex -8.25 -6 4
      vertex -8.25 -6 0
    endloop
  endfacet
  facet normal -0.0784551 -0.996918 0
    outer loop
      vertex -6 -3.75 0
      vertex -5.64802 -3.7777 4
      vertex -6 -3.75 4
    endloop
  endfacet
  facet normal -0.0784551 -0.996918 -0
    outer loop
      vertex -5.64802 -3.7777 4
      vertex -6 -3.75 0
      vertex -5.64802 -3.7777 0
    endloop
  endfacet
  facet normal 0.0784551 0.996918 -0
    outer loop
      vertex -6 -8.25 0
      vertex -6.35198 -8.2223 4
      vertex -6 -8.25 4
    endloop
  endfacet
  facet normal 0.0784551 0.996918 0
    outer loop
      vertex -6.35198 -8.2223 4
      vertex -6 -8.25 0
      vertex -6.35198 -8.2223 0
    endloop
  endfacet
  facet normal 0.649456 -0.760399 0
    outer loop
      vertex -7.59099 -4.40901 0
      vertex -7.32252 -4.17971 4
      vertex -7.59099 -4.40901 4
    endloop
  endfacet
  facet normal 0.649456 -0.760399 0
    outer loop
      vertex -7.32252 -4.17971 4
      vertex -7.59099 -4.40901 0
      vertex -7.32252 -4.17971 0
    endloop
  endfacet
  facet normal -0.760399 -0.649456 0
    outer loop
      vertex -4.17971 -4.67748 0
      vertex -4.40901 -4.40901 4
      vertex -4.40901 -4.40901 0
    endloop
  endfacet
  facet normal -0.760399 -0.649456 0
    outer loop
      vertex -4.40901 -4.40901 4
      vertex -4.17971 -4.67748 0
      vertex -4.17971 -4.67748 4
    endloop
  endfacet
  facet normal -0.522504 -0.852637 0
    outer loop
      vertex -4.97852 -3.99523 0
      vertex -4.67748 -4.17971 4
      vertex -4.97852 -3.99523 4
    endloop
  endfacet
  facet normal -0.522504 -0.852637 -0
    outer loop
      vertex -4.67748 -4.17971 4
      vertex -4.97852 -3.99523 0
      vertex -4.67748 -4.17971 0
    endloop
  endfacet
  facet normal 0.972371 0.233442 0
    outer loop
      vertex -8.13988 -6.69529 4
      vertex -8.2223 -6.35198 0
      vertex -8.2223 -6.35198 4
    endloop
  endfacet
  facet normal 0.972371 0.233442 0
    outer loop
      vertex -8.2223 -6.35198 0
      vertex -8.13988 -6.69529 4
      vertex -8.13988 -6.69529 0
    endloop
  endfacet
  facet normal 0.85265 -0.522483 0
    outer loop
      vertex -8.00476 -4.97852 4
      vertex -7.82029 -4.67748 0
      vertex -7.82029 -4.67748 4
    endloop
  endfacet
  facet normal 0.85265 -0.522483 0
    outer loop
      vertex -7.82029 -4.67748 0
      vertex -8.00476 -4.97852 4
      vertex -8.00476 -4.97852 0
    endloop
  endfacet
  facet normal 0.760399 -0.649456 0
    outer loop
      vertex -7.82029 -4.67748 4
      vertex -7.59099 -4.40901 0
      vertex -7.59099 -4.40901 4
    endloop
  endfacet
  facet normal 0.760399 -0.649456 0
    outer loop
      vertex -7.59099 -4.40901 0
      vertex -7.82029 -4.67748 4
      vertex -7.82029 -4.67748 0
    endloop
  endfacet
  facet normal 0.233442 -0.972371 0
    outer loop
      vertex -6.69529 -3.86012 0
      vertex -6.35198 -3.7777 4
      vertex -6.69529 -3.86012 4
    endloop
  endfacet
  facet normal 0.233442 -0.972371 0
    outer loop
      vertex -6.35198 -3.7777 4
      vertex -6.69529 -3.86012 0
      vertex -6.35198 -3.7777 0
    endloop
  endfacet
  facet normal 0.0784551 -0.996918 0
    outer loop
      vertex -6.35198 -3.7777 0
      vertex -6 -3.75 4
      vertex -6.35198 -3.7777 4
    endloop
  endfacet
  facet normal 0.0784551 -0.996918 0
    outer loop
      vertex -6 -3.75 4
      vertex -6.35198 -3.7777 0
      vertex -6 -3.75 0
    endloop
  endfacet
  facet normal 0.522504 -0.852637 0
    outer loop
      vertex -7.32252 -4.17971 0
      vertex -7.02148 -3.99523 4
      vertex -7.32252 -4.17971 4
    endloop
  endfacet
  facet normal 0.522504 -0.852637 0
    outer loop
      vertex -7.02148 -3.99523 4
      vertex -7.32252 -4.17971 0
      vertex -7.02148 -3.99523 0
    endloop
  endfacet
  facet normal -0.972371 -0.233442 0
    outer loop
      vertex -3.7777 -5.64802 0
      vertex -3.86012 -5.30471 4
      vertex -3.86012 -5.30471 0
    endloop
  endfacet
  facet normal -0.972371 -0.233442 0
    outer loop
      vertex -3.86012 -5.30471 4
      vertex -3.7777 -5.64802 0
      vertex -3.7777 -5.64802 4
    endloop
  endfacet
  facet normal -0.852637 -0.522504 0
    outer loop
      vertex -3.99523 -4.97852 0
      vertex -4.17971 -4.67748 4
      vertex -4.17971 -4.67748 0
    endloop
  endfacet
  facet normal -0.852637 -0.522504 0
    outer loop
      vertex -4.17971 -4.67748 4
      vertex -3.99523 -4.97852 0
      vertex -3.99523 -4.97852 4
    endloop
  endfacet
  facet normal -0.996918 -0.0784551 0
    outer loop
      vertex -3.75 -6 0
      vertex -3.7777 -5.64802 4
      vertex -3.7777 -5.64802 0
    endloop
  endfacet
  facet normal -0.996918 -0.0784551 0
    outer loop
      vertex -3.7777 -5.64802 4
      vertex -3.75 -6 0
      vertex -3.75 -6 4
    endloop
  endfacet
  facet normal -0.649456 -0.760399 0
    outer loop
      vertex -4.67748 -4.17971 0
      vertex -4.40901 -4.40901 4
      vertex -4.67748 -4.17971 4
    endloop
  endfacet
  facet normal -0.649456 -0.760399 -0
    outer loop
      vertex -4.40901 -4.40901 4
      vertex -4.67748 -4.17971 0
      vertex -4.40901 -4.40901 0
    endloop
  endfacet
  facet normal -0.382678 -0.923882 0
    outer loop
      vertex -5.30471 -3.86012 0
      vertex -4.97852 -3.99523 4
      vertex -5.30471 -3.86012 4
    endloop
  endfacet
  facet normal -0.382678 -0.923882 -0
    outer loop
      vertex -4.97852 -3.99523 4
      vertex -5.30471 -3.86012 0
      vertex -4.97852 -3.99523 0
    endloop
  endfacet
  facet normal 0.996918 0.0784551 0
    outer loop
      vertex -8.2223 -6.35198 4
      vertex -8.25 -6 0
      vertex -8.25 -6 4
    endloop
  endfacet
  facet normal 0.996918 0.0784551 0
    outer loop
      vertex -8.25 -6 0
      vertex -8.2223 -6.35198 4
      vertex -8.2223 -6.35198 0
    endloop
  endfacet
  facet normal -0.852637 0.522504 0
    outer loop
      vertex -4.17971 -7.32252 0
      vertex -3.99523 -7.02148 4
      vertex -3.99523 -7.02148 0
    endloop
  endfacet
  facet normal -0.852637 0.522504 0
    outer loop
      vertex -3.99523 -7.02148 4
      vertex -4.17971 -7.32252 0
      vertex -4.17971 -7.32252 4
    endloop
  endfacet
  facet normal 0.233442 0.972371 -0
    outer loop
      vertex -6.35198 -8.2223 0
      vertex -6.69529 -8.13988 4
      vertex -6.35198 -8.2223 4
    endloop
  endfacet
  facet normal 0.233442 0.972371 0
    outer loop
      vertex -6.69529 -8.13988 4
      vertex -6.35198 -8.2223 0
      vertex -6.69529 -8.13988 0
    endloop
  endfacet
  facet normal 0.522483 0.85265 -0
    outer loop
      vertex -7.02148 -8.00476 0
      vertex -7.32252 -7.82029 4
      vertex -7.02148 -8.00476 4
    endloop
  endfacet
  facet normal 0.522483 0.85265 0
    outer loop
      vertex -7.32252 -7.82029 4
      vertex -7.02148 -8.00476 0
      vertex -7.32252 -7.82029 0
    endloop
  endfacet
  facet normal 0.923872 -0.382702 0
    outer loop
      vertex -8.13988 -5.30471 4
      vertex -8.00476 -4.97852 0
      vertex -8.00476 -4.97852 4
    endloop
  endfacet
  facet normal 0.923872 -0.382702 0
    outer loop
      vertex -8.00476 -4.97852 0
      vertex -8.13988 -5.30471 4
      vertex -8.13988 -5.30471 0
    endloop
  endfacet
  facet normal 0.972371 -0.233442 0
    outer loop
      vertex -8.2223 -5.64802 4
      vertex -8.13988 -5.30471 0
      vertex -8.13988 -5.30471 4
    endloop
  endfacet
  facet normal 0.972371 -0.233442 0
    outer loop
      vertex -8.13988 -5.30471 0
      vertex -8.2223 -5.64802 4
      vertex -8.2223 -5.64802 0
    endloop
  endfacet
  facet normal 0.382678 -0.923882 0
    outer loop
      vertex -7.02148 -3.99523 0
      vertex -6.69529 -3.86012 4
      vertex -7.02148 -3.99523 4
    endloop
  endfacet
  facet normal 0.382678 -0.923882 0
    outer loop
      vertex -6.69529 -3.86012 4
      vertex -7.02148 -3.99523 0
      vertex -6.69529 -3.86012 0
    endloop
  endfacet
  facet normal -0.923882 -0.382678 0
    outer loop
      vertex -3.86012 -5.30471 0
      vertex -3.99523 -4.97852 4
      vertex -3.99523 -4.97852 0
    endloop
  endfacet
  facet normal -0.923882 -0.382678 0
    outer loop
      vertex -3.99523 -4.97852 4
      vertex -3.86012 -5.30471 0
      vertex -3.86012 -5.30471 4
    endloop
  endfacet
  facet normal -0.996918 0.0784551 0
    outer loop
      vertex -3.7777 -6.35198 0
      vertex -3.75 -6 4
      vertex -3.75 -6 0
    endloop
  endfacet
  facet normal -0.996918 0.0784551 0
    outer loop
      vertex -3.75 -6 4
      vertex -3.7777 -6.35198 0
      vertex -3.7777 -6.35198 4
    endloop
  endfacet
  facet normal -0.233442 -0.972371 0
    outer loop
      vertex -5.64802 -3.7777 0
      vertex -5.30471 -3.86012 4
      vertex -5.64802 -3.7777 4
    endloop
  endfacet
  facet normal -0.233442 -0.972371 -0
    outer loop
      vertex -5.30471 -3.86012 4
      vertex -5.64802 -3.7777 0
      vertex -5.30471 -3.86012 0
    endloop
  endfacet
  facet normal 0.85265 0.522483 0
    outer loop
      vertex -7.82029 -7.32252 4
      vertex -8.00476 -7.02148 0
      vertex -8.00476 -7.02148 4
    endloop
  endfacet
  facet normal 0.85265 0.522483 0
    outer loop
      vertex -8.00476 -7.02148 0
      vertex -7.82029 -7.32252 4
      vertex -7.82029 -7.32252 0
    endloop
  endfacet
  facet normal 0.649456 0.760399 -0
    outer loop
      vertex -7.32252 -7.82029 0
      vertex -7.59099 -7.59099 4
      vertex -7.32252 -7.82029 4
    endloop
  endfacet
  facet normal 0.649456 0.760399 0
    outer loop
      vertex -7.59099 -7.59099 4
      vertex -7.32252 -7.82029 0
      vertex -7.59099 -7.59099 0
    endloop
  endfacet
  facet normal 0.923872 0.382702 0
    outer loop
      vertex -8.00476 -7.02148 4
      vertex -8.13988 -6.69529 0
      vertex -8.13988 -6.69529 4
    endloop
  endfacet
  facet normal 0.923872 0.382702 0
    outer loop
      vertex -8.13988 -6.69529 0
      vertex -8.00476 -7.02148 4
      vertex -8.00476 -7.02148 0
    endloop
  endfacet
  facet normal -0.0784551 0.996918 0
    outer loop
      vertex -5.64802 -8.2223 0
      vertex -6 -8.25 4
      vertex -5.64802 -8.2223 4
    endloop
  endfacet
  facet normal -0.0784551 0.996918 0
    outer loop
      vertex -6 -8.25 4
      vertex -5.64802 -8.2223 0
      vertex -6 -8.25 0
    endloop
  endfacet
  facet normal -0.649456 0.760399 0
    outer loop
      vertex -4.40901 -7.59099 0
      vertex -4.67748 -7.82029 4
      vertex -4.40901 -7.59099 4
    endloop
  endfacet
  facet normal -0.649456 0.760399 0
    outer loop
      vertex -4.67748 -7.82029 4
      vertex -4.40901 -7.59099 0
      vertex -4.67748 -7.82029 0
    endloop
  endfacet
  facet normal -0.760399 0.649456 0
    outer loop
      vertex -4.40901 -7.59099 0
      vertex -4.17971 -7.32252 4
      vertex -4.17971 -7.32252 0
    endloop
  endfacet
  facet normal -0.760399 0.649456 0
    outer loop
      vertex -4.17971 -7.32252 4
      vertex -4.40901 -7.59099 0
      vertex -4.40901 -7.59099 4
    endloop
  endfacet
  facet normal 0.760399 0.649456 0
    outer loop
      vertex -7.59099 -7.59099 4
      vertex -7.82029 -7.32252 0
      vertex -7.82029 -7.32252 4
    endloop
  endfacet
  facet normal 0.760399 0.649456 0
    outer loop
      vertex -7.82029 -7.32252 0
      vertex -7.59099 -7.59099 4
      vertex -7.59099 -7.59099 0
    endloop
  endfacet
  facet normal 0.382702 0.923872 -0
    outer loop
      vertex -6.69529 -8.13988 0
      vertex -7.02148 -8.00476 4
      vertex -6.69529 -8.13988 4
    endloop
  endfacet
  facet normal 0.382702 0.923872 0
    outer loop
      vertex -7.02148 -8.00476 4
      vertex -6.69529 -8.13988 0
      vertex -7.02148 -8.00476 0
    endloop
  endfacet
  facet normal -0.522483 0.85265 0
    outer loop
      vertex -4.67748 -7.82029 0
      vertex -4.97852 -8.00476 4
      vertex -4.67748 -7.82029 4
    endloop
  endfacet
  facet normal -0.522483 0.85265 0
    outer loop
      vertex -4.97852 -8.00476 4
      vertex -4.67748 -7.82029 0
      vertex -4.97852 -8.00476 0
    endloop
  endfacet
  facet normal -0.923882 0.382678 0
    outer loop
      vertex -3.99523 -7.02148 0
      vertex -3.86012 -6.69529 4
      vertex -3.86012 -6.69529 0
    endloop
  endfacet
  facet normal -0.923882 0.382678 0
    outer loop
      vertex -3.86012 -6.69529 4
      vertex -3.99523 -7.02148 0
      vertex -3.99523 -7.02148 4
    endloop
  endfacet
  facet normal -0.972371 0.233442 0
    outer loop
      vertex -3.86012 -6.69529 0
      vertex -3.7777 -6.35198 4
      vertex -3.7777 -6.35198 0
    endloop
  endfacet
  facet normal -0.972371 0.233442 0
    outer loop
      vertex -3.7777 -6.35198 4
      vertex -3.86012 -6.69529 0
      vertex -3.86012 -6.69529 4
    endloop
  endfacet
  facet normal -0.382702 0.923872 0
    outer loop
      vertex -4.97852 -8.00476 0
      vertex -5.30471 -8.13988 4
      vertex -4.97852 -8.00476 4
    endloop
  endfacet
  facet normal -0.382702 0.923872 0
    outer loop
      vertex -5.30471 -8.13988 4
      vertex -4.97852 -8.00476 0
      vertex -5.30471 -8.13988 0
    endloop
  endfacet
  facet normal -0.233442 0.972371 0
    outer loop
      vertex -5.30471 -8.13988 0
      vertex -5.64802 -8.2223 4
      vertex -5.30471 -8.13988 4
    endloop
  endfacet
  facet normal -0.233442 0.972371 0
    outer loop
      vertex -5.64802 -8.2223 4
      vertex -5.30471 -8.13988 0
      vertex -5.64802 -8.2223 0
    endloop
  endfacet
  facet normal 0.996918 -0.0784551 0
    outer loop
      vertex -24.25 -6 4
      vertex -24.2223 -5.64802 0
      vertex -24.2223 -5.64802 4
    endloop
  endfacet
  facet normal 0.996918 -0.0784551 0
    outer loop
      vertex -24.2223 -5.64802 0
      vertex -24.25 -6 4
      vertex -24.25 -6 0
    endloop
  endfacet
  facet normal -0.0784506 -0.996918 0
    outer loop
      vertex -22 -3.75 0
      vertex -21.648 -3.7777 4
      vertex -22 -3.75 4
    endloop
  endfacet
  facet normal -0.0784506 -0.996918 -0
    outer loop
      vertex -21.648 -3.7777 4
      vertex -22 -3.75 0
      vertex -21.648 -3.7777 0
    endloop
  endfacet
  facet normal 0.0784506 0.996918 -0
    outer loop
      vertex -22 -8.25 0
      vertex -22.352 -8.2223 4
      vertex -22 -8.25 4
    endloop
  endfacet
  facet normal 0.0784506 0.996918 0
    outer loop
      vertex -22.352 -8.2223 4
      vertex -22 -8.25 0
      vertex -22.352 -8.2223 0
    endloop
  endfacet
  facet normal 0.760399 0.649456 0
    outer loop
      vertex -23.591 -7.59099 4
      vertex -23.8203 -7.32252 0
      vertex -23.8203 -7.32252 4
    endloop
  endfacet
  facet normal 0.760399 0.649456 0
    outer loop
      vertex -23.8203 -7.32252 0
      vertex -23.591 -7.59099 4
      vertex -23.591 -7.59099 0
    endloop
  endfacet
  facet normal 0.649414 -0.760435 0
    outer loop
      vertex -23.591 -4.40901 0
      vertex -23.3225 -4.17971 4
      vertex -23.591 -4.40901 4
    endloop
  endfacet
  facet normal 0.649414 -0.760435 0
    outer loop
      vertex -23.3225 -4.17971 4
      vertex -23.591 -4.40901 0
      vertex -23.3225 -4.17971 0
    endloop
  endfacet
  facet normal -0.760399 -0.649456 0
    outer loop
      vertex -20.1797 -4.67748 0
      vertex -20.409 -4.40901 4
      vertex -20.409 -4.40901 0
    endloop
  endfacet
  facet normal -0.760399 -0.649456 0
    outer loop
      vertex -20.409 -4.40901 4
      vertex -20.1797 -4.67748 0
      vertex -20.1797 -4.67748 4
    endloop
  endfacet
  facet normal -0.522554 -0.852606 0
    outer loop
      vertex -20.9785 -3.99523 0
      vertex -20.6775 -4.17971 4
      vertex -20.9785 -3.99523 4
    endloop
  endfacet
  facet normal -0.522554 -0.852606 -0
    outer loop
      vertex -20.6775 -4.17971 4
      vertex -20.9785 -3.99523 0
      vertex -20.6775 -4.17971 0
    endloop
  endfacet
  facet normal 0.852612 -0.522545 0
    outer loop
      vertex -24.0048 -4.97852 4
      vertex -23.8203 -4.67748 0
      vertex -23.8203 -4.67748 4
    endloop
  endfacet
  facet normal 0.852612 -0.522545 0
    outer loop
      vertex -23.8203 -4.67748 0
      vertex -24.0048 -4.97852 4
      vertex -24.0048 -4.97852 0
    endloop
  endfacet
  facet normal 0.760399 -0.649456 0
    outer loop
      vertex -23.8203 -4.67748 4
      vertex -23.591 -4.40901 0
      vertex -23.591 -4.40901 4
    endloop
  endfacet
  facet normal 0.760399 -0.649456 0
    outer loop
      vertex -23.591 -4.40901 0
      vertex -23.8203 -4.67748 4
      vertex -23.8203 -4.67748 0
    endloop
  endfacet
  facet normal 0.233448 -0.972369 0
    outer loop
      vertex -22.6953 -3.86012 0
      vertex -22.352 -3.7777 4
      vertex -22.6953 -3.86012 4
    endloop
  endfacet
  facet normal 0.233448 -0.972369 0
    outer loop
      vertex -22.352 -3.7777 4
      vertex -22.6953 -3.86012 0
      vertex -22.352 -3.7777 0
    endloop
  endfacet
  facet normal 0.0784506 -0.996918 0
    outer loop
      vertex -22.352 -3.7777 0
      vertex -22 -3.75 4
      vertex -22.352 -3.7777 4
    endloop
  endfacet
  facet normal 0.0784506 -0.996918 0
    outer loop
      vertex -22 -3.75 4
      vertex -22.352 -3.7777 0
      vertex -22 -3.75 0
    endloop
  endfacet
  facet normal 0.522554 -0.852606 0
    outer loop
      vertex -23.3225 -4.17971 0
      vertex -23.0215 -3.99523 4
      vertex -23.3225 -4.17971 4
    endloop
  endfacet
  facet normal 0.522554 -0.852606 0
    outer loop
      vertex -23.0215 -3.99523 4
      vertex -23.3225 -4.17971 0
      vertex -23.0215 -3.99523 0
    endloop
  endfacet
  facet normal -0.923892 -0.382654 0
    outer loop
      vertex -19.8601 -5.30471 0
      vertex -19.9952 -4.97852 4
      vertex -19.9952 -4.97852 0
    endloop
  endfacet
  facet normal -0.923892 -0.382654 0
    outer loop
      vertex -19.9952 -4.97852 4
      vertex -19.8601 -5.30471 0
      vertex -19.8601 -5.30471 4
    endloop
  endfacet
  facet normal -0.852612 -0.522545 0
    outer loop
      vertex -19.9952 -4.97852 0
      vertex -20.1797 -4.67748 4
      vertex -20.1797 -4.67748 0
    endloop
  endfacet
  facet normal -0.852612 -0.522545 0
    outer loop
      vertex -20.1797 -4.67748 4
      vertex -19.9952 -4.97852 0
      vertex -19.9952 -4.97852 4
    endloop
  endfacet
  facet normal -0.996918 -0.0784551 0
    outer loop
      vertex -19.75 -6 0
      vertex -19.7777 -5.64802 4
      vertex -19.7777 -5.64802 0
    endloop
  endfacet
  facet normal -0.996918 -0.0784551 0
    outer loop
      vertex -19.7777 -5.64802 4
      vertex -19.75 -6 0
      vertex -19.75 -6 4
    endloop
  endfacet
  facet normal -0.649414 -0.760435 0
    outer loop
      vertex -20.6775 -4.17971 0
      vertex -20.409 -4.40901 4
      vertex -20.6775 -4.17971 4
    endloop
  endfacet
  facet normal -0.649414 -0.760435 -0
    outer loop
      vertex -20.409 -4.40901 4
      vertex -20.6775 -4.17971 0
      vertex -20.409 -4.40901 0
    endloop
  endfacet
  facet normal -0.382668 -0.923886 0
    outer loop
      vertex -21.3047 -3.86012 0
      vertex -20.9785 -3.99523 4
      vertex -21.3047 -3.86012 4
    endloop
  endfacet
  facet normal -0.382668 -0.923886 -0
    outer loop
      vertex -20.9785 -3.99523 4
      vertex -21.3047 -3.86012 0
      vertex -20.9785 -3.99523 0
    endloop
  endfacet
  facet normal -0.852612 0.522545 0
    outer loop
      vertex -20.1797 -7.32252 0
      vertex -19.9952 -7.02148 4
      vertex -19.9952 -7.02148 0
    endloop
  endfacet
  facet normal -0.852612 0.522545 0
    outer loop
      vertex -19.9952 -7.02148 4
      vertex -20.1797 -7.32252 0
      vertex -20.1797 -7.32252 4
    endloop
  endfacet
  facet normal 0.923892 -0.382654 0
    outer loop
      vertex -24.1399 -5.30471 4
      vertex -24.0048 -4.97852 0
      vertex -24.0048 -4.97852 4
    endloop
  endfacet
  facet normal 0.923892 -0.382654 0
    outer loop
      vertex -24.0048 -4.97852 0
      vertex -24.1399 -5.30471 4
      vertex -24.1399 -5.30471 0
    endloop
  endfacet
  facet normal 0.972384 -0.233388 0
    outer loop
      vertex -24.2223 -5.64802 4
      vertex -24.1399 -5.30471 0
      vertex -24.1399 -5.30471 4
    endloop
  endfacet
  facet normal 0.972384 -0.233388 0
    outer loop
      vertex -24.1399 -5.30471 0
      vertex -24.2223 -5.64802 4
      vertex -24.2223 -5.64802 0
    endloop
  endfacet
  facet normal 0.382668 -0.923886 0
    outer loop
      vertex -23.0215 -3.99523 0
      vertex -22.6953 -3.86012 4
      vertex -23.0215 -3.99523 4
    endloop
  endfacet
  facet normal 0.382668 -0.923886 0
    outer loop
      vertex -22.6953 -3.86012 4
      vertex -23.0215 -3.99523 0
      vertex -22.6953 -3.86012 0
    endloop
  endfacet
  facet normal -0.972384 -0.233388 0
    outer loop
      vertex -19.7777 -5.64802 0
      vertex -19.8601 -5.30471 4
      vertex -19.8601 -5.30471 0
    endloop
  endfacet
  facet normal -0.972384 -0.233388 0
    outer loop
      vertex -19.8601 -5.30471 4
      vertex -19.7777 -5.64802 0
      vertex -19.7777 -5.64802 4
    endloop
  endfacet
  facet normal -0.996918 0.0784551 0
    outer loop
      vertex -19.7777 -6.35198 0
      vertex -19.75 -6 4
      vertex -19.75 -6 0
    endloop
  endfacet
  facet normal -0.996918 0.0784551 0
    outer loop
      vertex -19.75 -6 4
      vertex -19.7777 -6.35198 0
      vertex -19.7777 -6.35198 4
    endloop
  endfacet
  facet normal -0.233448 -0.972369 0
    outer loop
      vertex -21.648 -3.7777 0
      vertex -21.3047 -3.86012 4
      vertex -21.648 -3.7777 4
    endloop
  endfacet
  facet normal -0.233448 -0.972369 -0
    outer loop
      vertex -21.3047 -3.86012 4
      vertex -21.648 -3.7777 0
      vertex -21.3047 -3.86012 0
    endloop
  endfacet
  facet normal 0.852612 0.522545 0
    outer loop
      vertex -23.8203 -7.32252 4
      vertex -24.0048 -7.02148 0
      vertex -24.0048 -7.02148 4
    endloop
  endfacet
  facet normal 0.852612 0.522545 0
    outer loop
      vertex -24.0048 -7.02148 0
      vertex -23.8203 -7.32252 4
      vertex -23.8203 -7.32252 0
    endloop
  endfacet
  facet normal 0.996918 0.0784551 0
    outer loop
      vertex -24.2223 -6.35198 4
      vertex -24.25 -6 0
      vertex -24.25 -6 4
    endloop
  endfacet
  facet normal 0.996918 0.0784551 0
    outer loop
      vertex -24.25 -6 0
      vertex -24.2223 -6.35198 4
      vertex -24.2223 -6.35198 0
    endloop
  endfacet
  facet normal -0.760399 0.649456 0
    outer loop
      vertex -20.409 -7.59099 0
      vertex -20.1797 -7.32252 4
      vertex -20.1797 -7.32252 0
    endloop
  endfacet
  facet normal -0.760399 0.649456 0
    outer loop
      vertex -20.1797 -7.32252 4
      vertex -20.409 -7.59099 0
      vertex -20.409 -7.59099 4
    endloop
  endfacet
  facet normal 0.649414 0.760435 -0
    outer loop
      vertex -23.3225 -7.82029 0
      vertex -23.591 -7.59099 4
      vertex -23.3225 -7.82029 4
    endloop
  endfacet
  facet normal 0.649414 0.760435 0
    outer loop
      vertex -23.591 -7.59099 4
      vertex -23.3225 -7.82029 0
      vertex -23.591 -7.59099 0
    endloop
  endfacet
  facet normal 0.522533 0.852619 -0
    outer loop
      vertex -23.0215 -8.00476 0
      vertex -23.3225 -7.82029 4
      vertex -23.0215 -8.00476 4
    endloop
  endfacet
  facet normal 0.522533 0.852619 0
    outer loop
      vertex -23.3225 -7.82029 4
      vertex -23.0215 -8.00476 0
      vertex -23.3225 -7.82029 0
    endloop
  endfacet
  facet normal 0.972384 0.233388 0
    outer loop
      vertex -24.1399 -6.69529 4
      vertex -24.2223 -6.35198 0
      vertex -24.2223 -6.35198 4
    endloop
  endfacet
  facet normal 0.972384 0.233388 0
    outer loop
      vertex -24.2223 -6.35198 0
      vertex -24.1399 -6.69529 4
      vertex -24.1399 -6.69529 0
    endloop
  endfacet
  facet normal 0.923892 0.382654 0
    outer loop
      vertex -24.0048 -7.02148 4
      vertex -24.1399 -6.69529 0
      vertex -24.1399 -6.69529 4
    endloop
  endfacet
  facet normal 0.923892 0.382654 0
    outer loop
      vertex -24.1399 -6.69529 0
      vertex -24.0048 -7.02148 4
      vertex -24.0048 -7.02148 0
    endloop
  endfacet
  facet normal -0.649414 0.760435 0
    outer loop
      vertex -20.409 -7.59099 0
      vertex -20.6775 -7.82029 4
      vertex -20.409 -7.59099 4
    endloop
  endfacet
  facet normal -0.649414 0.760435 0
    outer loop
      vertex -20.6775 -7.82029 4
      vertex -20.409 -7.59099 0
      vertex -20.6775 -7.82029 0
    endloop
  endfacet
  facet normal 0.382692 0.923876 -0
    outer loop
      vertex -22.6953 -8.13988 0
      vertex -23.0215 -8.00476 4
      vertex -22.6953 -8.13988 4
    endloop
  endfacet
  facet normal 0.382692 0.923876 0
    outer loop
      vertex -23.0215 -8.00476 4
      vertex -22.6953 -8.13988 0
      vertex -23.0215 -8.00476 0
    endloop
  endfacet
  facet normal 0.233448 0.972369 -0
    outer loop
      vertex -22.352 -8.2223 0
      vertex -22.6953 -8.13988 4
      vertex -22.352 -8.2223 4
    endloop
  endfacet
  facet normal 0.233448 0.972369 0
    outer loop
      vertex -22.6953 -8.13988 4
      vertex -22.352 -8.2223 0
      vertex -22.6953 -8.13988 0
    endloop
  endfacet
  facet normal -0.522533 0.852619 0
    outer loop
      vertex -20.6775 -7.82029 0
      vertex -20.9785 -8.00476 4
      vertex -20.6775 -7.82029 4
    endloop
  endfacet
  facet normal -0.522533 0.852619 0
    outer loop
      vertex -20.9785 -8.00476 4
      vertex -20.6775 -7.82029 0
      vertex -20.9785 -8.00476 0
    endloop
  endfacet
  facet normal -0.0784506 0.996918 0
    outer loop
      vertex -21.648 -8.2223 0
      vertex -22 -8.25 4
      vertex -21.648 -8.2223 4
    endloop
  endfacet
  facet normal -0.0784506 0.996918 0
    outer loop
      vertex -22 -8.25 4
      vertex -21.648 -8.2223 0
      vertex -22 -8.25 0
    endloop
  endfacet
  facet normal -0.923892 0.382654 0
    outer loop
      vertex -19.9952 -7.02148 0
      vertex -19.8601 -6.69529 4
      vertex -19.8601 -6.69529 0
    endloop
  endfacet
  facet normal -0.923892 0.382654 0
    outer loop
      vertex -19.8601 -6.69529 4
      vertex -19.9952 -7.02148 0
      vertex -19.9952 -7.02148 4
    endloop
  endfacet
  facet normal -0.972384 0.233388 0
    outer loop
      vertex -19.8601 -6.69529 0
      vertex -19.7777 -6.35198 4
      vertex -19.7777 -6.35198 0
    endloop
  endfacet
  facet normal -0.972384 0.233388 0
    outer loop
      vertex -19.7777 -6.35198 4
      vertex -19.8601 -6.69529 0
      vertex -19.8601 -6.69529 4
    endloop
  endfacet
  facet normal -0.382692 0.923876 0
    outer loop
      vertex -20.9785 -8.00476 0
      vertex -21.3047 -8.13988 4
      vertex -20.9785 -8.00476 4
    endloop
  endfacet
  facet normal -0.382692 0.923876 0
    outer loop
      vertex -21.3047 -8.13988 4
      vertex -20.9785 -8.00476 0
      vertex -21.3047 -8.13988 0
    endloop
  endfacet
  facet normal -0.233448 0.972369 0
    outer loop
      vertex -21.3047 -8.13988 0
      vertex -21.648 -8.2223 4
      vertex -21.3047 -8.13988 4
    endloop
  endfacet
  facet normal -0.233448 0.972369 0
    outer loop
      vertex -21.648 -8.2223 4
      vertex -21.3047 -8.13988 0
      vertex -21.648 -8.2223 0
    endloop
  endfacet
  facet normal 1 0 0
    outer loop
      vertex 0 4 4
      vertex 0 0 0
      vertex 0 4 -19.4
    endloop
  endfacet
  facet normal 1 -0 0
    outer loop
      vertex 0 -14 4
      vertex 0 0 0
      vertex 0 4 4
    endloop
  endfacet
  facet normal 1 0 0
    outer loop
      vertex 0 0 0
      vertex 0 -14 4
      vertex 0 -14 0
    endloop
  endfacet
  facet normal 1 -0 0
    outer loop
      vertex 0 4 -19.4
      vertex 0 38 -22.4
      vertex 0 38 -19.4
    endloop
  endfacet
  facet normal 1 0 0
    outer loop
      vertex 0 4 -19.4
      vertex 0 0 -22.4
      vertex 0 38 -22.4
    endloop
  endfacet
  facet normal 1 0 0
    outer loop
      vertex 0 0 -22.4
      vertex 0 4 -19.4
      vertex 0 0 0
    endloop
  endfacet
  facet normal 0 0 1
    outer loop
      vertex 0 4 4
      vertex -3.75 -6 4
      vertex 0 -14 4
    endloop
  endfacet
  facet normal 0 0 1
    outer loop
      vertex 0 4 4
      vertex -3.7777 -5.64802 4
      vertex -3.75 -6 4
    endloop
  endfacet
  facet normal 0 0 1
    outer loop
      vertex 0 4 4
      vertex -3.86012 -5.30471 4
      vertex -3.7777 -5.64802 4
    endloop
  endfacet
  facet normal 0 0 1
    outer loop
      vertex 0 4 4
      vertex -3.99523 -4.97852 4
      vertex -3.86012 -5.30471 4
    endloop
  endfacet
  facet normal 0 0 1
    outer loop
      vertex 0 4 4
      vertex -4.17971 -4.67748 4
      vertex -3.99523 -4.97852 4
    endloop
  endfacet
  facet normal 0 0 1
    outer loop
      vertex 0 4 4
      vertex -4.40901 -4.40901 4
      vertex -4.17971 -4.67748 4
    endloop
  endfacet
  facet normal 0 0 1
    outer loop
      vertex 0 4 4
      vertex -4.67748 -4.17971 4
      vertex -4.40901 -4.40901 4
    endloop
  endfacet
  facet normal 0 0 1
    outer loop
      vertex 0 4 4
      vertex -4.97852 -3.99523 4
      vertex -4.67748 -4.17971 4
    endloop
  endfacet
  facet normal 0 0 1
    outer loop
      vertex 0 4 4
      vertex -5.30471 -3.86012 4
      vertex -4.97852 -3.99523 4
    endloop
  endfacet
  facet normal 0 0 1
    outer loop
      vertex 0 4 4
      vertex -5.64802 -3.7777 4
      vertex -5.30471 -3.86012 4
    endloop
  endfacet
  facet normal 0 0 1
    outer loop
      vertex 0 4 4
      vertex -6 -3.75 4
      vertex -5.64802 -3.7777 4
    endloop
  endfacet
  facet normal 0 0 1
    outer loop
      vertex 0 4 4
      vertex -6.35198 -3.7777 4
      vertex -6 -3.75 4
    endloop
  endfacet
  facet normal 0 0 1
    outer loop
      vertex 0 4 4
      vertex -6.69529 -3.86012 4
      vertex -6.35198 -3.7777 4
    endloop
  endfacet
  facet normal 0 0 1
    outer loop
      vertex 0 4 4
      vertex -7.02148 -3.99523 4
      vertex -6.69529 -3.86012 4
    endloop
  endfacet
  facet normal 0 0 1
    outer loop
      vertex -20.9785 -3.99523 4
      vertex -7.02148 -3.99523 4
      vertex 0 4 4
    endloop
  endfacet
  facet normal 0 0 1
    outer loop
      vertex -7.02148 -3.99523 4
      vertex -20.9785 -3.99523 4
      vertex -7.32252 -4.17971 4
    endloop
  endfacet
  facet normal 0 0 1
    outer loop
      vertex -8.2223 -5.64802 4
      vertex -19.75 -6 4
      vertex -8.25 -6 4
    endloop
  endfacet
  facet normal 0 0 1
    outer loop
      vertex -19.7777 -5.64802 4
      vertex -8.2223 -5.64802 4
      vertex -8.13988 -5.30471 4
    endloop
  endfacet
  facet normal 0 0 1
    outer loop
      vertex -19.8601 -5.30471 4
      vertex -8.13988 -5.30471 4
      vertex -8.00476 -4.97852 4
    endloop
  endfacet
  facet normal 0 0 1
    outer loop
      vertex -19.9952 -4.97852 4
      vertex -8.00476 -4.97852 4
      vertex -7.82029 -4.67748 4
    endloop
  endfacet
  facet normal 0 0 1
    outer loop
      vertex -20.1797 -4.67748 4
      vertex -7.82029 -4.67748 4
      vertex -7.59099 -4.40901 4
    endloop
  endfacet
  facet normal 0 -0 1
    outer loop
      vertex -20.6775 -4.17971 4
      vertex -7.32252 -4.17971 4
      vertex -20.9785 -3.99523 4
    endloop
  endfacet
  facet normal 0 0 1
    outer loop
      vertex -8.2223 -5.64802 4
      vertex -19.7777 -5.64802 4
      vertex -19.75 -6 4
    endloop
  endfacet
  facet normal 0 0 1
    outer loop
      vertex -8.13988 -5.30471 4
      vertex -19.8601 -5.30471 4
      vertex -19.7777 -5.64802 4
    endloop
  endfacet
  facet normal 0 0 1
    outer loop
      vertex -8.00476 -4.97852 4
      vertex -19.9952 -4.97852 4
      vertex -19.8601 -5.30471 4
    endloop
  endfacet
  facet normal 0 0 1
    outer loop
      vertex -7.82029 -4.67748 4
      vertex -20.1797 -4.67748 4
      vertex -19.9952 -4.97852 4
    endloop
  endfacet
  facet normal 0 0 1
    outer loop
      vertex -7.59099 -4.40901 4
      vertex -20.409 -4.40901 4
      vertex -20.1797 -4.67748 4
    endloop
  endfacet
  facet normal 0 0 1
    outer loop
      vertex -7.59099 -4.40901 4
      vertex -20.6775 -4.17971 4
      vertex -20.409 -4.40901 4
    endloop
  endfacet
  facet normal 0 0 1
    outer loop
      vertex -7.32252 -4.17971 4
      vertex -20.6775 -4.17971 4
      vertex -7.59099 -4.40901 4
    endloop
  endfacet
  facet normal -0 0 1
    outer loop
      vertex -28 4 4
      vertex -20.9785 -3.99523 4
      vertex 0 4 4
    endloop
  endfacet
  facet normal 0 0 1
    outer loop
      vertex -20.9785 -3.99523 4
      vertex -28 4 4
      vertex -21.3047 -3.86012 4
    endloop
  endfacet
  facet normal 0 0 1
    outer loop
      vertex -21.3047 -3.86012 4
      vertex -28 4 4
      vertex -21.648 -3.7777 4
    endloop
  endfacet
  facet normal 0 0 1
    outer loop
      vertex -21.648 -3.7777 4
      vertex -28 4 4
      vertex -22 -3.75 4
    endloop
  endfacet
  facet normal 0 0 1
    outer loop
      vertex -22 -3.75 4
      vertex -28 4 4
      vertex -22.352 -3.7777 4
    endloop
  endfacet
  facet normal 0 0 1
    outer loop
      vertex -24.2223 -5.64802 4
      vertex -28 4 4
      vertex -24.25 -6 4
    endloop
  endfacet
  facet normal 0 0 1
    outer loop
      vertex -24.1399 -5.30471 4
      vertex -28 4 4
      vertex -24.2223 -5.64802 4
    endloop
  endfacet
  facet normal 0 0 1
    outer loop
      vertex -24.0048 -4.97852 4
      vertex -28 4 4
      vertex -24.1399 -5.30471 4
    endloop
  endfacet
  facet normal 0 0 1
    outer loop
      vertex -23.8203 -4.67748 4
      vertex -28 4 4
      vertex -24.0048 -4.97852 4
    endloop
  endfacet
  facet normal 0 0 1
    outer loop
      vertex -23.591 -4.40901 4
      vertex -28 4 4
      vertex -23.8203 -4.67748 4
    endloop
  endfacet
  facet normal 0 0 1
    outer loop
      vertex -23.3225 -4.17971 4
      vertex -28 4 4
      vertex -23.591 -4.40901 4
    endloop
  endfacet
  facet normal 0 0 1
    outer loop
      vertex -23.0215 -3.99523 4
      vertex -28 4 4
      vertex -23.3225 -4.17971 4
    endloop
  endfacet
  facet normal 0 0 1
    outer loop
      vertex -22.6953 -3.86012 4
      vertex -28 4 4
      vertex -23.0215 -3.99523 4
    endloop
  endfacet
  facet normal 0 0 1
    outer loop
      vertex -22.352 -3.7777 4
      vertex -28 4 4
      vertex -22.6953 -3.86012 4
    endloop
  endfacet
  facet normal -0 0 1
    outer loop
      vertex -3.7777 -6.35198 4
      vertex 0 -14 4
      vertex -3.75 -6 4
    endloop
  endfacet
  facet normal -0 0 1
    outer loop
      vertex -3.86012 -6.69529 4
      vertex 0 -14 4
      vertex -3.7777 -6.35198 4
    endloop
  endfacet
  facet normal -0 0 1
    outer loop
      vertex -3.99523 -7.02148 4
      vertex 0 -14 4
      vertex -3.86012 -6.69529 4
    endloop
  endfacet
  facet normal -0 0 1
    outer loop
      vertex -4.17971 -7.32252 4
      vertex 0 -14 4
      vertex -3.99523 -7.02148 4
    endloop
  endfacet
  facet normal -0 0 1
    outer loop
      vertex -4.40901 -7.59099 4
      vertex 0 -14 4
      vertex -4.17971 -7.32252 4
    endloop
  endfacet
  facet normal -0 0 1
    outer loop
      vertex -4.67748 -7.82029 4
      vertex 0 -14 4
      vertex -4.40901 -7.59099 4
    endloop
  endfacet
  facet normal -0 0 1
    outer loop
      vertex -4.97852 -8.00476 4
      vertex 0 -14 4
      vertex -4.67748 -7.82029 4
    endloop
  endfacet
  facet normal -0 0 1
    outer loop
      vertex -5.30471 -8.13988 4
      vertex 0 -14 4
      vertex -4.97852 -8.00476 4
    endloop
  endfacet
  facet normal -0 0 1
    outer loop
      vertex -5.64802 -8.2223 4
      vertex 0 -14 4
      vertex -5.30471 -8.13988 4
    endloop
  endfacet
  facet normal -0 0 1
    outer loop
      vertex -6 -8.25 4
      vertex 0 -14 4
      vertex -5.64802 -8.2223 4
    endloop
  endfacet
  facet normal 0 0 1
    outer loop
      vertex -6.35198 -8.2223 4
      vertex 0 -14 4
      vertex -6 -8.25 4
    endloop
  endfacet
  facet normal 0 0 1
    outer loop
      vertex -6.69529 -8.13988 4
      vertex 0 -14 4
      vertex -6.35198 -8.2223 4
    endloop
  endfacet
  facet normal 0 0 1
    outer loop
      vertex -7.02148 -8.00476 4
      vertex 0 -14 4
      vertex -6.69529 -8.13988 4
    endloop
  endfacet
  facet normal 0 0 1
    outer loop
      vertex -20.9785 -8.00476 4
      vertex -7.02148 -8.00476 4
      vertex -7.32252 -7.82029 4
    endloop
  endfacet
  facet normal -0 0 1
    outer loop
      vertex -19.75 -6 4
      vertex -8.2223 -6.35198 4
      vertex -8.25 -6 4
    endloop
  endfacet
  facet normal 0 0 1
    outer loop
      vertex -19.7777 -6.35198 4
      vertex -8.2223 -6.35198 4
      vertex -19.75 -6 4
    endloop
  endfacet
  facet normal 0 0 1
    outer loop
      vertex -8.2223 -6.35198 4
      vertex -19.7777 -6.35198 4
      vertex -8.13988 -6.69529 4
    endloop
  endfacet
  facet normal 0 0 1
    outer loop
      vertex -19.8601 -6.69529 4
      vertex -8.13988 -6.69529 4
      vertex -19.7777 -6.35198 4
    endloop
  endfacet
  facet normal 0 0 1
    outer loop
      vertex -8.13988 -6.69529 4
      vertex -19.8601 -6.69529 4
      vertex -8.00476 -7.02148 4
    endloop
  endfacet
  facet normal 0 0 1
    outer loop
      vertex -19.9952 -7.02148 4
      vertex -8.00476 -7.02148 4
      vertex -19.8601 -6.69529 4
    endloop
  endfacet
  facet normal 0 0 1
    outer loop
      vertex -8.00476 -7.02148 4
      vertex -19.9952 -7.02148 4
      vertex -7.82029 -7.32252 4
    endloop
  endfacet
  facet normal 0 0 1
    outer loop
      vertex -20.1797 -7.32252 4
      vertex -7.82029 -7.32252 4
      vertex -19.9952 -7.02148 4
    endloop
  endfacet
  facet normal 0 0 1
    outer loop
      vertex -7.82029 -7.32252 4
      vertex -20.1797 -7.32252 4
      vertex -7.59099 -7.59099 4
    endloop
  endfacet
  facet normal 0 0 1
    outer loop
      vertex -20.409 -7.59099 4
      vertex -7.59099 -7.59099 4
      vertex -20.1797 -7.32252 4
    endloop
  endfacet
  facet normal 0 0 1
    outer loop
      vertex -7.59099 -7.59099 4
      vertex -20.409 -7.59099 4
      vertex -7.32252 -7.82029 4
    endloop
  endfacet
  facet normal 0 0 1
    outer loop
      vertex -20.6775 -7.82029 4
      vertex -7.32252 -7.82029 4
      vertex -20.409 -7.59099 4
    endloop
  endfacet
  facet normal 0 0 1
    outer loop
      vertex -20.9785 -8.00476 4
      vertex -7.32252 -7.82029 4
      vertex -20.6775 -7.82029 4
    endloop
  endfacet
  facet normal 0 0 1
    outer loop
      vertex -7.02148 -8.00476 4
      vertex -20.9785 -8.00476 4
      vertex 0 -14 4
    endloop
  endfacet
  facet normal 0 0 1
    outer loop
      vertex -28 -14 4
      vertex -20.9785 -8.00476 4
      vertex -21.3047 -8.13988 4
    endloop
  endfacet
  facet normal 0 0 1
    outer loop
      vertex -28 -14 4
      vertex -21.3047 -8.13988 4
      vertex -21.648 -8.2223 4
    endloop
  endfacet
  facet normal 0 0 1
    outer loop
      vertex -28 -14 4
      vertex -21.648 -8.2223 4
      vertex -22 -8.25 4
    endloop
  endfacet
  facet normal 0 0 1
    outer loop
      vertex -28 -14 4
      vertex -22 -8.25 4
      vertex -22.352 -8.2223 4
    endloop
  endfacet
  facet normal 0 0 1
    outer loop
      vertex -28 -14 4
      vertex -22.352 -8.2223 4
      vertex -22.6953 -8.13988 4
    endloop
  endfacet
  facet normal 0 0 1
    outer loop
      vertex -28 -14 4
      vertex -24.25 -6 4
      vertex -28 4 4
    endloop
  endfacet
  facet normal 0 0 1
    outer loop
      vertex -24.25 -6 4
      vertex -28 -14 4
      vertex -24.2223 -6.35198 4
    endloop
  endfacet
  facet normal 0 0 1
    outer loop
      vertex -20.9785 -8.00476 4
      vertex -28 -14 4
      vertex 0 -14 4
    endloop
  endfacet
  facet normal 0 0 1
    outer loop
      vertex -23.0215 -8.00476 4
      vertex -28 -14 4
      vertex -22.6953 -8.13988 4
    endloop
  endfacet
  facet normal 0 0 1
    outer loop
      vertex -23.3225 -7.82029 4
      vertex -28 -14 4
      vertex -23.0215 -8.00476 4
    endloop
  endfacet
  facet normal 0 0 1
    outer loop
      vertex -23.591 -7.59099 4
      vertex -28 -14 4
      vertex -23.3225 -7.82029 4
    endloop
  endfacet
  facet normal 0 0 1
    outer loop
      vertex -23.8203 -7.32252 4
      vertex -28 -14 4
      vertex -23.591 -7.59099 4
    endloop
  endfacet
  facet normal 0 0 1
    outer loop
      vertex -24.0048 -7.02148 4
      vertex -28 -14 4
      vertex -23.8203 -7.32252 4
    endloop
  endfacet
  facet normal 0 0 1
    outer loop
      vertex -24.1399 -6.69529 4
      vertex -28 -14 4
      vertex -24.0048 -7.02148 4
    endloop
  endfacet
  facet normal 0 0 1
    outer loop
      vertex -24.2223 -6.35198 4
      vertex -28 -14 4
      vertex -24.1399 -6.69529 4
    endloop
  endfacet
  facet normal -1 0 0
    outer loop
      vertex -28 38 -22.4
      vertex -28 4 -19.4
      vertex -28 38 -19.4
    endloop
  endfacet
  facet normal -1 0 0
    outer loop
      vertex -28 0 -22.4
      vertex -28 4 -19.4
      vertex -28 38 -22.4
    endloop
  endfacet
  facet normal -1 0 0
    outer loop
      vertex -28 0 0
      vertex -28 4 -19.4
      vertex -28 0 -22.4
    endloop
  endfacet
  facet normal -1 0 0
    outer loop
      vertex -28 4 -19.4
      vertex -28 0 0
      vertex -28 4 4
    endloop
  endfacet
  facet normal -1 0 0
    outer loop
      vertex -28 -14 4
      vertex -28 0 0
      vertex -28 -14 0
    endloop
  endfacet
  facet normal -1 0 0
    outer loop
      vertex -28 0 0
      vertex -28 -14 4
      vertex -28 4 4
    endloop
  endfacet
  facet normal 0 -1 0
    outer loop
      vertex -28 0 -22.4
      vertex 0 0 0
      vertex -28 0 0
    endloop
  endfacet
  facet normal 0 -1 -0
    outer loop
      vertex 0 0 0
      vertex -28 0 -22.4
      vertex 0 0 -22.4
    endloop
  endfacet
  facet normal 0 0 -1
    outer loop
      vertex -3.7777 -6.35198 0
      vertex 0 0 0
      vertex 0 -14 0
    endloop
  endfacet
  facet normal 0 0 -1
    outer loop
      vertex 0 0 0
      vertex -3.7777 -6.35198 0
      vertex -3.75 -6 0
    endloop
  endfacet
  facet normal 0 0 -1
    outer loop
      vertex 0 -14 0
      vertex -3.86012 -6.69529 0
      vertex -3.7777 -6.35198 0
    endloop
  endfacet
  facet normal 0 0 -1
    outer loop
      vertex 0 -14 0
      vertex -3.99523 -7.02148 0
      vertex -3.86012 -6.69529 0
    endloop
  endfacet
  facet normal 0 0 -1
    outer loop
      vertex 0 -14 0
      vertex -4.17971 -7.32252 0
      vertex -3.99523 -7.02148 0
    endloop
  endfacet
  facet normal 0 0 -1
    outer loop
      vertex 0 -14 0
      vertex -4.40901 -7.59099 0
      vertex -4.17971 -7.32252 0
    endloop
  endfacet
  facet normal 0 0 -1
    outer loop
      vertex 0 -14 0
      vertex -4.67748 -7.82029 0
      vertex -4.40901 -7.59099 0
    endloop
  endfacet
  facet normal 0 0 -1
    outer loop
      vertex 0 -14 0
      vertex -4.97852 -8.00476 0
      vertex -4.67748 -7.82029 0
    endloop
  endfacet
  facet normal 0 0 -1
    outer loop
      vertex 0 -14 0
      vertex -5.30471 -8.13988 0
      vertex -4.97852 -8.00476 0
    endloop
  endfacet
  facet normal 0 0 -1
    outer loop
      vertex 0 -14 0
      vertex -5.64802 -8.2223 0
      vertex -5.30471 -8.13988 0
    endloop
  endfacet
  facet normal 0 0 -1
    outer loop
      vertex 0 -14 0
      vertex -6 -8.25 0
      vertex -5.64802 -8.2223 0
    endloop
  endfacet
  facet normal 0 0 -1
    outer loop
      vertex 0 -14 0
      vertex -6.35198 -8.2223 0
      vertex -6 -8.25 0
    endloop
  endfacet
  facet normal 0 0 -1
    outer loop
      vertex 0 -14 0
      vertex -6.69529 -8.13988 0
      vertex -6.35198 -8.2223 0
    endloop
  endfacet
  facet normal 0 0 -1
    outer loop
      vertex 0 -14 0
      vertex -7.02148 -8.00476 0
      vertex -6.69529 -8.13988 0
    endloop
  endfacet
  facet normal 0 0 -1
    outer loop
      vertex -20.9785 -8.00476 0
      vertex -7.02148 -8.00476 0
      vertex 0 -14 0
    endloop
  endfacet
  facet normal 0 0 -1
    outer loop
      vertex -8.2223 -6.35198 0
      vertex -19.75 -6 0
      vertex -8.25 -6 0
    endloop
  endfacet
  facet normal 0 0 -1
    outer loop
      vertex -19.7777 -6.35198 0
      vertex -8.2223 -6.35198 0
      vertex -8.13988 -6.69529 0
    endloop
  endfacet
  facet normal 0 0 -1
    outer loop
      vertex -19.8601 -6.69529 0
      vertex -8.13988 -6.69529 0
      vertex -8.00476 -7.02148 0
    endloop
  endfacet
  facet normal 0 0 -1
    outer loop
      vertex -19.9952 -7.02148 0
      vertex -8.00476 -7.02148 0
      vertex -7.82029 -7.32252 0
    endloop
  endfacet
  facet normal 0 0 -1
    outer loop
      vertex -20.1797 -7.32252 0
      vertex -7.82029 -7.32252 0
      vertex -7.59099 -7.59099 0
    endloop
  endfacet
  facet normal 0 0 -1
    outer loop
      vertex -20.409 -7.59099 0
      vertex -7.59099 -7.59099 0
      vertex -7.32252 -7.82029 0
    endloop
  endfacet
  facet normal 0 0 -1
    outer loop
      vertex -7.02148 -8.00476 0
      vertex -20.9785 -8.00476 0
      vertex -7.32252 -7.82029 0
    endloop
  endfacet
  facet normal 0 0 -1
    outer loop
      vertex -8.2223 -6.35198 0
      vertex -19.7777 -6.35198 0
      vertex -19.75 -6 0
    endloop
  endfacet
  facet normal 0 0 -1
    outer loop
      vertex -8.13988 -6.69529 0
      vertex -19.8601 -6.69529 0
      vertex -19.7777 -6.35198 0
    endloop
  endfacet
  facet normal 0 0 -1
    outer loop
      vertex -8.00476 -7.02148 0
      vertex -19.9952 -7.02148 0
      vertex -19.8601 -6.69529 0
    endloop
  endfacet
  facet normal 0 0 -1
    outer loop
      vertex -7.82029 -7.32252 0
      vertex -20.1797 -7.32252 0
      vertex -19.9952 -7.02148 0
    endloop
  endfacet
  facet normal 0 0 -1
    outer loop
      vertex -7.59099 -7.59099 0
      vertex -20.409 -7.59099 0
      vertex -20.1797 -7.32252 0
    endloop
  endfacet
  facet normal 0 0 -1
    outer loop
      vertex -7.32252 -7.82029 0
      vertex -20.6775 -7.82029 0
      vertex -20.409 -7.59099 0
    endloop
  endfacet
  facet normal -0 0 -1
    outer loop
      vertex -7.32252 -7.82029 0
      vertex -20.9785 -8.00476 0
      vertex -20.6775 -7.82029 0
    endloop
  endfacet
  facet normal 0 0 -1
    outer loop
      vertex -28 -14 0
      vertex -20.9785 -8.00476 0
      vertex 0 -14 0
    endloop
  endfacet
  facet normal 0 0 -1
    outer loop
      vertex -20.9785 -8.00476 0
      vertex -28 -14 0
      vertex -21.3047 -8.13988 0
    endloop
  endfacet
  facet normal 0 0 -1
    outer loop
      vertex -21.3047 -8.13988 0
      vertex -28 -14 0
      vertex -21.648 -8.2223 0
    endloop
  endfacet
  facet normal 0 0 -1
    outer loop
      vertex -21.648 -8.2223 0
      vertex -28 -14 0
      vertex -22 -8.25 0
    endloop
  endfacet
  facet normal -0 0 -1
    outer loop
      vertex -22 -8.25 0
      vertex -28 -14 0
      vertex -22.352 -8.2223 0
    endloop
  endfacet
  facet normal 0 0 -1
    outer loop
      vertex -28 0 0
      vertex -24.2223 -6.35198 0
      vertex -28 -14 0
    endloop
  endfacet
  facet normal -0 0 -1
    outer loop
      vertex -24.1399 -6.69529 0
      vertex -28 -14 0
      vertex -24.2223 -6.35198 0
    endloop
  endfacet
  facet normal -0 0 -1
    outer loop
      vertex -24.0048 -7.02148 0
      vertex -28 -14 0
      vertex -24.1399 -6.69529 0
    endloop
  endfacet
  facet normal -0 0 -1
    outer loop
      vertex -23.8203 -7.32252 0
      vertex -28 -14 0
      vertex -24.0048 -7.02148 0
    endloop
  endfacet
  facet normal -0 0 -1
    outer loop
      vertex -23.591 -7.59099 0
      vertex -28 -14 0
      vertex -23.8203 -7.32252 0
    endloop
  endfacet
  facet normal -0 0 -1
    outer loop
      vertex -23.3225 -7.82029 0
      vertex -28 -14 0
      vertex -23.591 -7.59099 0
    endloop
  endfacet
  facet normal -0 0 -1
    outer loop
      vertex -23.0215 -8.00476 0
      vertex -28 -14 0
      vertex -23.3225 -7.82029 0
    endloop
  endfacet
  facet normal -0 0 -1
    outer loop
      vertex -22.6953 -8.13988 0
      vertex -28 -14 0
      vertex -23.0215 -8.00476 0
    endloop
  endfacet
  facet normal -0 0 -1
    outer loop
      vertex -22.352 -8.2223 0
      vertex -28 -14 0
      vertex -22.6953 -8.13988 0
    endloop
  endfacet
  facet normal 0 0 -1
    outer loop
      vertex -3.7777 -5.64802 0
      vertex 0 0 0
      vertex -3.75 -6 0
    endloop
  endfacet
  facet normal 0 0 -1
    outer loop
      vertex -3.86012 -5.30471 0
      vertex 0 0 0
      vertex -3.7777 -5.64802 0
    endloop
  endfacet
  facet normal 0 0 -1
    outer loop
      vertex -3.99523 -4.97852 0
      vertex 0 0 0
      vertex -3.86012 -5.30471 0
    endloop
  endfacet
  facet normal 0 0 -1
    outer loop
      vertex -4.17971 -4.67748 0
      vertex 0 0 0
      vertex -3.99523 -4.97852 0
    endloop
  endfacet
  facet normal 0 0 -1
    outer loop
      vertex -4.40901 -4.40901 0
      vertex 0 0 0
      vertex -4.17971 -4.67748 0
    endloop
  endfacet
  facet normal 0 0 -1
    outer loop
      vertex -4.67748 -4.17971 0
      vertex 0 0 0
      vertex -4.40901 -4.40901 0
    endloop
  endfacet
  facet normal 0 0 -1
    outer loop
      vertex -4.97852 -3.99523 0
      vertex 0 0 0
      vertex -4.67748 -4.17971 0
    endloop
  endfacet
  facet normal 0 0 -1
    outer loop
      vertex -5.30471 -3.86012 0
      vertex 0 0 0
      vertex -4.97852 -3.99523 0
    endloop
  endfacet
  facet normal 0 0 -1
    outer loop
      vertex -5.64802 -3.7777 0
      vertex 0 0 0
      vertex -5.30471 -3.86012 0
    endloop
  endfacet
  facet normal 0 0 -1
    outer loop
      vertex -6 -3.75 0
      vertex 0 0 0
      vertex -5.64802 -3.7777 0
    endloop
  endfacet
  facet normal 0 0 -1
    outer loop
      vertex -6.35198 -3.7777 0
      vertex 0 0 0
      vertex -6 -3.75 0
    endloop
  endfacet
  facet normal 0 0 -1
    outer loop
      vertex -6.69529 -3.86012 0
      vertex 0 0 0
      vertex -6.35198 -3.7777 0
    endloop
  endfacet
  facet normal 0 0 -1
    outer loop
      vertex -21.3047 -3.86012 0
      vertex -6.69529 -3.86012 0
      vertex -7.02148 -3.99523 0
    endloop
  endfacet
  facet normal 0 0 -1
    outer loop
      vertex -19.75 -6 0
      vertex -8.2223 -5.64802 0
      vertex -8.25 -6 0
    endloop
  endfacet
  facet normal 0 0 -1
    outer loop
      vertex -19.7777 -5.64802 0
      vertex -8.2223 -5.64802 0
      vertex -19.75 -6 0
    endloop
  endfacet
  facet normal 0 0 -1
    outer loop
      vertex -8.2223 -5.64802 0
      vertex -19.7777 -5.64802 0
      vertex -8.13988 -5.30471 0
    endloop
  endfacet
  facet normal 0 0 -1
    outer loop
      vertex -19.8601 -5.30471 0
      vertex -8.13988 -5.30471 0
      vertex -19.7777 -5.64802 0
    endloop
  endfacet
  facet normal 0 0 -1
    outer loop
      vertex -8.13988 -5.30471 0
      vertex -19.8601 -5.30471 0
      vertex -8.00476 -4.97852 0
    endloop
  endfacet
  facet normal 0 0 -1
    outer loop
      vertex -19.9952 -4.97852 0
      vertex -8.00476 -4.97852 0
      vertex -19.8601 -5.30471 0
    endloop
  endfacet
  facet normal 0 0 -1
    outer loop
      vertex -8.00476 -4.97852 0
      vertex -19.9952 -4.97852 0
      vertex -7.82029 -4.67748 0
    endloop
  endfacet
  facet normal 0 0 -1
    outer loop
      vertex -20.1797 -4.67748 0
      vertex -7.82029 -4.67748 0
      vertex -19.9952 -4.97852 0
    endloop
  endfacet
  facet normal 0 0 -1
    outer loop
      vertex -7.82029 -4.67748 0
      vertex -20.1797 -4.67748 0
      vertex -7.59099 -4.40901 0
    endloop
  endfacet
  facet normal 0 0 -1
    outer loop
      vertex -20.409 -4.40901 0
      vertex -7.59099 -4.40901 0
      vertex -20.1797 -4.67748 0
    endloop
  endfacet
  facet normal 0 0 -1
    outer loop
      vertex -7.59099 -4.40901 0
      vertex -20.409 -4.40901 0
      vertex -7.32252 -4.17971 0
    endloop
  endfacet
  facet normal 0 0 -1
    outer loop
      vertex -20.6775 -4.17971 0
      vertex -7.32252 -4.17971 0
      vertex -20.409 -4.40901 0
    endloop
  endfacet
  facet normal 0 0 -1
    outer loop
      vertex -7.32252 -4.17971 0
      vertex -20.6775 -4.17971 0
      vertex -7.02148 -3.99523 0
    endloop
  endfacet
  facet normal 0 0 -1
    outer loop
      vertex -20.9785 -3.99523 0
      vertex -7.02148 -3.99523 0
      vertex -20.6775 -4.17971 0
    endloop
  endfacet
  facet normal 0 0 -1
    outer loop
      vertex -21.3047 -3.86012 0
      vertex -7.02148 -3.99523 0
      vertex -20.9785 -3.99523 0
    endloop
  endfacet
  facet normal 0 0 -1
    outer loop
      vertex -6.69529 -3.86012 0
      vertex -21.3047 -3.86012 0
      vertex 0 0 0
    endloop
  endfacet
  facet normal 0 0 -1
    outer loop
      vertex -28 0 0
      vertex -21.3047 -3.86012 0
      vertex -21.648 -3.7777 0
    endloop
  endfacet
  facet normal 0 0 -1
    outer loop
      vertex -28 0 0
      vertex -21.648 -3.7777 0
      vertex -22 -3.75 0
    endloop
  endfacet
  facet normal 0 0 -1
    outer loop
      vertex -28 0 0
      vertex -22 -3.75 0
      vertex -22.352 -3.7777 0
    endloop
  endfacet
  facet normal 0 0 -1
    outer loop
      vertex -24.2223 -6.35198 0
      vertex -28 0 0
      vertex -24.25 -6 0
    endloop
  endfacet
  facet normal 0 0 -1
    outer loop
      vertex -24.25 -6 0
      vertex -28 0 0
      vertex -24.2223 -5.64802 0
    endloop
  endfacet
  facet normal 0 0 -1
    outer loop
      vertex -24.2223 -5.64802 0
      vertex -28 0 0
      vertex -24.1399 -5.30471 0
    endloop
  endfacet
  facet normal 0 0 -1
    outer loop
      vertex -21.3047 -3.86012 0
      vertex -28 0 0
      vertex 0 0 0
    endloop
  endfacet
  facet normal 0 0 -1
    outer loop
      vertex -22.6953 -3.86012 0
      vertex -28 0 0
      vertex -22.352 -3.7777 0
    endloop
  endfacet
  facet normal 0 0 -1
    outer loop
      vertex -23.0215 -3.99523 0
      vertex -28 0 0
      vertex -22.6953 -3.86012 0
    endloop
  endfacet
  facet normal 0 0 -1
    outer loop
      vertex -23.3225 -4.17971 0
      vertex -28 0 0
      vertex -23.0215 -3.99523 0
    endloop
  endfacet
  facet normal 0 0 -1
    outer loop
      vertex -23.591 -4.40901 0
      vertex -28 0 0
      vertex -23.3225 -4.17971 0
    endloop
  endfacet
  facet normal 0 0 -1
    outer loop
      vertex -23.8203 -4.67748 0
      vertex -28 0 0
      vertex -23.591 -4.40901 0
    endloop
  endfacet
  facet normal 0 0 -1
    outer loop
      vertex -24.0048 -4.97852 0
      vertex -28 0 0
      vertex -23.8203 -4.67748 0
    endloop
  endfacet
  facet normal 0 0 -1
    outer loop
      vertex -24.1399 -5.30471 0
      vertex -28 0 0
      vertex -24.0048 -4.97852 0
    endloop
  endfacet
  facet normal 0 -1 0
    outer loop
      vertex -28 -14 0
      vertex 0 -14 4
      vertex -28 -14 4
    endloop
  endfacet
  facet normal 0 -1 -0
    outer loop
      vertex 0 -14 4
      vertex -28 -14 0
      vertex 0 -14 0
    endloop
  endfacet
  facet normal -0 0 1
    outer loop
      vertex -12.5744 13.2264 -19.4
      vertex 0 4 -19.4
      vertex 0 38 -19.4
    endloop
  endfacet
  facet normal 0 0 1
    outer loop
      vertex 0 4 -19.4
      vertex -12.4197 12.7503 -19.4
      vertex -12.4 12.5 -19.4
    endloop
  endfacet
  facet normal 0 0 1
    outer loop
      vertex 0 4 -19.4
      vertex -12.4783 12.9944 -19.4
      vertex -12.4197 12.7503 -19.4
    endloop
  endfacet
  facet normal 0 0 1
    outer loop
      vertex 0 4 -19.4
      vertex -12.5744 13.2264 -19.4
      vertex -12.4783 12.9944 -19.4
    endloop
  endfacet
  facet normal 0 0 1
    outer loop
      vertex 0 38 -19.4
      vertex -12.7056 13.4405 -19.4
      vertex -12.5744 13.2264 -19.4
    endloop
  endfacet
  facet normal 0 0 1
    outer loop
      vertex 0 38 -19.4
      vertex -12.8686 13.6314 -19.4
      vertex -12.7056 13.4405 -19.4
    endloop
  endfacet
  facet normal 0 0 1
    outer loop
      vertex 0 38 -19.4
      vertex -13.0595 13.7944 -19.4
      vertex -12.8686 13.6314 -19.4
    endloop
  endfacet
  facet normal 0 0 1
    outer loop
      vertex 0 38 -19.4
      vertex -13.2736 13.9256 -19.4
      vertex -13.0595 13.7944 -19.4
    endloop
  endfacet
  facet normal 0 0 1
    outer loop
      vertex 0 38 -19.4
      vertex -13.5056 14.0217 -19.4
      vertex -13.2736 13.9256 -19.4
    endloop
  endfacet
  facet normal 0 0 1
    outer loop
      vertex 0 38 -19.4
      vertex -13.7497 14.0803 -19.4
      vertex -13.5056 14.0217 -19.4
    endloop
  endfacet
  facet normal 0 0 1
    outer loop
      vertex 0 38 -19.4
      vertex -14 14.1 -19.4
      vertex -13.7497 14.0803 -19.4
    endloop
  endfacet
  facet normal -0 0 1
    outer loop
      vertex -28 38 -19.4
      vertex -14 14.1 -19.4
      vertex 0 38 -19.4
    endloop
  endfacet
  facet normal 0 0 1
    outer loop
      vertex -14 14.1 -19.4
      vertex -28 38 -19.4
      vertex -14.2503 14.0803 -19.4
    endloop
  endfacet
  facet normal 0 0 1
    outer loop
      vertex -14.2503 14.0803 -19.4
      vertex -28 38 -19.4
      vertex -14.4944 14.0217 -19.4
    endloop
  endfacet
  facet normal 0 0 1
    outer loop
      vertex -14.4944 14.0217 -19.4
      vertex -28 38 -19.4
      vertex -14.7264 13.9256 -19.4
    endloop
  endfacet
  facet normal 0 0 1
    outer loop
      vertex -14.7264 13.9256 -19.4
      vertex -28 38 -19.4
      vertex -14.9405 13.7944 -19.4
    endloop
  endfacet
  facet normal 0 0 1
    outer loop
      vertex -14.9405 13.7944 -19.4
      vertex -28 38 -19.4
      vertex -15.1314 13.6314 -19.4
    endloop
  endfacet
  facet normal 0 0 1
    outer loop
      vertex -15.5217 12.9944 -19.4
      vertex -28 4 -19.4
      vertex -15.5803 12.7503 -19.4
    endloop
  endfacet
  facet normal 0 0 1
    outer loop
      vertex -15.4256 13.2264 -19.4
      vertex -28 4 -19.4
      vertex -15.5217 12.9944 -19.4
    endloop
  endfacet
  facet normal 0 0 1
    outer loop
      vertex -28 4 -19.4
      vertex -15.4256 13.2264 -19.4
      vertex -28 38 -19.4
    endloop
  endfacet
  facet normal 0 0 1
    outer loop
      vertex -15.2944 13.4405 -19.4
      vertex -28 38 -19.4
      vertex -15.4256 13.2264 -19.4
    endloop
  endfacet
  facet normal 0 0 1
    outer loop
      vertex -15.1314 13.6314 -19.4
      vertex -28 38 -19.4
      vertex -15.2944 13.4405 -19.4
    endloop
  endfacet
  facet normal -0 0 1
    outer loop
      vertex -12.4197 12.2497 -19.4
      vertex 0 4 -19.4
      vertex -12.4 12.5 -19.4
    endloop
  endfacet
  facet normal -0 0 1
    outer loop
      vertex -12.4783 12.0056 -19.4
      vertex 0 4 -19.4
      vertex -12.4197 12.2497 -19.4
    endloop
  endfacet
  facet normal -0 0 1
    outer loop
      vertex -12.5744 11.7736 -19.4
      vertex 0 4 -19.4
      vertex -12.4783 12.0056 -19.4
    endloop
  endfacet
  facet normal -0 0 1
    outer loop
      vertex -12.7056 11.5595 -19.4
      vertex 0 4 -19.4
      vertex -12.5744 11.7736 -19.4
    endloop
  endfacet
  facet normal -0 0 1
    outer loop
      vertex -12.8686 11.3686 -19.4
      vertex 0 4 -19.4
      vertex -12.7056 11.5595 -19.4
    endloop
  endfacet
  facet normal -0 0 1
    outer loop
      vertex -13.0595 11.2056 -19.4
      vertex 0 4 -19.4
      vertex -12.8686 11.3686 -19.4
    endloop
  endfacet
  facet normal -0 0 1
    outer loop
      vertex -13.2736 11.0744 -19.4
      vertex 0 4 -19.4
      vertex -13.0595 11.2056 -19.4
    endloop
  endfacet
  facet normal -0 0 1
    outer loop
      vertex -13.5056 10.9783 -19.4
      vertex 0 4 -19.4
      vertex -13.2736 11.0744 -19.4
    endloop
  endfacet
  facet normal -0 0 1
    outer loop
      vertex -13.7497 10.9197 -19.4
      vertex 0 4 -19.4
      vertex -13.5056 10.9783 -19.4
    endloop
  endfacet
  facet normal -0 0 1
    outer loop
      vertex -14 10.9 -19.4
      vertex 0 4 -19.4
      vertex -13.7497 10.9197 -19.4
    endloop
  endfacet
  facet normal 0 0 1
    outer loop
      vertex -28 4 -19.4
      vertex -14 10.9 -19.4
      vertex -14.2503 10.9197 -19.4
    endloop
  endfacet
  facet normal 0 0 1
    outer loop
      vertex -28 4 -19.4
      vertex -14.2503 10.9197 -19.4
      vertex -14.4944 10.9783 -19.4
    endloop
  endfacet
  facet normal 0 0 1
    outer loop
      vertex -28 4 -19.4
      vertex -14.4944 10.9783 -19.4
      vertex -14.7264 11.0744 -19.4
    endloop
  endfacet
  facet normal 0 0 1
    outer loop
      vertex -15.5803 12.7503 -19.4
      vertex -28 4 -19.4
      vertex -15.6 12.5 -19.4
    endloop
  endfacet
  facet normal 0 0 1
    outer loop
      vertex -15.6 12.5 -19.4
      vertex -28 4 -19.4
      vertex -15.5803 12.2497 -19.4
    endloop
  endfacet
  facet normal 0 0 1
    outer loop
      vertex -15.5803 12.2497 -19.4
      vertex -28 4 -19.4
      vertex -15.5217 12.0056 -19.4
    endloop
  endfacet
  facet normal 0 0 1
    outer loop
      vertex -14 10.9 -19.4
      vertex -28 4 -19.4
      vertex 0 4 -19.4
    endloop
  endfacet
  facet normal 0 0 1
    outer loop
      vertex -14.9405 11.2056 -19.4
      vertex -28 4 -19.4
      vertex -14.7264 11.0744 -19.4
    endloop
  endfacet
  facet normal 0 0 1
    outer loop
      vertex -15.1314 11.3686 -19.4
      vertex -28 4 -19.4
      vertex -14.9405 11.2056 -19.4
    endloop
  endfacet
  facet normal 0 0 1
    outer loop
      vertex -15.2944 11.5595 -19.4
      vertex -28 4 -19.4
      vertex -15.1314 11.3686 -19.4
    endloop
  endfacet
  facet normal 0 0 1
    outer loop
      vertex -15.4256 11.7736 -19.4
      vertex -28 4 -19.4
      vertex -15.2944 11.5595 -19.4
    endloop
  endfacet
  facet normal 0 0 1
    outer loop
      vertex -15.5217 12.0056 -19.4
      vertex -28 4 -19.4
      vertex -15.4256 11.7736 -19.4
    endloop
  endfacet
  facet normal 0 1 -0
    outer loop
      vertex 0 38 -22.4
      vertex -28 38 -19.4
      vertex 0 38 -19.4
    endloop
  endfacet
  facet normal 0 1 0
    outer loop
      vertex -28 38 -19.4
      vertex 0 38 -22.4
      vertex -28 38 -22.4
    endloop
  endfacet
  facet normal 0 0 -1
    outer loop
      vertex -5.5 10 -22.4
      vertex 0 0 -22.4
      vertex -5.5 4 -22.4
    endloop
  endfacet
  facet normal 0 0 -1
    outer loop
      vertex 0 0 -22.4
      vertex -7 4 -22.4
      vertex -5.5 4 -22.4
    endloop
  endfacet
  facet normal 0 0 -1
    outer loop
      vertex -11.1716 9.67157 -22.4
      vertex -7 10 -22.4
      vertex -7 4 -22.4
    endloop
  endfacet
  facet normal 0 0 -1
    outer loop
      vertex -7 10 -22.4
      vertex -10.0492 11.8743 -22.4
      vertex -10 12.5 -22.4
    endloop
  endfacet
  facet normal 0 0 -1
    outer loop
      vertex -7 10 -22.4
      vertex -10.1958 11.2639 -22.4
      vertex -10.0492 11.8743 -22.4
    endloop
  endfacet
  facet normal 0 0 -1
    outer loop
      vertex -7 10 -22.4
      vertex -10.436 10.684 -22.4
      vertex -10.1958 11.2639 -22.4
    endloop
  endfacet
  facet normal 0 0 -1
    outer loop
      vertex -7 10 -22.4
      vertex -10.7639 10.1489 -22.4
      vertex -10.436 10.684 -22.4
    endloop
  endfacet
  facet normal -0 0 -1
    outer loop
      vertex -7 10 -22.4
      vertex -11.1716 9.67157 -22.4
      vertex -10.7639 10.1489 -22.4
    endloop
  endfacet
  facet normal 0 0 -1
    outer loop
      vertex -7 4 -22.4
      vertex -11.6489 9.26393 -22.4
      vertex -11.1716 9.67157 -22.4
    endloop
  endfacet
  facet normal 0 0 -1
    outer loop
      vertex -7 4 -22.4
      vertex -12.184 8.93597 -22.4
      vertex -11.6489 9.26393 -22.4
    endloop
  endfacet
  facet normal 0 0 -1
    outer loop
      vertex -7 4 -22.4
      vertex -12.7639 8.69577 -22.4
      vertex -12.184 8.93597 -22.4
    endloop
  endfacet
  facet normal 0 0 -1
    outer loop
      vertex -7 4 -22.4
      vertex -13.3743 8.54925 -22.4
      vertex -12.7639 8.69577 -22.4
    endloop
  endfacet
  facet normal 0 0 -1
    outer loop
      vertex -7 4 -22.4
      vertex -14 8.5 -22.4
      vertex -13.3743 8.54925 -22.4
    endloop
  endfacet
  facet normal 0 0 -1
    outer loop
      vertex -21 4 -22.4
      vertex -14 8.5 -22.4
      vertex -7 4 -22.4
    endloop
  endfacet
  facet normal -0 0 -1
    outer loop
      vertex -14 8.5 -22.4
      vertex -21 4 -22.4
      vertex -14.6257 8.54925 -22.4
    endloop
  endfacet
  facet normal 0 0 -1
    outer loop
      vertex -21 4 -22.4
      vertex -7 4 -22.4
      vertex 0 0 -22.4
    endloop
  endfacet
  facet normal -0 0 -1
    outer loop
      vertex -14.6257 8.54925 -22.4
      vertex -21 4 -22.4
      vertex -15.2361 8.69577 -22.4
    endloop
  endfacet
  facet normal -0 0 -1
    outer loop
      vertex -17.8042 11.2639 -22.4
      vertex -21 10 -22.4
      vertex -17.9508 11.8743 -22.4
    endloop
  endfacet
  facet normal -0 0 -1
    outer loop
      vertex -17.564 10.684 -22.4
      vertex -21 10 -22.4
      vertex -17.8042 11.2639 -22.4
    endloop
  endfacet
  facet normal -0 0 -1
    outer loop
      vertex -17.2361 10.1489 -22.4
      vertex -21 10 -22.4
      vertex -17.564 10.684 -22.4
    endloop
  endfacet
  facet normal 0 0 -1
    outer loop
      vertex -16.8284 9.67157 -22.4
      vertex -21 10 -22.4
      vertex -17.2361 10.1489 -22.4
    endloop
  endfacet
  facet normal 0 0 -1
    outer loop
      vertex -21 10 -22.4
      vertex -16.8284 9.67157 -22.4
      vertex -21 4 -22.4
    endloop
  endfacet
  facet normal -0 0 -1
    outer loop
      vertex -16.3511 9.26393 -22.4
      vertex -21 4 -22.4
      vertex -16.8284 9.67157 -22.4
    endloop
  endfacet
  facet normal -0 0 -1
    outer loop
      vertex -15.816 8.93597 -22.4
      vertex -21 4 -22.4
      vertex -16.3511 9.26393 -22.4
    endloop
  endfacet
  facet normal -0 0 -1
    outer loop
      vertex -15.2361 8.69577 -22.4
      vertex -21 4 -22.4
      vertex -15.816 8.93597 -22.4
    endloop
  endfacet
  facet normal 0 0 -1
    outer loop
      vertex -28 0 -22.4
      vertex -21 4 -22.4
      vertex 0 0 -22.4
    endloop
  endfacet
  facet normal -0 0 -1
    outer loop
      vertex -22.5 4 -22.4
      vertex -28 0 -22.4
      vertex -22.5 10 -22.4
    endloop
  endfacet
  facet normal -0 0 -1
    outer loop
      vertex -21 4 -22.4
      vertex -28 0 -22.4
      vertex -22.5 4 -22.4
    endloop
  endfacet
  facet normal 0 0 -1
    outer loop
      vertex 0 0 -22.4
      vertex -5.5 10 -22.4
      vertex 0 38 -22.4
    endloop
  endfacet
  facet normal 0 0 -1
    outer loop
      vertex -10.0492 13.1257 -22.4
      vertex -5.5 10 -22.4
      vertex -7 10 -22.4
    endloop
  endfacet
  facet normal 0 0 -1
    outer loop
      vertex -10.0492 13.1257 -22.4
      vertex -7 10 -22.4
      vertex -10 12.5 -22.4
    endloop
  endfacet
  facet normal 0 0 -1
    outer loop
      vertex -5.5 10 -22.4
      vertex -10.0492 13.1257 -22.4
      vertex -10.1958 13.7361 -22.4
    endloop
  endfacet
  facet normal 0 0 -1
    outer loop
      vertex -5.5 10 -22.4
      vertex -10.1958 13.7361 -22.4
      vertex -10.436 14.316 -22.4
    endloop
  endfacet
  facet normal 0 0 -1
    outer loop
      vertex -10.7639 14.8511 -22.4
      vertex -5.5 10 -22.4
      vertex -10.436 14.316 -22.4
    endloop
  endfacet
  facet normal 0 0 -1
    outer loop
      vertex -5.5 10 -22.4
      vertex -10.7639 14.8511 -22.4
      vertex 0 38 -22.4
    endloop
  endfacet
  facet normal 0 0 -1
    outer loop
      vertex -11.1716 15.3284 -22.4
      vertex 0 38 -22.4
      vertex -10.7639 14.8511 -22.4
    endloop
  endfacet
  facet normal 0 0 -1
    outer loop
      vertex -11.6489 15.7361 -22.4
      vertex 0 38 -22.4
      vertex -11.1716 15.3284 -22.4
    endloop
  endfacet
  facet normal 0 0 -1
    outer loop
      vertex -12.184 16.064 -22.4
      vertex 0 38 -22.4
      vertex -11.6489 15.7361 -22.4
    endloop
  endfacet
  facet normal 0 0 -1
    outer loop
      vertex -12.7639 16.3042 -22.4
      vertex 0 38 -22.4
      vertex -12.184 16.064 -22.4
    endloop
  endfacet
  facet normal 0 0 -1
    outer loop
      vertex -13.3743 16.4508 -22.4
      vertex 0 38 -22.4
      vertex -12.7639 16.3042 -22.4
    endloop
  endfacet
  facet normal 0 0 -1
    outer loop
      vertex -14 16.5 -22.4
      vertex 0 38 -22.4
      vertex -13.3743 16.4508 -22.4
    endloop
  endfacet
  facet normal 0 0 -1
    outer loop
      vertex -28 38 -22.4
      vertex -14 16.5 -22.4
      vertex -14.6257 16.4508 -22.4
    endloop
  endfacet
  facet normal 0 0 -1
    outer loop
      vertex -28 38 -22.4
      vertex -14.6257 16.4508 -22.4
      vertex -15.2361 16.3042 -22.4
    endloop
  endfacet
  facet normal 0 0 -1
    outer loop
      vertex -28 38 -22.4
      vertex -15.2361 16.3042 -22.4
      vertex -15.816 16.064 -22.4
    endloop
  endfacet
  facet normal 0 0 -1
    outer loop
      vertex -28 38 -22.4
      vertex -15.816 16.064 -22.4
      vertex -16.3511 15.7361 -22.4
    endloop
  endfacet
  facet normal 0 0 -1
    outer loop
      vertex -28 38 -22.4
      vertex -16.3511 15.7361 -22.4
      vertex -16.8284 15.3284 -22.4
    endloop
  endfacet
  facet normal 0 0 -1
    outer loop
      vertex -28 38 -22.4
      vertex -16.8284 15.3284 -22.4
      vertex -17.2361 14.8511 -22.4
    endloop
  endfacet
  facet normal -0 0 -1
    outer loop
      vertex -17.9508 11.8743 -22.4
      vertex -21 10 -22.4
      vertex -18 12.5 -22.4
    endloop
  endfacet
  facet normal -0 0 -1
    outer loop
      vertex -18 12.5 -22.4
      vertex -21 10 -22.4
      vertex -17.9508 13.1257 -22.4
    endloop
  endfacet
  facet normal 0 0 -1
    outer loop
      vertex -22.5 10 -22.4
      vertex -17.9508 13.1257 -22.4
      vertex -21 10 -22.4
    endloop
  endfacet
  facet normal -0 0 -1
    outer loop
      vertex -17.9508 13.1257 -22.4
      vertex -22.5 10 -22.4
      vertex -17.8042 13.7361 -22.4
    endloop
  endfacet
  facet normal -0 0 -1
    outer loop
      vertex -17.8042 13.7361 -22.4
      vertex -22.5 10 -22.4
      vertex -17.564 14.316 -22.4
    endloop
  endfacet
  facet normal -0 0 -1
    outer loop
      vertex -17.564 14.316 -22.4
      vertex -22.5 10 -22.4
      vertex -17.2361 14.8511 -22.4
    endloop
  endfacet
  facet normal -0 0 -1
    outer loop
      vertex -17.2361 14.8511 -22.4
      vertex -22.5 10 -22.4
      vertex -28 38 -22.4
    endloop
  endfacet
  facet normal 0 0 -1
    outer loop
      vertex -14 16.5 -22.4
      vertex -28 38 -22.4
      vertex 0 38 -22.4
    endloop
  endfacet
  facet normal 0 0 -1
    outer loop
      vertex -28 38 -22.4
      vertex -22.5 10 -22.4
      vertex -28 0 -22.4
    endloop
  endfacet
  facet normal 0.996917 -0.0784629 0
    outer loop
      vertex -15.6 12.5 -19.4
      vertex -15.5803 12.7503 -28.4
      vertex -15.5803 12.7503 -19.4
    endloop
  endfacet
  facet normal 0.996917 -0.0784629 0
    outer loop
      vertex -15.5803 12.7503 -28.4
      vertex -15.6 12.5 -19.4
      vertex -15.6 12.5 -28.4
    endloop
  endfacet
  facet normal -0.996917 0.0784629 0
    outer loop
      vertex -12.4197 12.2497 -28.4
      vertex -12.4 12.5 -19.4
      vertex -12.4 12.5 -28.4
    endloop
  endfacet
  facet normal -0.996917 0.0784629 0
    outer loop
      vertex -12.4 12.5 -19.4
      vertex -12.4197 12.2497 -28.4
      vertex -12.4197 12.2497 -19.4
    endloop
  endfacet
  facet normal -0.0784629 -0.996917 0
    outer loop
      vertex -14 14.1 -28.4
      vertex -13.7497 14.0803 -19.4
      vertex -14 14.1 -19.4
    endloop
  endfacet
  facet normal -0.0784629 -0.996917 -0
    outer loop
      vertex -13.7497 14.0803 -19.4
      vertex -14 14.1 -28.4
      vertex -13.7497 14.0803 -28.4
    endloop
  endfacet
  facet normal 0.0784629 0.996917 -0
    outer loop
      vertex -14 10.9 -28.4
      vertex -14.2503 10.9197 -19.4
      vertex -14 10.9 -19.4
    endloop
  endfacet
  facet normal 0.0784629 0.996917 0
    outer loop
      vertex -14.2503 10.9197 -19.4
      vertex -14 10.9 -28.4
      vertex -14.2503 10.9197 -28.4
    endloop
  endfacet
  facet normal 0.649347 -0.760493 0
    outer loop
      vertex -15.1314 13.6314 -28.4
      vertex -14.9405 13.7944 -19.4
      vertex -15.1314 13.6314 -19.4
    endloop
  endfacet
  facet normal 0.649347 -0.760493 0
    outer loop
      vertex -14.9405 13.7944 -19.4
      vertex -15.1314 13.6314 -28.4
      vertex -14.9405 13.7944 -28.4
    endloop
  endfacet
  facet normal -0.760493 -0.649347 0
    outer loop
      vertex -12.7056 13.4405 -28.4
      vertex -12.8686 13.6314 -19.4
      vertex -12.8686 13.6314 -28.4
    endloop
  endfacet
  facet normal -0.760493 -0.649347 0
    outer loop
      vertex -12.8686 13.6314 -19.4
      vertex -12.7056 13.4405 -28.4
      vertex -12.7056 13.4405 -19.4
    endloop
  endfacet
  facet normal -0.522497 -0.852641 0
    outer loop
      vertex -13.2736 13.9256 -28.4
      vertex -13.0595 13.7944 -19.4
      vertex -13.2736 13.9256 -19.4
    endloop
  endfacet
  facet normal -0.522497 -0.852641 -0
    outer loop
      vertex -13.0595 13.7944 -19.4
      vertex -13.2736 13.9256 -28.4
      vertex -13.0595 13.7944 -28.4
    endloop
  endfacet
  facet normal 0.852641 0.522497 0
    outer loop
      vertex -15.2944 11.5595 -19.4
      vertex -15.4256 11.7736 -28.4
      vertex -15.4256 11.7736 -19.4
    endloop
  endfacet
  facet normal 0.852641 0.522497 0
    outer loop
      vertex -15.4256 11.7736 -28.4
      vertex -15.2944 11.5595 -19.4
      vertex -15.2944 11.5595 -28.4
    endloop
  endfacet
  facet normal -0.852641 0.522497 0
    outer loop
      vertex -12.7056 11.5595 -28.4
      vertex -12.5744 11.7736 -19.4
      vertex -12.5744 11.7736 -28.4
    endloop
  endfacet
  facet normal -0.852641 0.522497 0
    outer loop
      vertex -12.5744 11.7736 -19.4
      vertex -12.7056 11.5595 -28.4
      vertex -12.7056 11.5595 -19.4
    endloop
  endfacet
  facet normal 0.852641 -0.522497 0
    outer loop
      vertex -15.4256 13.2264 -19.4
      vertex -15.2944 13.4405 -28.4
      vertex -15.2944 13.4405 -19.4
    endloop
  endfacet
  facet normal 0.852641 -0.522497 0
    outer loop
      vertex -15.2944 13.4405 -28.4
      vertex -15.4256 13.2264 -19.4
      vertex -15.4256 13.2264 -28.4
    endloop
  endfacet
  facet normal 0.972373 -0.233433 0
    outer loop
      vertex -15.5803 12.7503 -19.4
      vertex -15.5217 12.9944 -28.4
      vertex -15.5217 12.9944 -19.4
    endloop
  endfacet
  facet normal 0.972373 -0.233433 0
    outer loop
      vertex -15.5217 12.9944 -28.4
      vertex -15.5803 12.7503 -19.4
      vertex -15.5803 12.7503 -28.4
    endloop
  endfacet
  facet normal 0.760493 -0.649347 0
    outer loop
      vertex -15.2944 13.4405 -19.4
      vertex -15.1314 13.6314 -28.4
      vertex -15.1314 13.6314 -19.4
    endloop
  endfacet
  facet normal 0.760493 -0.649347 0
    outer loop
      vertex -15.1314 13.6314 -28.4
      vertex -15.2944 13.4405 -19.4
      vertex -15.2944 13.4405 -28.4
    endloop
  endfacet
  facet normal 0.382692 -0.923876 0
    outer loop
      vertex -14.7264 13.9256 -28.4
      vertex -14.4944 14.0217 -19.4
      vertex -14.7264 13.9256 -19.4
    endloop
  endfacet
  facet normal 0.382692 -0.923876 0
    outer loop
      vertex -14.4944 14.0217 -19.4
      vertex -14.7264 13.9256 -28.4
      vertex -14.4944 14.0217 -28.4
    endloop
  endfacet
  facet normal 0.233433 -0.972373 0
    outer loop
      vertex -14.4944 14.0217 -28.4
      vertex -14.2503 14.0803 -19.4
      vertex -14.4944 14.0217 -19.4
    endloop
  endfacet
  facet normal 0.233433 -0.972373 0
    outer loop
      vertex -14.2503 14.0803 -19.4
      vertex -14.4944 14.0217 -28.4
      vertex -14.2503 14.0803 -28.4
    endloop
  endfacet
  facet normal 0.522497 -0.852641 0
    outer loop
      vertex -14.9405 13.7944 -28.4
      vertex -14.7264 13.9256 -19.4
      vertex -14.9405 13.7944 -19.4
    endloop
  endfacet
  facet normal 0.522497 -0.852641 0
    outer loop
      vertex -14.7264 13.9256 -19.4
      vertex -14.9405 13.7944 -28.4
      vertex -14.7264 13.9256 -28.4
    endloop
  endfacet
  facet normal -0.923876 -0.382692 0
    outer loop
      vertex -12.4783 12.9944 -28.4
      vertex -12.5744 13.2264 -19.4
      vertex -12.5744 13.2264 -28.4
    endloop
  endfacet
  facet normal -0.923876 -0.382692 0
    outer loop
      vertex -12.5744 13.2264 -19.4
      vertex -12.4783 12.9944 -28.4
      vertex -12.4783 12.9944 -19.4
    endloop
  endfacet
  facet normal -0.852641 -0.522497 0
    outer loop
      vertex -12.5744 13.2264 -28.4
      vertex -12.7056 13.4405 -19.4
      vertex -12.7056 13.4405 -28.4
    endloop
  endfacet
  facet normal -0.852641 -0.522497 0
    outer loop
      vertex -12.7056 13.4405 -19.4
      vertex -12.5744 13.2264 -28.4
      vertex -12.5744 13.2264 -19.4
    endloop
  endfacet
  facet normal -0.972373 -0.233433 0
    outer loop
      vertex -12.4197 12.7503 -28.4
      vertex -12.4783 12.9944 -19.4
      vertex -12.4783 12.9944 -28.4
    endloop
  endfacet
  facet normal -0.972373 -0.233433 0
    outer loop
      vertex -12.4783 12.9944 -19.4
      vertex -12.4197 12.7503 -28.4
      vertex -12.4197 12.7503 -19.4
    endloop
  endfacet
  facet normal -0.649347 -0.760493 0
    outer loop
      vertex -13.0595 13.7944 -28.4
      vertex -12.8686 13.6314 -19.4
      vertex -13.0595 13.7944 -19.4
    endloop
  endfacet
  facet normal -0.649347 -0.760493 -0
    outer loop
      vertex -12.8686 13.6314 -19.4
      vertex -13.0595 13.7944 -28.4
      vertex -12.8686 13.6314 -28.4
    endloop
  endfacet
  facet normal -0.233433 -0.972373 0
    outer loop
      vertex -13.7497 14.0803 -28.4
      vertex -13.5056 14.0217 -19.4
      vertex -13.7497 14.0803 -19.4
    endloop
  endfacet
  facet normal -0.233433 -0.972373 -0
    outer loop
      vertex -13.5056 14.0217 -19.4
      vertex -13.7497 14.0803 -28.4
      vertex -13.5056 14.0217 -28.4
    endloop
  endfacet
  facet normal 0.522497 0.852641 -0
    outer loop
      vertex -14.7264 11.0744 -28.4
      vertex -14.9405 11.2056 -19.4
      vertex -14.7264 11.0744 -19.4
    endloop
  endfacet
  facet normal 0.522497 0.852641 0
    outer loop
      vertex -14.9405 11.2056 -19.4
      vertex -14.7264 11.0744 -28.4
      vertex -14.9405 11.2056 -28.4
    endloop
  endfacet
  facet normal 0.233433 0.972373 -0
    outer loop
      vertex -14.2503 10.9197 -28.4
      vertex -14.4944 10.9783 -19.4
      vertex -14.2503 10.9197 -19.4
    endloop
  endfacet
  facet normal 0.233433 0.972373 0
    outer loop
      vertex -14.4944 10.9783 -19.4
      vertex -14.2503 10.9197 -28.4
      vertex -14.4944 10.9783 -28.4
    endloop
  endfacet
  facet normal 0.649347 0.760493 -0
    outer loop
      vertex -14.9405 11.2056 -28.4
      vertex -15.1314 11.3686 -19.4
      vertex -14.9405 11.2056 -19.4
    endloop
  endfacet
  facet normal 0.649347 0.760493 0
    outer loop
      vertex -15.1314 11.3686 -19.4
      vertex -14.9405 11.2056 -28.4
      vertex -15.1314 11.3686 -28.4
    endloop
  endfacet
  facet normal 0.972373 0.233433 0
    outer loop
      vertex -15.5217 12.0056 -19.4
      vertex -15.5803 12.2497 -28.4
      vertex -15.5803 12.2497 -19.4
    endloop
  endfacet
  facet normal 0.972373 0.233433 0
    outer loop
      vertex -15.5803 12.2497 -28.4
      vertex -15.5217 12.0056 -19.4
      vertex -15.5217 12.0056 -28.4
    endloop
  endfacet
  facet normal -0.522497 0.852641 0
    outer loop
      vertex -13.0595 11.2056 -28.4
      vertex -13.2736 11.0744 -19.4
      vertex -13.0595 11.2056 -19.4
    endloop
  endfacet
  facet normal -0.522497 0.852641 0
    outer loop
      vertex -13.2736 11.0744 -19.4
      vertex -13.0595 11.2056 -28.4
      vertex -13.2736 11.0744 -28.4
    endloop
  endfacet
  facet normal -0.233433 0.972373 0
    outer loop
      vertex -13.5056 10.9783 -28.4
      vertex -13.7497 10.9197 -19.4
      vertex -13.5056 10.9783 -19.4
    endloop
  endfacet
  facet normal -0.233433 0.972373 0
    outer loop
      vertex -13.7497 10.9197 -19.4
      vertex -13.5056 10.9783 -28.4
      vertex -13.7497 10.9197 -28.4
    endloop
  endfacet
  facet normal -0.760493 0.649347 0
    outer loop
      vertex -12.8686 11.3686 -28.4
      vertex -12.7056 11.5595 -19.4
      vertex -12.7056 11.5595 -28.4
    endloop
  endfacet
  facet normal -0.760493 0.649347 0
    outer loop
      vertex -12.7056 11.5595 -19.4
      vertex -12.8686 11.3686 -28.4
      vertex -12.8686 11.3686 -19.4
    endloop
  endfacet
  facet normal -0.972373 0.233433 0
    outer loop
      vertex -12.4783 12.0056 -28.4
      vertex -12.4197 12.2497 -19.4
      vertex -12.4197 12.2497 -28.4
    endloop
  endfacet
  facet normal -0.972373 0.233433 0
    outer loop
      vertex -12.4197 12.2497 -19.4
      vertex -12.4783 12.0056 -28.4
      vertex -12.4783 12.0056 -19.4
    endloop
  endfacet
  facet normal 0.923876 -0.382692 0
    outer loop
      vertex -15.5217 12.9944 -19.4
      vertex -15.4256 13.2264 -28.4
      vertex -15.4256 13.2264 -19.4
    endloop
  endfacet
  facet normal 0.923876 -0.382692 0
    outer loop
      vertex -15.4256 13.2264 -28.4
      vertex -15.5217 12.9944 -19.4
      vertex -15.5217 12.9944 -28.4
    endloop
  endfacet
  facet normal 0.0784629 -0.996917 0
    outer loop
      vertex -14.2503 14.0803 -28.4
      vertex -14 14.1 -19.4
      vertex -14.2503 14.0803 -19.4
    endloop
  endfacet
  facet normal 0.0784629 -0.996917 0
    outer loop
      vertex -14 14.1 -19.4
      vertex -14.2503 14.0803 -28.4
      vertex -14 14.1 -28.4
    endloop
  endfacet
  facet normal -0.996917 -0.0784629 0
    outer loop
      vertex -12.4 12.5 -28.4
      vertex -12.4197 12.7503 -19.4
      vertex -12.4197 12.7503 -28.4
    endloop
  endfacet
  facet normal -0.996917 -0.0784629 0
    outer loop
      vertex -12.4197 12.7503 -19.4
      vertex -12.4 12.5 -28.4
      vertex -12.4 12.5 -19.4
    endloop
  endfacet
  facet normal -0.382692 -0.923876 0
    outer loop
      vertex -13.5056 14.0217 -28.4
      vertex -13.2736 13.9256 -19.4
      vertex -13.5056 14.0217 -19.4
    endloop
  endfacet
  facet normal -0.382692 -0.923876 -0
    outer loop
      vertex -13.2736 13.9256 -19.4
      vertex -13.5056 14.0217 -28.4
      vertex -13.2736 13.9256 -28.4
    endloop
  endfacet
  facet normal 0.996917 0.0784629 0
    outer loop
      vertex -15.5803 12.2497 -19.4
      vertex -15.6 12.5 -28.4
      vertex -15.6 12.5 -19.4
    endloop
  endfacet
  facet normal 0.996917 0.0784629 0
    outer loop
      vertex -15.6 12.5 -28.4
      vertex -15.5803 12.2497 -19.4
      vertex -15.5803 12.2497 -28.4
    endloop
  endfacet
  facet normal 0.382692 0.923876 -0
    outer loop
      vertex -14.4944 10.9783 -28.4
      vertex -14.7264 11.0744 -19.4
      vertex -14.4944 10.9783 -19.4
    endloop
  endfacet
  facet normal 0.382692 0.923876 0
    outer loop
      vertex -14.7264 11.0744 -19.4
      vertex -14.4944 10.9783 -28.4
      vertex -14.7264 11.0744 -28.4
    endloop
  endfacet
  facet normal 0.760493 0.649347 0
    outer loop
      vertex -15.1314 11.3686 -19.4
      vertex -15.2944 11.5595 -28.4
      vertex -15.2944 11.5595 -19.4
    endloop
  endfacet
  facet normal 0.760493 0.649347 0
    outer loop
      vertex -15.2944 11.5595 -28.4
      vertex -15.1314 11.3686 -19.4
      vertex -15.1314 11.3686 -28.4
    endloop
  endfacet
  facet normal 0.923876 0.382692 0
    outer loop
      vertex -15.4256 11.7736 -19.4
      vertex -15.5217 12.0056 -28.4
      vertex -15.5217 12.0056 -19.4
    endloop
  endfacet
  facet normal 0.923876 0.382692 0
    outer loop
      vertex -15.5217 12.0056 -28.4
      vertex -15.4256 11.7736 -19.4
      vertex -15.4256 11.7736 -28.4
    endloop
  endfacet
  facet normal -0.382692 0.923876 0
    outer loop
      vertex -13.2736 11.0744 -28.4
      vertex -13.5056 10.9783 -19.4
      vertex -13.2736 11.0744 -19.4
    endloop
  endfacet
  facet normal -0.382692 0.923876 0
    outer loop
      vertex -13.5056 10.9783 -19.4
      vertex -13.2736 11.0744 -28.4
      vertex -13.5056 10.9783 -28.4
    endloop
  endfacet
  facet normal -0.0784629 0.996917 0
    outer loop
      vertex -13.7497 10.9197 -28.4
      vertex -14 10.9 -19.4
      vertex -13.7497 10.9197 -19.4
    endloop
  endfacet
  facet normal -0.0784629 0.996917 0
    outer loop
      vertex -14 10.9 -19.4
      vertex -13.7497 10.9197 -28.4
      vertex -14 10.9 -28.4
    endloop
  endfacet
  facet normal -0.649347 0.760493 0
    outer loop
      vertex -12.8686 11.3686 -28.4
      vertex -13.0595 11.2056 -19.4
      vertex -12.8686 11.3686 -19.4
    endloop
  endfacet
  facet normal -0.649347 0.760493 0
    outer loop
      vertex -13.0595 11.2056 -19.4
      vertex -12.8686 11.3686 -28.4
      vertex -13.0595 11.2056 -28.4
    endloop
  endfacet
  facet normal -0.923876 0.382692 0
    outer loop
      vertex -12.5744 11.7736 -28.4
      vertex -12.4783 12.0056 -19.4
      vertex -12.4783 12.0056 -28.4
    endloop
  endfacet
  facet normal -0.923876 0.382692 0
    outer loop
      vertex -12.4783 12.0056 -19.4
      vertex -12.5744 11.7736 -28.4
      vertex -12.5744 11.7736 -19.4
    endloop
  endfacet
  facet normal -0.996923 0.07839 0
    outer loop
      vertex -18 12.5 -28.4
      vertex -17.9508 13.1257 -22.4
      vertex -17.9508 13.1257 -28.4
    endloop
  endfacet
  facet normal -0.996923 0.07839 0
    outer loop
      vertex -17.9508 13.1257 -22.4
      vertex -18 12.5 -28.4
      vertex -18 12.5 -22.4
    endloop
  endfacet
  facet normal 0.996923 -0.07839 0
    outer loop
      vertex -10.0492 11.8743 -22.4
      vertex -10 12.5 -28.4
      vertex -10 12.5 -22.4
    endloop
  endfacet
  facet normal 0.996923 -0.07839 0
    outer loop
      vertex -10 12.5 -28.4
      vertex -10.0492 11.8743 -22.4
      vertex -10.0492 11.8743 -28.4
    endloop
  endfacet
  facet normal 0.07839 0.996923 -0
    outer loop
      vertex -13.3743 16.4508 -28.4
      vertex -14 16.5 -22.4
      vertex -13.3743 16.4508 -22.4
    endloop
  endfacet
  facet normal 0.07839 0.996923 0
    outer loop
      vertex -14 16.5 -22.4
      vertex -13.3743 16.4508 -28.4
      vertex -14 16.5 -28.4
    endloop
  endfacet
  facet normal -0.0784691 -0.996917 0
    outer loop
      vertex -14.6257 8.54925 -28.4
      vertex -14 8.5 -22.4
      vertex -14.6257 8.54925 -22.4
    endloop
  endfacet
  facet normal -0.0784691 -0.996917 -0
    outer loop
      vertex -14 8.5 -22.4
      vertex -14.6257 8.54925 -28.4
      vertex -14 8.5 -28.4
    endloop
  endfacet
  facet normal -0.649492 0.760369 0
    outer loop
      vertex -16.3511 15.7361 -28.4
      vertex -16.8284 15.3284 -22.4
      vertex -16.3511 15.7361 -22.4
    endloop
  endfacet
  facet normal -0.649492 0.760369 0
    outer loop
      vertex -16.8284 15.3284 -22.4
      vertex -16.3511 15.7361 -28.4
      vertex -16.8284 15.3284 -28.4
    endloop
  endfacet
  facet normal 0.760369 0.649492 0
    outer loop
      vertex -10.7639 14.8511 -22.4
      vertex -11.1716 15.3284 -28.4
      vertex -11.1716 15.3284 -22.4
    endloop
  endfacet
  facet normal 0.760369 0.649492 0
    outer loop
      vertex -11.1716 15.3284 -28.4
      vertex -10.7639 14.8511 -22.4
      vertex -10.7639 14.8511 -28.4
    endloop
  endfacet
  facet normal 0.522487 0.852647 -0
    outer loop
      vertex -11.6489 15.7361 -28.4
      vertex -12.184 16.064 -22.4
      vertex -11.6489 15.7361 -22.4
    endloop
  endfacet
  facet normal 0.522487 0.852647 0
    outer loop
      vertex -12.184 16.064 -22.4
      vertex -11.6489 15.7361 -28.4
      vertex -12.184 16.064 -28.4
    endloop
  endfacet
  facet normal -0.760389 -0.649468 0
    outer loop
      vertex -16.8284 9.67157 -28.4
      vertex -17.2361 10.1489 -22.4
      vertex -17.2361 10.1489 -28.4
    endloop
  endfacet
  facet normal -0.760389 -0.649468 0
    outer loop
      vertex -17.2361 10.1489 -22.4
      vertex -16.8284 9.67157 -28.4
      vertex -16.8284 9.67157 -22.4
    endloop
  endfacet
  facet normal 0.923881 -0.38268 0
    outer loop
      vertex -10.436 10.684 -22.4
      vertex -10.1958 11.2639 -28.4
      vertex -10.1958 11.2639 -22.4
    endloop
  endfacet
  facet normal 0.923881 -0.38268 0
    outer loop
      vertex -10.1958 11.2639 -28.4
      vertex -10.436 10.684 -22.4
      vertex -10.436 10.684 -28.4
    endloop
  endfacet
  facet normal -0.852647 0.522487 0
    outer loop
      vertex -17.564 14.316 -28.4
      vertex -17.2361 14.8511 -22.4
      vertex -17.2361 14.8511 -28.4
    endloop
  endfacet
  facet normal -0.852647 0.522487 0
    outer loop
      vertex -17.2361 14.8511 -22.4
      vertex -17.564 14.316 -28.4
      vertex -17.564 14.316 -22.4
    endloop
  endfacet
  facet normal -0.97235 0.23353 0
    outer loop
      vertex -17.9508 13.1257 -28.4
      vertex -17.8042 13.7361 -22.4
      vertex -17.8042 13.7361 -28.4
    endloop
  endfacet
  facet normal -0.97235 0.23353 0
    outer loop
      vertex -17.8042 13.7361 -22.4
      vertex -17.9508 13.1257 -28.4
      vertex -17.9508 13.1257 -22.4
    endloop
  endfacet
  facet normal -0.760369 0.649492 0
    outer loop
      vertex -17.2361 14.8511 -28.4
      vertex -16.8284 15.3284 -22.4
      vertex -16.8284 15.3284 -28.4
    endloop
  endfacet
  facet normal -0.760369 0.649492 0
    outer loop
      vertex -16.8284 15.3284 -22.4
      vertex -17.2361 14.8511 -28.4
      vertex -17.2361 14.8511 -22.4
    endloop
  endfacet
  facet normal -0.38268 0.923881 0
    outer loop
      vertex -15.2361 16.3042 -28.4
      vertex -15.816 16.064 -22.4
      vertex -15.2361 16.3042 -22.4
    endloop
  endfacet
  facet normal -0.38268 0.923881 0
    outer loop
      vertex -15.816 16.064 -22.4
      vertex -15.2361 16.3042 -28.4
      vertex -15.816 16.064 -28.4
    endloop
  endfacet
  facet normal -0.522487 0.852647 0
    outer loop
      vertex -15.816 16.064 -28.4
      vertex -16.3511 15.7361 -22.4
      vertex -15.816 16.064 -22.4
    endloop
  endfacet
  facet normal -0.522487 0.852647 0
    outer loop
      vertex -16.3511 15.7361 -22.4
      vertex -15.816 16.064 -28.4
      vertex -16.3511 15.7361 -28.4
    endloop
  endfacet
  facet normal 0.923881 0.38268 0
    outer loop
      vertex -10.1958 13.7361 -22.4
      vertex -10.436 14.316 -28.4
      vertex -10.436 14.316 -22.4
    endloop
  endfacet
  facet normal 0.923881 0.38268 0
    outer loop
      vertex -10.436 14.316 -28.4
      vertex -10.1958 13.7361 -22.4
      vertex -10.1958 13.7361 -28.4
    endloop
  endfacet
  facet normal 0.852647 0.522487 0
    outer loop
      vertex -10.436 14.316 -22.4
      vertex -10.7639 14.8511 -28.4
      vertex -10.7639 14.8511 -22.4
    endloop
  endfacet
  facet normal 0.852647 0.522487 0
    outer loop
      vertex -10.7639 14.8511 -28.4
      vertex -10.436 14.316 -22.4
      vertex -10.436 14.316 -28.4
    endloop
  endfacet
  facet normal 0.97235 0.23353 0
    outer loop
      vertex -10.0492 13.1257 -22.4
      vertex -10.1958 13.7361 -28.4
      vertex -10.1958 13.7361 -22.4
    endloop
  endfacet
  facet normal 0.97235 0.23353 0
    outer loop
      vertex -10.1958 13.7361 -28.4
      vertex -10.0492 13.1257 -22.4
      vertex -10.0492 13.1257 -28.4
    endloop
  endfacet
  facet normal 0.649492 0.760369 -0
    outer loop
      vertex -11.1716 15.3284 -28.4
      vertex -11.6489 15.7361 -22.4
      vertex -11.1716 15.3284 -22.4
    endloop
  endfacet
  facet normal 0.649492 0.760369 0
    outer loop
      vertex -11.6489 15.7361 -22.4
      vertex -11.1716 15.3284 -28.4
      vertex -11.6489 15.7361 -28.4
    endloop
  endfacet
  facet normal 0.23353 0.97235 -0
    outer loop
      vertex -12.7639 16.3042 -28.4
      vertex -13.3743 16.4508 -22.4
      vertex -12.7639 16.3042 -22.4
    endloop
  endfacet
  facet normal 0.23353 0.97235 0
    outer loop
      vertex -13.3743 16.4508 -22.4
      vertex -12.7639 16.3042 -28.4
      vertex -13.3743 16.4508 -28.4
    endloop
  endfacet
  facet normal -0.38268 -0.923881 0
    outer loop
      vertex -15.816 8.93597 -28.4
      vertex -15.2361 8.69577 -22.4
      vertex -15.816 8.93597 -22.4
    endloop
  endfacet
  facet normal -0.38268 -0.923881 -0
    outer loop
      vertex -15.2361 8.69577 -22.4
      vertex -15.816 8.93597 -28.4
      vertex -15.2361 8.69577 -28.4
    endloop
  endfacet
  facet normal -0.233409 -0.972379 0
    outer loop
      vertex -15.2361 8.69577 -28.4
      vertex -14.6257 8.54925 -22.4
      vertex -15.2361 8.69577 -22.4
    endloop
  endfacet
  facet normal -0.233409 -0.972379 -0
    outer loop
      vertex -14.6257 8.54925 -22.4
      vertex -15.2361 8.69577 -28.4
      vertex -14.6257 8.54925 -28.4
    endloop
  endfacet
  facet normal -0.649436 -0.760416 0
    outer loop
      vertex -16.8284 9.67157 -28.4
      vertex -16.3511 9.26393 -22.4
      vertex -16.8284 9.67157 -22.4
    endloop
  endfacet
  facet normal -0.649436 -0.760416 -0
    outer loop
      vertex -16.3511 9.26393 -22.4
      vertex -16.8284 9.67157 -28.4
      vertex -16.3511 9.26393 -28.4
    endloop
  endfacet
  facet normal 0.38268 -0.923881 0
    outer loop
      vertex -12.7639 8.69577 -28.4
      vertex -12.184 8.93597 -22.4
      vertex -12.7639 8.69577 -22.4
    endloop
  endfacet
  facet normal 0.38268 -0.923881 0
    outer loop
      vertex -12.184 8.93597 -22.4
      vertex -12.7639 8.69577 -28.4
      vertex -12.184 8.93597 -28.4
    endloop
  endfacet
  facet normal 0.522557 -0.852604 0
    outer loop
      vertex -12.184 8.93597 -28.4
      vertex -11.6489 9.26393 -22.4
      vertex -12.184 8.93597 -22.4
    endloop
  endfacet
  facet normal 0.522557 -0.852604 0
    outer loop
      vertex -11.6489 9.26393 -22.4
      vertex -12.184 8.93597 -28.4
      vertex -11.6489 9.26393 -28.4
    endloop
  endfacet
  facet normal 0.233409 -0.972379 0
    outer loop
      vertex -13.3743 8.54925 -28.4
      vertex -12.7639 8.69577 -22.4
      vertex -13.3743 8.54925 -22.4
    endloop
  endfacet
  facet normal 0.233409 -0.972379 0
    outer loop
      vertex -12.7639 8.69577 -22.4
      vertex -13.3743 8.54925 -28.4
      vertex -12.7639 8.69577 -28.4
    endloop
  endfacet
  facet normal 0.760389 -0.649468 0
    outer loop
      vertex -11.1716 9.67157 -22.4
      vertex -10.7639 10.1489 -28.4
      vertex -10.7639 10.1489 -22.4
    endloop
  endfacet
  facet normal 0.760389 -0.649468 0
    outer loop
      vertex -10.7639 10.1489 -28.4
      vertex -11.1716 9.67157 -22.4
      vertex -11.1716 9.67157 -28.4
    endloop
  endfacet
  facet normal 0.649436 -0.760416 0
    outer loop
      vertex -11.6489 9.26393 -28.4
      vertex -11.1716 9.67157 -22.4
      vertex -11.6489 9.26393 -22.4
    endloop
  endfacet
  facet normal 0.649436 -0.760416 0
    outer loop
      vertex -11.1716 9.67157 -22.4
      vertex -11.6489 9.26393 -28.4
      vertex -11.1716 9.67157 -28.4
    endloop
  endfacet
  facet normal 0.97235 -0.23353 0
    outer loop
      vertex -10.1958 11.2639 -22.4
      vertex -10.0492 11.8743 -28.4
      vertex -10.0492 11.8743 -22.4
    endloop
  endfacet
  facet normal 0.97235 -0.23353 0
    outer loop
      vertex -10.0492 11.8743 -28.4
      vertex -10.1958 11.2639 -22.4
      vertex -10.1958 11.2639 -28.4
    endloop
  endfacet
  facet normal -0.923881 0.38268 0
    outer loop
      vertex -17.8042 13.7361 -28.4
      vertex -17.564 14.316 -22.4
      vertex -17.564 14.316 -28.4
    endloop
  endfacet
  facet normal -0.923881 0.38268 0
    outer loop
      vertex -17.564 14.316 -22.4
      vertex -17.8042 13.7361 -28.4
      vertex -17.8042 13.7361 -22.4
    endloop
  endfacet
  facet normal -0.07839 0.996923 0
    outer loop
      vertex -14 16.5 -28.4
      vertex -14.6257 16.4508 -22.4
      vertex -14 16.5 -22.4
    endloop
  endfacet
  facet normal -0.07839 0.996923 0
    outer loop
      vertex -14.6257 16.4508 -22.4
      vertex -14 16.5 -28.4
      vertex -14.6257 16.4508 -28.4
    endloop
  endfacet
  facet normal 0 0 -1
    outer loop
      vertex -12.4 12.5 -28.4
      vertex -10 12.5 -28.4
      vertex -10.0492 11.8743 -28.4
    endloop
  endfacet
  facet normal 0 0 -1
    outer loop
      vertex -12.4197 12.2497 -28.4
      vertex -10.0492 11.8743 -28.4
      vertex -10.1958 11.2639 -28.4
    endloop
  endfacet
  facet normal 0 0 -1
    outer loop
      vertex -10 12.5 -28.4
      vertex -12.4 12.5 -28.4
      vertex -10.0492 13.1257 -28.4
    endloop
  endfacet
  facet normal 0 0 -1
    outer loop
      vertex -12.4783 12.0056 -28.4
      vertex -10.1958 11.2639 -28.4
      vertex -10.436 10.684 -28.4
    endloop
  endfacet
  facet normal 0 0 -1
    outer loop
      vertex -12.4197 12.7503 -28.4
      vertex -10.0492 13.1257 -28.4
      vertex -12.4 12.5 -28.4
    endloop
  endfacet
  facet normal 0 0 -1
    outer loop
      vertex -12.5744 11.7736 -28.4
      vertex -10.436 10.684 -28.4
      vertex -10.7639 10.1489 -28.4
    endloop
  endfacet
  facet normal -0 0 -1
    outer loop
      vertex -10.0492 13.1257 -28.4
      vertex -12.4197 12.7503 -28.4
      vertex -10.1958 13.7361 -28.4
    endloop
  endfacet
  facet normal 0 0 -1
    outer loop
      vertex -12.7056 11.5595 -28.4
      vertex -10.7639 10.1489 -28.4
      vertex -11.1716 9.67157 -28.4
    endloop
  endfacet
  facet normal 0 0 -1
    outer loop
      vertex -12.4783 12.9944 -28.4
      vertex -10.1958 13.7361 -28.4
      vertex -12.4197 12.7503 -28.4
    endloop
  endfacet
  facet normal 0 0 -1
    outer loop
      vertex -12.8686 11.3686 -28.4
      vertex -11.1716 9.67157 -28.4
      vertex -11.6489 9.26393 -28.4
    endloop
  endfacet
  facet normal -0 0 -1
    outer loop
      vertex -10.1958 13.7361 -28.4
      vertex -12.4783 12.9944 -28.4
      vertex -10.436 14.316 -28.4
    endloop
  endfacet
  facet normal 0 0 -1
    outer loop
      vertex -13.0595 11.2056 -28.4
      vertex -11.6489 9.26393 -28.4
      vertex -12.184 8.93597 -28.4
    endloop
  endfacet
  facet normal 0 0 -1
    outer loop
      vertex -12.5744 13.2264 -28.4
      vertex -10.436 14.316 -28.4
      vertex -12.4783 12.9944 -28.4
    endloop
  endfacet
  facet normal -0 0 -1
    outer loop
      vertex -10.436 14.316 -28.4
      vertex -12.5744 13.2264 -28.4
      vertex -10.7639 14.8511 -28.4
    endloop
  endfacet
  facet normal 0 0 -1
    outer loop
      vertex -10.0492 11.8743 -28.4
      vertex -12.4197 12.2497 -28.4
      vertex -12.4 12.5 -28.4
    endloop
  endfacet
  facet normal 0 0 -1
    outer loop
      vertex -10.1958 11.2639 -28.4
      vertex -12.4783 12.0056 -28.4
      vertex -12.4197 12.2497 -28.4
    endloop
  endfacet
  facet normal 0 0 -1
    outer loop
      vertex -10.436 10.684 -28.4
      vertex -12.5744 11.7736 -28.4
      vertex -12.4783 12.0056 -28.4
    endloop
  endfacet
  facet normal 0 0 -1
    outer loop
      vertex -10.7639 10.1489 -28.4
      vertex -12.7056 11.5595 -28.4
      vertex -12.5744 11.7736 -28.4
    endloop
  endfacet
  facet normal 0 0 -1
    outer loop
      vertex -13.2736 11.0744 -28.4
      vertex -12.184 8.93597 -28.4
      vertex -12.7639 8.69577 -28.4
    endloop
  endfacet
  facet normal 0 0 -1
    outer loop
      vertex -11.1716 9.67157 -28.4
      vertex -12.8686 11.3686 -28.4
      vertex -12.7056 11.5595 -28.4
    endloop
  endfacet
  facet normal 0 0 -1
    outer loop
      vertex -11.6489 9.26393 -28.4
      vertex -13.0595 11.2056 -28.4
      vertex -12.8686 11.3686 -28.4
    endloop
  endfacet
  facet normal 0 0 -1
    outer loop
      vertex -12.184 8.93597 -28.4
      vertex -13.2736 11.0744 -28.4
      vertex -13.0595 11.2056 -28.4
    endloop
  endfacet
  facet normal 0 0 -1
    outer loop
      vertex -13.5056 10.9783 -28.4
      vertex -12.7639 8.69577 -28.4
      vertex -13.3743 8.54925 -28.4
    endloop
  endfacet
  facet normal 0 0 -1
    outer loop
      vertex -12.7639 8.69577 -28.4
      vertex -13.5056 10.9783 -28.4
      vertex -13.2736 11.0744 -28.4
    endloop
  endfacet
  facet normal 0 0 -1
    outer loop
      vertex -13.3743 8.54925 -28.4
      vertex -13.7497 10.9197 -28.4
      vertex -13.5056 10.9783 -28.4
    endloop
  endfacet
  facet normal 0 0 -1
    outer loop
      vertex -14 8.5 -28.4
      vertex -13.7497 10.9197 -28.4
      vertex -13.3743 8.54925 -28.4
    endloop
  endfacet
  facet normal 0 0 -1
    outer loop
      vertex -14 8.5 -28.4
      vertex -14 10.9 -28.4
      vertex -13.7497 10.9197 -28.4
    endloop
  endfacet
  facet normal 0 0 -1
    outer loop
      vertex -14 8.5 -28.4
      vertex -14.2503 10.9197 -28.4
      vertex -14 10.9 -28.4
    endloop
  endfacet
  facet normal 0 0 -1
    outer loop
      vertex -14.6257 8.54925 -28.4
      vertex -14.2503 10.9197 -28.4
      vertex -14 8.5 -28.4
    endloop
  endfacet
  facet normal -0 0 -1
    outer loop
      vertex -14.2503 10.9197 -28.4
      vertex -14.6257 8.54925 -28.4
      vertex -14.4944 10.9783 -28.4
    endloop
  endfacet
  facet normal 0 0 -1
    outer loop
      vertex -15.2361 8.69577 -28.4
      vertex -14.4944 10.9783 -28.4
      vertex -14.6257 8.54925 -28.4
    endloop
  endfacet
  facet normal -0 0 -1
    outer loop
      vertex -14.4944 10.9783 -28.4
      vertex -15.2361 8.69577 -28.4
      vertex -14.7264 11.0744 -28.4
    endloop
  endfacet
  facet normal 0 0 -1
    outer loop
      vertex -15.816 8.93597 -28.4
      vertex -14.7264 11.0744 -28.4
      vertex -15.2361 8.69577 -28.4
    endloop
  endfacet
  facet normal -0 0 -1
    outer loop
      vertex -14.7264 11.0744 -28.4
      vertex -15.816 8.93597 -28.4
      vertex -14.9405 11.2056 -28.4
    endloop
  endfacet
  facet normal 0 0 -1
    outer loop
      vertex -16.3511 9.26393 -28.4
      vertex -14.9405 11.2056 -28.4
      vertex -15.816 8.93597 -28.4
    endloop
  endfacet
  facet normal -0 0 -1
    outer loop
      vertex -14.9405 11.2056 -28.4
      vertex -16.3511 9.26393 -28.4
      vertex -15.1314 11.3686 -28.4
    endloop
  endfacet
  facet normal 0 0 -1
    outer loop
      vertex -16.8284 9.67157 -28.4
      vertex -15.1314 11.3686 -28.4
      vertex -16.3511 9.26393 -28.4
    endloop
  endfacet
  facet normal -0 0 -1
    outer loop
      vertex -15.1314 11.3686 -28.4
      vertex -16.8284 9.67157 -28.4
      vertex -15.2944 11.5595 -28.4
    endloop
  endfacet
  facet normal -0 0 -1
    outer loop
      vertex -15.2944 11.5595 -28.4
      vertex -17.2361 10.1489 -28.4
      vertex -15.4256 11.7736 -28.4
    endloop
  endfacet
  facet normal 0 0 -1
    outer loop
      vertex -17.2361 10.1489 -28.4
      vertex -15.2944 11.5595 -28.4
      vertex -16.8284 9.67157 -28.4
    endloop
  endfacet
  facet normal 0 0 -1
    outer loop
      vertex -12.7056 13.4405 -28.4
      vertex -10.7639 14.8511 -28.4
      vertex -12.5744 13.2264 -28.4
    endloop
  endfacet
  facet normal -0 0 -1
    outer loop
      vertex -10.7639 14.8511 -28.4
      vertex -12.7056 13.4405 -28.4
      vertex -11.1716 15.3284 -28.4
    endloop
  endfacet
  facet normal 0 0 -1
    outer loop
      vertex -12.8686 13.6314 -28.4
      vertex -11.1716 15.3284 -28.4
      vertex -12.7056 13.4405 -28.4
    endloop
  endfacet
  facet normal -0 0 -1
    outer loop
      vertex -11.1716 15.3284 -28.4
      vertex -12.8686 13.6314 -28.4
      vertex -11.6489 15.7361 -28.4
    endloop
  endfacet
  facet normal 0 0 -1
    outer loop
      vertex -13.0595 13.7944 -28.4
      vertex -11.6489 15.7361 -28.4
      vertex -12.8686 13.6314 -28.4
    endloop
  endfacet
  facet normal -0 0 -1
    outer loop
      vertex -11.6489 15.7361 -28.4
      vertex -13.0595 13.7944 -28.4
      vertex -12.184 16.064 -28.4
    endloop
  endfacet
  facet normal 0 0 -1
    outer loop
      vertex -13.2736 13.9256 -28.4
      vertex -12.184 16.064 -28.4
      vertex -13.0595 13.7944 -28.4
    endloop
  endfacet
  facet normal -0 0 -1
    outer loop
      vertex -12.184 16.064 -28.4
      vertex -13.2736 13.9256 -28.4
      vertex -12.7639 16.3042 -28.4
    endloop
  endfacet
  facet normal 0 0 -1
    outer loop
      vertex -13.5056 14.0217 -28.4
      vertex -12.7639 16.3042 -28.4
      vertex -13.2736 13.9256 -28.4
    endloop
  endfacet
  facet normal -0 0 -1
    outer loop
      vertex -12.7639 16.3042 -28.4
      vertex -13.5056 14.0217 -28.4
      vertex -13.3743 16.4508 -28.4
    endloop
  endfacet
  facet normal 0 0 -1
    outer loop
      vertex -13.7497 14.0803 -28.4
      vertex -13.3743 16.4508 -28.4
      vertex -13.5056 14.0217 -28.4
    endloop
  endfacet
  facet normal 0 0 -1
    outer loop
      vertex -14 14.1 -28.4
      vertex -13.3743 16.4508 -28.4
      vertex -13.7497 14.0803 -28.4
    endloop
  endfacet
  facet normal 0 0 -1
    outer loop
      vertex -14 14.1 -28.4
      vertex -14 16.5 -28.4
      vertex -13.3743 16.4508 -28.4
    endloop
  endfacet
  facet normal 0 0 -1
    outer loop
      vertex -14.2503 14.0803 -28.4
      vertex -14 16.5 -28.4
      vertex -14 14.1 -28.4
    endloop
  endfacet
  facet normal 0 0 -1
    outer loop
      vertex -14.6257 16.4508 -28.4
      vertex -14.2503 14.0803 -28.4
      vertex -14.4944 14.0217 -28.4
    endloop
  endfacet
  facet normal 0 0 -1
    outer loop
      vertex -14.2503 14.0803 -28.4
      vertex -14.6257 16.4508 -28.4
      vertex -14 16.5 -28.4
    endloop
  endfacet
  facet normal 0 0 -1
    outer loop
      vertex -15.2361 16.3042 -28.4
      vertex -14.4944 14.0217 -28.4
      vertex -14.7264 13.9256 -28.4
    endloop
  endfacet
  facet normal 0 0 -1
    outer loop
      vertex -15.816 16.064 -28.4
      vertex -14.7264 13.9256 -28.4
      vertex -14.9405 13.7944 -28.4
    endloop
  endfacet
  facet normal 0 0 -1
    outer loop
      vertex -16.3511 15.7361 -28.4
      vertex -14.9405 13.7944 -28.4
      vertex -15.1314 13.6314 -28.4
    endloop
  endfacet
  facet normal 0 0 -1
    outer loop
      vertex -14.4944 14.0217 -28.4
      vertex -15.2361 16.3042 -28.4
      vertex -14.6257 16.4508 -28.4
    endloop
  endfacet
  facet normal 0 0 -1
    outer loop
      vertex -16.8284 15.3284 -28.4
      vertex -15.1314 13.6314 -28.4
      vertex -15.2944 13.4405 -28.4
    endloop
  endfacet
  facet normal 0 0 -1
    outer loop
      vertex -17.2361 14.8511 -28.4
      vertex -15.2944 13.4405 -28.4
      vertex -15.4256 13.2264 -28.4
    endloop
  endfacet
  facet normal 0 0 -1
    outer loop
      vertex -17.564 14.316 -28.4
      vertex -15.4256 13.2264 -28.4
      vertex -15.5217 12.9944 -28.4
    endloop
  endfacet
  facet normal 0 0 -1
    outer loop
      vertex -17.8042 13.7361 -28.4
      vertex -15.5217 12.9944 -28.4
      vertex -15.5803 12.7503 -28.4
    endloop
  endfacet
  facet normal 0 0 -1
    outer loop
      vertex -14.7264 13.9256 -28.4
      vertex -15.816 16.064 -28.4
      vertex -15.2361 16.3042 -28.4
    endloop
  endfacet
  facet normal 0 0 -1
    outer loop
      vertex -17.9508 13.1257 -28.4
      vertex -15.5803 12.7503 -28.4
      vertex -15.6 12.5 -28.4
    endloop
  endfacet
  facet normal 0 0 -1
    outer loop
      vertex -17.564 10.684 -28.4
      vertex -15.4256 11.7736 -28.4
      vertex -17.2361 10.1489 -28.4
    endloop
  endfacet
  facet normal -0 0 -1
    outer loop
      vertex -15.4256 11.7736 -28.4
      vertex -17.564 10.684 -28.4
      vertex -15.5217 12.0056 -28.4
    endloop
  endfacet
  facet normal 0 0 -1
    outer loop
      vertex -14.9405 13.7944 -28.4
      vertex -16.3511 15.7361 -28.4
      vertex -15.816 16.064 -28.4
    endloop
  endfacet
  facet normal 0 0 -1
    outer loop
      vertex -17.8042 11.2639 -28.4
      vertex -15.5217 12.0056 -28.4
      vertex -17.564 10.684 -28.4
    endloop
  endfacet
  facet normal 0 0 -1
    outer loop
      vertex -15.1314 13.6314 -28.4
      vertex -16.8284 15.3284 -28.4
      vertex -16.3511 15.7361 -28.4
    endloop
  endfacet
  facet normal -0 0 -1
    outer loop
      vertex -15.5217 12.0056 -28.4
      vertex -17.8042 11.2639 -28.4
      vertex -15.5803 12.2497 -28.4
    endloop
  endfacet
  facet normal 0 0 -1
    outer loop
      vertex -15.2944 13.4405 -28.4
      vertex -17.2361 14.8511 -28.4
      vertex -16.8284 15.3284 -28.4
    endloop
  endfacet
  facet normal 0 0 -1
    outer loop
      vertex -17.9508 11.8743 -28.4
      vertex -15.5803 12.2497 -28.4
      vertex -17.8042 11.2639 -28.4
    endloop
  endfacet
  facet normal 0 0 -1
    outer loop
      vertex -15.4256 13.2264 -28.4
      vertex -17.564 14.316 -28.4
      vertex -17.2361 14.8511 -28.4
    endloop
  endfacet
  facet normal -0 0 -1
    outer loop
      vertex -15.5803 12.2497 -28.4
      vertex -17.9508 11.8743 -28.4
      vertex -15.6 12.5 -28.4
    endloop
  endfacet
  facet normal 0 0 -1
    outer loop
      vertex -15.5217 12.9944 -28.4
      vertex -17.8042 13.7361 -28.4
      vertex -17.564 14.316 -28.4
    endloop
  endfacet
  facet normal 0 0 -1
    outer loop
      vertex -18 12.5 -28.4
      vertex -15.6 12.5 -28.4
      vertex -17.9508 11.8743 -28.4
    endloop
  endfacet
  facet normal 0 0 -1
    outer loop
      vertex -15.5803 12.7503 -28.4
      vertex -17.9508 13.1257 -28.4
      vertex -17.8042 13.7361 -28.4
    endloop
  endfacet
  facet normal 0 0 -1
    outer loop
      vertex -15.6 12.5 -28.4
      vertex -18 12.5 -28.4
      vertex -17.9508 13.1257 -28.4
    endloop
  endfacet
  facet normal 0.996923 0.07839 0
    outer loop
      vertex -10 12.5 -22.4
      vertex -10.0492 13.1257 -28.4
      vertex -10.0492 13.1257 -22.4
    endloop
  endfacet
  facet normal 0.996923 0.07839 0
    outer loop
      vertex -10.0492 13.1257 -28.4
      vertex -10 12.5 -22.4
      vertex -10 12.5 -28.4
    endloop
  endfacet
  facet normal 0.38268 0.923881 -0
    outer loop
      vertex -12.184 16.064 -28.4
      vertex -12.7639 16.3042 -22.4
      vertex -12.184 16.064 -22.4
    endloop
  endfacet
  facet normal 0.38268 0.923881 0
    outer loop
      vertex -12.7639 16.3042 -22.4
      vertex -12.184 16.064 -28.4
      vertex -12.7639 16.3042 -28.4
    endloop
  endfacet
  facet normal -0.996923 -0.07839 0
    outer loop
      vertex -17.9508 11.8743 -28.4
      vertex -18 12.5 -22.4
      vertex -18 12.5 -28.4
    endloop
  endfacet
  facet normal -0.996923 -0.07839 0
    outer loop
      vertex -18 12.5 -22.4
      vertex -17.9508 11.8743 -28.4
      vertex -17.9508 11.8743 -22.4
    endloop
  endfacet
  facet normal -0.923881 -0.38268 0
    outer loop
      vertex -17.564 10.684 -28.4
      vertex -17.8042 11.2639 -22.4
      vertex -17.8042 11.2639 -28.4
    endloop
  endfacet
  facet normal -0.923881 -0.38268 0
    outer loop
      vertex -17.8042 11.2639 -22.4
      vertex -17.564 10.684 -28.4
      vertex -17.564 10.684 -22.4
    endloop
  endfacet
  facet normal -0.852647 -0.522487 0
    outer loop
      vertex -17.2361 10.1489 -28.4
      vertex -17.564 10.684 -22.4
      vertex -17.564 10.684 -28.4
    endloop
  endfacet
  facet normal -0.852647 -0.522487 0
    outer loop
      vertex -17.564 10.684 -22.4
      vertex -17.2361 10.1489 -28.4
      vertex -17.2361 10.1489 -22.4
    endloop
  endfacet
  facet normal -0.97235 -0.23353 0
    outer loop
      vertex -17.8042 11.2639 -28.4
      vertex -17.9508 11.8743 -22.4
      vertex -17.9508 11.8743 -28.4
    endloop
  endfacet
  facet normal -0.97235 -0.23353 0
    outer loop
      vertex -17.9508 11.8743 -22.4
      vertex -17.8042 11.2639 -28.4
      vertex -17.8042 11.2639 -22.4
    endloop
  endfacet
  facet normal 0.0784691 -0.996917 0
    outer loop
      vertex -14 8.5 -28.4
      vertex -13.3743 8.54925 -22.4
      vertex -14 8.5 -22.4
    endloop
  endfacet
  facet normal 0.0784691 -0.996917 0
    outer loop
      vertex -13.3743 8.54925 -22.4
      vertex -14 8.5 -28.4
      vertex -13.3743 8.54925 -28.4
    endloop
  endfacet
  facet normal 0.852647 -0.522487 0
    outer loop
      vertex -10.7639 10.1489 -22.4
      vertex -10.436 10.684 -28.4
      vertex -10.436 10.684 -22.4
    endloop
  endfacet
  facet normal 0.852647 -0.522487 0
    outer loop
      vertex -10.436 10.684 -28.4
      vertex -10.7639 10.1489 -22.4
      vertex -10.7639 10.1489 -28.4
    endloop
  endfacet
  facet normal -0.23353 0.97235 0
    outer loop
      vertex -14.6257 16.4508 -28.4
      vertex -15.2361 16.3042 -22.4
      vertex -14.6257 16.4508 -22.4
    endloop
  endfacet
  facet normal -0.23353 0.97235 0
    outer loop
      vertex -15.2361 16.3042 -22.4
      vertex -14.6257 16.4508 -28.4
      vertex -15.2361 16.3042 -28.4
    endloop
  endfacet
  facet normal -0.522557 -0.852604 0
    outer loop
      vertex -16.3511 9.26393 -28.4
      vertex -15.816 8.93597 -22.4
      vertex -16.3511 9.26393 -22.4
    endloop
  endfacet
  facet normal -0.522557 -0.852604 -0
    outer loop
      vertex -15.816 8.93597 -22.4
      vertex -16.3511 9.26393 -28.4
      vertex -15.816 8.93597 -28.4
    endloop
  endfacet
  facet normal 0 1 -0
    outer loop
      vertex 0 4 -19.4
      vertex -28 4 4
      vertex 0 4 4
    endloop
  endfacet
  facet normal 0 1 0
    outer loop
      vertex -28 4 4
      vertex 0 4 -19.4
      vertex -28 4 -19.4
    endloop
  endfacet
  facet normal 1 -0 0
    outer loop
      vertex -5.5 4 -22.4
      vertex -5.5 10 -28.4
      vertex -5.5 10 -22.4
    endloop
  endfacet
  facet normal 1 0 0
    outer loop
      vertex -5.5 10 -28.4
      vertex -5.5 4 -22.4
      vertex -5.5 4 -28.4
    endloop
  endfacet
  facet normal -1 0 0
    outer loop
      vertex -7 4 -28.4
      vertex -7 10 -22.4
      vertex -7 10 -28.4
    endloop
  endfacet
  facet normal -1 -0 0
    outer loop
      vertex -7 10 -22.4
      vertex -7 4 -28.4
      vertex -7 4 -22.4
    endloop
  endfacet
  facet normal 0 1 -0
    outer loop
      vertex -5.5 10 -28.4
      vertex -7 10 -22.4
      vertex -5.5 10 -22.4
    endloop
  endfacet
  facet normal 0 1 0
    outer loop
      vertex -7 10 -22.4
      vertex -5.5 10 -28.4
      vertex -7 10 -28.4
    endloop
  endfacet
  facet normal 0 0 -1
    outer loop
      vertex -7 4 -28.4
      vertex -5.5 10 -28.4
      vertex -5.5 4 -28.4
    endloop
  endfacet
  facet normal -0 0 -1
    outer loop
      vertex -5.5 10 -28.4
      vertex -7 4 -28.4
      vertex -7 10 -28.4
    endloop
  endfacet
  facet normal 0 -1 0
    outer loop
      vertex -7 4 -28.4
      vertex -5.5 4 -22.4
      vertex -7 4 -22.4
    endloop
  endfacet
  facet normal 0 -1 -0
    outer loop
      vertex -5.5 4 -22.4
      vertex -7 4 -28.4
      vertex -5.5 4 -28.4
    endloop
  endfacet
  facet normal 1 -0 0
    outer loop
      vertex -21 4 -22.4
      vertex -21 10 -28.4
      vertex -21 10 -22.4
    endloop
  endfacet
  facet normal 1 0 0
    outer loop
      vertex -21 10 -28.4
      vertex -21 4 -22.4
      vertex -21 4 -28.4
    endloop
  endfacet
  facet normal -1 0 0
    outer loop
      vertex -22.5 4 -28.4
      vertex -22.5 10 -22.4
      vertex -22.5 10 -28.4
    endloop
  endfacet
  facet normal -1 -0 0
    outer loop
      vertex -22.5 10 -22.4
      vertex -22.5 4 -28.4
      vertex -22.5 4 -22.4
    endloop
  endfacet
  facet normal 0 1 -0
    outer loop
      vertex -21 10 -28.4
      vertex -22.5 10 -22.4
      vertex -21 10 -22.4
    endloop
  endfacet
  facet normal 0 1 0
    outer loop
      vertex -22.5 10 -22.4
      vertex -21 10 -28.4
      vertex -22.5 10 -28.4
    endloop
  endfacet
  facet normal 0 0 -1
    outer loop
      vertex -22.5 4 -28.4
      vertex -21 10 -28.4
      vertex -21 4 -28.4
    endloop
  endfacet
  facet normal -0 0 -1
    outer loop
      vertex -21 10 -28.4
      vertex -22.5 4 -28.4
      vertex -22.5 10 -28.4
    endloop
  endfacet
  facet normal 0 -1 0
    outer loop
      vertex -22.5 4 -28.4
      vertex -21 4 -22.4
      vertex -22.5 4 -22.4
    endloop
  endfacet
  facet normal 0 -1 -0
    outer loop
      vertex -21 4 -22.4
      vertex -22.5 4 -28.4
      vertex -21 4 -28.4
    endloop
  endfacet
endsolid OpenSCAD_Model
