solid OpenSCAD_Model
  facet normal 0.998796 0.0490615 0
    outer loop
      vertex 7.5 0 12
      vertex 7.46389 0.735128 0
      vertex 7.46389 0.735128 12
    endloop
  endfacet
  facet normal 0.998796 0.0490615 0
    outer loop
      vertex 7.46389 0.735128 0
      vertex 7.5 0 12
      vertex 7.5 0 0
    endloop
  endfacet
  facet normal -0.998796 0.0490615 0
    outer loop
      vertex -7.5 0 0
      vertex -7.46389 0.735128 12
      vertex -7.46389 0.735128 0
    endloop
  endfacet
  facet normal -0.998796 0.0490615 0
    outer loop
      vertex -7.46389 0.735128 12
      vertex -7.5 0 0
      vertex -7.5 0 12
    endloop
  endfacet
  facet normal 0.740949 0.671562 0
    outer loop
      vertex 5.79758 4.75795 12
      vertex 5.3033 5.3033 0
      vertex 5.3033 5.3033 12
    endloop
  endfacet
  facet normal 0.740949 0.671562 0
    outer loop
      vertex 5.3033 5.3033 0
      vertex 5.79758 4.75795 12
      vertex 5.79758 4.75795 0
    endloop
  endfacet
  facet normal -0.671562 0.740949 0
    outer loop
      vertex -4.75795 5.79758 0
      vertex -5.3033 5.3033 12
      vertex -4.75795 5.79758 12
    endloop
  endfacet
  facet normal -0.671562 0.740949 0
    outer loop
      vertex -5.3033 5.3033 12
      vertex -4.75795 5.79758 0
      vertex -5.3033 5.3033 0
    endloop
  endfacet
  facet normal 0.903988 0.427558 0
    outer loop
      vertex 6.9291 2.87012 12
      vertex 6.61441 3.53547 0
      vertex 6.61441 3.53547 12
    endloop
  endfacet
  facet normal 0.903988 0.427558 0
    outer loop
      vertex 6.61441 3.53547 0
      vertex 6.9291 2.87012 12
      vertex 6.9291 2.87012 0
    endloop
  endfacet
  facet normal 0.85773 0.5141 0
    outer loop
      vertex 6.61441 3.53547 12
      vertex 6.23602 4.16678 0
      vertex 6.23602 4.16678 12
    endloop
  endfacet
  facet normal 0.85773 0.5141 0
    outer loop
      vertex 6.23602 4.16678 0
      vertex 6.61441 3.53547 12
      vertex 6.61441 3.53547 0
    endloop
  endfacet
  facet normal 0.595698 0.803209 -0
    outer loop
      vertex 4.75795 5.79758 0
      vertex 4.16678 6.23602 12
      vertex 4.75795 5.79758 12
    endloop
  endfacet
  facet normal 0.595698 0.803209 0
    outer loop
      vertex 4.16678 6.23602 12
      vertex 4.75795 5.79758 0
      vertex 4.16678 6.23602 0
    endloop
  endfacet
  facet normal -0.903988 0.427558 0
    outer loop
      vertex -6.9291 2.87012 0
      vertex -6.61441 3.53547 12
      vertex -6.61441 3.53547 0
    endloop
  endfacet
  facet normal -0.903988 0.427558 0
    outer loop
      vertex -6.61441 3.53547 12
      vertex -6.9291 2.87012 0
      vertex -6.9291 2.87012 12
    endloop
  endfacet
  facet normal 0 0 -1
    outer loop
      vertex -0.9054 -1.47114 0
      vertex -1.6553 -0.477818 0
      vertex -1.65 -0.37 0
    endloop
  endfacet
  facet normal 0 0 -1
    outer loop
      vertex -1.54095 -1.53373 0
      vertex -1.67114 -0.584599 0
      vertex -1.6553 -0.477818 0
    endloop
  endfacet
  facet normal 0 0 -1
    outer loop
      vertex -1.54095 -1.53373 0
      vertex -1.69736 -0.689313 0
      vertex -1.67114 -0.584599 0
    endloop
  endfacet
  facet normal 0 0 -1
    outer loop
      vertex -1.97218 -1.14782 0
      vertex -1.63854 -1.57989 0
      vertex -1.73113 -1.63538 0
    endloop
  endfacet
  facet normal 0 0 -1
    outer loop
      vertex -1.54095 -1.53373 0
      vertex -1.73373 -0.790952 0
      vertex -1.69736 -0.689313 0
    endloop
  endfacet
  facet normal 0 0 -1
    outer loop
      vertex -1.54095 -1.53373 0
      vertex -1.77989 -0.888535 0
      vertex -1.73373 -0.790952 0
    endloop
  endfacet
  facet normal 0 0 -1
    outer loop
      vertex -2.05217 -1.22031 0
      vertex -1.73113 -1.63538 0
      vertex -1.81783 -1.69969 0
    endloop
  endfacet
  facet normal 0 0 -1
    outer loop
      vertex -1.54095 -1.53373 0
      vertex -1.83538 -0.981127 0
      vertex -1.77989 -0.888535 0
    endloop
  endfacet
  facet normal 0 0 -1
    outer loop
      vertex -2.13887 -1.28462 0
      vertex -1.81783 -1.69969 0
      vertex -1.89782 -1.77218 0
    endloop
  endfacet
  facet normal 0 0 -1
    outer loop
      vertex -1.54095 -1.53373 0
      vertex -1.89969 -1.06783 0
      vertex -1.83538 -0.981127 0
    endloop
  endfacet
  facet normal 0 0 -1
    outer loop
      vertex -2.23146 -1.34011 0
      vertex -1.89782 -1.77218 0
      vertex -1.97031 -1.85217 0
    endloop
  endfacet
  facet normal 0 0 -1
    outer loop
      vertex -1.63854 -1.57989 0
      vertex -1.97218 -1.14782 0
      vertex -1.89969 -1.06783 0
    endloop
  endfacet
  facet normal 0 0 -1
    outer loop
      vertex -2.32905 -1.38627 0
      vertex -1.97031 -1.85217 0
      vertex -2.03462 -1.93887 0
    endloop
  endfacet
  facet normal 0 0 -1
    outer loop
      vertex -1.73113 -1.63538 0
      vertex -2.05217 -1.22031 0
      vertex -1.97218 -1.14782 0
    endloop
  endfacet
  facet normal 0 0 -1
    outer loop
      vertex -2.43069 -1.42263 0
      vertex -2.03462 -1.93887 0
      vertex -2.09011 -2.03146 0
    endloop
  endfacet
  facet normal 0 0 -1
    outer loop
      vertex -2.5354 -1.44886 0
      vertex -2.09011 -2.03146 0
      vertex -2.13627 -2.12905 0
    endloop
  endfacet
  facet normal 0 0 -1
    outer loop
      vertex -1.81783 -1.69969 0
      vertex -2.13887 -1.28462 0
      vertex -2.05217 -1.22031 0
    endloop
  endfacet
  facet normal 0 0 -1
    outer loop
      vertex -2.64218 -1.4647 0
      vertex -2.13627 -2.12905 0
      vertex -2.17263 -2.23069 0
    endloop
  endfacet
  facet normal 0 0 -1
    outer loop
      vertex -2.75 -1.47 0
      vertex -2.17263 -2.23069 0
      vertex -2.19886 -2.3354 0
    endloop
  endfacet
  facet normal 0 0 -1
    outer loop
      vertex -2.85782 -1.4647 0
      vertex -2.19886 -2.3354 0
      vertex -2.2147 -2.44218 0
    endloop
  endfacet
  facet normal 0 0 -1
    outer loop
      vertex -1.89782 -1.77218 0
      vertex -2.23146 -1.34011 0
      vertex -2.13887 -1.28462 0
    endloop
  endfacet
  facet normal 0 0 -1
    outer loop
      vertex -2.9646 -1.44886 0
      vertex -2.2147 -2.44218 0
      vertex -2.22 -2.55 0
    endloop
  endfacet
  facet normal 0 0 -1
    outer loop
      vertex -0.0673647 -2.23069 0
      vertex 0.0673647 -2.23069 0
      vertex -0.0411358 -2.3354 0
    endloop
  endfacet
  facet normal 0 0 -1
    outer loop
      vertex 0.0673647 -2.23069 0
      vertex -0.0673647 -2.23069 0
      vertex 0.103732 -2.12905 0
    endloop
  endfacet
  facet normal 0 0 -1
    outer loop
      vertex -0.103732 -2.12905 0
      vertex 0.103732 -2.12905 0
      vertex -0.0673647 -2.23069 0
    endloop
  endfacet
  facet normal 0 0 -1
    outer loop
      vertex -0.149886 -2.03146 0
      vertex 0.103732 -2.12905 0
      vertex -0.103732 -2.12905 0
    endloop
  endfacet
  facet normal 0 0 -1
    outer loop
      vertex -0.205383 -1.93887 0
      vertex 0.103732 -2.12905 0
      vertex -0.149886 -2.03146 0
    endloop
  endfacet
  facet normal 0 0 -1
    outer loop
      vertex -0.269688 -1.85217 0
      vertex 0.103732 -2.12905 0
      vertex -0.205383 -1.93887 0
    endloop
  endfacet
  facet normal 0 0 -1
    outer loop
      vertex -0.342182 -1.77218 0
      vertex 0.103732 -2.12905 0
      vertex -0.269688 -1.85217 0
    endloop
  endfacet
  facet normal 0 0 -1
    outer loop
      vertex 0.103732 -2.12905 0
      vertex -0.342182 -1.77218 0
      vertex 0 0.719999 0
    endloop
  endfacet
  facet normal 0 0 -1
    outer loop
      vertex -0.422167 -1.69969 0
      vertex 0 0.719999 0
      vertex -0.342182 -1.77218 0
    endloop
  endfacet
  facet normal 0 0 -1
    outer loop
      vertex -0.508872 -1.63538 0
      vertex 0 0.719999 0
      vertex -0.422167 -1.69969 0
    endloop
  endfacet
  facet normal 0 0 -1
    outer loop
      vertex -0.601463 -1.57989 0
      vertex 0 0.719999 0
      vertex -0.508872 -1.63538 0
    endloop
  endfacet
  facet normal -0 0 -1
    outer loop
      vertex 0 0.719999 0
      vertex -0.601463 -1.57989 0
      vertex -0.107819 0.725296 0
    endloop
  endfacet
  facet normal 0 0 -1
    outer loop
      vertex -0.699048 -1.53373 0
      vertex -0.107819 0.725296 0
      vertex -0.601463 -1.57989 0
    endloop
  endfacet
  facet normal -0 0 -1
    outer loop
      vertex -0.107819 0.725296 0
      vertex -0.699048 -1.53373 0
      vertex -0.214599 0.741136 0
    endloop
  endfacet
  facet normal 0 0 -1
    outer loop
      vertex -0.800687 -1.49736 0
      vertex -0.214599 0.741136 0
      vertex -0.699048 -1.53373 0
    endloop
  endfacet
  facet normal 0 0 -1
    outer loop
      vertex -1.65 -0.37 0
      vertex -0.214599 0.741136 0
      vertex -0.800687 -1.49736 0
    endloop
  endfacet
  facet normal -0 0 -1
    outer loop
      vertex -0.214599 0.741136 0
      vertex -1.65 -0.37 0
      vertex -0.319313 0.767365 0
    endloop
  endfacet
  facet normal 0 0 -1
    outer loop
      vertex -1.6553 -0.26218 0
      vertex -0.319313 0.767365 0
      vertex -1.65 -0.37 0
    endloop
  endfacet
  facet normal -0 0 -1
    outer loop
      vertex -0.319313 0.767365 0
      vertex -1.6553 -0.26218 0
      vertex -0.420951 0.803732 0
    endloop
  endfacet
  facet normal 0 0 -1
    outer loop
      vertex -1.67114 -0.1554 0
      vertex -0.420951 0.803732 0
      vertex -1.6553 -0.26218 0
    endloop
  endfacet
  facet normal -0 0 -1
    outer loop
      vertex -0.420951 0.803732 0
      vertex -1.67114 -0.1554 0
      vertex -0.518536 0.849886 0
    endloop
  endfacet
  facet normal -0 0 -1
    outer loop
      vertex -0.518536 0.849886 0
      vertex -1.69736 -0.0506868 0
      vertex -0.611127 0.905383 0
    endloop
  endfacet
  facet normal 0 0 -1
    outer loop
      vertex -1.65 -0.37 0
      vertex -0.800687 -1.49736 0
      vertex -0.9054 -1.47114 0
    endloop
  endfacet
  facet normal 0 0 -1
    outer loop
      vertex -1.73373 0.050951 0
      vertex -0.611127 0.905383 0
      vertex -1.69736 -0.0506868 0
    endloop
  endfacet
  facet normal -0 0 -1
    outer loop
      vertex -0.611127 0.905383 0
      vertex -1.73373 0.050951 0
      vertex -0.697832 0.969688 0
    endloop
  endfacet
  facet normal 0 0 -1
    outer loop
      vertex -1.6553 -0.477818 0
      vertex -0.9054 -1.47114 0
      vertex -1.01218 -1.4553 0
    endloop
  endfacet
  facet normal 0 -0 -1
    outer loop
      vertex -1.50217 0.969688 0
      vertex -0.697832 0.969688 0
      vertex -1.73373 0.050951 0
    endloop
  endfacet
  facet normal 0 0 -1
    outer loop
      vertex -0.697832 0.969688 0
      vertex -1.50217 0.969688 0
      vertex -0.777817 1.04218 0
    endloop
  endfacet
  facet normal 0 0 -1
    outer loop
      vertex -0.970113 1.30146 0
      vertex -1.22989 1.30146 0
      vertex -1.01627 1.39905 0
    endloop
  endfacet
  facet normal 0 -0 -1
    outer loop
      vertex -1.14737 1.50069 0
      vertex -1.05263 1.50069 0
      vertex -1.18373 1.39905 0
    endloop
  endfacet
  facet normal 0 0 -1
    outer loop
      vertex -1.07886 1.6054 0
      vertex -1.12114 1.6054 0
      vertex -1.0947 1.71218 0
    endloop
  endfacet
  facet normal 0 0 -1
    outer loop
      vertex -1.0947 1.71218 0
      vertex -1.1053 1.71218 0
      vertex -1.1 1.82 0
    endloop
  endfacet
  facet normal 0 0 -1
    outer loop
      vertex -1.6553 -0.477818 0
      vertex -1.01218 -1.4553 0
      vertex -1.12 -1.45 0
    endloop
  endfacet
  facet normal -0 0 -1
    outer loop
      vertex -1.0947 1.71218 0
      vertex -1.12114 1.6054 0
      vertex -1.1053 1.71218 0
    endloop
  endfacet
  facet normal -0 0 -1
    outer loop
      vertex -1.07886 1.6054 0
      vertex -1.14737 1.50069 0
      vertex -1.12114 1.6054 0
    endloop
  endfacet
  facet normal 0 0 -1
    outer loop
      vertex -1.05263 1.50069 0
      vertex -1.14737 1.50069 0
      vertex -1.07886 1.6054 0
    endloop
  endfacet
  facet normal 0 0 -1
    outer loop
      vertex -1.6553 -0.477818 0
      vertex -1.12 -1.45 0
      vertex -1.22782 -1.4553 0
    endloop
  endfacet
  facet normal 0 0 -1
    outer loop
      vertex -1.01627 1.39905 0
      vertex -1.18373 1.39905 0
      vertex -1.05263 1.50069 0
    endloop
  endfacet
  facet normal 0 -0 -1
    outer loop
      vertex -1.18373 1.39905 0
      vertex -1.01627 1.39905 0
      vertex -1.22989 1.30146 0
    endloop
  endfacet
  facet normal 0 0 -1
    outer loop
      vertex -1.6553 -0.477818 0
      vertex -1.22782 -1.4553 0
      vertex -1.3346 -1.47114 0
    endloop
  endfacet
  facet normal 0 -0 -1
    outer loop
      vertex -1.42218 1.04218 0
      vertex -0.777817 1.04218 0
      vertex -1.50217 0.969688 0
    endloop
  endfacet
  facet normal 0 -0 -1
    outer loop
      vertex -1.22989 1.30146 0
      vertex -0.970113 1.30146 0
      vertex -1.28538 1.20887 0
    endloop
  endfacet
  facet normal 0 0 -1
    outer loop
      vertex -1.6553 -0.477818 0
      vertex -1.3346 -1.47114 0
      vertex -1.43931 -1.49736 0
    endloop
  endfacet
  facet normal 0 0 -1
    outer loop
      vertex -1.69736 -0.0506868 0
      vertex -0.518536 0.849886 0
      vertex -1.67114 -0.1554 0
    endloop
  endfacet
  facet normal 0 0 -1
    outer loop
      vertex -1.6553 -0.477818 0
      vertex -1.43931 -1.49736 0
      vertex -1.54095 -1.53373 0
    endloop
  endfacet
  facet normal 0 0 -1
    outer loop
      vertex -0.914616 1.20887 0
      vertex -1.28538 1.20887 0
      vertex -0.970113 1.30146 0
    endloop
  endfacet
  facet normal 0 0 -1
    outer loop
      vertex -1.89969 -1.06783 0
      vertex -1.54095 -1.53373 0
      vertex -1.63854 -1.57989 0
    endloop
  endfacet
  facet normal 0 -0 -1
    outer loop
      vertex -1.28538 1.20887 0
      vertex -0.914616 1.20887 0
      vertex -1.34969 1.12217 0
    endloop
  endfacet
  facet normal 0 0 -1
    outer loop
      vertex -0.850311 1.12217 0
      vertex -1.34969 1.12217 0
      vertex -0.914616 1.20887 0
    endloop
  endfacet
  facet normal 0 -0 -1
    outer loop
      vertex -1.34969 1.12217 0
      vertex -0.850311 1.12217 0
      vertex -1.42218 1.04218 0
    endloop
  endfacet
  facet normal 0 0 -1
    outer loop
      vertex -0.777817 1.04218 0
      vertex -1.42218 1.04218 0
      vertex -0.850311 1.12217 0
    endloop
  endfacet
  facet normal 0 0 -1
    outer loop
      vertex -1.50217 0.969688 0
      vertex -1.73373 0.050951 0
      vertex -1.58887 0.905383 0
    endloop
  endfacet
  facet normal 0 0 -1
    outer loop
      vertex -1.77989 0.148536 0
      vertex -1.58887 0.905383 0
      vertex -1.73373 0.050951 0
    endloop
  endfacet
  facet normal 0 0 -1
    outer loop
      vertex -1.58887 0.905383 0
      vertex -1.77989 0.148536 0
      vertex -1.68146 0.849886 0
    endloop
  endfacet
  facet normal 0 0 -1
    outer loop
      vertex -1.83538 0.241127 0
      vertex -1.68146 0.849886 0
      vertex -1.77989 0.148536 0
    endloop
  endfacet
  facet normal 0 0 -1
    outer loop
      vertex -1.68146 0.849886 0
      vertex -1.83538 0.241127 0
      vertex -1.77905 0.803732 0
    endloop
  endfacet
  facet normal 0 0 -1
    outer loop
      vertex -1.89969 0.327832 0
      vertex -1.77905 0.803732 0
      vertex -1.83538 0.241127 0
    endloop
  endfacet
  facet normal 0 0 -1
    outer loop
      vertex -1.77905 0.803732 0
      vertex -1.89969 0.327832 0
      vertex -1.88069 0.767365 0
    endloop
  endfacet
  facet normal 0 0 -1
    outer loop
      vertex -1.97218 0.407817 0
      vertex -1.88069 0.767365 0
      vertex -1.89969 0.327832 0
    endloop
  endfacet
  facet normal 0 0 -1
    outer loop
      vertex -1.97218 0.407817 0
      vertex -1.9854 0.741136 0
      vertex -1.88069 0.767365 0
    endloop
  endfacet
  facet normal 0 0 -1
    outer loop
      vertex -2.05217 0.480311 0
      vertex -1.9854 0.741136 0
      vertex -1.97218 0.407817 0
    endloop
  endfacet
  facet normal 0 0 -1
    outer loop
      vertex -2.05217 0.480311 0
      vertex -2.09218 0.725296 0
      vertex -1.9854 0.741136 0
    endloop
  endfacet
  facet normal 0 0 -1
    outer loop
      vertex -2.13887 0.544616 0
      vertex -2.09218 0.725296 0
      vertex -2.05217 0.480311 0
    endloop
  endfacet
  facet normal 0 0 -1
    outer loop
      vertex -2.13887 0.544616 0
      vertex -2.2 0.719999 0
      vertex -2.09218 0.725296 0
    endloop
  endfacet
  facet normal 0 0 -1
    outer loop
      vertex -2.23146 0.600113 0
      vertex -2.2 0.719999 0
      vertex -2.13887 0.544616 0
    endloop
  endfacet
  facet normal 0 0 -1
    outer loop
      vertex -2.23146 0.600113 0
      vertex -2.30782 0.725296 0
      vertex -2.2 0.719999 0
    endloop
  endfacet
  facet normal 0 0 -1
    outer loop
      vertex -2.32905 0.646267 0
      vertex -2.30782 0.725296 0
      vertex -2.23146 0.600113 0
    endloop
  endfacet
  facet normal 0 0 -1
    outer loop
      vertex -2.32905 0.646267 0
      vertex -2.4146 0.741136 0
      vertex -2.30782 0.725296 0
    endloop
  endfacet
  facet normal 0 0 -1
    outer loop
      vertex -2.43069 0.682634 0
      vertex -2.4146 0.741136 0
      vertex -2.32905 0.646267 0
    endloop
  endfacet
  facet normal 0 0 -1
    outer loop
      vertex -2.43069 0.682634 0
      vertex -2.51931 0.767365 0
      vertex -2.4146 0.741136 0
    endloop
  endfacet
  facet normal 0 0 -1
    outer loop
      vertex -2.5354 0.708863 0
      vertex -2.51931 0.767365 0
      vertex -2.43069 0.682634 0
    endloop
  endfacet
  facet normal 0 0 -1
    outer loop
      vertex -2.5354 0.708863 0
      vertex -2.62095 0.803732 0
      vertex -2.51931 0.767365 0
    endloop
  endfacet
  facet normal 0 0 -1
    outer loop
      vertex -2.64218 0.724703 0
      vertex -2.62095 0.803732 0
      vertex -2.5354 0.708863 0
    endloop
  endfacet
  facet normal 0 0 -1
    outer loop
      vertex -2.64218 0.724703 0
      vertex -2.71854 0.849886 0
      vertex -2.62095 0.803732 0
    endloop
  endfacet
  facet normal 0 0 -1
    outer loop
      vertex -2.75 0.73 0
      vertex -2.71854 0.849886 0
      vertex -2.64218 0.724703 0
    endloop
  endfacet
  facet normal 0 0 -1
    outer loop
      vertex -2.75 0.73 0
      vertex -2.81113 0.905383 0
      vertex -2.71854 0.849886 0
    endloop
  endfacet
  facet normal 0 0 -1
    outer loop
      vertex -2.85782 0.724703 0
      vertex -2.81113 0.905383 0
      vertex -2.75 0.73 0
    endloop
  endfacet
  facet normal 0 0 -1
    outer loop
      vertex -2.85782 0.724703 0
      vertex -2.89783 0.969688 0
      vertex -2.81113 0.905383 0
    endloop
  endfacet
  facet normal 0 0 -1
    outer loop
      vertex -2.9646 0.708863 0
      vertex -2.89783 0.969688 0
      vertex -2.85782 0.724703 0
    endloop
  endfacet
  facet normal 0 0 -1
    outer loop
      vertex -2.9646 0.708863 0
      vertex -2.97782 1.04218 0
      vertex -2.89783 0.969688 0
    endloop
  endfacet
  facet normal 0 0 -1
    outer loop
      vertex -3.06931 0.682634 0
      vertex -2.97782 1.04218 0
      vertex -2.9646 0.708863 0
    endloop
  endfacet
  facet normal -0 0 -1
    outer loop
      vertex -2.97782 1.04218 0
      vertex -3.06931 0.682634 0
      vertex -3.05031 1.12217 0
    endloop
  endfacet
  facet normal 0 0 -1
    outer loop
      vertex -3.17095 0.646267 0
      vertex -3.05031 1.12217 0
      vertex -3.06931 0.682634 0
    endloop
  endfacet
  facet normal -0 0 -1
    outer loop
      vertex -3.05031 1.12217 0
      vertex -3.17095 0.646267 0
      vertex -3.11462 1.20887 0
    endloop
  endfacet
  facet normal 0 0 -1
    outer loop
      vertex -3.26854 0.600113 0
      vertex -3.11462 1.20887 0
      vertex -3.17095 0.646267 0
    endloop
  endfacet
  facet normal -0 0 -1
    outer loop
      vertex -3.11462 1.20887 0
      vertex -3.26854 0.600113 0
      vertex -3.17011 1.30146 0
    endloop
  endfacet
  facet normal 0 0 -1
    outer loop
      vertex -3.36113 0.544616 0
      vertex -3.17011 1.30146 0
      vertex -3.26854 0.600113 0
    endloop
  endfacet
  facet normal -0 0 -1
    outer loop
      vertex -3.17011 1.30146 0
      vertex -3.36113 0.544616 0
      vertex -3.21627 1.39905 0
    endloop
  endfacet
  facet normal 0 0 -1
    outer loop
      vertex -3.44783 0.480311 0
      vertex -3.21627 1.39905 0
      vertex -3.36113 0.544616 0
    endloop
  endfacet
  facet normal -0 0 -1
    outer loop
      vertex -3.21627 1.39905 0
      vertex -3.44783 0.480311 0
      vertex -3.25263 1.50069 0
    endloop
  endfacet
  facet normal 0 0 -1
    outer loop
      vertex -3.52782 0.407817 0
      vertex -3.25263 1.50069 0
      vertex -3.44783 0.480311 0
    endloop
  endfacet
  facet normal -0 0 -1
    outer loop
      vertex -3.25263 1.50069 0
      vertex -3.52782 0.407817 0
      vertex -3.27886 1.6054 0
    endloop
  endfacet
  facet normal 0 0 -1
    outer loop
      vertex 7.17705 2.17713 0
      vertex 3.2947 1.71218 0
      vertex 3.3 1.82 0
    endloop
  endfacet
  facet normal 0 0 -1
    outer loop
      vertex 3.44783 0.480311 0
      vertex 3.27886 1.6054 0
      vertex 3.2947 1.71218 0
    endloop
  endfacet
  facet normal 0 0 -1
    outer loop
      vertex 3.17011 1.30146 0
      vertex 3.36113 0.544616 0
      vertex 3.26854 0.600113 0
    endloop
  endfacet
  facet normal 0 0 -1
    outer loop
      vertex 3.44783 0.480311 0
      vertex 3.25263 1.50069 0
      vertex 3.27886 1.6054 0
    endloop
  endfacet
  facet normal 0 0 -1
    outer loop
      vertex 3.44783 0.480311 0
      vertex 3.21627 1.39905 0
      vertex 3.25263 1.50069 0
    endloop
  endfacet
  facet normal 0 0 -1
    outer loop
      vertex 3.11462 1.20887 0
      vertex 3.26854 0.600113 0
      vertex 3.17095 0.646267 0
    endloop
  endfacet
  facet normal 0 0 -1
    outer loop
      vertex 3.36113 0.544616 0
      vertex 3.17011 1.30146 0
      vertex 3.21627 1.39905 0
    endloop
  endfacet
  facet normal 0 0 -1
    outer loop
      vertex 3.26854 0.600113 0
      vertex 3.11462 1.20887 0
      vertex 3.17011 1.30146 0
    endloop
  endfacet
  facet normal 0 0 -1
    outer loop
      vertex 3.05031 1.12217 0
      vertex 3.17095 0.646267 0
      vertex 3.06931 0.682634 0
    endloop
  endfacet
  facet normal 0 0 -1
    outer loop
      vertex 3.17095 0.646267 0
      vertex 3.05031 1.12217 0
      vertex 3.11462 1.20887 0
    endloop
  endfacet
  facet normal 0 0 -1
    outer loop
      vertex 3.06931 0.682634 0
      vertex 2.97782 1.04218 0
      vertex 3.05031 1.12217 0
    endloop
  endfacet
  facet normal 0 0 -1
    outer loop
      vertex 2.9646 0.708863 0
      vertex 2.97782 1.04218 0
      vertex 3.06931 0.682634 0
    endloop
  endfacet
  facet normal 0 0 -1
    outer loop
      vertex 2.9646 0.708863 0
      vertex 2.89783 0.969688 0
      vertex 2.97782 1.04218 0
    endloop
  endfacet
  facet normal 0 0 -1
    outer loop
      vertex 2.85782 0.724703 0
      vertex 2.89783 0.969688 0
      vertex 2.9646 0.708863 0
    endloop
  endfacet
  facet normal 0 0 -1
    outer loop
      vertex 2.85782 0.724703 0
      vertex 2.81113 0.905383 0
      vertex 2.89783 0.969688 0
    endloop
  endfacet
  facet normal 0 0 -1
    outer loop
      vertex 2.75 0.73 0
      vertex 2.81113 0.905383 0
      vertex 2.85782 0.724703 0
    endloop
  endfacet
  facet normal 0 0 -1
    outer loop
      vertex 2.75 0.73 0
      vertex 2.71854 0.849886 0
      vertex 2.81113 0.905383 0
    endloop
  endfacet
  facet normal 0 0 -1
    outer loop
      vertex 2.64218 0.724703 0
      vertex 2.71854 0.849886 0
      vertex 2.75 0.73 0
    endloop
  endfacet
  facet normal 0 0 -1
    outer loop
      vertex 2.64218 0.724703 0
      vertex 2.62095 0.803732 0
      vertex 2.71854 0.849886 0
    endloop
  endfacet
  facet normal 0 0 -1
    outer loop
      vertex 2.5354 0.708863 0
      vertex 2.62095 0.803732 0
      vertex 2.64218 0.724703 0
    endloop
  endfacet
  facet normal 0 0 -1
    outer loop
      vertex 2.5354 0.708863 0
      vertex 2.51931 0.767365 0
      vertex 2.62095 0.803732 0
    endloop
  endfacet
  facet normal 0 0 -1
    outer loop
      vertex 2.43069 0.682634 0
      vertex 2.51931 0.767365 0
      vertex 2.5354 0.708863 0
    endloop
  endfacet
  facet normal 0 0 -1
    outer loop
      vertex 2.43069 0.682634 0
      vertex 2.4146 0.741136 0
      vertex 2.51931 0.767365 0
    endloop
  endfacet
  facet normal 0 0 -1
    outer loop
      vertex 2.32905 0.646267 0
      vertex 2.4146 0.741136 0
      vertex 2.43069 0.682634 0
    endloop
  endfacet
  facet normal 0 0 -1
    outer loop
      vertex 2.32905 0.646267 0
      vertex 2.30782 0.725296 0
      vertex 2.4146 0.741136 0
    endloop
  endfacet
  facet normal 0 0 -1
    outer loop
      vertex 2.23146 0.600113 0
      vertex 2.30782 0.725296 0
      vertex 2.32905 0.646267 0
    endloop
  endfacet
  facet normal 0 0 -1
    outer loop
      vertex 2.23146 0.600113 0
      vertex 2.2 0.719999 0
      vertex 2.30782 0.725296 0
    endloop
  endfacet
  facet normal 0 0 -1
    outer loop
      vertex 2.13887 0.544616 0
      vertex 2.2 0.719999 0
      vertex 2.23146 0.600113 0
    endloop
  endfacet
  facet normal 0 0 -1
    outer loop
      vertex 2.13887 0.544616 0
      vertex 2.09218 0.725296 0
      vertex 2.2 0.719999 0
    endloop
  endfacet
  facet normal 0 0 -1
    outer loop
      vertex 2.05217 0.480311 0
      vertex 2.09218 0.725296 0
      vertex 2.13887 0.544616 0
    endloop
  endfacet
  facet normal 0 0 -1
    outer loop
      vertex 2.05217 0.480311 0
      vertex 1.9854 0.741136 0
      vertex 2.09218 0.725296 0
    endloop
  endfacet
  facet normal 0 0 -1
    outer loop
      vertex 1.97218 0.407817 0
      vertex 1.9854 0.741136 0
      vertex 2.05217 0.480311 0
    endloop
  endfacet
  facet normal 0 0 -1
    outer loop
      vertex 1.88069 0.767365 0
      vertex 1.97218 0.407817 0
      vertex 1.89969 0.327832 0
    endloop
  endfacet
  facet normal 0 0 -1
    outer loop
      vertex 1.97218 0.407817 0
      vertex 1.88069 0.767365 0
      vertex 1.9854 0.741136 0
    endloop
  endfacet
  facet normal 0 0 -1
    outer loop
      vertex 1.77905 0.803732 0
      vertex 1.89969 0.327832 0
      vertex 1.83538 0.241127 0
    endloop
  endfacet
  facet normal 0 0 -1
    outer loop
      vertex 1.68146 0.849886 0
      vertex 1.83538 0.241127 0
      vertex 1.77989 0.148536 0
    endloop
  endfacet
  facet normal 0 0 -1
    outer loop
      vertex 1.89969 0.327832 0
      vertex 1.77905 0.803732 0
      vertex 1.88069 0.767365 0
    endloop
  endfacet
  facet normal 0 0 -1
    outer loop
      vertex 1.58887 0.905383 0
      vertex 1.77989 0.148536 0
      vertex 1.73373 0.050951 0
    endloop
  endfacet
  facet normal 0 0 -1
    outer loop
      vertex 0.611127 0.905383 0
      vertex 1.73373 0.050951 0
      vertex 1.69736 -0.0506868 0
    endloop
  endfacet
  facet normal 0 0 -1
    outer loop
      vertex 1.83538 0.241127 0
      vertex 1.68146 0.849886 0
      vertex 1.77905 0.803732 0
    endloop
  endfacet
  facet normal 0 0 -1
    outer loop
      vertex 0.518536 0.849886 0
      vertex 1.69736 -0.0506868 0
      vertex 1.67114 -0.1554 0
    endloop
  endfacet
  facet normal 0 0 -1
    outer loop
      vertex 0.420951 0.803732 0
      vertex 1.67114 -0.1554 0
      vertex 1.6553 -0.26218 0
    endloop
  endfacet
  facet normal 0 0 -1
    outer loop
      vertex 0.319313 0.767365 0
      vertex 1.6553 -0.26218 0
      vertex 1.65 -0.37 0
    endloop
  endfacet
  facet normal 0 0 -1
    outer loop
      vertex 1.77989 0.148536 0
      vertex 1.58887 0.905383 0
      vertex 1.68146 0.849886 0
    endloop
  endfacet
  facet normal -0 0 -1
    outer loop
      vertex 1.73373 -0.790952 0
      vertex 1.22782 -1.4553 0
      vertex 1.69736 -0.689313 0
    endloop
  endfacet
  facet normal 0 0 -1
    outer loop
      vertex 1.12 -1.45 0
      vertex 1.69736 -0.689313 0
      vertex 1.22782 -1.4553 0
    endloop
  endfacet
  facet normal -0 0 -1
    outer loop
      vertex 1.69736 -0.689313 0
      vertex 1.12 -1.45 0
      vertex 1.67114 -0.584599 0
    endloop
  endfacet
  facet normal 0 0 -1
    outer loop
      vertex 1.01218 -1.4553 0
      vertex 1.67114 -0.584599 0
      vertex 1.12 -1.45 0
    endloop
  endfacet
  facet normal -0 0 -1
    outer loop
      vertex 1.67114 -0.584599 0
      vertex 1.01218 -1.4553 0
      vertex 1.6553 -0.477818 0
    endloop
  endfacet
  facet normal 0 0 -1
    outer loop
      vertex 0.9054 -1.47114 0
      vertex 1.6553 -0.477818 0
      vertex 1.01218 -1.4553 0
    endloop
  endfacet
  facet normal 0 0 -1
    outer loop
      vertex 1.69736 -0.0506868 0
      vertex 0.518536 0.849886 0
      vertex 0.611127 0.905383 0
    endloop
  endfacet
  facet normal 0 0 -1
    outer loop
      vertex 1.73373 0.050951 0
      vertex 0.611127 0.905383 0
      vertex 0.697832 0.969688 0
    endloop
  endfacet
  facet normal 0 0 -1
    outer loop
      vertex 1.42218 1.04218 0
      vertex 0.777817 1.04218 0
      vertex 1.34969 1.12217 0
    endloop
  endfacet
  facet normal 0 0 -1
    outer loop
      vertex 1.50217 0.969688 0
      vertex 0.697832 0.969688 0
      vertex 1.42218 1.04218 0
    endloop
  endfacet
  facet normal 0 0 -1
    outer loop
      vertex 1.34969 1.12217 0
      vertex 0.850311 1.12217 0
      vertex 1.28538 1.20887 0
    endloop
  endfacet
  facet normal 0 0 -1
    outer loop
      vertex 1.28538 1.20887 0
      vertex 0.914616 1.20887 0
      vertex 1.22989 1.30146 0
    endloop
  endfacet
  facet normal 0 0 -1
    outer loop
      vertex 1.22989 1.30146 0
      vertex 0.970113 1.30146 0
      vertex 1.18373 1.39905 0
    endloop
  endfacet
  facet normal 0 0 -1
    outer loop
      vertex 1.73373 0.050951 0
      vertex 0.697832 0.969688 0
      vertex 1.50217 0.969688 0
    endloop
  endfacet
  facet normal 0 -0 -1
    outer loop
      vertex 1.05263 1.50069 0
      vertex 1.14737 1.50069 0
      vertex 1.01627 1.39905 0
    endloop
  endfacet
  facet normal 0 0 -1
    outer loop
      vertex 1.12114 1.6054 0
      vertex 1.07886 1.6054 0
      vertex 1.1053 1.71218 0
    endloop
  endfacet
  facet normal 0 0 -1
    outer loop
      vertex 1.1053 1.71218 0
      vertex 1.0947 1.71218 0
      vertex 1.1 1.82 0
    endloop
  endfacet
  facet normal -0 0 -1
    outer loop
      vertex 1.1053 1.71218 0
      vertex 1.07886 1.6054 0
      vertex 1.0947 1.71218 0
    endloop
  endfacet
  facet normal -0 0 -1
    outer loop
      vertex 1.12114 1.6054 0
      vertex 1.05263 1.50069 0
      vertex 1.07886 1.6054 0
    endloop
  endfacet
  facet normal 0 0 -1
    outer loop
      vertex 1.14737 1.50069 0
      vertex 1.05263 1.50069 0
      vertex 1.12114 1.6054 0
    endloop
  endfacet
  facet normal -0 0 -1
    outer loop
      vertex 1.6553 -0.477818 0
      vertex 0.9054 -1.47114 0
      vertex 1.65 -0.37 0
    endloop
  endfacet
  facet normal 0 0 -1
    outer loop
      vertex 1.18373 1.39905 0
      vertex 1.01627 1.39905 0
      vertex 1.14737 1.50069 0
    endloop
  endfacet
  facet normal 0 -0 -1
    outer loop
      vertex 1.01627 1.39905 0
      vertex 1.18373 1.39905 0
      vertex 0.970113 1.30146 0
    endloop
  endfacet
  facet normal 0 0 -1
    outer loop
      vertex 0.800687 -1.49736 0
      vertex 1.65 -0.37 0
      vertex 0.9054 -1.47114 0
    endloop
  endfacet
  facet normal 0 -0 -1
    outer loop
      vertex 0.970113 1.30146 0
      vertex 1.22989 1.30146 0
      vertex 0.914616 1.20887 0
    endloop
  endfacet
  facet normal 0 0 -1
    outer loop
      vertex 0.214599 0.741136 0
      vertex 1.65 -0.37 0
      vertex 0.800687 -1.49736 0
    endloop
  endfacet
  facet normal 0 -0 -1
    outer loop
      vertex 0.914616 1.20887 0
      vertex 1.28538 1.20887 0
      vertex 0.850311 1.12217 0
    endloop
  endfacet
  facet normal 0 0 -1
    outer loop
      vertex 0.214599 0.741136 0
      vertex 0.800687 -1.49736 0
      vertex 0.699048 -1.53373 0
    endloop
  endfacet
  facet normal 0 -0 -1
    outer loop
      vertex 0.850311 1.12217 0
      vertex 1.34969 1.12217 0
      vertex 0.777817 1.04218 0
    endloop
  endfacet
  facet normal 0 -0 -1
    outer loop
      vertex 0.777817 1.04218 0
      vertex 1.42218 1.04218 0
      vertex 0.697832 0.969688 0
    endloop
  endfacet
  facet normal 0 0 -1
    outer loop
      vertex 0.107819 0.725296 0
      vertex 0.699048 -1.53373 0
      vertex 0.601463 -1.57989 0
    endloop
  endfacet
  facet normal 0 0 -1
    outer loop
      vertex 1.73373 0.050951 0
      vertex 1.50217 0.969688 0
      vertex 1.58887 0.905383 0
    endloop
  endfacet
  facet normal 0 0 -1
    outer loop
      vertex 0 0.719999 0
      vertex 0.601463 -1.57989 0
      vertex 0.508872 -1.63538 0
    endloop
  endfacet
  facet normal 0 0 -1
    outer loop
      vertex 0 0.719999 0
      vertex 0.508872 -1.63538 0
      vertex 0.422167 -1.69969 0
    endloop
  endfacet
  facet normal 0 0 -1
    outer loop
      vertex 1.67114 -0.1554 0
      vertex 0.420951 0.803732 0
      vertex 0.518536 0.849886 0
    endloop
  endfacet
  facet normal 0 0 -1
    outer loop
      vertex 0 0.719999 0
      vertex 0.422167 -1.69969 0
      vertex 0.342182 -1.77218 0
    endloop
  endfacet
  facet normal 0 0 -1
    outer loop
      vertex 1.6553 -0.26218 0
      vertex 0.319313 0.767365 0
      vertex 0.420951 0.803732 0
    endloop
  endfacet
  facet normal 0 0 -1
    outer loop
      vertex 0 0.719999 0
      vertex 0.342182 -1.77218 0
      vertex 0.269688 -1.85217 0
    endloop
  endfacet
  facet normal 0 0 -1
    outer loop
      vertex 1.65 -0.37 0
      vertex 0.214599 0.741136 0
      vertex 0.319313 0.767365 0
    endloop
  endfacet
  facet normal 0 0 -1
    outer loop
      vertex 0 0.719999 0
      vertex 0.269688 -1.85217 0
      vertex 0.205383 -1.93887 0
    endloop
  endfacet
  facet normal 0 0 -1
    outer loop
      vertex 0 0.719999 0
      vertex 0.205383 -1.93887 0
      vertex 0.149886 -2.03146 0
    endloop
  endfacet
  facet normal 0 0 -1
    outer loop
      vertex 0.699048 -1.53373 0
      vertex 0.107819 0.725296 0
      vertex 0.214599 0.741136 0
    endloop
  endfacet
  facet normal 0 0 -1
    outer loop
      vertex 0 0.719999 0
      vertex 0.149886 -2.03146 0
      vertex 0.103732 -2.12905 0
    endloop
  endfacet
  facet normal 0 0 -1
    outer loop
      vertex 0.0411358 -2.3354 0
      vertex -0.0411358 -2.3354 0
      vertex 0.0673647 -2.23069 0
    endloop
  endfacet
  facet normal 0 0 -1
    outer loop
      vertex -0.0411358 -2.3354 0
      vertex 0.0411358 -2.3354 0
      vertex -0.0252962 -2.44218 0
    endloop
  endfacet
  facet normal 0 0 -1
    outer loop
      vertex -0.0252962 -2.44218 0
      vertex 0.0252962 -2.44218 0
      vertex -0.0199995 -2.55 0
    endloop
  endfacet
  facet normal 0 0 -1
    outer loop
      vertex -0.0199995 -2.55 0
      vertex 0.0252962 -2.44218 0
      vertex 0.0199995 -2.55 0
    endloop
  endfacet
  facet normal 0 0 -1
    outer loop
      vertex 0.601463 -1.57989 0
      vertex 0 0.719999 0
      vertex 0.107819 0.725296 0
    endloop
  endfacet
  facet normal 0 0 -1
    outer loop
      vertex 0.0411358 -2.7646 0
      vertex -0.0411358 -2.7646 0
      vertex 0.0252962 -2.65782 0
    endloop
  endfacet
  facet normal 0 0 -1
    outer loop
      vertex 0.0252962 -2.44218 0
      vertex -0.0252962 -2.44218 0
      vertex 0.0411358 -2.3354 0
    endloop
  endfacet
  facet normal -0 0 -1
    outer loop
      vertex 0.0199995 -2.55 0
      vertex -0.0252962 -2.65782 0
      vertex -0.0199995 -2.55 0
    endloop
  endfacet
  facet normal 0 0 -1
    outer loop
      vertex 0.0252962 -2.65782 0
      vertex -0.0252962 -2.65782 0
      vertex 0.0199995 -2.55 0
    endloop
  endfacet
  facet normal 0 -0 -1
    outer loop
      vertex -0.0252962 -2.65782 0
      vertex 0.0252962 -2.65782 0
      vertex -0.0411358 -2.7646 0
    endloop
  endfacet
  facet normal 0 0 -1
    outer loop
      vertex 0 -7.5 0
      vertex -0.103732 -2.97095 0
      vertex -0.0673647 -2.86931 0
    endloop
  endfacet
  facet normal 0 0 -1
    outer loop
      vertex 0 -7.5 0
      vertex -0.149886 -3.06854 0
      vertex -0.103732 -2.97095 0
    endloop
  endfacet
  facet normal 0 0 -1
    outer loop
      vertex 0 -7.5 0
      vertex -0.205383 -3.16113 0
      vertex -0.149886 -3.06854 0
    endloop
  endfacet
  facet normal 0 0 -1
    outer loop
      vertex 0 -7.5 0
      vertex -0.269688 -3.24783 0
      vertex -0.205383 -3.16113 0
    endloop
  endfacet
  facet normal 0 0 -1
    outer loop
      vertex 0 -7.5 0
      vertex -0.342182 -3.32782 0
      vertex -0.269688 -3.24783 0
    endloop
  endfacet
  facet normal 0 0 -1
    outer loop
      vertex 0 -7.5 0
      vertex -0.422167 -3.40031 0
      vertex -0.342182 -3.32782 0
    endloop
  endfacet
  facet normal 0 0 -1
    outer loop
      vertex 0 -7.5 0
      vertex -0.508872 -3.46462 0
      vertex -0.422167 -3.40031 0
    endloop
  endfacet
  facet normal 0 0 -1
    outer loop
      vertex 0 -7.5 0
      vertex -0.601463 -3.52011 0
      vertex -0.508872 -3.46462 0
    endloop
  endfacet
  facet normal 0 0 -1
    outer loop
      vertex 0 -7.5 0
      vertex -0.699048 -3.56627 0
      vertex -0.601463 -3.52011 0
    endloop
  endfacet
  facet normal 0 0 -1
    outer loop
      vertex -0.800687 -3.60263 0
      vertex 0 -7.5 0
      vertex -0.735128 -7.46389 0
    endloop
  endfacet
  facet normal 0 0 -1
    outer loop
      vertex 0 -7.5 0
      vertex -0.800687 -3.60263 0
      vertex -0.699048 -3.56627 0
    endloop
  endfacet
  facet normal 0 0 -1
    outer loop
      vertex -0.735128 -7.46389 0
      vertex -0.9054 -3.62886 0
      vertex -0.800687 -3.60263 0
    endloop
  endfacet
  facet normal 0 0 -1
    outer loop
      vertex -0.735128 -7.46389 0
      vertex -1.01218 -3.6447 0
      vertex -0.9054 -3.62886 0
    endloop
  endfacet
  facet normal 0 0 -1
    outer loop
      vertex -1.46318 -7.35589 0
      vertex -1.01218 -3.6447 0
      vertex -0.735128 -7.46389 0
    endloop
  endfacet
  facet normal 0 0 -1
    outer loop
      vertex -1.01218 -3.6447 0
      vertex -1.46318 -7.35589 0
      vertex -1.12 -3.65 0
    endloop
  endfacet
  facet normal -0 0 -1
    outer loop
      vertex -1.12 -3.65 0
      vertex -1.46318 -7.35589 0
      vertex -1.22782 -3.6447 0
    endloop
  endfacet
  facet normal 0 0 -1
    outer loop
      vertex -2.17713 -7.17705 0
      vertex -1.22782 -3.6447 0
      vertex -1.46318 -7.35589 0
    endloop
  endfacet
  facet normal -0 0 -1
    outer loop
      vertex -1.22782 -3.6447 0
      vertex -2.17713 -7.17705 0
      vertex -1.3346 -3.62886 0
    endloop
  endfacet
  facet normal -0 0 -1
    outer loop
      vertex -1.3346 -3.62886 0
      vertex -2.17713 -7.17705 0
      vertex -1.43931 -3.60263 0
    endloop
  endfacet
  facet normal 0 0 -1
    outer loop
      vertex -2.87012 -6.9291 0
      vertex -1.43931 -3.60263 0
      vertex -2.17713 -7.17705 0
    endloop
  endfacet
  facet normal -0 0 -1
    outer loop
      vertex -1.43931 -3.60263 0
      vertex -2.87012 -6.9291 0
      vertex -1.54095 -3.56627 0
    endloop
  endfacet
  facet normal -0 0 -1
    outer loop
      vertex -1.54095 -3.56627 0
      vertex -2.87012 -6.9291 0
      vertex -1.63854 -3.52011 0
    endloop
  endfacet
  facet normal 0 0 -1
    outer loop
      vertex -3.53547 -6.61441 0
      vertex -1.63854 -3.52011 0
      vertex -2.87012 -6.9291 0
    endloop
  endfacet
  facet normal -0 0 -1
    outer loop
      vertex -1.63854 -3.52011 0
      vertex -3.53547 -6.61441 0
      vertex -1.73113 -3.46462 0
    endloop
  endfacet
  facet normal -0 0 -1
    outer loop
      vertex -1.73113 -3.46462 0
      vertex -3.53547 -6.61441 0
      vertex -1.81783 -3.40031 0
    endloop
  endfacet
  facet normal 0 0 -1
    outer loop
      vertex -4.16678 -6.23602 0
      vertex -1.81783 -3.40031 0
      vertex -3.53547 -6.61441 0
    endloop
  endfacet
  facet normal -0 0 -1
    outer loop
      vertex -1.81783 -3.40031 0
      vertex -4.16678 -6.23602 0
      vertex -1.89782 -3.32782 0
    endloop
  endfacet
  facet normal -0 0 -1
    outer loop
      vertex -1.89782 -3.32782 0
      vertex -4.16678 -6.23602 0
      vertex -1.97031 -3.24783 0
    endloop
  endfacet
  facet normal 0 0 -1
    outer loop
      vertex -4.75795 -5.79758 0
      vertex -1.97031 -3.24783 0
      vertex -4.16678 -6.23602 0
    endloop
  endfacet
  facet normal -0 0 -1
    outer loop
      vertex -1.97031 -3.24783 0
      vertex -4.75795 -5.79758 0
      vertex -2.03462 -3.16113 0
    endloop
  endfacet
  facet normal -0 0 -1
    outer loop
      vertex -2.03462 -3.16113 0
      vertex -4.75795 -5.79758 0
      vertex -2.09011 -3.06854 0
    endloop
  endfacet
  facet normal 0 0 -1
    outer loop
      vertex -5.3033 -5.3033 0
      vertex -2.09011 -3.06854 0
      vertex -4.75795 -5.79758 0
    endloop
  endfacet
  facet normal -0 0 -1
    outer loop
      vertex -2.09011 -3.06854 0
      vertex -5.3033 -5.3033 0
      vertex -2.13627 -2.97095 0
    endloop
  endfacet
  facet normal 0 0 -1
    outer loop
      vertex -1.97031 -1.85217 0
      vertex -2.32905 -1.38627 0
      vertex -2.23146 -1.34011 0
    endloop
  endfacet
  facet normal 0 0 -1
    outer loop
      vertex -2.03462 -1.93887 0
      vertex -2.43069 -1.42263 0
      vertex -2.32905 -1.38627 0
    endloop
  endfacet
  facet normal 0 0 -1
    outer loop
      vertex -5.79758 -4.75795 0
      vertex -2.13627 -2.97095 0
      vertex -5.3033 -5.3033 0
    endloop
  endfacet
  facet normal 0 0 -1
    outer loop
      vertex -2.09011 -2.03146 0
      vertex -2.5354 -1.44886 0
      vertex -2.43069 -1.42263 0
    endloop
  endfacet
  facet normal -0 0 -1
    outer loop
      vertex -2.13627 -2.97095 0
      vertex -5.79758 -4.75795 0
      vertex -2.17263 -2.86931 0
    endloop
  endfacet
  facet normal 0 0 -1
    outer loop
      vertex -2.13627 -2.12905 0
      vertex -2.64218 -1.4647 0
      vertex -2.5354 -1.44886 0
    endloop
  endfacet
  facet normal -0 0 -1
    outer loop
      vertex -2.17263 -2.86931 0
      vertex -5.79758 -4.75795 0
      vertex -2.19886 -2.7646 0
    endloop
  endfacet
  facet normal 0 0 -1
    outer loop
      vertex -2.17263 -2.23069 0
      vertex -2.75 -1.47 0
      vertex -2.64218 -1.4647 0
    endloop
  endfacet
  facet normal 0 0 -1
    outer loop
      vertex -2.19886 -2.3354 0
      vertex -2.85782 -1.4647 0
      vertex -2.75 -1.47 0
    endloop
  endfacet
  facet normal 0 -0 -1
    outer loop
      vertex -3.26854 -1.34011 0
      vertex -2.19886 -2.7646 0
      vertex -5.79758 -4.75795 0
    endloop
  endfacet
  facet normal 0 0 -1
    outer loop
      vertex -2.2147 -2.44218 0
      vertex -2.9646 -1.44886 0
      vertex -2.85782 -1.4647 0
    endloop
  endfacet
  facet normal -0 -0 -1
    outer loop
      vertex -3.17095 -1.38627 0
      vertex -2.19886 -2.7646 0
      vertex -3.26854 -1.34011 0
    endloop
  endfacet
  facet normal 0 0 -1
    outer loop
      vertex -2.22 -2.55 0
      vertex -3.06931 -1.42263 0
      vertex -2.9646 -1.44886 0
    endloop
  endfacet
  facet normal 0 0 -1
    outer loop
      vertex -2.2147 -2.65782 0
      vertex -3.06931 -1.42263 0
      vertex -2.22 -2.55 0
    endloop
  endfacet
  facet normal 0 0 -1
    outer loop
      vertex -2.19886 -2.7646 0
      vertex -3.17095 -1.38627 0
      vertex -2.2147 -2.65782 0
    endloop
  endfacet
  facet normal -0 -0 -1
    outer loop
      vertex -3.06931 -1.42263 0
      vertex -2.2147 -2.65782 0
      vertex -3.17095 -1.38627 0
    endloop
  endfacet
  facet normal 0 0 -1
    outer loop
      vertex -6.23602 -4.16678 0
      vertex -3.26854 -1.34011 0
      vertex -5.79758 -4.75795 0
    endloop
  endfacet
  facet normal -0 0 -1
    outer loop
      vertex -3.26854 -1.34011 0
      vertex -6.23602 -4.16678 0
      vertex -3.36113 -1.28462 0
    endloop
  endfacet
  facet normal -0 0 -1
    outer loop
      vertex -3.36113 -1.28462 0
      vertex -6.23602 -4.16678 0
      vertex -3.44783 -1.22031 0
    endloop
  endfacet
  facet normal 0 0 -1
    outer loop
      vertex -6.61441 -3.53547 0
      vertex -3.44783 -1.22031 0
      vertex -6.23602 -4.16678 0
    endloop
  endfacet
  facet normal -0 0 -1
    outer loop
      vertex -3.44783 -1.22031 0
      vertex -6.61441 -3.53547 0
      vertex -3.52782 -1.14782 0
    endloop
  endfacet
  facet normal -0 0 -1
    outer loop
      vertex -3.52782 -1.14782 0
      vertex -6.61441 -3.53547 0
      vertex -3.60031 -1.06783 0
    endloop
  endfacet
  facet normal 0 0 -1
    outer loop
      vertex -6.9291 -2.87012 0
      vertex -3.60031 -1.06783 0
      vertex -6.61441 -3.53547 0
    endloop
  endfacet
  facet normal -0 0 -1
    outer loop
      vertex -3.60031 -1.06783 0
      vertex -6.9291 -2.87012 0
      vertex -3.66462 -0.981127 0
    endloop
  endfacet
  facet normal -0 0 -1
    outer loop
      vertex -3.66462 -0.981127 0
      vertex -6.9291 -2.87012 0
      vertex -3.72011 -0.888535 0
    endloop
  endfacet
  facet normal 0 0 -1
    outer loop
      vertex -7.17705 -2.17713 0
      vertex -3.72011 -0.888535 0
      vertex -6.9291 -2.87012 0
    endloop
  endfacet
  facet normal 0 -0 -1
    outer loop
      vertex -4.16678 6.23602 0
      vertex -3.85 -0.37 0
      vertex -4.75795 5.79758 0
    endloop
  endfacet
  facet normal 0 0 -1
    outer loop
      vertex -3.85 -0.37 0
      vertex -4.16678 6.23602 0
      vertex -4.06004 6.3 0
    endloop
  endfacet
  facet normal -0 0 -1
    outer loop
      vertex -3.72011 -0.888535 0
      vertex -7.17705 -2.17713 0
      vertex -3.76627 -0.790952 0
    endloop
  endfacet
  facet normal 0 0 -1
    outer loop
      vertex -3.85 -0.37 0
      vertex -5.3033 5.3033 0
      vertex -4.75795 5.79758 0
    endloop
  endfacet
  facet normal 0 0 -1
    outer loop
      vertex -7.35589 -1.46318 0
      vertex -3.76627 -0.790952 0
      vertex -7.17705 -2.17713 0
    endloop
  endfacet
  facet normal 0 0 -1
    outer loop
      vertex -3.85 -0.37 0
      vertex -5.79758 4.75795 0
      vertex -5.3033 5.3033 0
    endloop
  endfacet
  facet normal -0 0 -1
    outer loop
      vertex -3.76627 -0.790952 0
      vertex -7.35589 -1.46318 0
      vertex -3.80263 -0.689313 0
    endloop
  endfacet
  facet normal 0 0 -1
    outer loop
      vertex -3.85 -0.37 0
      vertex -6.23602 4.16678 0
      vertex -5.79758 4.75795 0
    endloop
  endfacet
  facet normal -0 0 -1
    outer loop
      vertex -3.80263 -0.689313 0
      vertex -7.35589 -1.46318 0
      vertex -3.82886 -0.584599 0
    endloop
  endfacet
  facet normal 0 0 -1
    outer loop
      vertex -3.85 -0.37 0
      vertex -6.61441 3.53547 0
      vertex -6.23602 4.16678 0
    endloop
  endfacet
  facet normal 0 0 -1
    outer loop
      vertex -7.46389 -0.735128 0
      vertex -3.82886 -0.584599 0
      vertex -7.35589 -1.46318 0
    endloop
  endfacet
  facet normal 0 0 -1
    outer loop
      vertex -3.85 -0.37 0
      vertex -6.9291 2.87012 0
      vertex -6.61441 3.53547 0
    endloop
  endfacet
  facet normal -0 0 -1
    outer loop
      vertex -3.82886 -0.584599 0
      vertex -7.46389 -0.735128 0
      vertex -3.8447 -0.477818 0
    endloop
  endfacet
  facet normal 0 0 -1
    outer loop
      vertex -3.85 -0.37 0
      vertex -7.17705 2.17713 0
      vertex -6.9291 2.87012 0
    endloop
  endfacet
  facet normal -0 0 -1
    outer loop
      vertex -3.8447 -0.477818 0
      vertex -7.46389 -0.735128 0
      vertex -3.85 -0.37 0
    endloop
  endfacet
  facet normal 0 0 -1
    outer loop
      vertex -3.85 -0.37 0
      vertex -7.35589 1.46318 0
      vertex -7.17705 2.17713 0
    endloop
  endfacet
  facet normal 0 0 -1
    outer loop
      vertex -7.5 0 0
      vertex -3.85 -0.37 0
      vertex -7.46389 -0.735128 0
    endloop
  endfacet
  facet normal 0 0 -1
    outer loop
      vertex -3.85 -0.37 0
      vertex -7.46389 0.735128 0
      vertex -7.35589 1.46318 0
    endloop
  endfacet
  facet normal 0 0 -1
    outer loop
      vertex -3.85 -0.37 0
      vertex -7.5 0 0
      vertex -7.46389 0.735128 0
    endloop
  endfacet
  facet normal 0 0 -1
    outer loop
      vertex 3.85 -0.37 0
      vertex 7.5 0 0
      vertex 7.46389 -0.735128 0
    endloop
  endfacet
  facet normal 0 0 -1
    outer loop
      vertex 3.82886 -0.584599 0
      vertex 7.46389 -0.735128 0
      vertex 7.35589 -1.46318 0
    endloop
  endfacet
  facet normal 0 0 -1
    outer loop
      vertex 7.5 0 0
      vertex 3.85 -0.37 0
      vertex 3.8447 -0.26218 0
    endloop
  endfacet
  facet normal 0 0 -1
    outer loop
      vertex 3.76627 -0.790952 0
      vertex 7.35589 -1.46318 0
      vertex 7.17705 -2.17713 0
    endloop
  endfacet
  facet normal 0 0 -1
    outer loop
      vertex 3.82886 -0.1554 0
      vertex 7.5 0 0
      vertex 3.8447 -0.26218 0
    endloop
  endfacet
  facet normal 0 0 -1
    outer loop
      vertex 3.72011 -0.888535 0
      vertex 7.17705 -2.17713 0
      vertex 6.9291 -2.87012 0
    endloop
  endfacet
  facet normal -0 0 -1
    outer loop
      vertex 7.5 0 0
      vertex 3.82886 -0.1554 0
      vertex 7.46389 0.735128 0
    endloop
  endfacet
  facet normal 0 0 -1
    outer loop
      vertex 3.60031 -1.06783 0
      vertex 6.9291 -2.87012 0
      vertex 6.61441 -3.53547 0
    endloop
  endfacet
  facet normal 0 0 -1
    outer loop
      vertex 3.80263 -0.0506868 0
      vertex 7.46389 0.735128 0
      vertex 3.82886 -0.1554 0
    endloop
  endfacet
  facet normal 0 0 -1
    outer loop
      vertex 3.44783 -1.22031 0
      vertex 6.61441 -3.53547 0
      vertex 6.23602 -4.16678 0
    endloop
  endfacet
  facet normal 0 0 -1
    outer loop
      vertex 3.76627 0.050951 0
      vertex 7.46389 0.735128 0
      vertex 3.80263 -0.0506868 0
    endloop
  endfacet
  facet normal 0 0 -1
    outer loop
      vertex 3.26854 -1.34011 0
      vertex 6.23602 -4.16678 0
      vertex 5.79758 -4.75795 0
    endloop
  endfacet
  facet normal -0 0 -1
    outer loop
      vertex 7.46389 0.735128 0
      vertex 3.76627 0.050951 0
      vertex 7.35589 1.46318 0
    endloop
  endfacet
  facet normal 0 0 -1
    outer loop
      vertex 2.13627 -2.97095 0
      vertex 5.79758 -4.75795 0
      vertex 5.3033 -5.3033 0
    endloop
  endfacet
  facet normal 0 0 -1
    outer loop
      vertex 3.72011 0.148536 0
      vertex 7.35589 1.46318 0
      vertex 3.76627 0.050951 0
    endloop
  endfacet
  facet normal 0 0 -1
    outer loop
      vertex 2.09011 -3.06854 0
      vertex 5.3033 -5.3033 0
      vertex 4.75795 -5.79758 0
    endloop
  endfacet
  facet normal 0 0 -1
    outer loop
      vertex 3.66462 0.241127 0
      vertex 7.35589 1.46318 0
      vertex 3.72011 0.148536 0
    endloop
  endfacet
  facet normal 0 0 -1
    outer loop
      vertex 1.97031 -3.24783 0
      vertex 4.75795 -5.79758 0
      vertex 4.16678 -6.23602 0
    endloop
  endfacet
  facet normal -0 0 -1
    outer loop
      vertex 7.35589 1.46318 0
      vertex 3.66462 0.241127 0
      vertex 7.17705 2.17713 0
    endloop
  endfacet
  facet normal 0 0 -1
    outer loop
      vertex 3.2947 1.71218 0
      vertex 7.17705 2.17713 0
      vertex 3.66462 0.241127 0
    endloop
  endfacet
  facet normal -0 0 -1
    outer loop
      vertex 7.17705 2.17713 0
      vertex 3.3 1.82 0
      vertex 6.9291 2.87012 0
    endloop
  endfacet
  facet normal 0 0 -1
    outer loop
      vertex 7.46389 -0.735128 0
      vertex 3.8447 -0.477818 0
      vertex 3.85 -0.37 0
    endloop
  endfacet
  facet normal 0 0 -1
    outer loop
      vertex 7.46389 -0.735128 0
      vertex 3.82886 -0.584599 0
      vertex 3.8447 -0.477818 0
    endloop
  endfacet
  facet normal 0 0 -1
    outer loop
      vertex 7.35589 -1.46318 0
      vertex 3.80263 -0.689313 0
      vertex 3.82886 -0.584599 0
    endloop
  endfacet
  facet normal 0 0 -1
    outer loop
      vertex 7.35589 -1.46318 0
      vertex 3.76627 -0.790952 0
      vertex 3.80263 -0.689313 0
    endloop
  endfacet
  facet normal 0 0 -1
    outer loop
      vertex 7.17705 -2.17713 0
      vertex 3.72011 -0.888535 0
      vertex 3.76627 -0.790952 0
    endloop
  endfacet
  facet normal 0 0 -1
    outer loop
      vertex 6.9291 -2.87012 0
      vertex 3.66462 -0.981127 0
      vertex 3.72011 -0.888535 0
    endloop
  endfacet
  facet normal 0 0 -1
    outer loop
      vertex 6.9291 -2.87012 0
      vertex 3.60031 -1.06783 0
      vertex 3.66462 -0.981127 0
    endloop
  endfacet
  facet normal 0 0 -1
    outer loop
      vertex 1.81783 -3.40031 0
      vertex 4.16678 -6.23602 0
      vertex 3.53547 -6.61441 0
    endloop
  endfacet
  facet normal 0 0 -1
    outer loop
      vertex 6.61441 -3.53547 0
      vertex 3.52782 -1.14782 0
      vertex 3.60031 -1.06783 0
    endloop
  endfacet
  facet normal 0 0 -1
    outer loop
      vertex 6.61441 -3.53547 0
      vertex 3.44783 -1.22031 0
      vertex 3.52782 -1.14782 0
    endloop
  endfacet
  facet normal 0 0 -1
    outer loop
      vertex 6.23602 -4.16678 0
      vertex 3.36113 -1.28462 0
      vertex 3.44783 -1.22031 0
    endloop
  endfacet
  facet normal 0 0 -1
    outer loop
      vertex 5.79758 -4.75795 0
      vertex 2.17263 -2.86931 0
      vertex 2.19886 -2.7646 0
    endloop
  endfacet
  facet normal 0 0 -1
    outer loop
      vertex 6.23602 -4.16678 0
      vertex 3.26854 -1.34011 0
      vertex 3.36113 -1.28462 0
    endloop
  endfacet
  facet normal 0 0 -1
    outer loop
      vertex 5.79758 -4.75795 0
      vertex 2.19886 -2.7646 0
      vertex 3.26854 -1.34011 0
    endloop
  endfacet
  facet normal 0 0 -1
    outer loop
      vertex 3.26854 -1.34011 0
      vertex 2.19886 -2.7646 0
      vertex 3.17095 -1.38627 0
    endloop
  endfacet
  facet normal 0 0 -1
    outer loop
      vertex 1.63854 -3.52011 0
      vertex 3.53547 -6.61441 0
      vertex 2.87012 -6.9291 0
    endloop
  endfacet
  facet normal 0 -0 -1
    outer loop
      vertex 2.2147 -2.65782 0
      vertex 3.17095 -1.38627 0
      vertex 2.19886 -2.7646 0
    endloop
  endfacet
  facet normal 0 0 -1
    outer loop
      vertex 3.17095 -1.38627 0
      vertex 2.2147 -2.65782 0
      vertex 3.06931 -1.42263 0
    endloop
  endfacet
  facet normal 0 0 -1
    outer loop
      vertex 3.06931 -1.42263 0
      vertex 2.22 -2.55 0
      vertex 2.9646 -1.44886 0
    endloop
  endfacet
  facet normal 0 0 -1
    outer loop
      vertex 2.2147 -2.44218 0
      vertex 2.9646 -1.44886 0
      vertex 2.22 -2.55 0
    endloop
  endfacet
  facet normal 0 0 -1
    outer loop
      vertex 2.9646 -1.44886 0
      vertex 2.2147 -2.44218 0
      vertex 2.85782 -1.4647 0
    endloop
  endfacet
  facet normal 0 0 -1
    outer loop
      vertex 2.85782 -1.4647 0
      vertex 2.19886 -2.3354 0
      vertex 2.75 -1.47 0
    endloop
  endfacet
  facet normal -0 0 -1
    outer loop
      vertex 2.75 -1.47 0
      vertex 2.17263 -2.23069 0
      vertex 2.64218 -1.4647 0
    endloop
  endfacet
  facet normal 0 0 -1
    outer loop
      vertex 2.13627 -2.12905 0
      vertex 2.64218 -1.4647 0
      vertex 2.17263 -2.23069 0
    endloop
  endfacet
  facet normal 0 0 -1
    outer loop
      vertex 2.17263 -2.23069 0
      vertex 2.75 -1.47 0
      vertex 2.19886 -2.3354 0
    endloop
  endfacet
  facet normal 0 0 -1
    outer loop
      vertex 2.19886 -2.3354 0
      vertex 2.85782 -1.4647 0
      vertex 2.2147 -2.44218 0
    endloop
  endfacet
  facet normal 0 0 -1
    outer loop
      vertex 1.43931 -3.60263 0
      vertex 2.87012 -6.9291 0
      vertex 2.17713 -7.17705 0
    endloop
  endfacet
  facet normal 0 -0 -1
    outer loop
      vertex 2.22 -2.55 0
      vertex 3.06931 -1.42263 0
      vertex 2.2147 -2.65782 0
    endloop
  endfacet
  facet normal 0 0 -1
    outer loop
      vertex 5.79758 -4.75795 0
      vertex 2.13627 -2.97095 0
      vertex 2.17263 -2.86931 0
    endloop
  endfacet
  facet normal 0 0 -1
    outer loop
      vertex 5.3033 -5.3033 0
      vertex 2.09011 -3.06854 0
      vertex 2.13627 -2.97095 0
    endloop
  endfacet
  facet normal 0 0 -1
    outer loop
      vertex 4.75795 -5.79758 0
      vertex 2.03462 -3.16113 0
      vertex 2.09011 -3.06854 0
    endloop
  endfacet
  facet normal 0 0 -1
    outer loop
      vertex 4.75795 -5.79758 0
      vertex 1.97031 -3.24783 0
      vertex 2.03462 -3.16113 0
    endloop
  endfacet
  facet normal 0 0 -1
    outer loop
      vertex 4.16678 -6.23602 0
      vertex 1.89782 -3.32782 0
      vertex 1.97031 -3.24783 0
    endloop
  endfacet
  facet normal 0 0 -1
    outer loop
      vertex 4.16678 -6.23602 0
      vertex 1.81783 -3.40031 0
      vertex 1.89782 -3.32782 0
    endloop
  endfacet
  facet normal 0 0 -1
    outer loop
      vertex 3.53547 -6.61441 0
      vertex 1.73113 -3.46462 0
      vertex 1.81783 -3.40031 0
    endloop
  endfacet
  facet normal 0 0 -1
    outer loop
      vertex 3.53547 -6.61441 0
      vertex 1.63854 -3.52011 0
      vertex 1.73113 -3.46462 0
    endloop
  endfacet
  facet normal 0 0 -1
    outer loop
      vertex 2.87012 -6.9291 0
      vertex 1.54095 -3.56627 0
      vertex 1.63854 -3.52011 0
    endloop
  endfacet
  facet normal 0 0 -1
    outer loop
      vertex 1.22782 -3.6447 0
      vertex 2.17713 -7.17705 0
      vertex 1.46318 -7.35589 0
    endloop
  endfacet
  facet normal 0 0 -1
    outer loop
      vertex 2.87012 -6.9291 0
      vertex 1.43931 -3.60263 0
      vertex 1.54095 -3.56627 0
    endloop
  endfacet
  facet normal 0 0 -1
    outer loop
      vertex 2.17713 -7.17705 0
      vertex 1.3346 -3.62886 0
      vertex 1.43931 -3.60263 0
    endloop
  endfacet
  facet normal 0 0 -1
    outer loop
      vertex 2.17713 -7.17705 0
      vertex 1.22782 -3.6447 0
      vertex 1.3346 -3.62886 0
    endloop
  endfacet
  facet normal 0 0 -1
    outer loop
      vertex 1.46318 -7.35589 0
      vertex 1.12 -3.65 0
      vertex 1.22782 -3.6447 0
    endloop
  endfacet
  facet normal 0 0 -1
    outer loop
      vertex 1.46318 -7.35589 0
      vertex 1.01218 -3.6447 0
      vertex 1.12 -3.65 0
    endloop
  endfacet
  facet normal 0 0 -1
    outer loop
      vertex 0.735128 -7.46389 0
      vertex 1.01218 -3.6447 0
      vertex 1.46318 -7.35589 0
    endloop
  endfacet
  facet normal -0 0 -1
    outer loop
      vertex 1.01218 -3.6447 0
      vertex 0.735128 -7.46389 0
      vertex 0.9054 -3.62886 0
    endloop
  endfacet
  facet normal -0 0 -1
    outer loop
      vertex 0.9054 -3.62886 0
      vertex 0.735128 -7.46389 0
      vertex 0.800687 -3.60263 0
    endloop
  endfacet
  facet normal 0 0 -1
    outer loop
      vertex 0 -7.5 0
      vertex 0.800687 -3.60263 0
      vertex 0.735128 -7.46389 0
    endloop
  endfacet
  facet normal -0 0 -1
    outer loop
      vertex 0.800687 -3.60263 0
      vertex 0 -7.5 0
      vertex 0.699048 -3.56627 0
    endloop
  endfacet
  facet normal -0 0 -1
    outer loop
      vertex 0.699048 -3.56627 0
      vertex 0 -7.5 0
      vertex 0.601463 -3.52011 0
    endloop
  endfacet
  facet normal -0 0 -1
    outer loop
      vertex 0.601463 -3.52011 0
      vertex 0 -7.5 0
      vertex 0.508872 -3.46462 0
    endloop
  endfacet
  facet normal -0 0 -1
    outer loop
      vertex 0.508872 -3.46462 0
      vertex 0 -7.5 0
      vertex 0.422167 -3.40031 0
    endloop
  endfacet
  facet normal -0 0 -1
    outer loop
      vertex 0.422167 -3.40031 0
      vertex 0 -7.5 0
      vertex 0.342182 -3.32782 0
    endloop
  endfacet
  facet normal -0 0 -1
    outer loop
      vertex 0.342182 -3.32782 0
      vertex 0 -7.5 0
      vertex 0.269688 -3.24783 0
    endloop
  endfacet
  facet normal 0 0 -1
    outer loop
      vertex -0.0673647 -2.86931 0
      vertex 0.269688 -3.24783 0
      vertex 0 -7.5 0
    endloop
  endfacet
  facet normal 0 0 -1
    outer loop
      vertex 0.269688 -3.24783 0
      vertex -0.0673647 -2.86931 0
      vertex 0.205383 -3.16113 0
    endloop
  endfacet
  facet normal 0 0 -1
    outer loop
      vertex 0.205383 -3.16113 0
      vertex -0.0673647 -2.86931 0
      vertex 0.149886 -3.06854 0
    endloop
  endfacet
  facet normal 0 0 -1
    outer loop
      vertex 0.149886 -3.06854 0
      vertex -0.0673647 -2.86931 0
      vertex 0.103732 -2.97095 0
    endloop
  endfacet
  facet normal 0 0 -1
    outer loop
      vertex 0.103732 -2.97095 0
      vertex -0.0673647 -2.86931 0
      vertex 0.0673647 -2.86931 0
    endloop
  endfacet
  facet normal 0 -0 -1
    outer loop
      vertex -0.0411358 -2.7646 0
      vertex 0.0411358 -2.7646 0
      vertex -0.0673647 -2.86931 0
    endloop
  endfacet
  facet normal 0 0 -1
    outer loop
      vertex 0.0673647 -2.86931 0
      vertex -0.0673647 -2.86931 0
      vertex 0.0411358 -2.7646 0
    endloop
  endfacet
  facet normal 0 0 -1
    outer loop
      vertex 3.2947 1.92782 0
      vertex 6.9291 2.87012 0
      vertex 3.3 1.82 0
    endloop
  endfacet
  facet normal -0 0 -1
    outer loop
      vertex 6.9291 2.87012 0
      vertex 3.27886 2.0346 0
      vertex 6.61441 3.53547 0
    endloop
  endfacet
  facet normal -0 0 -1
    outer loop
      vertex 6.61441 3.53547 0
      vertex 3.21627 2.24095 0
      vertex 6.23602 4.16678 0
    endloop
  endfacet
  facet normal 0 0 -1
    outer loop
      vertex 3.17011 2.33854 0
      vertex 6.23602 4.16678 0
      vertex 3.21627 2.24095 0
    endloop
  endfacet
  facet normal 0 0 -1
    outer loop
      vertex 3.25263 2.13931 0
      vertex 6.61441 3.53547 0
      vertex 3.27886 2.0346 0
    endloop
  endfacet
  facet normal 0 0 -1
    outer loop
      vertex 3.27886 2.0346 0
      vertex 6.9291 2.87012 0
      vertex 3.2947 1.92782 0
    endloop
  endfacet
  facet normal 0 0 -1
    outer loop
      vertex 3.2947 1.71218 0
      vertex 3.66462 0.241127 0
      vertex 3.60031 0.327832 0
    endloop
  endfacet
  facet normal 0 0 -1
    outer loop
      vertex 3.2947 1.71218 0
      vertex 3.60031 0.327832 0
      vertex 3.52782 0.407817 0
    endloop
  endfacet
  facet normal 0 0 -1
    outer loop
      vertex 3.2947 1.71218 0
      vertex 3.52782 0.407817 0
      vertex 3.44783 0.480311 0
    endloop
  endfacet
  facet normal 0 0 -1
    outer loop
      vertex 3.21627 1.39905 0
      vertex 3.44783 0.480311 0
      vertex 3.36113 0.544616 0
    endloop
  endfacet
  facet normal 0 0 -1
    outer loop
      vertex 3.21627 2.24095 0
      vertex 6.61441 3.53547 0
      vertex 3.25263 2.13931 0
    endloop
  endfacet
  facet normal 0 0 -1
    outer loop
      vertex 3.11462 2.43113 0
      vertex 6.23602 4.16678 0
      vertex 3.17011 2.33854 0
    endloop
  endfacet
  facet normal -0 0 -1
    outer loop
      vertex 6.23602 4.16678 0
      vertex 3.11462 2.43113 0
      vertex 5.79758 4.75795 0
    endloop
  endfacet
  facet normal 0 0 -1
    outer loop
      vertex 3.05031 2.51783 0
      vertex 5.79758 4.75795 0
      vertex 3.11462 2.43113 0
    endloop
  endfacet
  facet normal 0 0 -1
    outer loop
      vertex 2.97782 2.59782 0
      vertex 5.79758 4.75795 0
      vertex 3.05031 2.51783 0
    endloop
  endfacet
  facet normal -0 0 -1
    outer loop
      vertex 5.79758 4.75795 0
      vertex 2.97782 2.59782 0
      vertex 5.3033 5.3033 0
    endloop
  endfacet
  facet normal 0 0 -1
    outer loop
      vertex 2.89783 2.67031 0
      vertex 5.3033 5.3033 0
      vertex 2.97782 2.59782 0
    endloop
  endfacet
  facet normal 0 0 -1
    outer loop
      vertex 2.81113 2.73462 0
      vertex 5.3033 5.3033 0
      vertex 2.89783 2.67031 0
    endloop
  endfacet
  facet normal -0 0 -1
    outer loop
      vertex 5.3033 5.3033 0
      vertex 2.81113 2.73462 0
      vertex 4.75795 5.79758 0
    endloop
  endfacet
  facet normal 0 0 -1
    outer loop
      vertex 2.71854 2.79011 0
      vertex 4.75795 5.79758 0
      vertex 2.81113 2.73462 0
    endloop
  endfacet
  facet normal 0 0 -1
    outer loop
      vertex 2.62095 2.83627 0
      vertex 4.75795 5.79758 0
      vertex 2.71854 2.79011 0
    endloop
  endfacet
  facet normal -0 0 -1
    outer loop
      vertex 4.75795 5.79758 0
      vertex 2.62095 2.83627 0
      vertex 4.16678 6.23602 0
    endloop
  endfacet
  facet normal 0 0 -1
    outer loop
      vertex 2.51931 2.87263 0
      vertex 4.16678 6.23602 0
      vertex 2.62095 2.83627 0
    endloop
  endfacet
  facet normal -0 0 -1
    outer loop
      vertex 4.16678 6.23602 0
      vertex 2.51931 2.87263 0
      vertex 4.06004 6.3 0
    endloop
  endfacet
  facet normal 0 0 -1
    outer loop
      vertex 2.4146 2.89886 0
      vertex 4.06004 6.3 0
      vertex 2.51931 2.87263 0
    endloop
  endfacet
  facet normal 0 0 -1
    outer loop
      vertex 2.30782 2.9147 0
      vertex 4.06004 6.3 0
      vertex 2.4146 2.89886 0
    endloop
  endfacet
  facet normal 0 0 -1
    outer loop
      vertex 2.2 2.92 0
      vertex 4.06004 6.3 0
      vertex 2.30782 2.9147 0
    endloop
  endfacet
  facet normal 0 0 -1
    outer loop
      vertex 2.09218 2.9147 0
      vertex 4.06004 6.3 0
      vertex 2.2 2.92 0
    endloop
  endfacet
  facet normal 0 0 -1
    outer loop
      vertex 1.9854 2.89886 0
      vertex 4.06004 6.3 0
      vertex 2.09218 2.9147 0
    endloop
  endfacet
  facet normal 0 0 -1
    outer loop
      vertex 1.88069 2.87263 0
      vertex 4.06004 6.3 0
      vertex 1.9854 2.89886 0
    endloop
  endfacet
  facet normal 0 0 -1
    outer loop
      vertex 0.319313 2.87263 0
      vertex 1.88069 2.87263 0
      vertex 1.77905 2.83627 0
    endloop
  endfacet
  facet normal 0 0 -1
    outer loop
      vertex 0.420951 2.83627 0
      vertex 1.77905 2.83627 0
      vertex 1.68146 2.79011 0
    endloop
  endfacet
  facet normal 0 0 -1
    outer loop
      vertex 0.518536 2.79011 0
      vertex 1.68146 2.79011 0
      vertex 1.58887 2.73462 0
    endloop
  endfacet
  facet normal 0 0 -1
    outer loop
      vertex 0.611127 2.73462 0
      vertex 1.58887 2.73462 0
      vertex 1.50217 2.67031 0
    endloop
  endfacet
  facet normal 0 0 -1
    outer loop
      vertex 0.697832 2.67031 0
      vertex 1.50217 2.67031 0
      vertex 1.42218 2.59782 0
    endloop
  endfacet
  facet normal 0 0 -1
    outer loop
      vertex 0.777817 2.59782 0
      vertex 1.42218 2.59782 0
      vertex 1.34969 2.51783 0
    endloop
  endfacet
  facet normal 0 0 -1
    outer loop
      vertex 0.850311 2.51783 0
      vertex 1.34969 2.51783 0
      vertex 1.28538 2.43113 0
    endloop
  endfacet
  facet normal 0 0 -1
    outer loop
      vertex 1.0947 1.92782 0
      vertex 1.1053 1.92782 0
      vertex 1.1 1.82 0
    endloop
  endfacet
  facet normal 0 0 -1
    outer loop
      vertex 1.0947 1.92782 0
      vertex 1.12114 2.0346 0
      vertex 1.1053 1.92782 0
    endloop
  endfacet
  facet normal 0 0 -1
    outer loop
      vertex 1.07886 2.0346 0
      vertex 1.12114 2.0346 0
      vertex 1.0947 1.92782 0
    endloop
  endfacet
  facet normal 0 0 -1
    outer loop
      vertex 1.07886 2.0346 0
      vertex 1.14737 2.13931 0
      vertex 1.12114 2.0346 0
    endloop
  endfacet
  facet normal 0 0 -1
    outer loop
      vertex 1.05263 2.13931 0
      vertex 1.14737 2.13931 0
      vertex 1.07886 2.0346 0
    endloop
  endfacet
  facet normal 0 0 -1
    outer loop
      vertex 1.14737 2.13931 0
      vertex 1.05263 2.13931 0
      vertex 1.18373 2.24095 0
    endloop
  endfacet
  facet normal 0 0 -1
    outer loop
      vertex 1.01627 2.24095 0
      vertex 1.18373 2.24095 0
      vertex 1.05263 2.13931 0
    endloop
  endfacet
  facet normal 0 0 -1
    outer loop
      vertex 1.18373 2.24095 0
      vertex 1.01627 2.24095 0
      vertex 1.22989 2.33854 0
    endloop
  endfacet
  facet normal 0 0 -1
    outer loop
      vertex 0.970113 2.33854 0
      vertex 1.22989 2.33854 0
      vertex 1.01627 2.24095 0
    endloop
  endfacet
  facet normal 0 0 -1
    outer loop
      vertex 1.22989 2.33854 0
      vertex 0.970113 2.33854 0
      vertex 1.28538 2.43113 0
    endloop
  endfacet
  facet normal 0 0 -1
    outer loop
      vertex 0.914616 2.43113 0
      vertex 1.28538 2.43113 0
      vertex 0.970113 2.33854 0
    endloop
  endfacet
  facet normal 0 0 -1
    outer loop
      vertex 0.850311 2.51783 0
      vertex 1.28538 2.43113 0
      vertex 0.914616 2.43113 0
    endloop
  endfacet
  facet normal 0 0 -1
    outer loop
      vertex 1.34969 2.51783 0
      vertex 0.850311 2.51783 0
      vertex 0.777817 2.59782 0
    endloop
  endfacet
  facet normal 0 0 -1
    outer loop
      vertex 1.42218 2.59782 0
      vertex 0.777817 2.59782 0
      vertex 0.697832 2.67031 0
    endloop
  endfacet
  facet normal 0 0 -1
    outer loop
      vertex 1.50217 2.67031 0
      vertex 0.697832 2.67031 0
      vertex 0.611127 2.73462 0
    endloop
  endfacet
  facet normal 0 0 -1
    outer loop
      vertex 1.58887 2.73462 0
      vertex 0.611127 2.73462 0
      vertex 0.518536 2.79011 0
    endloop
  endfacet
  facet normal 0 0 -1
    outer loop
      vertex 1.68146 2.79011 0
      vertex 0.518536 2.79011 0
      vertex 0.420951 2.83627 0
    endloop
  endfacet
  facet normal 0 0 -1
    outer loop
      vertex 1.77905 2.83627 0
      vertex 0.420951 2.83627 0
      vertex 0.319313 2.87263 0
    endloop
  endfacet
  facet normal 0 0 -1
    outer loop
      vertex 1.88069 2.87263 0
      vertex 0.319313 2.87263 0
      vertex 4.06004 6.3 0
    endloop
  endfacet
  facet normal 0 0 -1
    outer loop
      vertex 0.214599 2.89886 0
      vertex 4.06004 6.3 0
      vertex 0.319313 2.87263 0
    endloop
  endfacet
  facet normal 0 0 -1
    outer loop
      vertex 0.107819 2.9147 0
      vertex 4.06004 6.3 0
      vertex 0.214599 2.89886 0
    endloop
  endfacet
  facet normal 0 0 -1
    outer loop
      vertex 0 2.92 0
      vertex 4.06004 6.3 0
      vertex 0.107819 2.9147 0
    endloop
  endfacet
  facet normal 0 0 -1
    outer loop
      vertex -4.06004 6.3 0
      vertex 0 2.92 0
      vertex -0.107819 2.9147 0
    endloop
  endfacet
  facet normal 0 0 -1
    outer loop
      vertex -4.06004 6.3 0
      vertex -0.107819 2.9147 0
      vertex -0.214599 2.89886 0
    endloop
  endfacet
  facet normal 0 0 -1
    outer loop
      vertex -4.06004 6.3 0
      vertex -0.214599 2.89886 0
      vertex -0.319313 2.87263 0
    endloop
  endfacet
  facet normal 0 0 -1
    outer loop
      vertex -1.88069 2.87263 0
      vertex -0.319313 2.87263 0
      vertex -0.420951 2.83627 0
    endloop
  endfacet
  facet normal 0 0 -1
    outer loop
      vertex -1.77905 2.83627 0
      vertex -0.420951 2.83627 0
      vertex -0.518536 2.79011 0
    endloop
  endfacet
  facet normal 0 0 -1
    outer loop
      vertex -1.68146 2.79011 0
      vertex -0.518536 2.79011 0
      vertex -0.611127 2.73462 0
    endloop
  endfacet
  facet normal 0 0 -1
    outer loop
      vertex -1.58887 2.73462 0
      vertex -0.611127 2.73462 0
      vertex -0.697832 2.67031 0
    endloop
  endfacet
  facet normal 0 0 -1
    outer loop
      vertex -1.1053 1.92782 0
      vertex -1.0947 1.92782 0
      vertex -1.1 1.82 0
    endloop
  endfacet
  facet normal 0 0 -1
    outer loop
      vertex -1.1053 1.92782 0
      vertex -1.07886 2.0346 0
      vertex -1.0947 1.92782 0
    endloop
  endfacet
  facet normal 0 0 -1
    outer loop
      vertex -1.12114 2.0346 0
      vertex -1.07886 2.0346 0
      vertex -1.1053 1.92782 0
    endloop
  endfacet
  facet normal 0 0 -1
    outer loop
      vertex -1.12114 2.0346 0
      vertex -1.05263 2.13931 0
      vertex -1.07886 2.0346 0
    endloop
  endfacet
  facet normal 0 0 -1
    outer loop
      vertex -1.14737 2.13931 0
      vertex -1.05263 2.13931 0
      vertex -1.12114 2.0346 0
    endloop
  endfacet
  facet normal 0 0 -1
    outer loop
      vertex -1.05263 2.13931 0
      vertex -1.14737 2.13931 0
      vertex -1.01627 2.24095 0
    endloop
  endfacet
  facet normal 0 0 -1
    outer loop
      vertex -1.18373 2.24095 0
      vertex -1.01627 2.24095 0
      vertex -1.14737 2.13931 0
    endloop
  endfacet
  facet normal 0 0 -1
    outer loop
      vertex -1.01627 2.24095 0
      vertex -1.18373 2.24095 0
      vertex -0.970113 2.33854 0
    endloop
  endfacet
  facet normal 0 0 -1
    outer loop
      vertex -1.22989 2.33854 0
      vertex -0.970113 2.33854 0
      vertex -1.18373 2.24095 0
    endloop
  endfacet
  facet normal 0 0 -1
    outer loop
      vertex -0.970113 2.33854 0
      vertex -1.22989 2.33854 0
      vertex -0.914616 2.43113 0
    endloop
  endfacet
  facet normal 0 0 -1
    outer loop
      vertex -1.28538 2.43113 0
      vertex -0.914616 2.43113 0
      vertex -1.22989 2.33854 0
    endloop
  endfacet
  facet normal 0 0 -1
    outer loop
      vertex -0.914616 2.43113 0
      vertex -1.28538 2.43113 0
      vertex -0.850311 2.51783 0
    endloop
  endfacet
  facet normal 0 0 -1
    outer loop
      vertex -1.34969 2.51783 0
      vertex -0.850311 2.51783 0
      vertex -1.28538 2.43113 0
    endloop
  endfacet
  facet normal 0 0 -1
    outer loop
      vertex -0.850311 2.51783 0
      vertex -1.34969 2.51783 0
      vertex -0.777817 2.59782 0
    endloop
  endfacet
  facet normal 0 0 -1
    outer loop
      vertex -1.42218 2.59782 0
      vertex -0.777817 2.59782 0
      vertex -1.34969 2.51783 0
    endloop
  endfacet
  facet normal 0 0 -1
    outer loop
      vertex -0.777817 2.59782 0
      vertex -1.42218 2.59782 0
      vertex -0.697832 2.67031 0
    endloop
  endfacet
  facet normal 0 0 -1
    outer loop
      vertex -1.50217 2.67031 0
      vertex -0.697832 2.67031 0
      vertex -1.42218 2.59782 0
    endloop
  endfacet
  facet normal 0 0 -1
    outer loop
      vertex -1.58887 2.73462 0
      vertex -0.697832 2.67031 0
      vertex -1.50217 2.67031 0
    endloop
  endfacet
  facet normal 0 0 -1
    outer loop
      vertex -0.611127 2.73462 0
      vertex -1.58887 2.73462 0
      vertex -1.68146 2.79011 0
    endloop
  endfacet
  facet normal 0 0 -1
    outer loop
      vertex -0.518536 2.79011 0
      vertex -1.68146 2.79011 0
      vertex -1.77905 2.83627 0
    endloop
  endfacet
  facet normal 0 0 -1
    outer loop
      vertex -0.420951 2.83627 0
      vertex -1.77905 2.83627 0
      vertex -1.88069 2.87263 0
    endloop
  endfacet
  facet normal 0 0 -1
    outer loop
      vertex -0.319313 2.87263 0
      vertex -1.88069 2.87263 0
      vertex -4.06004 6.3 0
    endloop
  endfacet
  facet normal 0 0 -1
    outer loop
      vertex -4.06004 6.3 0
      vertex -1.88069 2.87263 0
      vertex -1.9854 2.89886 0
    endloop
  endfacet
  facet normal 0 0 -1
    outer loop
      vertex -4.06004 6.3 0
      vertex -1.9854 2.89886 0
      vertex -2.09218 2.9147 0
    endloop
  endfacet
  facet normal 0 0 -1
    outer loop
      vertex -4.06004 6.3 0
      vertex -2.09218 2.9147 0
      vertex -2.2 2.92 0
    endloop
  endfacet
  facet normal 0 0 -1
    outer loop
      vertex -4.06004 6.3 0
      vertex -2.2 2.92 0
      vertex -2.30782 2.9147 0
    endloop
  endfacet
  facet normal 0 0 -1
    outer loop
      vertex -4.06004 6.3 0
      vertex -2.30782 2.9147 0
      vertex -2.4146 2.89886 0
    endloop
  endfacet
  facet normal 0 0 -1
    outer loop
      vertex -4.06004 6.3 0
      vertex -2.4146 2.89886 0
      vertex -2.51931 2.87263 0
    endloop
  endfacet
  facet normal 0 0 -1
    outer loop
      vertex -4.06004 6.3 0
      vertex -2.51931 2.87263 0
      vertex -2.62095 2.83627 0
    endloop
  endfacet
  facet normal 0 0 -1
    outer loop
      vertex -4.06004 6.3 0
      vertex -2.62095 2.83627 0
      vertex -2.71854 2.79011 0
    endloop
  endfacet
  facet normal 0 0 -1
    outer loop
      vertex -3.60031 0.327832 0
      vertex -3.27886 1.6054 0
      vertex -3.52782 0.407817 0
    endloop
  endfacet
  facet normal -0 0 -1
    outer loop
      vertex -3.27886 1.6054 0
      vertex -3.60031 0.327832 0
      vertex -3.2947 1.71218 0
    endloop
  endfacet
  facet normal 0 0 -1
    outer loop
      vertex -3.66462 0.241127 0
      vertex -3.2947 1.71218 0
      vertex -3.60031 0.327832 0
    endloop
  endfacet
  facet normal -0 0 -1
    outer loop
      vertex -3.2947 1.71218 0
      vertex -3.66462 0.241127 0
      vertex -3.3 1.82 0
    endloop
  endfacet
  facet normal 0 0 -1
    outer loop
      vertex -3.72011 0.148536 0
      vertex -3.3 1.82 0
      vertex -3.66462 0.241127 0
    endloop
  endfacet
  facet normal -0 0 -1
    outer loop
      vertex -3.3 1.82 0
      vertex -3.72011 0.148536 0
      vertex -3.2947 1.92782 0
    endloop
  endfacet
  facet normal 0 0 -1
    outer loop
      vertex -3.76627 0.050951 0
      vertex -3.2947 1.92782 0
      vertex -3.72011 0.148536 0
    endloop
  endfacet
  facet normal 0 0 -1
    outer loop
      vertex -4.06004 6.3 0
      vertex -3.2947 1.92782 0
      vertex -3.76627 0.050951 0
    endloop
  endfacet
  facet normal 0 0 -1
    outer loop
      vertex -4.06004 6.3 0
      vertex -3.76627 0.050951 0
      vertex -3.80263 -0.0506868 0
    endloop
  endfacet
  facet normal 0 0 -1
    outer loop
      vertex -3.2947 1.92782 0
      vertex -4.06004 6.3 0
      vertex -3.27886 2.0346 0
    endloop
  endfacet
  facet normal 0 0 -1
    outer loop
      vertex 0 2.92 0
      vertex -4.06004 6.3 0
      vertex 4.06004 6.3 0
    endloop
  endfacet
  facet normal 0 0 -1
    outer loop
      vertex -2.81113 2.73462 0
      vertex -4.06004 6.3 0
      vertex -2.71854 2.79011 0
    endloop
  endfacet
  facet normal 0 0 -1
    outer loop
      vertex -2.89783 2.67031 0
      vertex -4.06004 6.3 0
      vertex -2.81113 2.73462 0
    endloop
  endfacet
  facet normal 0 0 -1
    outer loop
      vertex -2.97782 2.59782 0
      vertex -4.06004 6.3 0
      vertex -2.89783 2.67031 0
    endloop
  endfacet
  facet normal 0 0 -1
    outer loop
      vertex -3.05031 2.51783 0
      vertex -4.06004 6.3 0
      vertex -2.97782 2.59782 0
    endloop
  endfacet
  facet normal 0 0 -1
    outer loop
      vertex -3.11462 2.43113 0
      vertex -4.06004 6.3 0
      vertex -3.05031 2.51783 0
    endloop
  endfacet
  facet normal 0 0 -1
    outer loop
      vertex -3.17011 2.33854 0
      vertex -4.06004 6.3 0
      vertex -3.11462 2.43113 0
    endloop
  endfacet
  facet normal 0 0 -1
    outer loop
      vertex -3.21627 2.24095 0
      vertex -4.06004 6.3 0
      vertex -3.17011 2.33854 0
    endloop
  endfacet
  facet normal 0 0 -1
    outer loop
      vertex -3.25263 2.13931 0
      vertex -4.06004 6.3 0
      vertex -3.21627 2.24095 0
    endloop
  endfacet
  facet normal 0 0 -1
    outer loop
      vertex -3.27886 2.0346 0
      vertex -4.06004 6.3 0
      vertex -3.25263 2.13931 0
    endloop
  endfacet
  facet normal 0 0 -1
    outer loop
      vertex -3.82886 -0.1554 0
      vertex -4.06004 6.3 0
      vertex -3.80263 -0.0506868 0
    endloop
  endfacet
  facet normal 0 0 -1
    outer loop
      vertex -3.8447 -0.26218 0
      vertex -4.06004 6.3 0
      vertex -3.82886 -0.1554 0
    endloop
  endfacet
  facet normal 0 0 -1
    outer loop
      vertex -4.06004 6.3 0
      vertex -3.8447 -0.26218 0
      vertex -3.85 -0.37 0
    endloop
  endfacet
  facet normal -0 0 -1
    outer loop
      vertex 2.64218 -1.4647 0
      vertex 2.13627 -2.12905 0
      vertex 2.5354 -1.44886 0
    endloop
  endfacet
  facet normal 0 0 -1
    outer loop
      vertex 2.09011 -2.03146 0
      vertex 2.5354 -1.44886 0
      vertex 2.13627 -2.12905 0
    endloop
  endfacet
  facet normal -0 0 -1
    outer loop
      vertex 2.5354 -1.44886 0
      vertex 2.09011 -2.03146 0
      vertex 2.43069 -1.42263 0
    endloop
  endfacet
  facet normal 0 0 -1
    outer loop
      vertex 2.03462 -1.93887 0
      vertex 2.43069 -1.42263 0
      vertex 2.09011 -2.03146 0
    endloop
  endfacet
  facet normal -0 0 -1
    outer loop
      vertex 2.43069 -1.42263 0
      vertex 2.03462 -1.93887 0
      vertex 2.32905 -1.38627 0
    endloop
  endfacet
  facet normal 0 0 -1
    outer loop
      vertex 1.97031 -1.85217 0
      vertex 2.32905 -1.38627 0
      vertex 2.03462 -1.93887 0
    endloop
  endfacet
  facet normal -0 0 -1
    outer loop
      vertex 2.32905 -1.38627 0
      vertex 1.97031 -1.85217 0
      vertex 2.23146 -1.34011 0
    endloop
  endfacet
  facet normal 0 0 -1
    outer loop
      vertex 1.89782 -1.77218 0
      vertex 2.23146 -1.34011 0
      vertex 1.97031 -1.85217 0
    endloop
  endfacet
  facet normal -0 0 -1
    outer loop
      vertex 2.23146 -1.34011 0
      vertex 1.89782 -1.77218 0
      vertex 2.13887 -1.28462 0
    endloop
  endfacet
  facet normal 0 0 -1
    outer loop
      vertex 1.81783 -1.69969 0
      vertex 2.13887 -1.28462 0
      vertex 1.89782 -1.77218 0
    endloop
  endfacet
  facet normal -0 0 -1
    outer loop
      vertex 2.13887 -1.28462 0
      vertex 1.81783 -1.69969 0
      vertex 2.05217 -1.22031 0
    endloop
  endfacet
  facet normal 0 0 -1
    outer loop
      vertex 1.73113 -1.63538 0
      vertex 2.05217 -1.22031 0
      vertex 1.81783 -1.69969 0
    endloop
  endfacet
  facet normal -0 0 -1
    outer loop
      vertex 2.05217 -1.22031 0
      vertex 1.73113 -1.63538 0
      vertex 1.97218 -1.14782 0
    endloop
  endfacet
  facet normal 0 0 -1
    outer loop
      vertex 1.63854 -1.57989 0
      vertex 1.97218 -1.14782 0
      vertex 1.73113 -1.63538 0
    endloop
  endfacet
  facet normal -0 0 -1
    outer loop
      vertex 1.97218 -1.14782 0
      vertex 1.63854 -1.57989 0
      vertex 1.89969 -1.06783 0
    endloop
  endfacet
  facet normal 0 0 -1
    outer loop
      vertex 1.54095 -1.53373 0
      vertex 1.89969 -1.06783 0
      vertex 1.63854 -1.57989 0
    endloop
  endfacet
  facet normal -0 0 -1
    outer loop
      vertex 1.89969 -1.06783 0
      vertex 1.54095 -1.53373 0
      vertex 1.83538 -0.981127 0
    endloop
  endfacet
  facet normal 0 0 -1
    outer loop
      vertex 1.43931 -1.49736 0
      vertex 1.83538 -0.981127 0
      vertex 1.54095 -1.53373 0
    endloop
  endfacet
  facet normal -0 0 -1
    outer loop
      vertex 1.83538 -0.981127 0
      vertex 1.43931 -1.49736 0
      vertex 1.77989 -0.888535 0
    endloop
  endfacet
  facet normal 0 0 -1
    outer loop
      vertex 1.3346 -1.47114 0
      vertex 1.77989 -0.888535 0
      vertex 1.43931 -1.49736 0
    endloop
  endfacet
  facet normal 0 0 -1
    outer loop
      vertex 1.22782 -1.4553 0
      vertex 1.73373 -0.790952 0
      vertex 1.3346 -1.47114 0
    endloop
  endfacet
  facet normal -0 0 -1
    outer loop
      vertex 1.77989 -0.888535 0
      vertex 1.3346 -1.47114 0
      vertex 1.73373 -0.790952 0
    endloop
  endfacet
  facet normal 0.97003 0.242986 0
    outer loop
      vertex 7.35589 1.46318 12
      vertex 7.17705 2.17713 0
      vertex 7.17705 2.17713 12
    endloop
  endfacet
  facet normal 0.97003 0.242986 0
    outer loop
      vertex 7.17705 2.17713 0
      vertex 7.35589 1.46318 12
      vertex 7.35589 1.46318 0
    endloop
  endfacet
  facet normal 0.989176 0.146735 0
    outer loop
      vertex 7.46389 0.735128 12
      vertex 7.35589 1.46318 0
      vertex 7.35589 1.46318 12
    endloop
  endfacet
  facet normal 0.989176 0.146735 0
    outer loop
      vertex 7.35589 1.46318 0
      vertex 7.46389 0.735128 12
      vertex 7.46389 0.735128 0
    endloop
  endfacet
  facet normal 0.941547 0.336883 0
    outer loop
      vertex 7.17705 2.17713 12
      vertex 6.9291 2.87012 0
      vertex 6.9291 2.87012 12
    endloop
  endfacet
  facet normal 0.941547 0.336883 0
    outer loop
      vertex 6.9291 2.87012 0
      vertex 7.17705 2.17713 12
      vertex 7.17705 2.17713 0
    endloop
  endfacet
  facet normal 0.803209 0.595698 0
    outer loop
      vertex 6.23602 4.16678 12
      vertex 5.79758 4.75795 0
      vertex 5.79758 4.75795 12
    endloop
  endfacet
  facet normal 0.803209 0.595698 0
    outer loop
      vertex 5.79758 4.75795 0
      vertex 6.23602 4.16678 12
      vertex 6.23602 4.16678 0
    endloop
  endfacet
  facet normal 0.514118 0.85772 -0
    outer loop
      vertex 4.16678 6.23602 0
      vertex 4.06004 6.3 12
      vertex 4.16678 6.23602 12
    endloop
  endfacet
  facet normal 0.514118 0.85772 0
    outer loop
      vertex 4.06004 6.3 12
      vertex 4.16678 6.23602 0
      vertex 4.06004 6.3 0
    endloop
  endfacet
  facet normal 0.671562 0.740949 -0
    outer loop
      vertex 5.3033 5.3033 0
      vertex 4.75795 5.79758 12
      vertex 5.3033 5.3033 12
    endloop
  endfacet
  facet normal 0.671562 0.740949 0
    outer loop
      vertex 4.75795 5.79758 12
      vertex 5.3033 5.3033 0
      vertex 4.75795 5.79758 0
    endloop
  endfacet
  facet normal -0.97003 0.242986 0
    outer loop
      vertex -7.35589 1.46318 0
      vertex -7.17705 2.17713 12
      vertex -7.17705 2.17713 0
    endloop
  endfacet
  facet normal -0.97003 0.242986 0
    outer loop
      vertex -7.17705 2.17713 12
      vertex -7.35589 1.46318 0
      vertex -7.35589 1.46318 12
    endloop
  endfacet
  facet normal -0.803209 0.595698 0
    outer loop
      vertex -6.23602 4.16678 0
      vertex -5.79758 4.75795 12
      vertex -5.79758 4.75795 0
    endloop
  endfacet
  facet normal -0.803209 0.595698 0
    outer loop
      vertex -5.79758 4.75795 12
      vertex -6.23602 4.16678 0
      vertex -6.23602 4.16678 12
    endloop
  endfacet
  facet normal -0.740949 0.671562 0
    outer loop
      vertex -5.79758 4.75795 0
      vertex -5.3033 5.3033 12
      vertex -5.3033 5.3033 0
    endloop
  endfacet
  facet normal -0.740949 0.671562 0
    outer loop
      vertex -5.3033 5.3033 12
      vertex -5.79758 4.75795 0
      vertex -5.79758 4.75795 12
    endloop
  endfacet
  facet normal -0.85773 0.5141 0
    outer loop
      vertex -6.61441 3.53547 0
      vertex -6.23602 4.16678 12
      vertex -6.23602 4.16678 0
    endloop
  endfacet
  facet normal -0.85773 0.5141 0
    outer loop
      vertex -6.23602 4.16678 12
      vertex -6.61441 3.53547 0
      vertex -6.61441 3.53547 12
    endloop
  endfacet
  facet normal -0.941547 0.336883 0
    outer loop
      vertex -7.17705 2.17713 0
      vertex -6.9291 2.87012 12
      vertex -6.9291 2.87012 0
    endloop
  endfacet
  facet normal -0.941547 0.336883 0
    outer loop
      vertex -6.9291 2.87012 12
      vertex -7.17705 2.17713 0
      vertex -7.17705 2.17713 12
    endloop
  endfacet
  facet normal -0.989176 0.146735 0
    outer loop
      vertex -7.46389 0.735128 0
      vertex -7.35589 1.46318 12
      vertex -7.35589 1.46318 0
    endloop
  endfacet
  facet normal -0.989176 0.146735 0
    outer loop
      vertex -7.35589 1.46318 12
      vertex -7.46389 0.735128 0
      vertex -7.46389 0.735128 12
    endloop
  endfacet
  facet normal 0 0 1
    outer loop
      vertex 4.6 0 12
      vertex 7.5 0 12
      vertex 7.46389 0.735128 12
    endloop
  endfacet
  facet normal 0 0 1
    outer loop
      vertex 4.57785 0.450878 12
      vertex 7.46389 0.735128 12
      vertex 7.35589 1.46318 12
    endloop
  endfacet
  facet normal 0 0 1
    outer loop
      vertex 7.5 0 12
      vertex 4.6 0 12
      vertex 7.46389 -0.735128 12
    endloop
  endfacet
  facet normal 0 0 1
    outer loop
      vertex 4.51161 0.897415 12
      vertex 7.35589 1.46318 12
      vertex 7.17705 2.17713 12
    endloop
  endfacet
  facet normal -0 0 1
    outer loop
      vertex 4.57785 -0.450878 12
      vertex 7.46389 -0.735128 12
      vertex 4.6 0 12
    endloop
  endfacet
  facet normal 0 0 1
    outer loop
      vertex 4.40193 1.33531 12
      vertex 7.17705 2.17713 12
      vertex 6.9291 2.87012 12
    endloop
  endfacet
  facet normal 0 0 1
    outer loop
      vertex 7.46389 -0.735128 12
      vertex 4.57785 -0.450878 12
      vertex 7.35589 -1.46318 12
    endloop
  endfacet
  facet normal 0 0 1
    outer loop
      vertex 4.24985 1.76034 12
      vertex 6.9291 2.87012 12
      vertex 6.61441 3.53547 12
    endloop
  endfacet
  facet normal -0 0 1
    outer loop
      vertex 4.51161 -0.897415 12
      vertex 7.35589 -1.46318 12
      vertex 4.57785 -0.450878 12
    endloop
  endfacet
  facet normal 0 0 1
    outer loop
      vertex 4.05684 2.16842 12
      vertex 6.61441 3.53547 12
      vertex 6.23602 4.16678 12
    endloop
  endfacet
  facet normal 0 0 1
    outer loop
      vertex 7.35589 -1.46318 12
      vertex 4.51161 -0.897415 12
      vertex 7.17705 -2.17713 12
    endloop
  endfacet
  facet normal 0 0 1
    outer loop
      vertex 3.82476 2.55562 12
      vertex 6.23602 4.16678 12
      vertex 5.79758 4.75795 12
    endloop
  endfacet
  facet normal -0 0 1
    outer loop
      vertex 4.40193 -1.33531 12
      vertex 7.17705 -2.17713 12
      vertex 4.51161 -0.897415 12
    endloop
  endfacet
  facet normal 0 0 1
    outer loop
      vertex 3.55585 2.91821 12
      vertex 5.79758 4.75795 12
      vertex 5.3033 5.3033 12
    endloop
  endfacet
  facet normal 0 0 1
    outer loop
      vertex 7.17705 -2.17713 12
      vertex 4.40193 -1.33531 12
      vertex 6.9291 -2.87012 12
    endloop
  endfacet
  facet normal 0 0 1
    outer loop
      vertex 3.25269 3.25269 12
      vertex 5.3033 5.3033 12
      vertex 4.75795 5.79758 12
    endloop
  endfacet
  facet normal -0 0 1
    outer loop
      vertex 4.24985 -1.76034 12
      vertex 6.9291 -2.87012 12
      vertex 4.40193 -1.33531 12
    endloop
  endfacet
  facet normal 0 0 1
    outer loop
      vertex 6.9291 -2.87012 12
      vertex 4.24985 -1.76034 12
      vertex 6.61441 -3.53547 12
    endloop
  endfacet
  facet normal 0 0 1
    outer loop
      vertex 7.46389 0.735128 12
      vertex 4.57785 0.450878 12
      vertex 4.6 0 12
    endloop
  endfacet
  facet normal 0 0 1
    outer loop
      vertex 7.35589 1.46318 12
      vertex 4.51161 0.897415 12
      vertex 4.57785 0.450878 12
    endloop
  endfacet
  facet normal 0 0 1
    outer loop
      vertex 7.17705 2.17713 12
      vertex 4.40193 1.33531 12
      vertex 4.51161 0.897415 12
    endloop
  endfacet
  facet normal 0 0 1
    outer loop
      vertex 6.9291 2.87012 12
      vertex 4.24985 1.76034 12
      vertex 4.40193 1.33531 12
    endloop
  endfacet
  facet normal 0 0 1
    outer loop
      vertex 2.91821 3.55585 12
      vertex 4.75795 5.79758 12
      vertex 4.16678 6.23602 12
    endloop
  endfacet
  facet normal 0 0 1
    outer loop
      vertex 2.55562 3.82476 12
      vertex 4.16678 6.23602 12
      vertex 4.06004 6.3 12
    endloop
  endfacet
  facet normal 0 0 1
    outer loop
      vertex 6.61441 3.53547 12
      vertex 4.05684 2.16842 12
      vertex 4.24985 1.76034 12
    endloop
  endfacet
  facet normal 0 0 1
    outer loop
      vertex 6.23602 4.16678 12
      vertex 3.82476 2.55562 12
      vertex 4.05684 2.16842 12
    endloop
  endfacet
  facet normal 0 0 1
    outer loop
      vertex 5.79758 4.75795 12
      vertex 3.55585 2.91821 12
      vertex 3.82476 2.55562 12
    endloop
  endfacet
  facet normal 0 0 1
    outer loop
      vertex 5.3033 5.3033 12
      vertex 3.25269 3.25269 12
      vertex 3.55585 2.91821 12
    endloop
  endfacet
  facet normal 0 0 1
    outer loop
      vertex 4.75795 5.79758 12
      vertex 2.91821 3.55585 12
      vertex 3.25269 3.25269 12
    endloop
  endfacet
  facet normal 0 0 1
    outer loop
      vertex 4.16678 6.23602 12
      vertex 2.55562 3.82476 12
      vertex 2.91821 3.55585 12
    endloop
  endfacet
  facet normal 0 0 1
    outer loop
      vertex 4.06004 6.3 12
      vertex 2.16842 4.05684 12
      vertex 2.55562 3.82476 12
    endloop
  endfacet
  facet normal 0 0 1
    outer loop
      vertex 4.06004 6.3 12
      vertex 1.76034 4.24985 12
      vertex 2.16842 4.05684 12
    endloop
  endfacet
  facet normal -0 0 1
    outer loop
      vertex 0.799999 5.6 12
      vertex 1.76034 4.24985 12
      vertex 4.06004 6.3 12
    endloop
  endfacet
  facet normal 0 0 1
    outer loop
      vertex 1.76034 4.24985 12
      vertex 0.799999 5.6 12
      vertex 1.33531 4.40193 12
    endloop
  endfacet
  facet normal 0 0 1
    outer loop
      vertex 1.33531 4.40193 12
      vertex 0.799999 5.6 12
      vertex 0.897415 4.51161 12
    endloop
  endfacet
  facet normal 0 0 1
    outer loop
      vertex 4.06004 6.3 12
      vertex -0.799999 5.6 12
      vertex 0.799999 5.6 12
    endloop
  endfacet
  facet normal 0 0 1
    outer loop
      vertex -0.799999 5.6 12
      vertex -0.897415 4.51161 12
      vertex -0.799999 4.52606 12
    endloop
  endfacet
  facet normal 0 0 1
    outer loop
      vertex -0.799999 5.6 12
      vertex -1.33531 4.40193 12
      vertex -0.897415 4.51161 12
    endloop
  endfacet
  facet normal 0 0 1
    outer loop
      vertex -0.799999 5.6 12
      vertex -1.76034 4.24985 12
      vertex -1.33531 4.40193 12
    endloop
  endfacet
  facet normal 0 0 1
    outer loop
      vertex -4.06004 6.3 12
      vertex -1.76034 4.24985 12
      vertex -0.799999 5.6 12
    endloop
  endfacet
  facet normal 0 0 1
    outer loop
      vertex -1.76034 4.24985 12
      vertex -4.06004 6.3 12
      vertex -2.16842 4.05684 12
    endloop
  endfacet
  facet normal 0 0 1
    outer loop
      vertex -2.16842 4.05684 12
      vertex -4.06004 6.3 12
      vertex -2.55562 3.82476 12
    endloop
  endfacet
  facet normal -0 0 1
    outer loop
      vertex -4.16678 6.23602 12
      vertex -2.55562 3.82476 12
      vertex -4.06004 6.3 12
    endloop
  endfacet
  facet normal -0 0 1
    outer loop
      vertex -4.06004 6.3 12
      vertex -0.799999 5.6 12
      vertex 4.06004 6.3 12
    endloop
  endfacet
  facet normal 0 0 1
    outer loop
      vertex -2.55562 3.82476 12
      vertex -4.16678 6.23602 12
      vertex -2.91821 3.55585 12
    endloop
  endfacet
  facet normal -0 0 1
    outer loop
      vertex -4.75795 5.79758 12
      vertex -2.91821 3.55585 12
      vertex -4.16678 6.23602 12
    endloop
  endfacet
  facet normal 0 0 1
    outer loop
      vertex -2.91821 3.55585 12
      vertex -4.75795 5.79758 12
      vertex -3.25269 3.25269 12
    endloop
  endfacet
  facet normal -0 0 1
    outer loop
      vertex -5.3033 5.3033 12
      vertex -3.25269 3.25269 12
      vertex -4.75795 5.79758 12
    endloop
  endfacet
  facet normal 0 0 1
    outer loop
      vertex -3.25269 3.25269 12
      vertex -5.3033 5.3033 12
      vertex -3.55585 2.91821 12
    endloop
  endfacet
  facet normal -0 0 1
    outer loop
      vertex -5.79758 4.75795 12
      vertex -3.55585 2.91821 12
      vertex -5.3033 5.3033 12
    endloop
  endfacet
  facet normal 0 0 1
    outer loop
      vertex -3.55585 2.91821 12
      vertex -5.79758 4.75795 12
      vertex -3.82476 2.55562 12
    endloop
  endfacet
  facet normal -0 0 1
    outer loop
      vertex -6.23602 4.16678 12
      vertex -3.82476 2.55562 12
      vertex -5.79758 4.75795 12
    endloop
  endfacet
  facet normal 0 0 1
    outer loop
      vertex -3.82476 2.55562 12
      vertex -6.23602 4.16678 12
      vertex -4.05684 2.16842 12
    endloop
  endfacet
  facet normal 0 0 1
    outer loop
      vertex -4.05684 2.16842 12
      vertex -6.61441 3.53547 12
      vertex -4.24985 1.76034 12
    endloop
  endfacet
  facet normal -0 0 1
    outer loop
      vertex -6.61441 3.53547 12
      vertex -4.05684 2.16842 12
      vertex -6.23602 4.16678 12
    endloop
  endfacet
  facet normal -0 0 1
    outer loop
      vertex 4.05684 -2.16842 12
      vertex 6.61441 -3.53547 12
      vertex 4.24985 -1.76034 12
    endloop
  endfacet
  facet normal 0 0 1
    outer loop
      vertex 6.61441 -3.53547 12
      vertex 4.05684 -2.16842 12
      vertex 6.23602 -4.16678 12
    endloop
  endfacet
  facet normal -0 0 1
    outer loop
      vertex 3.82476 -2.55562 12
      vertex 6.23602 -4.16678 12
      vertex 4.05684 -2.16842 12
    endloop
  endfacet
  facet normal 0 0 1
    outer loop
      vertex 6.23602 -4.16678 12
      vertex 3.82476 -2.55562 12
      vertex 5.79758 -4.75795 12
    endloop
  endfacet
  facet normal -0 0 1
    outer loop
      vertex 3.55585 -2.91821 12
      vertex 5.79758 -4.75795 12
      vertex 3.82476 -2.55562 12
    endloop
  endfacet
  facet normal 0 0 1
    outer loop
      vertex 5.79758 -4.75795 12
      vertex 3.55585 -2.91821 12
      vertex 5.3033 -5.3033 12
    endloop
  endfacet
  facet normal -0 0 1
    outer loop
      vertex 3.25269 -3.25269 12
      vertex 5.3033 -5.3033 12
      vertex 3.55585 -2.91821 12
    endloop
  endfacet
  facet normal 0 0 1
    outer loop
      vertex 5.3033 -5.3033 12
      vertex 3.25269 -3.25269 12
      vertex 4.75795 -5.79758 12
    endloop
  endfacet
  facet normal -0 0 1
    outer loop
      vertex 2.91821 -3.55585 12
      vertex 4.75795 -5.79758 12
      vertex 3.25269 -3.25269 12
    endloop
  endfacet
  facet normal 0 0 1
    outer loop
      vertex 4.75795 -5.79758 12
      vertex 2.91821 -3.55585 12
      vertex 4.16678 -6.23602 12
    endloop
  endfacet
  facet normal -0 0 1
    outer loop
      vertex 2.55562 -3.82476 12
      vertex 4.16678 -6.23602 12
      vertex 2.91821 -3.55585 12
    endloop
  endfacet
  facet normal 0 0 1
    outer loop
      vertex 4.16678 -6.23602 12
      vertex 2.55562 -3.82476 12
      vertex 3.53547 -6.61441 12
    endloop
  endfacet
  facet normal -0 0 1
    outer loop
      vertex 2.16842 -4.05684 12
      vertex 3.53547 -6.61441 12
      vertex 2.55562 -3.82476 12
    endloop
  endfacet
  facet normal 0 0 1
    outer loop
      vertex 3.53547 -6.61441 12
      vertex 2.16842 -4.05684 12
      vertex 2.87012 -6.9291 12
    endloop
  endfacet
  facet normal -0 0 1
    outer loop
      vertex 1.76034 -4.24985 12
      vertex 2.87012 -6.9291 12
      vertex 2.16842 -4.05684 12
    endloop
  endfacet
  facet normal 0 0 1
    outer loop
      vertex 2.87012 -6.9291 12
      vertex 1.76034 -4.24985 12
      vertex 2.17713 -7.17705 12
    endloop
  endfacet
  facet normal -0 0 1
    outer loop
      vertex 1.33531 -4.40193 12
      vertex 2.17713 -7.17705 12
      vertex 1.76034 -4.24985 12
    endloop
  endfacet
  facet normal 0 0 1
    outer loop
      vertex 2.17713 -7.17705 12
      vertex 1.33531 -4.40193 12
      vertex 1.46318 -7.35589 12
    endloop
  endfacet
  facet normal -0 0 1
    outer loop
      vertex 0.897415 -4.51161 12
      vertex 1.46318 -7.35589 12
      vertex 1.33531 -4.40193 12
    endloop
  endfacet
  facet normal 0 0 1
    outer loop
      vertex 0.897415 -4.51161 12
      vertex 0.735128 -7.46389 12
      vertex 1.46318 -7.35589 12
    endloop
  endfacet
  facet normal -0 0 1
    outer loop
      vertex 0.450878 -4.57785 12
      vertex 0.735128 -7.46389 12
      vertex 0.897415 -4.51161 12
    endloop
  endfacet
  facet normal -0 0 1
    outer loop
      vertex 0 -4.6 12
      vertex 0.735128 -7.46389 12
      vertex 0.450878 -4.57785 12
    endloop
  endfacet
  facet normal 0 0 1
    outer loop
      vertex 0 -4.6 12
      vertex 0 -7.5 12
      vertex 0.735128 -7.46389 12
    endloop
  endfacet
  facet normal 0 0 1
    outer loop
      vertex -0.450878 -4.57785 12
      vertex 0 -7.5 12
      vertex 0 -4.6 12
    endloop
  endfacet
  facet normal 0 0 1
    outer loop
      vertex -0.450878 -4.57785 12
      vertex -0.735128 -7.46389 12
      vertex 0 -7.5 12
    endloop
  endfacet
  facet normal 0 0 1
    outer loop
      vertex -0.897415 -4.51161 12
      vertex -0.735128 -7.46389 12
      vertex -0.450878 -4.57785 12
    endloop
  endfacet
  facet normal 0 0 1
    outer loop
      vertex -1.46318 -7.35589 12
      vertex -0.897415 -4.51161 12
      vertex -1.33531 -4.40193 12
    endloop
  endfacet
  facet normal 0 0 1
    outer loop
      vertex -0.897415 -4.51161 12
      vertex -1.46318 -7.35589 12
      vertex -0.735128 -7.46389 12
    endloop
  endfacet
  facet normal 0 0 1
    outer loop
      vertex -2.17713 -7.17705 12
      vertex -1.33531 -4.40193 12
      vertex -1.76034 -4.24985 12
    endloop
  endfacet
  facet normal 0 0 1
    outer loop
      vertex -2.87012 -6.9291 12
      vertex -1.76034 -4.24985 12
      vertex -2.16842 -4.05684 12
    endloop
  endfacet
  facet normal 0 0 1
    outer loop
      vertex -1.33531 -4.40193 12
      vertex -2.17713 -7.17705 12
      vertex -1.46318 -7.35589 12
    endloop
  endfacet
  facet normal 0 0 1
    outer loop
      vertex -3.53547 -6.61441 12
      vertex -2.16842 -4.05684 12
      vertex -2.55562 -3.82476 12
    endloop
  endfacet
  facet normal 0 0 1
    outer loop
      vertex -1.76034 -4.24985 12
      vertex -2.87012 -6.9291 12
      vertex -2.17713 -7.17705 12
    endloop
  endfacet
  facet normal 0 0 1
    outer loop
      vertex -4.16678 -6.23602 12
      vertex -2.55562 -3.82476 12
      vertex -2.91821 -3.55585 12
    endloop
  endfacet
  facet normal 0 0 1
    outer loop
      vertex -4.75795 -5.79758 12
      vertex -2.91821 -3.55585 12
      vertex -3.25269 -3.25269 12
    endloop
  endfacet
  facet normal 0 0 1
    outer loop
      vertex -2.16842 -4.05684 12
      vertex -3.53547 -6.61441 12
      vertex -2.87012 -6.9291 12
    endloop
  endfacet
  facet normal 0 0 1
    outer loop
      vertex -5.3033 -5.3033 12
      vertex -3.25269 -3.25269 12
      vertex -3.55585 -2.91821 12
    endloop
  endfacet
  facet normal 0 0 1
    outer loop
      vertex -5.79758 -4.75795 12
      vertex -3.55585 -2.91821 12
      vertex -3.82476 -2.55562 12
    endloop
  endfacet
  facet normal 0 0 1
    outer loop
      vertex -6.23602 -4.16678 12
      vertex -3.82476 -2.55562 12
      vertex -4.05684 -2.16842 12
    endloop
  endfacet
  facet normal 0 0 1
    outer loop
      vertex -2.55562 -3.82476 12
      vertex -4.16678 -6.23602 12
      vertex -3.53547 -6.61441 12
    endloop
  endfacet
  facet normal 0 0 1
    outer loop
      vertex -6.61441 -3.53547 12
      vertex -4.05684 -2.16842 12
      vertex -4.24985 -1.76034 12
    endloop
  endfacet
  facet normal 0 0 1
    outer loop
      vertex -6.9291 -2.87012 12
      vertex -4.24985 -1.76034 12
      vertex -4.40193 -1.33531 12
    endloop
  endfacet
  facet normal 0 0 1
    outer loop
      vertex -7.17705 -2.17713 12
      vertex -4.40193 -1.33531 12
      vertex -4.51161 -0.897415 12
    endloop
  endfacet
  facet normal 0 0 1
    outer loop
      vertex -7.35589 -1.46318 12
      vertex -4.51161 -0.897415 12
      vertex -4.57785 -0.450878 12
    endloop
  endfacet
  facet normal 0 0 1
    outer loop
      vertex -2.91821 -3.55585 12
      vertex -4.75795 -5.79758 12
      vertex -4.16678 -6.23602 12
    endloop
  endfacet
  facet normal 0 0 1
    outer loop
      vertex -7.46389 -0.735128 12
      vertex -4.57785 -0.450878 12
      vertex -4.6 0 12
    endloop
  endfacet
  facet normal -0 0 1
    outer loop
      vertex -6.9291 2.87012 12
      vertex -4.24985 1.76034 12
      vertex -6.61441 3.53547 12
    endloop
  endfacet
  facet normal 0 0 1
    outer loop
      vertex -4.24985 1.76034 12
      vertex -6.9291 2.87012 12
      vertex -4.40193 1.33531 12
    endloop
  endfacet
  facet normal 0 0 1
    outer loop
      vertex -3.25269 -3.25269 12
      vertex -5.3033 -5.3033 12
      vertex -4.75795 -5.79758 12
    endloop
  endfacet
  facet normal -0 0 1
    outer loop
      vertex -7.17705 2.17713 12
      vertex -4.40193 1.33531 12
      vertex -6.9291 2.87012 12
    endloop
  endfacet
  facet normal 0 0 1
    outer loop
      vertex -3.55585 -2.91821 12
      vertex -5.79758 -4.75795 12
      vertex -5.3033 -5.3033 12
    endloop
  endfacet
  facet normal 0 0 1
    outer loop
      vertex -4.40193 1.33531 12
      vertex -7.17705 2.17713 12
      vertex -4.51161 0.897415 12
    endloop
  endfacet
  facet normal 0 0 1
    outer loop
      vertex -3.82476 -2.55562 12
      vertex -6.23602 -4.16678 12
      vertex -5.79758 -4.75795 12
    endloop
  endfacet
  facet normal -0 0 1
    outer loop
      vertex -7.35589 1.46318 12
      vertex -4.51161 0.897415 12
      vertex -7.17705 2.17713 12
    endloop
  endfacet
  facet normal 0 0 1
    outer loop
      vertex -4.05684 -2.16842 12
      vertex -6.61441 -3.53547 12
      vertex -6.23602 -4.16678 12
    endloop
  endfacet
  facet normal 0 0 1
    outer loop
      vertex -4.51161 0.897415 12
      vertex -7.35589 1.46318 12
      vertex -4.57785 0.450878 12
    endloop
  endfacet
  facet normal 0 0 1
    outer loop
      vertex -4.24985 -1.76034 12
      vertex -6.9291 -2.87012 12
      vertex -6.61441 -3.53547 12
    endloop
  endfacet
  facet normal -0 0 1
    outer loop
      vertex -7.46389 0.735128 12
      vertex -4.57785 0.450878 12
      vertex -7.35589 1.46318 12
    endloop
  endfacet
  facet normal 0 0 1
    outer loop
      vertex -4.40193 -1.33531 12
      vertex -7.17705 -2.17713 12
      vertex -6.9291 -2.87012 12
    endloop
  endfacet
  facet normal 0 0 1
    outer loop
      vertex -4.57785 0.450878 12
      vertex -7.46389 0.735128 12
      vertex -4.6 0 12
    endloop
  endfacet
  facet normal 0 0 1
    outer loop
      vertex -4.51161 -0.897415 12
      vertex -7.35589 -1.46318 12
      vertex -7.17705 -2.17713 12
    endloop
  endfacet
  facet normal 0 0 1
    outer loop
      vertex -7.5 0 12
      vertex -4.6 0 12
      vertex -7.46389 0.735128 12
    endloop
  endfacet
  facet normal 0 0 1
    outer loop
      vertex -4.57785 -0.450878 12
      vertex -7.46389 -0.735128 12
      vertex -7.35589 -1.46318 12
    endloop
  endfacet
  facet normal 0 0 1
    outer loop
      vertex -4.6 0 12
      vertex -7.5 0 12
      vertex -7.46389 -0.735128 12
    endloop
  endfacet
  facet normal 0 0 1
    outer loop
      vertex 0.897415 4.51161 12
      vertex 0.799999 5.6 12
      vertex 0.799999 4.52606 12
    endloop
  endfacet
  facet normal -0.514118 0.85772 0
    outer loop
      vertex -4.06004 6.3 0
      vertex -4.16678 6.23602 12
      vertex -4.06004 6.3 12
    endloop
  endfacet
  facet normal -0.514118 0.85772 0
    outer loop
      vertex -4.16678 6.23602 12
      vertex -4.06004 6.3 0
      vertex -4.16678 6.23602 0
    endloop
  endfacet
  facet normal -0.595698 0.803209 0
    outer loop
      vertex -4.16678 6.23602 0
      vertex -4.75795 5.79758 12
      vertex -4.16678 6.23602 12
    endloop
  endfacet
  facet normal -0.595698 0.803209 0
    outer loop
      vertex -4.75795 5.79758 12
      vertex -4.16678 6.23602 0
      vertex -4.75795 5.79758 0
    endloop
  endfacet
  facet normal 0.998796 -0.0490615 0
    outer loop
      vertex 7.46389 -0.735128 12
      vertex 7.5 0 0
      vertex 7.5 0 12
    endloop
  endfacet
  facet normal 0.998796 -0.0490615 0
    outer loop
      vertex 7.5 0 0
      vertex 7.46389 -0.735128 12
      vertex 7.46389 -0.735128 0
    endloop
  endfacet
  facet normal 0.0490615 -0.998796 0
    outer loop
      vertex 0 -7.5 0
      vertex 0.735128 -7.46389 12
      vertex 0 -7.5 12
    endloop
  endfacet
  facet normal 0.0490615 -0.998796 0
    outer loop
      vertex 0.735128 -7.46389 12
      vertex 0 -7.5 0
      vertex 0.735128 -7.46389 0
    endloop
  endfacet
  facet normal 0.242986 -0.97003 0
    outer loop
      vertex 1.46318 -7.35589 0
      vertex 2.17713 -7.17705 12
      vertex 1.46318 -7.35589 12
    endloop
  endfacet
  facet normal 0.242986 -0.97003 0
    outer loop
      vertex 2.17713 -7.17705 12
      vertex 1.46318 -7.35589 0
      vertex 2.17713 -7.17705 0
    endloop
  endfacet
  facet normal 0.595698 -0.803209 0
    outer loop
      vertex 4.16678 -6.23602 0
      vertex 4.75795 -5.79758 12
      vertex 4.16678 -6.23602 12
    endloop
  endfacet
  facet normal 0.595698 -0.803209 0
    outer loop
      vertex 4.75795 -5.79758 12
      vertex 4.16678 -6.23602 0
      vertex 4.75795 -5.79758 0
    endloop
  endfacet
  facet normal 0.427558 -0.903988 0
    outer loop
      vertex 2.87012 -6.9291 0
      vertex 3.53547 -6.61441 12
      vertex 2.87012 -6.9291 12
    endloop
  endfacet
  facet normal 0.427558 -0.903988 0
    outer loop
      vertex 3.53547 -6.61441 12
      vertex 2.87012 -6.9291 0
      vertex 3.53547 -6.61441 0
    endloop
  endfacet
  facet normal 0.740949 -0.671562 0
    outer loop
      vertex 5.3033 -5.3033 12
      vertex 5.79758 -4.75795 0
      vertex 5.79758 -4.75795 12
    endloop
  endfacet
  facet normal 0.740949 -0.671562 0
    outer loop
      vertex 5.79758 -4.75795 0
      vertex 5.3033 -5.3033 12
      vertex 5.3033 -5.3033 0
    endloop
  endfacet
  facet normal 0.85773 -0.5141 0
    outer loop
      vertex 6.23602 -4.16678 12
      vertex 6.61441 -3.53547 0
      vertex 6.61441 -3.53547 12
    endloop
  endfacet
  facet normal 0.85773 -0.5141 0
    outer loop
      vertex 6.61441 -3.53547 0
      vertex 6.23602 -4.16678 12
      vertex 6.23602 -4.16678 0
    endloop
  endfacet
  facet normal -0.671562 -0.740949 0
    outer loop
      vertex -5.3033 -5.3033 0
      vertex -4.75795 -5.79758 12
      vertex -5.3033 -5.3033 12
    endloop
  endfacet
  facet normal -0.671562 -0.740949 -0
    outer loop
      vertex -4.75795 -5.79758 12
      vertex -5.3033 -5.3033 0
      vertex -4.75795 -5.79758 0
    endloop
  endfacet
  facet normal -0.5141 -0.85773 0
    outer loop
      vertex -4.16678 -6.23602 0
      vertex -3.53547 -6.61441 12
      vertex -4.16678 -6.23602 12
    endloop
  endfacet
  facet normal -0.5141 -0.85773 -0
    outer loop
      vertex -3.53547 -6.61441 12
      vertex -4.16678 -6.23602 0
      vertex -3.53547 -6.61441 0
    endloop
  endfacet
  facet normal -0.336883 -0.941547 0
    outer loop
      vertex -2.87012 -6.9291 0
      vertex -2.17713 -7.17705 12
      vertex -2.87012 -6.9291 12
    endloop
  endfacet
  facet normal -0.336883 -0.941547 -0
    outer loop
      vertex -2.17713 -7.17705 12
      vertex -2.87012 -6.9291 0
      vertex -2.17713 -7.17705 0
    endloop
  endfacet
  facet normal -0.146735 -0.989176 0
    outer loop
      vertex -1.46318 -7.35589 0
      vertex -0.735128 -7.46389 12
      vertex -1.46318 -7.35589 12
    endloop
  endfacet
  facet normal -0.146735 -0.989176 -0
    outer loop
      vertex -0.735128 -7.46389 12
      vertex -1.46318 -7.35589 0
      vertex -0.735128 -7.46389 0
    endloop
  endfacet
  facet normal -0.903988 -0.427558 0
    outer loop
      vertex -6.61441 -3.53547 0
      vertex -6.9291 -2.87012 12
      vertex -6.9291 -2.87012 0
    endloop
  endfacet
  facet normal -0.903988 -0.427558 0
    outer loop
      vertex -6.9291 -2.87012 12
      vertex -6.61441 -3.53547 0
      vertex -6.61441 -3.53547 12
    endloop
  endfacet
  facet normal -0.803209 -0.595698 0
    outer loop
      vertex -5.79758 -4.75795 0
      vertex -6.23602 -4.16678 12
      vertex -6.23602 -4.16678 0
    endloop
  endfacet
  facet normal -0.803209 -0.595698 0
    outer loop
      vertex -6.23602 -4.16678 12
      vertex -5.79758 -4.75795 0
      vertex -5.79758 -4.75795 12
    endloop
  endfacet
  facet normal -0.97003 -0.242986 0
    outer loop
      vertex -7.17705 -2.17713 0
      vertex -7.35589 -1.46318 12
      vertex -7.35589 -1.46318 0
    endloop
  endfacet
  facet normal -0.97003 -0.242986 0
    outer loop
      vertex -7.35589 -1.46318 12
      vertex -7.17705 -2.17713 0
      vertex -7.17705 -2.17713 12
    endloop
  endfacet
  facet normal -0.998796 -0.0490615 0
    outer loop
      vertex -7.46389 -0.735128 0
      vertex -7.5 0 12
      vertex -7.5 0 0
    endloop
  endfacet
  facet normal -0.998796 -0.0490615 0
    outer loop
      vertex -7.5 0 12
      vertex -7.46389 -0.735128 0
      vertex -7.46389 -0.735128 12
    endloop
  endfacet
  facet normal 0.146735 -0.989176 0
    outer loop
      vertex 0.735128 -7.46389 0
      vertex 1.46318 -7.35589 12
      vertex 0.735128 -7.46389 12
    endloop
  endfacet
  facet normal 0.146735 -0.989176 0
    outer loop
      vertex 1.46318 -7.35589 12
      vertex 0.735128 -7.46389 0
      vertex 1.46318 -7.35589 0
    endloop
  endfacet
  facet normal 0.336883 -0.941547 0
    outer loop
      vertex 2.17713 -7.17705 0
      vertex 2.87012 -6.9291 12
      vertex 2.17713 -7.17705 12
    endloop
  endfacet
  facet normal 0.336883 -0.941547 0
    outer loop
      vertex 2.87012 -6.9291 12
      vertex 2.17713 -7.17705 0
      vertex 2.87012 -6.9291 0
    endloop
  endfacet
  facet normal 0.671562 -0.740949 0
    outer loop
      vertex 4.75795 -5.79758 0
      vertex 5.3033 -5.3033 12
      vertex 4.75795 -5.79758 12
    endloop
  endfacet
  facet normal 0.671562 -0.740949 0
    outer loop
      vertex 5.3033 -5.3033 12
      vertex 4.75795 -5.79758 0
      vertex 5.3033 -5.3033 0
    endloop
  endfacet
  facet normal 0.5141 -0.85773 0
    outer loop
      vertex 3.53547 -6.61441 0
      vertex 4.16678 -6.23602 12
      vertex 3.53547 -6.61441 12
    endloop
  endfacet
  facet normal 0.5141 -0.85773 0
    outer loop
      vertex 4.16678 -6.23602 12
      vertex 3.53547 -6.61441 0
      vertex 4.16678 -6.23602 0
    endloop
  endfacet
  facet normal 0.803209 -0.595698 0
    outer loop
      vertex 5.79758 -4.75795 12
      vertex 6.23602 -4.16678 0
      vertex 6.23602 -4.16678 12
    endloop
  endfacet
  facet normal 0.803209 -0.595698 0
    outer loop
      vertex 6.23602 -4.16678 0
      vertex 5.79758 -4.75795 12
      vertex 5.79758 -4.75795 0
    endloop
  endfacet
  facet normal 0.903988 -0.427558 0
    outer loop
      vertex 6.61441 -3.53547 12
      vertex 6.9291 -2.87012 0
      vertex 6.9291 -2.87012 12
    endloop
  endfacet
  facet normal 0.903988 -0.427558 0
    outer loop
      vertex 6.9291 -2.87012 0
      vertex 6.61441 -3.53547 12
      vertex 6.61441 -3.53547 0
    endloop
  endfacet
  facet normal 0.989176 -0.146735 0
    outer loop
      vertex 7.35589 -1.46318 12
      vertex 7.46389 -0.735128 0
      vertex 7.46389 -0.735128 12
    endloop
  endfacet
  facet normal 0.989176 -0.146735 0
    outer loop
      vertex 7.46389 -0.735128 0
      vertex 7.35589 -1.46318 12
      vertex 7.35589 -1.46318 0
    endloop
  endfacet
  facet normal 0.97003 -0.242986 0
    outer loop
      vertex 7.17705 -2.17713 12
      vertex 7.35589 -1.46318 0
      vertex 7.35589 -1.46318 12
    endloop
  endfacet
  facet normal 0.97003 -0.242986 0
    outer loop
      vertex 7.35589 -1.46318 0
      vertex 7.17705 -2.17713 12
      vertex 7.17705 -2.17713 0
    endloop
  endfacet
  facet normal -0.595698 -0.803209 0
    outer loop
      vertex -4.75795 -5.79758 0
      vertex -4.16678 -6.23602 12
      vertex -4.75795 -5.79758 12
    endloop
  endfacet
  facet normal -0.595698 -0.803209 -0
    outer loop
      vertex -4.16678 -6.23602 12
      vertex -4.75795 -5.79758 0
      vertex -4.16678 -6.23602 0
    endloop
  endfacet
  facet normal -0.427558 -0.903988 0
    outer loop
      vertex -3.53547 -6.61441 0
      vertex -2.87012 -6.9291 12
      vertex -3.53547 -6.61441 12
    endloop
  endfacet
  facet normal -0.427558 -0.903988 -0
    outer loop
      vertex -2.87012 -6.9291 12
      vertex -3.53547 -6.61441 0
      vertex -2.87012 -6.9291 0
    endloop
  endfacet
  facet normal -0.242986 -0.97003 0
    outer loop
      vertex -2.17713 -7.17705 0
      vertex -1.46318 -7.35589 12
      vertex -2.17713 -7.17705 12
    endloop
  endfacet
  facet normal -0.242986 -0.97003 -0
    outer loop
      vertex -1.46318 -7.35589 12
      vertex -2.17713 -7.17705 0
      vertex -1.46318 -7.35589 0
    endloop
  endfacet
  facet normal -0.0490615 -0.998796 0
    outer loop
      vertex -0.735128 -7.46389 0
      vertex 0 -7.5 12
      vertex -0.735128 -7.46389 12
    endloop
  endfacet
  facet normal -0.0490615 -0.998796 -0
    outer loop
      vertex 0 -7.5 12
      vertex -0.735128 -7.46389 0
      vertex 0 -7.5 0
    endloop
  endfacet
  facet normal -0.85773 -0.5141 0
    outer loop
      vertex -6.23602 -4.16678 0
      vertex -6.61441 -3.53547 12
      vertex -6.61441 -3.53547 0
    endloop
  endfacet
  facet normal -0.85773 -0.5141 0
    outer loop
      vertex -6.61441 -3.53547 12
      vertex -6.23602 -4.16678 0
      vertex -6.23602 -4.16678 12
    endloop
  endfacet
  facet normal -0.740949 -0.671562 0
    outer loop
      vertex -5.3033 -5.3033 0
      vertex -5.79758 -4.75795 12
      vertex -5.79758 -4.75795 0
    endloop
  endfacet
  facet normal -0.740949 -0.671562 0
    outer loop
      vertex -5.79758 -4.75795 12
      vertex -5.3033 -5.3033 0
      vertex -5.3033 -5.3033 12
    endloop
  endfacet
  facet normal -0.941547 -0.336883 0
    outer loop
      vertex -6.9291 -2.87012 0
      vertex -7.17705 -2.17713 12
      vertex -7.17705 -2.17713 0
    endloop
  endfacet
  facet normal -0.941547 -0.336883 0
    outer loop
      vertex -7.17705 -2.17713 12
      vertex -6.9291 -2.87012 0
      vertex -6.9291 -2.87012 12
    endloop
  endfacet
  facet normal -0.989176 -0.146735 0
    outer loop
      vertex -7.35589 -1.46318 0
      vertex -7.46389 -0.735128 12
      vertex -7.46389 -0.735128 0
    endloop
  endfacet
  facet normal -0.989176 -0.146735 0
    outer loop
      vertex -7.46389 -0.735128 12
      vertex -7.35589 -1.46318 0
      vertex -7.35589 -1.46318 12
    endloop
  endfacet
  facet normal 0.941547 -0.336883 0
    outer loop
      vertex 6.9291 -2.87012 12
      vertex 7.17705 -2.17713 0
      vertex 7.17705 -2.17713 12
    endloop
  endfacet
  facet normal 0.941547 -0.336883 0
    outer loop
      vertex 7.17705 -2.17713 0
      vertex 6.9291 -2.87012 12
      vertex 6.9291 -2.87012 0
    endloop
  endfacet
  facet normal 0 1 -0
    outer loop
      vertex 4.06004 6.3 0
      vertex -4.06004 6.3 12
      vertex 4.06004 6.3 12
    endloop
  endfacet
  facet normal 0 1 0
    outer loop
      vertex -4.06004 6.3 12
      vertex 4.06004 6.3 0
      vertex -4.06004 6.3 0
    endloop
  endfacet
  facet normal 0.998795 0.0490672 0
    outer loop
      vertex 4.6 0 20
      vertex 4.57785 0.450878 12
      vertex 4.57785 0.450878 20
    endloop
  endfacet
  facet normal 0.998795 0.0490672 0
    outer loop
      vertex 4.57785 0.450878 12
      vertex 4.6 0 20
      vertex 4.6 0 12
    endloop
  endfacet
  facet normal -0.998795 0.0490672 0
    outer loop
      vertex -4.6 0 12
      vertex -4.57785 0.450878 20
      vertex -4.57785 0.450878 12
    endloop
  endfacet
  facet normal -0.998795 0.0490672 0
    outer loop
      vertex -4.57785 0.450878 20
      vertex -4.6 0 12
      vertex -4.6 0 20
    endloop
  endfacet
  facet normal 0.0490672 -0.998795 0
    outer loop
      vertex 0 -4.6 12
      vertex 0.450878 -4.57785 20
      vertex 0 -4.6 20
    endloop
  endfacet
  facet normal 0.0490672 -0.998795 0
    outer loop
      vertex 0.450878 -4.57785 20
      vertex 0 -4.6 12
      vertex 0.450878 -4.57785 12
    endloop
  endfacet
  facet normal 0.671565 0.740946 -0
    outer loop
      vertex 3.25269 3.25269 12
      vertex 2.91821 3.55585 20
      vertex 3.25269 3.25269 20
    endloop
  endfacet
  facet normal 0.671565 0.740946 0
    outer loop
      vertex 2.91821 3.55585 20
      vertex 3.25269 3.25269 12
      vertex 2.91821 3.55585 12
    endloop
  endfacet
  facet normal -0.740946 0.671565 0
    outer loop
      vertex -3.55585 2.91821 12
      vertex -3.25269 3.25269 20
      vertex -3.25269 3.25269 12
    endloop
  endfacet
  facet normal -0.740946 0.671565 0
    outer loop
      vertex -3.25269 3.25269 20
      vertex -3.55585 2.91821 12
      vertex -3.55585 2.91821 20
    endloop
  endfacet
  facet normal -0.42756 0.903987 0
    outer loop
      vertex -1.76034 4.24985 12
      vertex -2.16842 4.05684 20
      vertex -1.76034 4.24985 20
    endloop
  endfacet
  facet normal -0.42756 0.903987 0
    outer loop
      vertex -2.16842 4.05684 20
      vertex -1.76034 4.24985 12
      vertex -2.16842 4.05684 12
    endloop
  endfacet
  facet normal 0.903987 0.42756 0
    outer loop
      vertex 4.24985 1.76034 20
      vertex 4.05684 2.16842 12
      vertex 4.05684 2.16842 20
    endloop
  endfacet
  facet normal 0.903987 0.42756 0
    outer loop
      vertex 4.05684 2.16842 12
      vertex 4.24985 1.76034 20
      vertex 4.24985 1.76034 12
    endloop
  endfacet
  facet normal 0.336893 0.941543 -0
    outer loop
      vertex 1.76034 4.24985 12
      vertex 1.33531 4.40193 20
      vertex 1.76034 4.24985 20
    endloop
  endfacet
  facet normal 0.336893 0.941543 0
    outer loop
      vertex 1.33531 4.40193 20
      vertex 1.76034 4.24985 12
      vertex 1.33531 4.40193 12
    endloop
  endfacet
  facet normal 0.514105 0.857727 -0
    outer loop
      vertex 2.55562 3.82476 12
      vertex 2.16842 4.05684 20
      vertex 2.55562 3.82476 20
    endloop
  endfacet
  facet normal 0.514105 0.857727 0
    outer loop
      vertex 2.16842 4.05684 20
      vertex 2.55562 3.82476 12
      vertex 2.16842 4.05684 12
    endloop
  endfacet
  facet normal -0.903987 0.42756 0
    outer loop
      vertex -4.24985 1.76034 12
      vertex -4.05684 2.16842 20
      vertex -4.05684 2.16842 12
    endloop
  endfacet
  facet normal -0.903987 0.42756 0
    outer loop
      vertex -4.05684 2.16842 20
      vertex -4.24985 1.76034 12
      vertex -4.24985 1.76034 20
    endloop
  endfacet
  facet normal -0.803213 0.595692 0
    outer loop
      vertex -3.82476 2.55562 12
      vertex -3.55585 2.91821 20
      vertex -3.55585 2.91821 12
    endloop
  endfacet
  facet normal -0.803213 0.595692 0
    outer loop
      vertex -3.55585 2.91821 20
      vertex -3.82476 2.55562 12
      vertex -3.82476 2.55562 20
    endloop
  endfacet
  facet normal -0.242966 0.970035 0
    outer loop
      vertex -0.897415 4.51161 12
      vertex -1.33531 4.40193 20
      vertex -0.897415 4.51161 20
    endloop
  endfacet
  facet normal -0.242966 0.970035 0
    outer loop
      vertex -1.33531 4.40193 20
      vertex -0.897415 4.51161 12
      vertex -1.33531 4.40193 12
    endloop
  endfacet
  facet normal 0.970035 -0.242966 0
    outer loop
      vertex 4.40193 -1.33531 20
      vertex 4.51161 -0.897415 12
      vertex 4.51161 -0.897415 20
    endloop
  endfacet
  facet normal 0.970035 -0.242966 0
    outer loop
      vertex 4.51161 -0.897415 12
      vertex 4.40193 -1.33531 20
      vertex 4.40193 -1.33531 12
    endloop
  endfacet
  facet normal 0.146736 -0.989176 0
    outer loop
      vertex 0.450878 -4.57785 12
      vertex 0.897415 -4.51161 20
      vertex 0.450878 -4.57785 20
    endloop
  endfacet
  facet normal 0.146736 -0.989176 0
    outer loop
      vertex 0.897415 -4.51161 20
      vertex 0.450878 -4.57785 12
      vertex 0.897415 -4.51161 12
    endloop
  endfacet
  facet normal 0.970035 0.242966 0
    outer loop
      vertex 4.51161 0.897415 20
      vertex 4.40193 1.33531 12
      vertex 4.40193 1.33531 20
    endloop
  endfacet
  facet normal 0.970035 0.242966 0
    outer loop
      vertex 4.40193 1.33531 12
      vertex 4.51161 0.897415 20
      vertex 4.51161 0.897415 12
    endloop
  endfacet
  facet normal 0.989176 0.146736 0
    outer loop
      vertex 4.57785 0.450878 20
      vertex 4.51161 0.897415 12
      vertex 4.51161 0.897415 20
    endloop
  endfacet
  facet normal 0.989176 0.146736 0
    outer loop
      vertex 4.51161 0.897415 12
      vertex 4.57785 0.450878 20
      vertex 4.57785 0.450878 12
    endloop
  endfacet
  facet normal 0.941543 0.336893 0
    outer loop
      vertex 4.40193 1.33531 20
      vertex 4.24985 1.76034 12
      vertex 4.24985 1.76034 20
    endloop
  endfacet
  facet normal 0.941543 0.336893 0
    outer loop
      vertex 4.24985 1.76034 12
      vertex 4.40193 1.33531 20
      vertex 4.40193 1.33531 12
    endloop
  endfacet
  facet normal 0.803213 0.595692 0
    outer loop
      vertex 3.82476 2.55562 20
      vertex 3.55585 2.91821 12
      vertex 3.55585 2.91821 20
    endloop
  endfacet
  facet normal 0.803213 0.595692 0
    outer loop
      vertex 3.55585 2.91821 12
      vertex 3.82476 2.55562 20
      vertex 3.82476 2.55562 12
    endloop
  endfacet
  facet normal 0.740946 0.671565 0
    outer loop
      vertex 3.55585 2.91821 20
      vertex 3.25269 3.25269 12
      vertex 3.25269 3.25269 20
    endloop
  endfacet
  facet normal 0.740946 0.671565 0
    outer loop
      vertex 3.25269 3.25269 12
      vertex 3.55585 2.91821 20
      vertex 3.55585 2.91821 12
    endloop
  endfacet
  facet normal 0.857727 0.514105 0
    outer loop
      vertex 4.05684 2.16842 20
      vertex 3.82476 2.55562 12
      vertex 3.82476 2.55562 20
    endloop
  endfacet
  facet normal 0.857727 0.514105 0
    outer loop
      vertex 3.82476 2.55562 12
      vertex 4.05684 2.16842 20
      vertex 4.05684 2.16842 12
    endloop
  endfacet
  facet normal 0.146728 0.989177 -0
    outer loop
      vertex 0.897415 4.51161 12
      vertex 0.799999 4.52606 20
      vertex 0.897415 4.51161 20
    endloop
  endfacet
  facet normal 0.146728 0.989177 0
    outer loop
      vertex 0.799999 4.52606 20
      vertex 0.897415 4.51161 12
      vertex 0.799999 4.52606 12
    endloop
  endfacet
  facet normal 0.242966 0.970035 -0
    outer loop
      vertex 1.33531 4.40193 12
      vertex 0.897415 4.51161 20
      vertex 1.33531 4.40193 20
    endloop
  endfacet
  facet normal 0.242966 0.970035 0
    outer loop
      vertex 0.897415 4.51161 20
      vertex 1.33531 4.40193 12
      vertex 0.897415 4.51161 12
    endloop
  endfacet
  facet normal 0.42756 0.903987 -0
    outer loop
      vertex 2.16842 4.05684 12
      vertex 1.76034 4.24985 20
      vertex 2.16842 4.05684 20
    endloop
  endfacet
  facet normal 0.42756 0.903987 0
    outer loop
      vertex 1.76034 4.24985 20
      vertex 2.16842 4.05684 12
      vertex 1.76034 4.24985 12
    endloop
  endfacet
  facet normal 0.595692 0.803213 -0
    outer loop
      vertex 2.91821 3.55585 12
      vertex 2.55562 3.82476 20
      vertex 2.91821 3.55585 20
    endloop
  endfacet
  facet normal 0.595692 0.803213 0
    outer loop
      vertex 2.55562 3.82476 20
      vertex 2.91821 3.55585 12
      vertex 2.55562 3.82476 12
    endloop
  endfacet
  facet normal -0.970035 0.242966 0
    outer loop
      vertex -4.51161 0.897415 12
      vertex -4.40193 1.33531 20
      vertex -4.40193 1.33531 12
    endloop
  endfacet
  facet normal -0.970035 0.242966 0
    outer loop
      vertex -4.40193 1.33531 20
      vertex -4.51161 0.897415 12
      vertex -4.51161 0.897415 20
    endloop
  endfacet
  facet normal -0.857727 0.514105 0
    outer loop
      vertex -4.05684 2.16842 12
      vertex -3.82476 2.55562 20
      vertex -3.82476 2.55562 12
    endloop
  endfacet
  facet normal -0.857727 0.514105 0
    outer loop
      vertex -3.82476 2.55562 20
      vertex -4.05684 2.16842 12
      vertex -4.05684 2.16842 20
    endloop
  endfacet
  facet normal -0.941543 0.336893 0
    outer loop
      vertex -4.40193 1.33531 12
      vertex -4.24985 1.76034 20
      vertex -4.24985 1.76034 12
    endloop
  endfacet
  facet normal -0.941543 0.336893 0
    outer loop
      vertex -4.24985 1.76034 20
      vertex -4.40193 1.33531 12
      vertex -4.40193 1.33531 20
    endloop
  endfacet
  facet normal -0.989176 0.146736 0
    outer loop
      vertex -4.57785 0.450878 12
      vertex -4.51161 0.897415 20
      vertex -4.51161 0.897415 12
    endloop
  endfacet
  facet normal -0.989176 0.146736 0
    outer loop
      vertex -4.51161 0.897415 20
      vertex -4.57785 0.450878 12
      vertex -4.57785 0.450878 20
    endloop
  endfacet
  facet normal 0 0 1
    outer loop
      vertex -0.928658 -2.08806 20
      vertex -2.25241 -0.320991 20
      vertex -2.25 -0.37 20
    endloop
  endfacet
  facet normal 0 0 1
    outer loop
      vertex -2.2 1.32 20
      vertex -2.25961 -0.272454 20
      vertex -2.25241 -0.320991 20
    endloop
  endfacet
  facet normal 0 0 1
    outer loop
      vertex -2.2 1.32 20
      vertex -2.27153 -0.224857 20
      vertex -2.25961 -0.272454 20
    endloop
  endfacet
  facet normal 0 0 1
    outer loop
      vertex -2.2 1.32 20
      vertex -2.28806 -0.178658 20
      vertex -2.27153 -0.224857 20
    endloop
  endfacet
  facet normal 0 0 1
    outer loop
      vertex -2.55866 0.091939 20
      vertex -2.24901 1.32241 20
      vertex -2.29754 1.32961 20
    endloop
  endfacet
  facet normal 0 0 1
    outer loop
      vertex -2.2 1.32 20
      vertex -2.30904 -0.134301 20
      vertex -2.28806 -0.178658 20
    endloop
  endfacet
  facet normal 0 0 1
    outer loop
      vertex -2.2 1.32 20
      vertex -2.33426 -0.0922146 20
      vertex -2.30904 -0.134301 20
    endloop
  endfacet
  facet normal 0 0 1
    outer loop
      vertex -2.60486 0.10847 20
      vertex -2.29754 1.32961 20
      vertex -2.34514 1.34153 20
    endloop
  endfacet
  facet normal 0 0 1
    outer loop
      vertex -2.2 1.32 20
      vertex -2.36349 -0.052803 20
      vertex -2.33426 -0.0922146 20
    endloop
  endfacet
  facet normal 0 0 1
    outer loop
      vertex -2.65245 0.120392 20
      vertex -2.34514 1.34153 20
      vertex -2.39134 1.35806 20
    endloop
  endfacet
  facet normal 0 0 1
    outer loop
      vertex -2.2 1.32 20
      vertex -2.39645 -0.0164461 20
      vertex -2.36349 -0.052803 20
    endloop
  endfacet
  facet normal 0 0 1
    outer loop
      vertex -2.2 1.32 20
      vertex -2.4328 0.0165043 20
      vertex -2.39645 -0.0164461 20
    endloop
  endfacet
  facet normal 0 0 1
    outer loop
      vertex -2.70099 0.127592 20
      vertex -2.39134 1.35806 20
      vertex -2.4357 1.37904 20
    endloop
  endfacet
  facet normal 0 0 1
    outer loop
      vertex -2.2 1.32 20
      vertex -2.47221 0.0457344 20
      vertex -2.4328 0.0165043 20
    endloop
  endfacet
  facet normal 0 0 1
    outer loop
      vertex -2.75 0.129999 20
      vertex -2.4357 1.37904 20
      vertex -2.47779 1.40426 20
    endloop
  endfacet
  facet normal 0 0 1
    outer loop
      vertex -2.2 1.32 20
      vertex -2.5143 0.07096 20
      vertex -2.47221 0.0457344 20
    endloop
  endfacet
  facet normal 0 0 1
    outer loop
      vertex -2.79901 0.127592 20
      vertex -2.47779 1.40426 20
      vertex -2.5172 1.43349 20
    endloop
  endfacet
  facet normal 0 0 1
    outer loop
      vertex -2.84754 0.120392 20
      vertex -2.5172 1.43349 20
      vertex -2.55355 1.46645 20
    endloop
  endfacet
  facet normal 0 0 1
    outer loop
      vertex -2.24901 1.32241 20
      vertex -2.55866 0.091939 20
      vertex -2.5143 0.07096 20
    endloop
  endfacet
  facet normal 0 0 1
    outer loop
      vertex -2.89514 0.10847 20
      vertex -2.55355 1.46645 20
      vertex -2.5865 1.5028 20
    endloop
  endfacet
  facet normal 0 0 1
    outer loop
      vertex -2.29754 1.32961 20
      vertex -2.60486 0.10847 20
      vertex -2.55866 0.091939 20
    endloop
  endfacet
  facet normal 0 0 1
    outer loop
      vertex -2.94134 0.091939 20
      vertex -2.5865 1.5028 20
      vertex -2.61573 1.54221 20
    endloop
  endfacet
  facet normal 0 0 1
    outer loop
      vertex -4.40193 1.33531 20
      vertex -2.61573 1.54221 20
      vertex -2.64096 1.5843 20
    endloop
  endfacet
  facet normal 0 0 1
    outer loop
      vertex -2.34514 1.34153 20
      vertex -2.65245 0.120392 20
      vertex -2.60486 0.10847 20
    endloop
  endfacet
  facet normal 0 0 1
    outer loop
      vertex -4.40193 1.33531 20
      vertex -2.64096 1.5843 20
      vertex -2.66194 1.62866 20
    endloop
  endfacet
  facet normal 0 0 1
    outer loop
      vertex -4.24985 1.76034 20
      vertex -2.66194 1.62866 20
      vertex -2.67847 1.67486 20
    endloop
  endfacet
  facet normal 0 0 1
    outer loop
      vertex -4.24985 1.76034 20
      vertex -2.67847 1.67486 20
      vertex -2.69039 1.72245 20
    endloop
  endfacet
  facet normal -0 0 1
    outer loop
      vertex -4.24985 1.76034 20
      vertex -2.69039 1.72245 20
      vertex -2.69759 1.77099 20
    endloop
  endfacet
  facet normal 0 0 1
    outer loop
      vertex -4.05684 2.16842 20
      vertex -2.69759 1.77099 20
      vertex -2.7 1.82 20
    endloop
  endfacet
  facet normal 0 0 1
    outer loop
      vertex -2.39134 1.35806 20
      vertex -2.70099 0.127592 20
      vertex -2.65245 0.120392 20
    endloop
  endfacet
  facet normal -0 0 1
    outer loop
      vertex -0.897415 4.51161 20
      vertex -0.799999 3.8 20
      vertex -0.799999 4.52606 20
    endloop
  endfacet
  facet normal 0 0 1
    outer loop
      vertex -1.70961 1.72245 20
      vertex -0.799999 3.8 20
      vertex -1.70241 1.77099 20
    endloop
  endfacet
  facet normal 0 0 1
    outer loop
      vertex -0.799999 3.8 20
      vertex -1.70961 1.72245 20
      vertex -0.802803 -2.16349 20
    endloop
  endfacet
  facet normal -0 0 1
    outer loop
      vertex -1.33531 4.40193 20
      vertex -0.799999 3.8 20
      vertex -0.897415 4.51161 20
    endloop
  endfacet
  facet normal -0 0 1
    outer loop
      vertex -1.72153 1.67486 20
      vertex -0.802803 -2.16349 20
      vertex -1.70961 1.72245 20
    endloop
  endfacet
  facet normal -0 0 1
    outer loop
      vertex -1.73806 1.62866 20
      vertex -0.802803 -2.16349 20
      vertex -1.72153 1.67486 20
    endloop
  endfacet
  facet normal 0 0 1
    outer loop
      vertex -0.802803 -2.16349 20
      vertex -1.73806 1.62866 20
      vertex -0.842215 -2.13426 20
    endloop
  endfacet
  facet normal -0 0 1
    outer loop
      vertex -1.75904 1.5843 20
      vertex -0.842215 -2.13426 20
      vertex -1.73806 1.62866 20
    endloop
  endfacet
  facet normal 0 0 1
    outer loop
      vertex -0.842215 -2.13426 20
      vertex -1.75904 1.5843 20
      vertex -0.884301 -2.10904 20
    endloop
  endfacet
  facet normal -0 0 1
    outer loop
      vertex -1.78426 1.54221 20
      vertex -0.884301 -2.10904 20
      vertex -1.75904 1.5843 20
    endloop
  endfacet
  facet normal 0 0 1
    outer loop
      vertex -0.884301 -2.10904 20
      vertex -1.78426 1.54221 20
      vertex -0.928658 -2.08806 20
    endloop
  endfacet
  facet normal -0 0 1
    outer loop
      vertex -1.81349 1.5028 20
      vertex -0.928658 -2.08806 20
      vertex -1.78426 1.54221 20
    endloop
  endfacet
  facet normal -0 0 1
    outer loop
      vertex -2.25241 -0.320991 20
      vertex -0.928658 -2.08806 20
      vertex -1.81349 1.5028 20
    endloop
  endfacet
  facet normal -0 0 1
    outer loop
      vertex -1.76034 4.24985 20
      vertex -0.799999 3.8 20
      vertex -1.33531 4.40193 20
    endloop
  endfacet
  facet normal 0 0 1
    outer loop
      vertex -0.928658 -2.08806 20
      vertex -2.25 -0.37 20
      vertex -0.974857 -2.07153 20
    endloop
  endfacet
  facet normal -0 0 1
    outer loop
      vertex -2.25241 -0.419008 20
      vertex -1.02245 -2.05961 20
      vertex -2.25 -0.37 20
    endloop
  endfacet
  facet normal 0 0 1
    outer loop
      vertex -1.02245 -2.05961 20
      vertex -2.25241 -0.419008 20
      vertex -1.07099 -2.05241 20
    endloop
  endfacet
  facet normal -0 0 1
    outer loop
      vertex -2.25961 -0.467545 20
      vertex -1.07099 -2.05241 20
      vertex -2.25241 -0.419008 20
    endloop
  endfacet
  facet normal 0 0 1
    outer loop
      vertex -1.07099 -2.05241 20
      vertex -2.25961 -0.467545 20
      vertex -1.12 -2.05 20
    endloop
  endfacet
  facet normal -0 0 1
    outer loop
      vertex -2.27153 -0.515141 20
      vertex -1.12 -2.05 20
      vertex -2.25961 -0.467545 20
    endloop
  endfacet
  facet normal 0 0 1
    outer loop
      vertex -1.12 -2.05 20
      vertex -2.27153 -0.515141 20
      vertex -1.16901 -2.05241 20
    endloop
  endfacet
  facet normal -0 0 1
    outer loop
      vertex -2.28806 -0.561341 20
      vertex -1.16901 -2.05241 20
      vertex -2.27153 -0.515141 20
    endloop
  endfacet
  facet normal 0 0 1
    outer loop
      vertex -1.16901 -2.05241 20
      vertex -2.28806 -0.561341 20
      vertex -1.21754 -2.05961 20
    endloop
  endfacet
  facet normal -0 0 1
    outer loop
      vertex -2.30904 -0.605698 20
      vertex -1.21754 -2.05961 20
      vertex -2.28806 -0.561341 20
    endloop
  endfacet
  facet normal 0 0 1
    outer loop
      vertex -1.21754 -2.05961 20
      vertex -2.30904 -0.605698 20
      vertex -1.26514 -2.07153 20
    endloop
  endfacet
  facet normal 0 0 1
    outer loop
      vertex -1.26514 -2.07153 20
      vertex -2.33426 -0.647784 20
      vertex -1.31134 -2.08806 20
    endloop
  endfacet
  facet normal 0 0 1
    outer loop
      vertex -0.799999 3.8 20
      vertex -1.7 1.82 20
      vertex -1.70241 1.77099 20
    endloop
  endfacet
  facet normal 0 0 1
    outer loop
      vertex -0.799999 3.8 20
      vertex -1.70241 1.86901 20
      vertex -1.7 1.82 20
    endloop
  endfacet
  facet normal 0 0 1
    outer loop
      vertex -0.799999 3.8 20
      vertex -1.70961 1.91754 20
      vertex -1.70241 1.86901 20
    endloop
  endfacet
  facet normal 0 0 1
    outer loop
      vertex -0.799999 3.8 20
      vertex -1.72153 1.96514 20
      vertex -1.70961 1.91754 20
    endloop
  endfacet
  facet normal 0 0 1
    outer loop
      vertex -0.799999 3.8 20
      vertex -1.73806 2.01134 20
      vertex -1.72153 1.96514 20
    endloop
  endfacet
  facet normal 0 0 1
    outer loop
      vertex -0.799999 3.8 20
      vertex -1.75904 2.0557 20
      vertex -1.73806 2.01134 20
    endloop
  endfacet
  facet normal -0 0 1
    outer loop
      vertex -2.16842 4.05684 20
      vertex -0.799999 3.8 20
      vertex -1.76034 4.24985 20
    endloop
  endfacet
  facet normal 0 0 1
    outer loop
      vertex -0.799999 3.8 20
      vertex -1.78426 2.09778 20
      vertex -1.75904 2.0557 20
    endloop
  endfacet
  facet normal 0 0 1
    outer loop
      vertex -0.799999 3.8 20
      vertex -1.81349 2.1372 20
      vertex -1.78426 2.09778 20
    endloop
  endfacet
  facet normal 0 0 1
    outer loop
      vertex -0.799999 3.8 20
      vertex -1.84645 2.17355 20
      vertex -1.81349 2.1372 20
    endloop
  endfacet
  facet normal 0 0 1
    outer loop
      vertex -0.799999 3.8 20
      vertex -1.8828 2.2065 20
      vertex -1.84645 2.17355 20
    endloop
  endfacet
  facet normal 0 0 1
    outer loop
      vertex -0.799999 3.8 20
      vertex -1.92221 2.23573 20
      vertex -1.8828 2.2065 20
    endloop
  endfacet
  facet normal 0 0 1
    outer loop
      vertex -0.799999 3.8 20
      vertex -1.9643 2.26096 20
      vertex -1.92221 2.23573 20
    endloop
  endfacet
  facet normal 0 -0 1
    outer loop
      vertex -2.00866 2.28194 20
      vertex -0.799999 3.8 20
      vertex -2.16842 4.05684 20
    endloop
  endfacet
  facet normal 0 0 1
    outer loop
      vertex -0.799999 3.8 20
      vertex -2.00866 2.28194 20
      vertex -1.9643 2.26096 20
    endloop
  endfacet
  facet normal 0 0 1
    outer loop
      vertex -2.00866 2.28194 20
      vertex -2.16842 4.05684 20
      vertex -2.05486 2.29847 20
    endloop
  endfacet
  facet normal 0 0 1
    outer loop
      vertex -2.05486 2.29847 20
      vertex -2.16842 4.05684 20
      vertex -2.10245 2.31039 20
    endloop
  endfacet
  facet normal -0 0 1
    outer loop
      vertex -2.55562 3.82476 20
      vertex -2.10245 2.31039 20
      vertex -2.16842 4.05684 20
    endloop
  endfacet
  facet normal 0 0 1
    outer loop
      vertex -2.10245 2.31039 20
      vertex -2.55562 3.82476 20
      vertex -2.15099 2.31759 20
    endloop
  endfacet
  facet normal 0 0 1
    outer loop
      vertex -2.15099 2.31759 20
      vertex -2.55562 3.82476 20
      vertex -2.2 2.32 20
    endloop
  endfacet
  facet normal 0 0 1
    outer loop
      vertex -2.2 2.32 20
      vertex -2.55562 3.82476 20
      vertex -2.24901 2.31759 20
    endloop
  endfacet
  facet normal -0 0 1
    outer loop
      vertex -2.91821 3.55585 20
      vertex -2.24901 2.31759 20
      vertex -2.55562 3.82476 20
    endloop
  endfacet
  facet normal 0 0 1
    outer loop
      vertex -2.24901 2.31759 20
      vertex -2.91821 3.55585 20
      vertex -2.29754 2.31039 20
    endloop
  endfacet
  facet normal 0 0 1
    outer loop
      vertex -2.29754 2.31039 20
      vertex -2.91821 3.55585 20
      vertex -2.34514 2.29847 20
    endloop
  endfacet
  facet normal 0 0 1
    outer loop
      vertex -2.34514 2.29847 20
      vertex -2.91821 3.55585 20
      vertex -2.39134 2.28194 20
    endloop
  endfacet
  facet normal -0 0 1
    outer loop
      vertex -3.25269 3.25269 20
      vertex -2.39134 2.28194 20
      vertex -2.91821 3.55585 20
    endloop
  endfacet
  facet normal 0 0 1
    outer loop
      vertex -2.39134 2.28194 20
      vertex -3.25269 3.25269 20
      vertex -2.4357 2.26096 20
    endloop
  endfacet
  facet normal 0 0 1
    outer loop
      vertex -2.4357 2.26096 20
      vertex -3.25269 3.25269 20
      vertex -2.47779 2.23573 20
    endloop
  endfacet
  facet normal 0 0 1
    outer loop
      vertex -2.47779 2.23573 20
      vertex -3.25269 3.25269 20
      vertex -2.5172 2.2065 20
    endloop
  endfacet
  facet normal -0 0 1
    outer loop
      vertex -3.55585 2.91821 20
      vertex -2.5172 2.2065 20
      vertex -3.25269 3.25269 20
    endloop
  endfacet
  facet normal 0 0 1
    outer loop
      vertex -2.5172 2.2065 20
      vertex -3.55585 2.91821 20
      vertex -2.55355 2.17355 20
    endloop
  endfacet
  facet normal 0 0 1
    outer loop
      vertex -2.55355 2.17355 20
      vertex -3.55585 2.91821 20
      vertex -2.5865 2.1372 20
    endloop
  endfacet
  facet normal 0 0 1
    outer loop
      vertex -2.5865 2.1372 20
      vertex -3.55585 2.91821 20
      vertex -2.61573 2.09778 20
    endloop
  endfacet
  facet normal 0 0 1
    outer loop
      vertex -2.61573 2.09778 20
      vertex -3.55585 2.91821 20
      vertex -2.64096 2.0557 20
    endloop
  endfacet
  facet normal -0 0 1
    outer loop
      vertex -3.82476 2.55562 20
      vertex -2.64096 2.0557 20
      vertex -3.55585 2.91821 20
    endloop
  endfacet
  facet normal 0 0 1
    outer loop
      vertex -2.4357 1.37904 20
      vertex -2.75 0.129999 20
      vertex -2.70099 0.127592 20
    endloop
  endfacet
  facet normal 0 0 1
    outer loop
      vertex -2.47779 1.40426 20
      vertex -2.79901 0.127592 20
      vertex -2.75 0.129999 20
    endloop
  endfacet
  facet normal 0 0 1
    outer loop
      vertex -4.05684 2.16842 20
      vertex -2.7 1.82 20
      vertex -2.69759 1.86901 20
    endloop
  endfacet
  facet normal 0 0 1
    outer loop
      vertex -2.5172 1.43349 20
      vertex -2.84754 0.120392 20
      vertex -2.79901 0.127592 20
    endloop
  endfacet
  facet normal 0 0 1
    outer loop
      vertex -2.64096 2.0557 20
      vertex -3.82476 2.55562 20
      vertex -2.66194 2.01134 20
    endloop
  endfacet
  facet normal 0 0 1
    outer loop
      vertex -2.66194 2.01134 20
      vertex -3.82476 2.55562 20
      vertex -2.67847 1.96514 20
    endloop
  endfacet
  facet normal 0 0 1
    outer loop
      vertex -2.67847 1.96514 20
      vertex -3.82476 2.55562 20
      vertex -2.69039 1.91754 20
    endloop
  endfacet
  facet normal -0 0 1
    outer loop
      vertex -4.05684 2.16842 20
      vertex -2.69039 1.91754 20
      vertex -3.82476 2.55562 20
    endloop
  endfacet
  facet normal 0 0 1
    outer loop
      vertex -2.69039 1.91754 20
      vertex -4.05684 2.16842 20
      vertex -2.69759 1.86901 20
    endloop
  endfacet
  facet normal 0 0 1
    outer loop
      vertex -2.69759 1.77099 20
      vertex -4.05684 2.16842 20
      vertex -4.24985 1.76034 20
    endloop
  endfacet
  facet normal 0 0 1
    outer loop
      vertex -2.66194 1.62866 20
      vertex -4.24985 1.76034 20
      vertex -4.40193 1.33531 20
    endloop
  endfacet
  facet normal 0 0 1
    outer loop
      vertex -2.55355 1.46645 20
      vertex -2.89514 0.10847 20
      vertex -2.84754 0.120392 20
    endloop
  endfacet
  facet normal 0 0 1
    outer loop
      vertex -2.61573 1.54221 20
      vertex -4.40193 1.33531 20
      vertex -2.9857 0.07096 20
    endloop
  endfacet
  facet normal 0 0 1
    outer loop
      vertex -2.5865 1.5028 20
      vertex -2.94134 0.091939 20
      vertex -2.89514 0.10847 20
    endloop
  endfacet
  facet normal 0 0 1
    outer loop
      vertex -2.61573 1.54221 20
      vertex -2.9857 0.07096 20
      vertex -2.94134 0.091939 20
    endloop
  endfacet
  facet normal 0 0 1
    outer loop
      vertex -2.9857 0.07096 20
      vertex -4.40193 1.33531 20
      vertex -3.02778 0.0457344 20
    endloop
  endfacet
  facet normal -0 0 1
    outer loop
      vertex -4.51161 0.897415 20
      vertex -3.02778 0.0457344 20
      vertex -4.40193 1.33531 20
    endloop
  endfacet
  facet normal 0 0 1
    outer loop
      vertex -3.02778 0.0457344 20
      vertex -4.51161 0.897415 20
      vertex -3.0672 0.0165043 20
    endloop
  endfacet
  facet normal 0 0 1
    outer loop
      vertex -3.0672 0.0165043 20
      vertex -4.51161 0.897415 20
      vertex -3.10355 -0.0164461 20
    endloop
  endfacet
  facet normal 0 0 1
    outer loop
      vertex -3.10355 -0.0164461 20
      vertex -4.57785 0.450878 20
      vertex -3.13651 -0.052803 20
    endloop
  endfacet
  facet normal -0 0 1
    outer loop
      vertex -4.57785 0.450878 20
      vertex -3.10355 -0.0164461 20
      vertex -4.51161 0.897415 20
    endloop
  endfacet
  facet normal 0 0 1
    outer loop
      vertex 3.19096 -0.134301 20
      vertex 4.6 0 20
      vertex 4.57785 0.450878 20
    endloop
  endfacet
  facet normal 0 0 1
    outer loop
      vertex 3.10355 -0.0164461 20
      vertex 4.57785 0.450878 20
      vertex 4.51161 0.897415 20
    endloop
  endfacet
  facet normal 0 0 1
    outer loop
      vertex 4.6 0 20
      vertex 3.21194 -0.178658 20
      vertex 3.22847 -0.224857 20
    endloop
  endfacet
  facet normal 0 0 1
    outer loop
      vertex 3.02778 0.0457344 20
      vertex 4.51161 0.897415 20
      vertex 4.40193 1.33531 20
    endloop
  endfacet
  facet normal 0 -0 1
    outer loop
      vertex 3.24039 -0.272454 20
      vertex 4.6 0 20
      vertex 3.22847 -0.224857 20
    endloop
  endfacet
  facet normal -0 0 1
    outer loop
      vertex 2.66194 1.62866 20
      vertex 4.40193 1.33531 20
      vertex 4.24985 1.76034 20
    endloop
  endfacet
  facet normal -0 -0 1
    outer loop
      vertex 3.24759 -0.320991 20
      vertex 4.57785 -0.450878 20
      vertex 3.24039 -0.272454 20
    endloop
  endfacet
  facet normal -0 0 1
    outer loop
      vertex 2.69759 1.77099 20
      vertex 4.24985 1.76034 20
      vertex 4.05684 2.16842 20
    endloop
  endfacet
  facet normal -0 0 1
    outer loop
      vertex 3.24759 -0.419008 20
      vertex 4.57785 -0.450878 20
      vertex 3.25 -0.37 20
    endloop
  endfacet
  facet normal 0 0 1
    outer loop
      vertex 2.69039 1.91754 20
      vertex 4.05684 2.16842 20
      vertex 3.82476 2.55562 20
    endloop
  endfacet
  facet normal 0 0 1
    outer loop
      vertex 3.24039 -0.467545 20
      vertex 4.57785 -0.450878 20
      vertex 3.24759 -0.419008 20
    endloop
  endfacet
  facet normal 0 0 1
    outer loop
      vertex 2.64096 2.0557 20
      vertex 3.82476 2.55562 20
      vertex 3.55585 2.91821 20
    endloop
  endfacet
  facet normal -0 0 1
    outer loop
      vertex 3.22847 -0.515141 20
      vertex 4.51161 -0.897415 20
      vertex 3.24039 -0.467545 20
    endloop
  endfacet
  facet normal 0 0 1
    outer loop
      vertex 2.5172 2.2065 20
      vertex 3.55585 2.91821 20
      vertex 3.25269 3.25269 20
    endloop
  endfacet
  facet normal -0 0 1
    outer loop
      vertex 3.21194 -0.561341 20
      vertex 4.51161 -0.897415 20
      vertex 3.22847 -0.515141 20
    endloop
  endfacet
  facet normal 0 0 1
    outer loop
      vertex 4.51161 -0.897415 20
      vertex 3.19096 -0.605698 20
      vertex 4.40193 -1.33531 20
    endloop
  endfacet
  facet normal -0 0 1
    outer loop
      vertex 3.19096 -0.605698 20
      vertex 4.51161 -0.897415 20
      vertex 3.21194 -0.561341 20
    endloop
  endfacet
  facet normal 0 0 1
    outer loop
      vertex 4.57785 -0.450878 20
      vertex 3.24039 -0.467545 20
      vertex 4.51161 -0.897415 20
    endloop
  endfacet
  facet normal -0 -0 1
    outer loop
      vertex 3.25 -0.37 20
      vertex 4.57785 -0.450878 20
      vertex 3.24759 -0.320991 20
    endloop
  endfacet
  facet normal 0 0 1
    outer loop
      vertex 4.6 0 20
      vertex 3.24039 -0.272454 20
      vertex 4.57785 -0.450878 20
    endloop
  endfacet
  facet normal 0 0 1
    outer loop
      vertex 4.6 0 20
      vertex 3.19096 -0.134301 20
      vertex 3.21194 -0.178658 20
    endloop
  endfacet
  facet normal 0 0 1
    outer loop
      vertex 4.57785 0.450878 20
      vertex 3.16573 -0.0922146 20
      vertex 3.19096 -0.134301 20
    endloop
  endfacet
  facet normal 0 0 1
    outer loop
      vertex 4.24985 1.76034 20
      vertex 2.69759 1.77099 20
      vertex 2.69039 1.72245 20
    endloop
  endfacet
  facet normal 0 0 1
    outer loop
      vertex 4.57785 0.450878 20
      vertex 3.13651 -0.052803 20
      vertex 3.16573 -0.0922146 20
    endloop
  endfacet
  facet normal 0 0 1
    outer loop
      vertex 4.24985 1.76034 20
      vertex 2.69039 1.72245 20
      vertex 2.67847 1.67486 20
    endloop
  endfacet
  facet normal 0 0 1
    outer loop
      vertex 4.57785 0.450878 20
      vertex 3.10355 -0.0164461 20
      vertex 3.13651 -0.052803 20
    endloop
  endfacet
  facet normal 0 0 1
    outer loop
      vertex 4.24985 1.76034 20
      vertex 2.67847 1.67486 20
      vertex 2.66194 1.62866 20
    endloop
  endfacet
  facet normal 0 0 1
    outer loop
      vertex 4.51161 0.897415 20
      vertex 3.0672 0.0165043 20
      vertex 3.10355 -0.0164461 20
    endloop
  endfacet
  facet normal 0 0 1
    outer loop
      vertex 2.39134 2.28194 20
      vertex 3.25269 3.25269 20
      vertex 2.91821 3.55585 20
    endloop
  endfacet
  facet normal 0 0 1
    outer loop
      vertex 4.05684 2.16842 20
      vertex 2.7 1.82 20
      vertex 2.69759 1.77099 20
    endloop
  endfacet
  facet normal 0 0 1
    outer loop
      vertex 4.40193 1.33531 20
      vertex 2.66194 1.62866 20
      vertex 2.64096 1.5843 20
    endloop
  endfacet
  facet normal 0 0 1
    outer loop
      vertex 4.51161 0.897415 20
      vertex 3.02778 0.0457344 20
      vertex 3.0672 0.0165043 20
    endloop
  endfacet
  facet normal 0 0 1
    outer loop
      vertex 4.40193 1.33531 20
      vertex 2.64096 1.5843 20
      vertex 2.61573 1.54221 20
    endloop
  endfacet
  facet normal 0 0 1
    outer loop
      vertex 4.40193 1.33531 20
      vertex 2.61573 1.54221 20
      vertex 2.9857 0.07096 20
    endloop
  endfacet
  facet normal 0 0 1
    outer loop
      vertex 4.40193 1.33531 20
      vertex 2.9857 0.07096 20
      vertex 3.02778 0.0457344 20
    endloop
  endfacet
  facet normal 0 0 1
    outer loop
      vertex 4.05684 2.16842 20
      vertex 2.69759 1.86901 20
      vertex 2.7 1.82 20
    endloop
  endfacet
  facet normal 0 0 1
    outer loop
      vertex 4.05684 2.16842 20
      vertex 2.69039 1.91754 20
      vertex 2.69759 1.86901 20
    endloop
  endfacet
  facet normal 0 0 1
    outer loop
      vertex 3.82476 2.55562 20
      vertex 2.67847 1.96514 20
      vertex 2.69039 1.91754 20
    endloop
  endfacet
  facet normal 0 0 1
    outer loop
      vertex 3.82476 2.55562 20
      vertex 2.66194 2.01134 20
      vertex 2.67847 1.96514 20
    endloop
  endfacet
  facet normal 0 0 1
    outer loop
      vertex 3.82476 2.55562 20
      vertex 2.64096 2.0557 20
      vertex 2.66194 2.01134 20
    endloop
  endfacet
  facet normal 0 0 1
    outer loop
      vertex 3.55585 2.91821 20
      vertex 2.61573 2.09778 20
      vertex 2.64096 2.0557 20
    endloop
  endfacet
  facet normal 0 0 1
    outer loop
      vertex 3.55585 2.91821 20
      vertex 2.5865 2.1372 20
      vertex 2.61573 2.09778 20
    endloop
  endfacet
  facet normal 0 0 1
    outer loop
      vertex 2.24901 2.31759 20
      vertex 2.91821 3.55585 20
      vertex 2.55562 3.82476 20
    endloop
  endfacet
  facet normal 0 0 1
    outer loop
      vertex 3.55585 2.91821 20
      vertex 2.55355 2.17355 20
      vertex 2.5865 2.1372 20
    endloop
  endfacet
  facet normal 0 0 1
    outer loop
      vertex 3.55585 2.91821 20
      vertex 2.5172 2.2065 20
      vertex 2.55355 2.17355 20
    endloop
  endfacet
  facet normal 0 0 1
    outer loop
      vertex 3.25269 3.25269 20
      vertex 2.47779 2.23573 20
      vertex 2.5172 2.2065 20
    endloop
  endfacet
  facet normal 0 0 1
    outer loop
      vertex 3.25269 3.25269 20
      vertex 2.4357 2.26096 20
      vertex 2.47779 2.23573 20
    endloop
  endfacet
  facet normal 0 0 1
    outer loop
      vertex 3.25269 3.25269 20
      vertex 2.39134 2.28194 20
      vertex 2.4357 2.26096 20
    endloop
  endfacet
  facet normal 0 0 1
    outer loop
      vertex 2.91821 3.55585 20
      vertex 2.34514 2.29847 20
      vertex 2.39134 2.28194 20
    endloop
  endfacet
  facet normal 0 0 1
    outer loop
      vertex 2.91821 3.55585 20
      vertex 2.29754 2.31039 20
      vertex 2.34514 2.29847 20
    endloop
  endfacet
  facet normal 0 0 1
    outer loop
      vertex 2.91821 3.55585 20
      vertex 2.24901 2.31759 20
      vertex 2.29754 2.31039 20
    endloop
  endfacet
  facet normal 0 0 1
    outer loop
      vertex 2.55562 3.82476 20
      vertex 2.2 2.32 20
      vertex 2.24901 2.31759 20
    endloop
  endfacet
  facet normal 0 0 1
    outer loop
      vertex 2.10245 2.31039 20
      vertex 2.55562 3.82476 20
      vertex 2.16842 4.05684 20
    endloop
  endfacet
  facet normal 0 0 1
    outer loop
      vertex 2.55562 3.82476 20
      vertex 2.15099 2.31759 20
      vertex 2.2 2.32 20
    endloop
  endfacet
  facet normal 0 0 1
    outer loop
      vertex 2.55562 3.82476 20
      vertex 2.10245 2.31039 20
      vertex 2.15099 2.31759 20
    endloop
  endfacet
  facet normal 0 0 1
    outer loop
      vertex 2.16842 4.05684 20
      vertex 2.05486 2.29847 20
      vertex 2.10245 2.31039 20
    endloop
  endfacet
  facet normal 0 0 1
    outer loop
      vertex 2.16842 4.05684 20
      vertex 2.00866 2.28194 20
      vertex 2.05486 2.29847 20
    endloop
  endfacet
  facet normal -0 0 1
    outer loop
      vertex 0.799999 3.8 20
      vertex 2.00866 2.28194 20
      vertex 2.16842 4.05684 20
    endloop
  endfacet
  facet normal 0 0 1
    outer loop
      vertex 2.00866 2.28194 20
      vertex 0.799999 3.8 20
      vertex 1.9643 2.26096 20
    endloop
  endfacet
  facet normal 0 0 1
    outer loop
      vertex 1.9643 2.26096 20
      vertex 0.799999 3.8 20
      vertex 1.92221 2.23573 20
    endloop
  endfacet
  facet normal 0 0 1
    outer loop
      vertex 1.92221 2.23573 20
      vertex 0.799999 3.8 20
      vertex 1.8828 2.2065 20
    endloop
  endfacet
  facet normal 0 0 1
    outer loop
      vertex 1.8828 2.2065 20
      vertex 0.799999 3.8 20
      vertex 1.84645 2.17355 20
    endloop
  endfacet
  facet normal 0 0 1
    outer loop
      vertex 0.353553 2.17355 20
      vertex 1.84645 2.17355 20
      vertex 0.799999 3.8 20
    endloop
  endfacet
  facet normal 0 0 1
    outer loop
      vertex 0.799999 3.8 20
      vertex 2.16842 4.05684 20
      vertex 1.76034 4.24985 20
    endloop
  endfacet
  facet normal 0 0 1
    outer loop
      vertex 1.84645 2.17355 20
      vertex 0.353553 2.17355 20
      vertex 1.81349 2.1372 20
    endloop
  endfacet
  facet normal 0 -0 1
    outer loop
      vertex 0.386505 2.1372 20
      vertex 1.81349 2.1372 20
      vertex 0.353553 2.17355 20
    endloop
  endfacet
  facet normal 0 -0 1
    outer loop
      vertex 0.415734 2.09778 20
      vertex 1.78426 2.09778 20
      vertex 0.386505 2.1372 20
    endloop
  endfacet
  facet normal 0 0 1
    outer loop
      vertex 1.78426 2.09778 20
      vertex 0.415734 2.09778 20
      vertex 1.75904 2.0557 20
    endloop
  endfacet
  facet normal 0 -0 1
    outer loop
      vertex 0.44096 2.0557 20
      vertex 1.75904 2.0557 20
      vertex 0.415734 2.09778 20
    endloop
  endfacet
  facet normal 0 0 1
    outer loop
      vertex 1.75904 2.0557 20
      vertex 0.44096 2.0557 20
      vertex 1.73806 2.01134 20
    endloop
  endfacet
  facet normal 0 0 1
    outer loop
      vertex 3.25269 -3.25269 20
      vertex 1.61759 -2.50099 20
      vertex 1.62 -2.55 20
    endloop
  endfacet
  facet normal 0 0 1
    outer loop
      vertex 1.70241 1.77099 20
      vertex 1.61039 -2.45245 20
      vertex 1.61759 -2.50099 20
    endloop
  endfacet
  facet normal 0 0 1
    outer loop
      vertex 1.70241 1.77099 20
      vertex 1.59847 -2.40486 20
      vertex 1.61039 -2.45245 20
    endloop
  endfacet
  facet normal 0 0 1
    outer loop
      vertex 1.70241 1.77099 20
      vertex 1.58194 -2.35866 20
      vertex 1.59847 -2.40486 20
    endloop
  endfacet
  facet normal 0 -0 1
    outer loop
      vertex 0.461939 2.01134 20
      vertex 1.73806 2.01134 20
      vertex 0.44096 2.0557 20
    endloop
  endfacet
  facet normal 0 0 1
    outer loop
      vertex 1.70241 1.77099 20
      vertex 1.56096 -2.3143 20
      vertex 1.58194 -2.35866 20
    endloop
  endfacet
  facet normal 0 0 1
    outer loop
      vertex 1.70241 1.77099 20
      vertex 1.53573 -2.27221 20
      vertex 1.56096 -2.3143 20
    endloop
  endfacet
  facet normal 0 0 1
    outer loop
      vertex 1.70241 1.77099 20
      vertex 1.50651 -2.2328 20
      vertex 1.53573 -2.27221 20
    endloop
  endfacet
  facet normal 0 0 1
    outer loop
      vertex 1.70241 1.77099 20
      vertex 0.490392 1.72245 20
      vertex 0.47847 1.67486 20
    endloop
  endfacet
  facet normal 0 0 1
    outer loop
      vertex 1.70241 1.77099 20
      vertex 1.47355 -2.19645 20
      vertex 1.50651 -2.2328 20
    endloop
  endfacet
  facet normal 0 0 1
    outer loop
      vertex 1.70241 1.77099 20
      vertex 0.47847 1.67486 20
      vertex 0.461939 1.62866 20
    endloop
  endfacet
  facet normal 0 0 1
    outer loop
      vertex 1.70241 1.77099 20
      vertex 1.4372 -2.16349 20
      vertex 1.47355 -2.19645 20
    endloop
  endfacet
  facet normal 0 0 1
    outer loop
      vertex 0.799999 3.8 20
      vertex 1.76034 4.24985 20
      vertex 1.33531 4.40193 20
    endloop
  endfacet
  facet normal 0 0 1
    outer loop
      vertex 1.70241 1.77099 20
      vertex 0.497592 1.77099 20
      vertex 0.490392 1.72245 20
    endloop
  endfacet
  facet normal 0 0 1
    outer loop
      vertex 1.70241 1.77099 20
      vertex 0.461939 1.62866 20
      vertex 0.44096 1.5843 20
    endloop
  endfacet
  facet normal 0 0 1
    outer loop
      vertex 1.70241 1.77099 20
      vertex 1.39778 -2.13426 20
      vertex 1.4372 -2.16349 20
    endloop
  endfacet
  facet normal 0 0 1
    outer loop
      vertex 1.70241 1.77099 20
      vertex 0.44096 1.5843 20
      vertex 0.415734 1.54221 20
    endloop
  endfacet
  facet normal 0 0 1
    outer loop
      vertex 1.70241 1.77099 20
      vertex 1.3557 -2.10904 20
      vertex 1.39778 -2.13426 20
    endloop
  endfacet
  facet normal 0 0 1
    outer loop
      vertex 1.70241 1.77099 20
      vertex 0.415734 1.54221 20
      vertex 0.386505 1.5028 20
    endloop
  endfacet
  facet normal 0 0 1
    outer loop
      vertex 1.70241 1.77099 20
      vertex 1.31134 -2.08806 20
      vertex 1.3557 -2.10904 20
    endloop
  endfacet
  facet normal 0 0 1
    outer loop
      vertex 1.70241 1.77099 20
      vertex 0.386505 1.5028 20
      vertex 0.353553 1.46645 20
    endloop
  endfacet
  facet normal 0 0 1
    outer loop
      vertex 1.70241 1.77099 20
      vertex 1.26514 -2.07153 20
      vertex 1.31134 -2.08806 20
    endloop
  endfacet
  facet normal 0 0 1
    outer loop
      vertex 0.799999 3.8 20
      vertex 1.33531 4.40193 20
      vertex 0.897415 4.51161 20
    endloop
  endfacet
  facet normal 0 0 1
    outer loop
      vertex 1.73806 2.01134 20
      vertex 0.461939 2.01134 20
      vertex 1.72153 1.96514 20
    endloop
  endfacet
  facet normal 0 0 1
    outer loop
      vertex 1.70241 1.77099 20
      vertex 0.353553 1.46645 20
      vertex 0.317196 1.43349 20
    endloop
  endfacet
  facet normal 0 0 1
    outer loop
      vertex 1.70241 1.77099 20
      vertex 1.21754 -2.05961 20
      vertex 1.26514 -2.07153 20
    endloop
  endfacet
  facet normal 0 0 1
    outer loop
      vertex 0.799999 3.8 20
      vertex 0.897415 4.51161 20
      vertex 0.799999 4.52606 20
    endloop
  endfacet
  facet normal 0 -0 1
    outer loop
      vertex 1.16901 -2.05241 20
      vertex 1.70241 1.77099 20
      vertex 0.317196 1.43349 20
    endloop
  endfacet
  facet normal 0 0 1
    outer loop
      vertex 1.70241 1.77099 20
      vertex 1.16901 -2.05241 20
      vertex 1.21754 -2.05961 20
    endloop
  endfacet
  facet normal -0 0 1
    outer loop
      vertex 0.277784 1.40426 20
      vertex 1.16901 -2.05241 20
      vertex 0.317196 1.43349 20
    endloop
  endfacet
  facet normal 0 0 1
    outer loop
      vertex 1.16901 -2.05241 20
      vertex 0.277784 1.40426 20
      vertex 1.12 -2.05 20
    endloop
  endfacet
  facet normal -0 0 1
    outer loop
      vertex 0.235698 1.37904 20
      vertex 1.12 -2.05 20
      vertex 0.277784 1.40426 20
    endloop
  endfacet
  facet normal 0 0 1
    outer loop
      vertex 1.12 -2.05 20
      vertex 0.235698 1.37904 20
      vertex 1.07099 -2.05241 20
    endloop
  endfacet
  facet normal -0 0 1
    outer loop
      vertex 0.191341 1.35806 20
      vertex 1.07099 -2.05241 20
      vertex 0.235698 1.37904 20
    endloop
  endfacet
  facet normal 0 0 1
    outer loop
      vertex 1.07099 -2.05241 20
      vertex 0.191341 1.35806 20
      vertex 1.02245 -2.05961 20
    endloop
  endfacet
  facet normal -0 0 1
    outer loop
      vertex 0.145142 1.34153 20
      vertex 1.02245 -2.05961 20
      vertex 0.191341 1.35806 20
    endloop
  endfacet
  facet normal 0 0 1
    outer loop
      vertex 1.02245 -2.05961 20
      vertex 0.145142 1.34153 20
      vertex 0.974857 -2.07153 20
    endloop
  endfacet
  facet normal 0 0 1
    outer loop
      vertex 1.7 1.82 20
      vertex 0.5 1.82 20
      vertex 0.497592 1.77099 20
    endloop
  endfacet
  facet normal 0 0 1
    outer loop
      vertex 1.7 1.82 20
      vertex 0.497592 1.86901 20
      vertex 0.5 1.82 20
    endloop
  endfacet
  facet normal 0 0 1
    outer loop
      vertex 1.70241 1.86901 20
      vertex 0.497592 1.86901 20
      vertex 1.7 1.82 20
    endloop
  endfacet
  facet normal 0 -0 1
    outer loop
      vertex 0.497592 1.86901 20
      vertex 1.70241 1.86901 20
      vertex 0.490392 1.91754 20
    endloop
  endfacet
  facet normal 0 0 1
    outer loop
      vertex 1.70961 1.91754 20
      vertex 0.490392 1.91754 20
      vertex 1.70241 1.86901 20
    endloop
  endfacet
  facet normal 0 -0 1
    outer loop
      vertex 0.490392 1.91754 20
      vertex 1.70961 1.91754 20
      vertex 0.47847 1.96514 20
    endloop
  endfacet
  facet normal 0 0 1
    outer loop
      vertex 1.72153 1.96514 20
      vertex 0.47847 1.96514 20
      vertex 1.70961 1.91754 20
    endloop
  endfacet
  facet normal 0 -0 1
    outer loop
      vertex 0.47847 1.96514 20
      vertex 1.72153 1.96514 20
      vertex 0.461939 2.01134 20
    endloop
  endfacet
  facet normal 0 0 1
    outer loop
      vertex 1.81349 2.1372 20
      vertex 0.386505 2.1372 20
      vertex 1.78426 2.09778 20
    endloop
  endfacet
  facet normal 0 0 1
    outer loop
      vertex 0.799999 3.8 20
      vertex 0.317196 2.2065 20
      vertex 0.353553 2.17355 20
    endloop
  endfacet
  facet normal 0 0 1
    outer loop
      vertex 0.799999 3.8 20
      vertex 0.277784 2.23573 20
      vertex 0.317196 2.2065 20
    endloop
  endfacet
  facet normal 0 0 1
    outer loop
      vertex 0.799999 3.8 20
      vertex 0.235698 2.26096 20
      vertex 0.277784 2.23573 20
    endloop
  endfacet
  facet normal 0 0 1
    outer loop
      vertex 0.799999 3.8 20
      vertex 0.191341 2.28194 20
      vertex 0.235698 2.26096 20
    endloop
  endfacet
  facet normal 0 0 1
    outer loop
      vertex 0.799999 3.8 20
      vertex 0.145142 2.29847 20
      vertex 0.191341 2.28194 20
    endloop
  endfacet
  facet normal 0 0 1
    outer loop
      vertex 0.799999 3.8 20
      vertex 0.0975447 2.31039 20
      vertex 0.145142 2.29847 20
    endloop
  endfacet
  facet normal 0 0 1
    outer loop
      vertex 0.799999 3.8 20
      vertex 0.0490084 2.31759 20
      vertex 0.0975447 2.31039 20
    endloop
  endfacet
  facet normal 0 0 1
    outer loop
      vertex 0.799999 3.8 20
      vertex 0 2.32 20
      vertex 0.0490084 2.31759 20
    endloop
  endfacet
  facet normal -0 0 1
    outer loop
      vertex -0.799999 3.8 20
      vertex 0 2.32 20
      vertex 0.799999 3.8 20
    endloop
  endfacet
  facet normal 0 0 1
    outer loop
      vertex 0 2.32 20
      vertex -0.799999 3.8 20
      vertex -0.0490084 2.31759 20
    endloop
  endfacet
  facet normal 0 0 1
    outer loop
      vertex -0.0490084 2.31759 20
      vertex -0.799999 3.8 20
      vertex -0.0975447 2.31039 20
    endloop
  endfacet
  facet normal 0 0 1
    outer loop
      vertex -0.0975447 2.31039 20
      vertex -0.799999 3.8 20
      vertex -0.145142 2.29847 20
    endloop
  endfacet
  facet normal 0 0 1
    outer loop
      vertex -0.145142 2.29847 20
      vertex -0.799999 3.8 20
      vertex -0.191341 2.28194 20
    endloop
  endfacet
  facet normal 0 0 1
    outer loop
      vertex -0.191341 2.28194 20
      vertex -0.799999 3.8 20
      vertex -0.235698 2.26096 20
    endloop
  endfacet
  facet normal 0 0 1
    outer loop
      vertex -0.235698 2.26096 20
      vertex -0.799999 3.8 20
      vertex -0.277784 2.23573 20
    endloop
  endfacet
  facet normal 0 0 1
    outer loop
      vertex -0.277784 2.23573 20
      vertex -0.799999 3.8 20
      vertex -0.317196 2.2065 20
    endloop
  endfacet
  facet normal 0 0 1
    outer loop
      vertex -0.317196 2.2065 20
      vertex -0.799999 3.8 20
      vertex -0.353553 2.17355 20
    endloop
  endfacet
  facet normal 0 0 1
    outer loop
      vertex -0.353553 2.17355 20
      vertex -0.799999 3.8 20
      vertex -0.386505 2.1372 20
    endloop
  endfacet
  facet normal 0 0 1
    outer loop
      vertex 0.62 -2.55 20
      vertex -0.622407 -2.50099 20
      vertex -0.62 -2.55 20
    endloop
  endfacet
  facet normal 0 0 1
    outer loop
      vertex -0.497592 1.77099 20
      vertex -0.629607 -2.45245 20
      vertex -0.622407 -2.50099 20
    endloop
  endfacet
  facet normal 0 0 1
    outer loop
      vertex -0.497592 1.77099 20
      vertex -0.641529 -2.40486 20
      vertex -0.629607 -2.45245 20
    endloop
  endfacet
  facet normal 0 0 1
    outer loop
      vertex -0.497592 1.77099 20
      vertex -0.65806 -2.35866 20
      vertex -0.641529 -2.40486 20
    endloop
  endfacet
  facet normal 0 0 1
    outer loop
      vertex -0.497592 1.77099 20
      vertex -0.679039 -2.3143 20
      vertex -0.65806 -2.35866 20
    endloop
  endfacet
  facet normal 0 0 1
    outer loop
      vertex -0.497592 1.77099 20
      vertex -0.704265 -2.27221 20
      vertex -0.679039 -2.3143 20
    endloop
  endfacet
  facet normal 0 0 1
    outer loop
      vertex -0.799999 3.8 20
      vertex -0.5 1.82 20
      vertex -0.497592 1.86901 20
    endloop
  endfacet
  facet normal 0 0 1
    outer loop
      vertex -0.497592 1.77099 20
      vertex -0.733495 -2.2328 20
      vertex -0.704265 -2.27221 20
    endloop
  endfacet
  facet normal 0 0 1
    outer loop
      vertex -0.497592 1.77099 20
      vertex -0.766446 -2.19645 20
      vertex -0.733495 -2.2328 20
    endloop
  endfacet
  facet normal 0 0 1
    outer loop
      vertex -0.386505 2.1372 20
      vertex -0.799999 3.8 20
      vertex -0.415734 2.09778 20
    endloop
  endfacet
  facet normal 0 0 1
    outer loop
      vertex -0.799999 3.8 20
      vertex -0.44096 2.0557 20
      vertex -0.415734 2.09778 20
    endloop
  endfacet
  facet normal 0 0 1
    outer loop
      vertex -0.799999 3.8 20
      vertex -0.461939 2.01134 20
      vertex -0.44096 2.0557 20
    endloop
  endfacet
  facet normal 0 0 1
    outer loop
      vertex -0.799999 3.8 20
      vertex -0.47847 1.96514 20
      vertex -0.461939 2.01134 20
    endloop
  endfacet
  facet normal 0 0 1
    outer loop
      vertex -0.799999 3.8 20
      vertex -0.490392 1.91754 20
      vertex -0.47847 1.96514 20
    endloop
  endfacet
  facet normal 0 0 1
    outer loop
      vertex -0.799999 3.8 20
      vertex -0.497592 1.86901 20
      vertex -0.490392 1.91754 20
    endloop
  endfacet
  facet normal 0 0 1
    outer loop
      vertex -0.497592 1.77099 20
      vertex -0.799999 3.8 20
      vertex -0.802803 -2.16349 20
    endloop
  endfacet
  facet normal 0 0 1
    outer loop
      vertex -0.497592 1.77099 20
      vertex -0.802803 -2.16349 20
      vertex -0.766446 -2.19645 20
    endloop
  endfacet
  facet normal -0 0 1
    outer loop
      vertex 3.16573 -0.647784 20
      vertex 4.40193 -1.33531 20
      vertex 3.19096 -0.605698 20
    endloop
  endfacet
  facet normal -0 0 1
    outer loop
      vertex 3.13651 -0.687196 20
      vertex 4.40193 -1.33531 20
      vertex 3.16573 -0.647784 20
    endloop
  endfacet
  facet normal -0 0 1
    outer loop
      vertex 3.10355 -0.723553 20
      vertex 4.40193 -1.33531 20
      vertex 3.13651 -0.687196 20
    endloop
  endfacet
  facet normal 0 0 1
    outer loop
      vertex 4.40193 -1.33531 20
      vertex 3.10355 -0.723553 20
      vertex 4.24985 -1.76034 20
    endloop
  endfacet
  facet normal -0 0 1
    outer loop
      vertex 3.0672 -0.756505 20
      vertex 4.24985 -1.76034 20
      vertex 3.10355 -0.723553 20
    endloop
  endfacet
  facet normal -0 0 1
    outer loop
      vertex 3.02778 -0.785734 20
      vertex 4.24985 -1.76034 20
      vertex 3.0672 -0.756505 20
    endloop
  endfacet
  facet normal -0 0 1
    outer loop
      vertex 2.9857 -0.81096 20
      vertex 4.24985 -1.76034 20
      vertex 3.02778 -0.785734 20
    endloop
  endfacet
  facet normal 0 0 1
    outer loop
      vertex 4.24985 -1.76034 20
      vertex 2.9857 -0.81096 20
      vertex 4.05684 -2.16842 20
    endloop
  endfacet
  facet normal -0 0 1
    outer loop
      vertex 2.94134 -0.83194 20
      vertex 4.05684 -2.16842 20
      vertex 2.9857 -0.81096 20
    endloop
  endfacet
  facet normal -0 0 1
    outer loop
      vertex 2.89514 -0.84847 20
      vertex 4.05684 -2.16842 20
      vertex 2.94134 -0.83194 20
    endloop
  endfacet
  facet normal -0 0 1
    outer loop
      vertex 2.84754 -0.860393 20
      vertex 4.05684 -2.16842 20
      vertex 2.89514 -0.84847 20
    endloop
  endfacet
  facet normal 0 0 1
    outer loop
      vertex 4.05684 -2.16842 20
      vertex 2.84754 -0.860393 20
      vertex 3.82476 -2.55562 20
    endloop
  endfacet
  facet normal -0 0 1
    outer loop
      vertex 2.79901 -0.867592 20
      vertex 3.82476 -2.55562 20
      vertex 2.84754 -0.860393 20
    endloop
  endfacet
  facet normal -0 0 1
    outer loop
      vertex 2.75 -0.87 20
      vertex 3.82476 -2.55562 20
      vertex 2.79901 -0.867592 20
    endloop
  endfacet
  facet normal 0 0 1
    outer loop
      vertex 3.82476 -2.55562 20
      vertex 2.75 -0.87 20
      vertex 3.55585 -2.91821 20
    endloop
  endfacet
  facet normal -0 0 1
    outer loop
      vertex 1.61759 -2.50099 20
      vertex 3.55585 -2.91821 20
      vertex 2.75 -0.87 20
    endloop
  endfacet
  facet normal 0 0 1
    outer loop
      vertex 3.55585 -2.91821 20
      vertex 1.61759 -2.50099 20
      vertex 3.25269 -3.25269 20
    endloop
  endfacet
  facet normal 0 0 1
    outer loop
      vertex 1.61759 -2.50099 20
      vertex 2.75 -0.87 20
      vertex 2.70099 -0.867592 20
    endloop
  endfacet
  facet normal 0 0 1
    outer loop
      vertex 1.61759 -2.50099 20
      vertex 2.70099 -0.867592 20
      vertex 2.65245 -0.860393 20
    endloop
  endfacet
  facet normal 0 0 1
    outer loop
      vertex 1.61759 -2.50099 20
      vertex 2.65245 -0.860393 20
      vertex 2.60486 -0.84847 20
    endloop
  endfacet
  facet normal 0 0 1
    outer loop
      vertex 1.61759 -2.50099 20
      vertex 2.60486 -0.84847 20
      vertex 2.55866 -0.83194 20
    endloop
  endfacet
  facet normal -0 0 1
    outer loop
      vertex 1.61759 -2.59901 20
      vertex 3.25269 -3.25269 20
      vertex 1.62 -2.55 20
    endloop
  endfacet
  facet normal 0 0 1
    outer loop
      vertex 1.61759 -2.50099 20
      vertex 2.55866 -0.83194 20
      vertex 2.5143 -0.81096 20
    endloop
  endfacet
  facet normal 0 0 1
    outer loop
      vertex 1.61759 -2.50099 20
      vertex 2.5143 -0.81096 20
      vertex 2.47221 -0.785734 20
    endloop
  endfacet
  facet normal 0 0 1
    outer loop
      vertex 1.61759 -2.50099 20
      vertex 2.47221 -0.785734 20
      vertex 2.4328 -0.756505 20
    endloop
  endfacet
  facet normal 0 0 1
    outer loop
      vertex 1.61759 -2.50099 20
      vertex 2.4328 -0.756505 20
      vertex 2.39645 -0.723553 20
    endloop
  endfacet
  facet normal 0 0 1
    outer loop
      vertex 1.61759 -2.50099 20
      vertex 2.39645 -0.723553 20
      vertex 2.36349 -0.687196 20
    endloop
  endfacet
  facet normal 0 0 1
    outer loop
      vertex 1.61759 -2.50099 20
      vertex 2.36349 -0.687196 20
      vertex 2.33426 -0.647784 20
    endloop
  endfacet
  facet normal 0 0 1
    outer loop
      vertex 1.61759 -2.50099 20
      vertex 2.33426 -0.647784 20
      vertex 2.30904 -0.605698 20
    endloop
  endfacet
  facet normal 0 0 1
    outer loop
      vertex 1.61759 -2.50099 20
      vertex 2.30904 -0.605698 20
      vertex 2.28806 -0.561341 20
    endloop
  endfacet
  facet normal 0 0 1
    outer loop
      vertex 1.61759 -2.50099 20
      vertex 2.28806 -0.561341 20
      vertex 2.27153 -0.515141 20
    endloop
  endfacet
  facet normal 0 0 1
    outer loop
      vertex 1.61759 -2.50099 20
      vertex 2.27153 -0.515141 20
      vertex 2.25961 -0.467545 20
    endloop
  endfacet
  facet normal 0 0 1
    outer loop
      vertex 1.61759 -2.50099 20
      vertex 2.25961 -0.467545 20
      vertex 2.25241 -0.419008 20
    endloop
  endfacet
  facet normal 0 0 1
    outer loop
      vertex 2.33426 -0.0922146 20
      vertex 1.9643 1.37904 20
      vertex 2.30904 -0.134301 20
    endloop
  endfacet
  facet normal 0 0 1
    outer loop
      vertex 3.25269 -3.25269 20
      vertex 1.61759 -2.59901 20
      vertex 2.91821 -3.55585 20
    endloop
  endfacet
  facet normal 0 0 1
    outer loop
      vertex 1.61759 -2.50099 20
      vertex 2.25241 -0.419008 20
      vertex 2.25 -0.37 20
    endloop
  endfacet
  facet normal 0 0 1
    outer loop
      vertex 1.92221 1.40426 20
      vertex 2.30904 -0.134301 20
      vertex 1.9643 1.37904 20
    endloop
  endfacet
  facet normal 0 0 1
    outer loop
      vertex 2.30904 -0.134301 20
      vertex 1.92221 1.40426 20
      vertex 2.28806 -0.178658 20
    endloop
  endfacet
  facet normal 0 0 1
    outer loop
      vertex 1.8828 1.43349 20
      vertex 2.28806 -0.178658 20
      vertex 1.92221 1.40426 20
    endloop
  endfacet
  facet normal 0 0 1
    outer loop
      vertex 2.28806 -0.178658 20
      vertex 1.8828 1.43349 20
      vertex 2.27153 -0.224857 20
    endloop
  endfacet
  facet normal 0 0 1
    outer loop
      vertex 1.84645 1.46645 20
      vertex 2.27153 -0.224857 20
      vertex 1.8828 1.43349 20
    endloop
  endfacet
  facet normal 0 0 1
    outer loop
      vertex 2.27153 -0.224857 20
      vertex 1.84645 1.46645 20
      vertex 2.25961 -0.272454 20
    endloop
  endfacet
  facet normal 0 0 1
    outer loop
      vertex 1.81349 1.5028 20
      vertex 2.25961 -0.272454 20
      vertex 1.84645 1.46645 20
    endloop
  endfacet
  facet normal 0 0 1
    outer loop
      vertex 2.25961 -0.272454 20
      vertex 1.81349 1.5028 20
      vertex 2.25241 -0.320991 20
    endloop
  endfacet
  facet normal 0 0 1
    outer loop
      vertex 1.78426 1.54221 20
      vertex 2.25241 -0.320991 20
      vertex 1.81349 1.5028 20
    endloop
  endfacet
  facet normal 0 0 1
    outer loop
      vertex 2.25241 -0.320991 20
      vertex 1.78426 1.54221 20
      vertex 2.25 -0.37 20
    endloop
  endfacet
  facet normal 0 0 1
    outer loop
      vertex 1.75904 1.5843 20
      vertex 2.25 -0.37 20
      vertex 1.78426 1.54221 20
    endloop
  endfacet
  facet normal -0 0 1
    outer loop
      vertex 1.61039 -2.64754 20
      vertex 2.91821 -3.55585 20
      vertex 1.61759 -2.59901 20
    endloop
  endfacet
  facet normal 0 0 1
    outer loop
      vertex 1.61759 -2.50099 20
      vertex 2.25 -0.37 20
      vertex 1.75904 1.5843 20
    endloop
  endfacet
  facet normal 0 0 1
    outer loop
      vertex 1.61759 -2.50099 20
      vertex 1.75904 1.5843 20
      vertex 1.73806 1.62866 20
    endloop
  endfacet
  facet normal 0 0 1
    outer loop
      vertex 1.61759 -2.50099 20
      vertex 1.73806 1.62866 20
      vertex 1.72153 1.67486 20
    endloop
  endfacet
  facet normal 0 0 1
    outer loop
      vertex 1.61759 -2.50099 20
      vertex 1.72153 1.67486 20
      vertex 1.70961 1.72245 20
    endloop
  endfacet
  facet normal 0 0 1
    outer loop
      vertex 1.61759 -2.50099 20
      vertex 1.70961 1.72245 20
      vertex 1.70241 1.77099 20
    endloop
  endfacet
  facet normal 0 0 1
    outer loop
      vertex 0.497592 1.77099 20
      vertex 1.70241 1.77099 20
      vertex 1.7 1.82 20
    endloop
  endfacet
  facet normal -0 0 1
    outer loop
      vertex 1.59847 -2.69514 20
      vertex 2.91821 -3.55585 20
      vertex 1.61039 -2.64754 20
    endloop
  endfacet
  facet normal -0 0 1
    outer loop
      vertex 1.58194 -2.74134 20
      vertex 2.91821 -3.55585 20
      vertex 1.59847 -2.69514 20
    endloop
  endfacet
  facet normal 0 0 1
    outer loop
      vertex 2.91821 -3.55585 20
      vertex 1.58194 -2.74134 20
      vertex 2.55562 -3.82476 20
    endloop
  endfacet
  facet normal -0 0 1
    outer loop
      vertex 1.56096 -2.7857 20
      vertex 2.55562 -3.82476 20
      vertex 1.58194 -2.74134 20
    endloop
  endfacet
  facet normal -0 0 1
    outer loop
      vertex 1.53573 -2.82778 20
      vertex 2.55562 -3.82476 20
      vertex 1.56096 -2.7857 20
    endloop
  endfacet
  facet normal -0 0 1
    outer loop
      vertex 1.50651 -2.8672 20
      vertex 2.55562 -3.82476 20
      vertex 1.53573 -2.82778 20
    endloop
  endfacet
  facet normal 0 0 1
    outer loop
      vertex 2.55562 -3.82476 20
      vertex 1.50651 -2.8672 20
      vertex 2.16842 -4.05684 20
    endloop
  endfacet
  facet normal -0 0 1
    outer loop
      vertex 1.47355 -2.90355 20
      vertex 2.16842 -4.05684 20
      vertex 1.50651 -2.8672 20
    endloop
  endfacet
  facet normal -0 0 1
    outer loop
      vertex 1.4372 -2.9365 20
      vertex 2.16842 -4.05684 20
      vertex 1.47355 -2.90355 20
    endloop
  endfacet
  facet normal -0 0 1
    outer loop
      vertex 1.39778 -2.96573 20
      vertex 2.16842 -4.05684 20
      vertex 1.4372 -2.9365 20
    endloop
  endfacet
  facet normal -0 0 1
    outer loop
      vertex 1.3557 -2.99096 20
      vertex 2.16842 -4.05684 20
      vertex 1.39778 -2.96573 20
    endloop
  endfacet
  facet normal 0 0 1
    outer loop
      vertex 2.16842 -4.05684 20
      vertex 1.3557 -2.99096 20
      vertex 1.76034 -4.24985 20
    endloop
  endfacet
  facet normal -0 0 1
    outer loop
      vertex 1.31134 -3.01194 20
      vertex 1.76034 -4.24985 20
      vertex 1.3557 -2.99096 20
    endloop
  endfacet
  facet normal -0 0 1
    outer loop
      vertex 1.26514 -3.02847 20
      vertex 1.76034 -4.24985 20
      vertex 1.31134 -3.01194 20
    endloop
  endfacet
  facet normal -0 0 1
    outer loop
      vertex 1.21754 -3.04039 20
      vertex 1.76034 -4.24985 20
      vertex 1.26514 -3.02847 20
    endloop
  endfacet
  facet normal 0 0 1
    outer loop
      vertex 1.76034 -4.24985 20
      vertex 1.21754 -3.04039 20
      vertex 1.33531 -4.40193 20
    endloop
  endfacet
  facet normal -0 0 1
    outer loop
      vertex 1.16901 -3.04759 20
      vertex 1.33531 -4.40193 20
      vertex 1.21754 -3.04039 20
    endloop
  endfacet
  facet normal -0 0 1
    outer loop
      vertex 1.12 -3.05 20
      vertex 1.33531 -4.40193 20
      vertex 1.16901 -3.04759 20
    endloop
  endfacet
  facet normal 0 0 1
    outer loop
      vertex 1.07099 -3.04759 20
      vertex 1.33531 -4.40193 20
      vertex 1.12 -3.05 20
    endloop
  endfacet
  facet normal 0 0 1
    outer loop
      vertex 1.02245 -3.04039 20
      vertex 1.33531 -4.40193 20
      vertex 1.07099 -3.04759 20
    endloop
  endfacet
  facet normal 0 0 1
    outer loop
      vertex 0.897415 -4.51161 20
      vertex 1.02245 -3.04039 20
      vertex 0.974857 -3.02847 20
    endloop
  endfacet
  facet normal 0 0 1
    outer loop
      vertex 0.897415 -4.51161 20
      vertex 0.974857 -3.02847 20
      vertex 0.928658 -3.01194 20
    endloop
  endfacet
  facet normal 0 0 1
    outer loop
      vertex 1.02245 -3.04039 20
      vertex 0.897415 -4.51161 20
      vertex 1.33531 -4.40193 20
    endloop
  endfacet
  facet normal 0 0 1
    outer loop
      vertex 0.884301 -2.99096 20
      vertex 0.897415 -4.51161 20
      vertex 0.928658 -3.01194 20
    endloop
  endfacet
  facet normal 0 0 1
    outer loop
      vertex 0.450878 -4.57785 20
      vertex 0.884301 -2.99096 20
      vertex 0.842215 -2.96573 20
    endloop
  endfacet
  facet normal 0 0 1
    outer loop
      vertex 0.450878 -4.57785 20
      vertex 0.842215 -2.96573 20
      vertex 0.802803 -2.9365 20
    endloop
  endfacet
  facet normal 0 0 1
    outer loop
      vertex 0 -4.6 20
      vertex 0.802803 -2.9365 20
      vertex 0.766446 -2.90355 20
    endloop
  endfacet
  facet normal 0 0 1
    outer loop
      vertex 0 -4.6 20
      vertex 0.766446 -2.90355 20
      vertex 0.733495 -2.8672 20
    endloop
  endfacet
  facet normal 0 0 1
    outer loop
      vertex -0.733495 -2.8672 20
      vertex 0.733495 -2.8672 20
      vertex 0.704265 -2.82778 20
    endloop
  endfacet
  facet normal 0 0 1
    outer loop
      vertex -0.704265 -2.82778 20
      vertex 0.704265 -2.82778 20
      vertex 0.679039 -2.7857 20
    endloop
  endfacet
  facet normal 0 0 1
    outer loop
      vertex -0.679039 -2.7857 20
      vertex 0.679039 -2.7857 20
      vertex 0.65806 -2.74134 20
    endloop
  endfacet
  facet normal 0 0 1
    outer loop
      vertex -0.65806 -2.74134 20
      vertex 0.65806 -2.74134 20
      vertex 0.641529 -2.69514 20
    endloop
  endfacet
  facet normal 0 0 1
    outer loop
      vertex -0.641529 -2.69514 20
      vertex 0.641529 -2.69514 20
      vertex 0.629607 -2.64754 20
    endloop
  endfacet
  facet normal 0 0 1
    outer loop
      vertex -0.629607 -2.64754 20
      vertex 0.629607 -2.64754 20
      vertex 0.622407 -2.59901 20
    endloop
  endfacet
  facet normal -0 0 1
    outer loop
      vertex 0.0975447 1.32961 20
      vertex 0.974857 -2.07153 20
      vertex 0.145142 1.34153 20
    endloop
  endfacet
  facet normal 0 0 1
    outer loop
      vertex 0.974857 -2.07153 20
      vertex 0.0975447 1.32961 20
      vertex 0.928658 -2.08806 20
    endloop
  endfacet
  facet normal -0 0 1
    outer loop
      vertex 0.0490084 1.32241 20
      vertex 0.928658 -2.08806 20
      vertex 0.0975447 1.32961 20
    endloop
  endfacet
  facet normal 0 0 1
    outer loop
      vertex 0.928658 -2.08806 20
      vertex 0.0490084 1.32241 20
      vertex 0.884301 -2.10904 20
    endloop
  endfacet
  facet normal 0 0 1
    outer loop
      vertex 0.884301 -2.99096 20
      vertex 0.450878 -4.57785 20
      vertex 0.897415 -4.51161 20
    endloop
  endfacet
  facet normal 0 0 1
    outer loop
      vertex -0.622407 -2.59901 20
      vertex 0.622407 -2.59901 20
      vertex 0.62 -2.55 20
    endloop
  endfacet
  facet normal -0 0 1
    outer loop
      vertex 0 1.32 20
      vertex 0.884301 -2.10904 20
      vertex 0.0490084 1.32241 20
    endloop
  endfacet
  facet normal 0 0 1
    outer loop
      vertex 0.884301 -2.10904 20
      vertex 0 1.32 20
      vertex 0.842215 -2.13426 20
    endloop
  endfacet
  facet normal 0 0 1
    outer loop
      vertex -0.0490084 1.32241 20
      vertex 0.842215 -2.13426 20
      vertex 0 1.32 20
    endloop
  endfacet
  facet normal 0 0 1
    outer loop
      vertex 0.842215 -2.13426 20
      vertex -0.0490084 1.32241 20
      vertex 0.802803 -2.16349 20
    endloop
  endfacet
  facet normal 0 0 1
    outer loop
      vertex -0.622407 -2.50099 20
      vertex 0.802803 -2.16349 20
      vertex -0.0490084 1.32241 20
    endloop
  endfacet
  facet normal 0 0 1
    outer loop
      vertex 0.802803 -2.16349 20
      vertex -0.622407 -2.50099 20
      vertex 0.766446 -2.19645 20
    endloop
  endfacet
  facet normal 0 0 1
    outer loop
      vertex 0.766446 -2.19645 20
      vertex -0.622407 -2.50099 20
      vertex 0.733495 -2.2328 20
    endloop
  endfacet
  facet normal 0 0 1
    outer loop
      vertex 0.733495 -2.2328 20
      vertex -0.622407 -2.50099 20
      vertex 0.704265 -2.27221 20
    endloop
  endfacet
  facet normal 0 0 1
    outer loop
      vertex 0.704265 -2.27221 20
      vertex -0.622407 -2.50099 20
      vertex 0.679039 -2.3143 20
    endloop
  endfacet
  facet normal 0 0 1
    outer loop
      vertex 0.65806 -2.35866 20
      vertex -0.622407 -2.50099 20
      vertex 0.641529 -2.40486 20
    endloop
  endfacet
  facet normal 0 0 1
    outer loop
      vertex 0.641529 -2.40486 20
      vertex -0.622407 -2.50099 20
      vertex 0.629607 -2.45245 20
    endloop
  endfacet
  facet normal 0 0 1
    outer loop
      vertex 0.629607 -2.45245 20
      vertex -0.622407 -2.50099 20
      vertex 0.622407 -2.50099 20
    endloop
  endfacet
  facet normal 0 0 1
    outer loop
      vertex 0.622407 -2.50099 20
      vertex -0.622407 -2.50099 20
      vertex 0.62 -2.55 20
    endloop
  endfacet
  facet normal 0 0 1
    outer loop
      vertex -0.622407 -2.59901 20
      vertex 0.62 -2.55 20
      vertex -0.62 -2.55 20
    endloop
  endfacet
  facet normal 0 0 1
    outer loop
      vertex 0.679039 -2.3143 20
      vertex -0.622407 -2.50099 20
      vertex 0.65806 -2.35866 20
    endloop
  endfacet
  facet normal 0 0 1
    outer loop
      vertex -0.622407 -2.50099 20
      vertex -0.0490084 1.32241 20
      vertex -0.0975447 1.32961 20
    endloop
  endfacet
  facet normal 0 0 1
    outer loop
      vertex -0.622407 -2.50099 20
      vertex -0.0975447 1.32961 20
      vertex -0.145142 1.34153 20
    endloop
  endfacet
  facet normal 0 0 1
    outer loop
      vertex -0.622407 -2.50099 20
      vertex -0.145142 1.34153 20
      vertex -0.191341 1.35806 20
    endloop
  endfacet
  facet normal 0 0 1
    outer loop
      vertex -0.622407 -2.50099 20
      vertex -0.191341 1.35806 20
      vertex -0.235698 1.37904 20
    endloop
  endfacet
  facet normal 0 0 1
    outer loop
      vertex -0.622407 -2.50099 20
      vertex -0.235698 1.37904 20
      vertex -0.277784 1.40426 20
    endloop
  endfacet
  facet normal 0 0 1
    outer loop
      vertex -0.622407 -2.50099 20
      vertex -0.277784 1.40426 20
      vertex -0.317196 1.43349 20
    endloop
  endfacet
  facet normal 0 0 1
    outer loop
      vertex -0.622407 -2.50099 20
      vertex -0.317196 1.43349 20
      vertex -0.353553 1.46645 20
    endloop
  endfacet
  facet normal 0 0 1
    outer loop
      vertex -0.622407 -2.50099 20
      vertex -0.353553 1.46645 20
      vertex -0.386505 1.5028 20
    endloop
  endfacet
  facet normal 0 0 1
    outer loop
      vertex -0.622407 -2.50099 20
      vertex -0.386505 1.5028 20
      vertex -0.415734 1.54221 20
    endloop
  endfacet
  facet normal 0 0 1
    outer loop
      vertex -0.622407 -2.50099 20
      vertex -0.415734 1.54221 20
      vertex -0.44096 1.5843 20
    endloop
  endfacet
  facet normal 0 0 1
    outer loop
      vertex 0.622407 -2.59901 20
      vertex -0.622407 -2.59901 20
      vertex -0.629607 -2.64754 20
    endloop
  endfacet
  facet normal 0 0 1
    outer loop
      vertex -0.622407 -2.50099 20
      vertex -0.44096 1.5843 20
      vertex -0.461939 1.62866 20
    endloop
  endfacet
  facet normal 0 0 1
    outer loop
      vertex -0.622407 -2.50099 20
      vertex -0.461939 1.62866 20
      vertex -0.47847 1.67486 20
    endloop
  endfacet
  facet normal 0 0 1
    outer loop
      vertex -0.622407 -2.50099 20
      vertex -0.47847 1.67486 20
      vertex -0.490392 1.72245 20
    endloop
  endfacet
  facet normal 0 0 1
    outer loop
      vertex -0.622407 -2.50099 20
      vertex -0.490392 1.72245 20
      vertex -0.497592 1.77099 20
    endloop
  endfacet
  facet normal 0 0 1
    outer loop
      vertex -0.799999 3.8 20
      vertex -0.497592 1.77099 20
      vertex -0.5 1.82 20
    endloop
  endfacet
  facet normal 0 0 1
    outer loop
      vertex 0.629607 -2.64754 20
      vertex -0.629607 -2.64754 20
      vertex -0.641529 -2.69514 20
    endloop
  endfacet
  facet normal 0 0 1
    outer loop
      vertex 0.641529 -2.69514 20
      vertex -0.641529 -2.69514 20
      vertex -0.65806 -2.74134 20
    endloop
  endfacet
  facet normal 0 0 1
    outer loop
      vertex 0.65806 -2.74134 20
      vertex -0.65806 -2.74134 20
      vertex -0.679039 -2.7857 20
    endloop
  endfacet
  facet normal 0 0 1
    outer loop
      vertex 0.679039 -2.7857 20
      vertex -0.679039 -2.7857 20
      vertex -0.704265 -2.82778 20
    endloop
  endfacet
  facet normal 0 0 1
    outer loop
      vertex 0.704265 -2.82778 20
      vertex -0.704265 -2.82778 20
      vertex -0.733495 -2.8672 20
    endloop
  endfacet
  facet normal 0 0 1
    outer loop
      vertex 0.802803 -2.9365 20
      vertex 0 -4.6 20
      vertex 0.450878 -4.57785 20
    endloop
  endfacet
  facet normal 0 0 1
    outer loop
      vertex 0.733495 -2.8672 20
      vertex -0.733495 -2.8672 20
      vertex 0 -4.6 20
    endloop
  endfacet
  facet normal -0 0 1
    outer loop
      vertex -0.766446 -2.90355 20
      vertex 0 -4.6 20
      vertex -0.733495 -2.8672 20
    endloop
  endfacet
  facet normal -0 0 1
    outer loop
      vertex -0.802803 -2.9365 20
      vertex 0 -4.6 20
      vertex -0.766446 -2.90355 20
    endloop
  endfacet
  facet normal 0 0 1
    outer loop
      vertex 0 -4.6 20
      vertex -0.802803 -2.9365 20
      vertex -0.450878 -4.57785 20
    endloop
  endfacet
  facet normal -0 0 1
    outer loop
      vertex -0.842215 -2.96573 20
      vertex -0.450878 -4.57785 20
      vertex -0.802803 -2.9365 20
    endloop
  endfacet
  facet normal -0 0 1
    outer loop
      vertex -0.884301 -2.99096 20
      vertex -0.450878 -4.57785 20
      vertex -0.842215 -2.96573 20
    endloop
  endfacet
  facet normal 0 0 1
    outer loop
      vertex -0.884301 -2.99096 20
      vertex -0.897415 -4.51161 20
      vertex -0.450878 -4.57785 20
    endloop
  endfacet
  facet normal -0 0 1
    outer loop
      vertex -0.928658 -3.01194 20
      vertex -0.897415 -4.51161 20
      vertex -0.884301 -2.99096 20
    endloop
  endfacet
  facet normal -0 0 1
    outer loop
      vertex -0.974857 -3.02847 20
      vertex -0.897415 -4.51161 20
      vertex -0.928658 -3.01194 20
    endloop
  endfacet
  facet normal -0 0 1
    outer loop
      vertex -1.02245 -3.04039 20
      vertex -0.897415 -4.51161 20
      vertex -0.974857 -3.02847 20
    endloop
  endfacet
  facet normal -0 0 1
    outer loop
      vertex -1.07099 -3.04759 20
      vertex -0.897415 -4.51161 20
      vertex -1.02245 -3.04039 20
    endloop
  endfacet
  facet normal 0 0 1
    outer loop
      vertex -1.33531 -4.40193 20
      vertex -1.07099 -3.04759 20
      vertex -1.12 -3.05 20
    endloop
  endfacet
  facet normal 0 0 1
    outer loop
      vertex -1.33531 -4.40193 20
      vertex -1.12 -3.05 20
      vertex -1.16901 -3.04759 20
    endloop
  endfacet
  facet normal 0 0 1
    outer loop
      vertex -1.33531 -4.40193 20
      vertex -1.16901 -3.04759 20
      vertex -1.21754 -3.04039 20
    endloop
  endfacet
  facet normal 0 0 1
    outer loop
      vertex -1.76034 -4.24985 20
      vertex -1.21754 -3.04039 20
      vertex -1.26514 -3.02847 20
    endloop
  endfacet
  facet normal 0 0 1
    outer loop
      vertex -1.76034 -4.24985 20
      vertex -1.26514 -3.02847 20
      vertex -1.31134 -3.01194 20
    endloop
  endfacet
  facet normal 0 0 1
    outer loop
      vertex -1.07099 -3.04759 20
      vertex -1.33531 -4.40193 20
      vertex -0.897415 -4.51161 20
    endloop
  endfacet
  facet normal 0 0 1
    outer loop
      vertex -1.76034 -4.24985 20
      vertex -1.31134 -3.01194 20
      vertex -1.3557 -2.99096 20
    endloop
  endfacet
  facet normal 0 0 1
    outer loop
      vertex -2.16842 -4.05684 20
      vertex -1.3557 -2.99096 20
      vertex -1.39778 -2.96573 20
    endloop
  endfacet
  facet normal 0 0 1
    outer loop
      vertex -2.16842 -4.05684 20
      vertex -1.39778 -2.96573 20
      vertex -1.4372 -2.9365 20
    endloop
  endfacet
  facet normal 0 0 1
    outer loop
      vertex -2.16842 -4.05684 20
      vertex -1.4372 -2.9365 20
      vertex -1.47355 -2.90355 20
    endloop
  endfacet
  facet normal 0 0 1
    outer loop
      vertex -2.16842 -4.05684 20
      vertex -1.47355 -2.90355 20
      vertex -1.50651 -2.8672 20
    endloop
  endfacet
  facet normal 0 0 1
    outer loop
      vertex -2.55562 -3.82476 20
      vertex -1.50651 -2.8672 20
      vertex -1.53573 -2.82778 20
    endloop
  endfacet
  facet normal 0 0 1
    outer loop
      vertex -2.55562 -3.82476 20
      vertex -1.53573 -2.82778 20
      vertex -1.56096 -2.7857 20
    endloop
  endfacet
  facet normal 0 0 1
    outer loop
      vertex -2.55562 -3.82476 20
      vertex -1.56096 -2.7857 20
      vertex -1.58194 -2.74134 20
    endloop
  endfacet
  facet normal 0 0 1
    outer loop
      vertex -2.91821 -3.55585 20
      vertex -1.58194 -2.74134 20
      vertex -1.59847 -2.69514 20
    endloop
  endfacet
  facet normal 0 0 1
    outer loop
      vertex -2.91821 -3.55585 20
      vertex -1.59847 -2.69514 20
      vertex -1.61039 -2.64754 20
    endloop
  endfacet
  facet normal -0 0 1
    outer loop
      vertex -2.36349 -0.687196 20
      vertex -1.31134 -2.08806 20
      vertex -2.33426 -0.647784 20
    endloop
  endfacet
  facet normal 0 0 1
    outer loop
      vertex -1.31134 -2.08806 20
      vertex -2.36349 -0.687196 20
      vertex -1.3557 -2.10904 20
    endloop
  endfacet
  facet normal -0 0 1
    outer loop
      vertex -2.39645 -0.723553 20
      vertex -1.3557 -2.10904 20
      vertex -2.36349 -0.687196 20
    endloop
  endfacet
  facet normal 0 0 1
    outer loop
      vertex -1.3557 -2.10904 20
      vertex -2.39645 -0.723553 20
      vertex -1.39778 -2.13426 20
    endloop
  endfacet
  facet normal -0 0 1
    outer loop
      vertex -2.4328 -0.756505 20
      vertex -1.39778 -2.13426 20
      vertex -2.39645 -0.723553 20
    endloop
  endfacet
  facet normal 0 0 1
    outer loop
      vertex -1.21754 -3.04039 20
      vertex -1.76034 -4.24985 20
      vertex -1.33531 -4.40193 20
    endloop
  endfacet
  facet normal 0 0 1
    outer loop
      vertex -2.91821 -3.55585 20
      vertex -1.61039 -2.64754 20
      vertex -1.61759 -2.59901 20
    endloop
  endfacet
  facet normal 0 0 1
    outer loop
      vertex -3.25269 -3.25269 20
      vertex -1.61759 -2.59901 20
      vertex -1.62 -2.55 20
    endloop
  endfacet
  facet normal 0 0 1
    outer loop
      vertex -1.39778 -2.13426 20
      vertex -2.4328 -0.756505 20
      vertex -1.4372 -2.16349 20
    endloop
  endfacet
  facet normal -0 0 1
    outer loop
      vertex -2.33426 -0.647784 20
      vertex -1.26514 -2.07153 20
      vertex -2.30904 -0.605698 20
    endloop
  endfacet
  facet normal 0 0 1
    outer loop
      vertex -0.974857 -2.07153 20
      vertex -2.25 -0.37 20
      vertex -1.02245 -2.05961 20
    endloop
  endfacet
  facet normal 0 0 1
    outer loop
      vertex -2.25241 -0.320991 20
      vertex -1.81349 1.5028 20
      vertex -1.84645 1.46645 20
    endloop
  endfacet
  facet normal 0 0 1
    outer loop
      vertex -2.25241 -0.320991 20
      vertex -1.84645 1.46645 20
      vertex -1.8828 1.43349 20
    endloop
  endfacet
  facet normal 0 0 1
    outer loop
      vertex -2.25241 -0.320991 20
      vertex -1.8828 1.43349 20
      vertex -1.92221 1.40426 20
    endloop
  endfacet
  facet normal 0 0 1
    outer loop
      vertex -2.25241 -0.320991 20
      vertex -1.92221 1.40426 20
      vertex -1.9643 1.37904 20
    endloop
  endfacet
  facet normal 0 0 1
    outer loop
      vertex -2.25241 -0.320991 20
      vertex -1.9643 1.37904 20
      vertex -2.00866 1.35806 20
    endloop
  endfacet
  facet normal 0 0 1
    outer loop
      vertex -2.25241 -0.320991 20
      vertex -2.00866 1.35806 20
      vertex -2.05486 1.34153 20
    endloop
  endfacet
  facet normal 0 0 1
    outer loop
      vertex -2.25241 -0.320991 20
      vertex -2.05486 1.34153 20
      vertex -2.10245 1.32961 20
    endloop
  endfacet
  facet normal 0 0 1
    outer loop
      vertex -2.25241 -0.320991 20
      vertex -2.10245 1.32961 20
      vertex -2.15099 1.32241 20
    endloop
  endfacet
  facet normal -0 0 1
    outer loop
      vertex -2.47221 -0.785734 20
      vertex -1.4372 -2.16349 20
      vertex -2.4328 -0.756505 20
    endloop
  endfacet
  facet normal 0 0 1
    outer loop
      vertex -2.25241 -0.320991 20
      vertex -2.15099 1.32241 20
      vertex -2.2 1.32 20
    endloop
  endfacet
  facet normal 0 0 1
    outer loop
      vertex -2.5143 0.07096 20
      vertex -2.2 1.32 20
      vertex -2.24901 1.32241 20
    endloop
  endfacet
  facet normal 0 0 1
    outer loop
      vertex -1.4372 -2.16349 20
      vertex -2.47221 -0.785734 20
      vertex -1.47355 -2.19645 20
    endloop
  endfacet
  facet normal -0 0 1
    outer loop
      vertex -2.5143 -0.81096 20
      vertex -1.47355 -2.19645 20
      vertex -2.47221 -0.785734 20
    endloop
  endfacet
  facet normal 0 0 1
    outer loop
      vertex -1.47355 -2.19645 20
      vertex -2.5143 -0.81096 20
      vertex -1.50651 -2.2328 20
    endloop
  endfacet
  facet normal -0 0 1
    outer loop
      vertex -2.55866 -0.83194 20
      vertex -1.50651 -2.2328 20
      vertex -2.5143 -0.81096 20
    endloop
  endfacet
  facet normal 0 0 1
    outer loop
      vertex -1.50651 -2.2328 20
      vertex -2.55866 -0.83194 20
      vertex -1.53573 -2.27221 20
    endloop
  endfacet
  facet normal -0 0 1
    outer loop
      vertex -2.60486 -0.84847 20
      vertex -1.53573 -2.27221 20
      vertex -2.55866 -0.83194 20
    endloop
  endfacet
  facet normal 0 0 1
    outer loop
      vertex -1.53573 -2.27221 20
      vertex -2.60486 -0.84847 20
      vertex -1.56096 -2.3143 20
    endloop
  endfacet
  facet normal -0 0 1
    outer loop
      vertex -2.65245 -0.860393 20
      vertex -1.56096 -2.3143 20
      vertex -2.60486 -0.84847 20
    endloop
  endfacet
  facet normal 0 0 1
    outer loop
      vertex -1.56096 -2.3143 20
      vertex -2.65245 -0.860393 20
      vertex -1.58194 -2.35866 20
    endloop
  endfacet
  facet normal 0 0 1
    outer loop
      vertex -1.3557 -2.99096 20
      vertex -2.16842 -4.05684 20
      vertex -1.76034 -4.24985 20
    endloop
  endfacet
  facet normal -0 0 1
    outer loop
      vertex -2.70099 -0.867592 20
      vertex -1.58194 -2.35866 20
      vertex -2.65245 -0.860393 20
    endloop
  endfacet
  facet normal 0 0 1
    outer loop
      vertex -1.58194 -2.35866 20
      vertex -2.70099 -0.867592 20
      vertex -1.59847 -2.40486 20
    endloop
  endfacet
  facet normal 0 0 1
    outer loop
      vertex -1.50651 -2.8672 20
      vertex -2.55562 -3.82476 20
      vertex -2.16842 -4.05684 20
    endloop
  endfacet
  facet normal -0 0 1
    outer loop
      vertex -2.75 -0.87 20
      vertex -1.59847 -2.40486 20
      vertex -2.70099 -0.867592 20
    endloop
  endfacet
  facet normal 0 0 1
    outer loop
      vertex -3.55585 -2.91821 20
      vertex -1.59847 -2.40486 20
      vertex -2.75 -0.87 20
    endloop
  endfacet
  facet normal 0 0 1
    outer loop
      vertex -1.59847 -2.40486 20
      vertex -3.55585 -2.91821 20
      vertex -1.61039 -2.45245 20
    endloop
  endfacet
  facet normal 0 0 1
    outer loop
      vertex -1.61039 -2.45245 20
      vertex -3.55585 -2.91821 20
      vertex -1.61759 -2.50099 20
    endloop
  endfacet
  facet normal 0 -0 1
    outer loop
      vertex -3.25269 -3.25269 20
      vertex -1.61759 -2.50099 20
      vertex -3.55585 -2.91821 20
    endloop
  endfacet
  facet normal 0 0 1
    outer loop
      vertex -3.82476 -2.55562 20
      vertex -2.75 -0.87 20
      vertex -2.79901 -0.867592 20
    endloop
  endfacet
  facet normal 0 0 1
    outer loop
      vertex -3.82476 -2.55562 20
      vertex -2.79901 -0.867592 20
      vertex -2.84754 -0.860393 20
    endloop
  endfacet
  facet normal 0 0 1
    outer loop
      vertex -4.05684 -2.16842 20
      vertex -2.84754 -0.860393 20
      vertex -2.89514 -0.84847 20
    endloop
  endfacet
  facet normal 0 0 1
    outer loop
      vertex -1.58194 -2.74134 20
      vertex -2.91821 -3.55585 20
      vertex -2.55562 -3.82476 20
    endloop
  endfacet
  facet normal 0 0 1
    outer loop
      vertex -4.05684 -2.16842 20
      vertex -2.89514 -0.84847 20
      vertex -2.94134 -0.83194 20
    endloop
  endfacet
  facet normal 0 0 1
    outer loop
      vertex -4.05684 -2.16842 20
      vertex -2.94134 -0.83194 20
      vertex -2.9857 -0.81096 20
    endloop
  endfacet
  facet normal 0 0 1
    outer loop
      vertex -4.24985 -1.76034 20
      vertex -2.9857 -0.81096 20
      vertex -3.02778 -0.785734 20
    endloop
  endfacet
  facet normal 0 0 1
    outer loop
      vertex -4.24985 -1.76034 20
      vertex -3.02778 -0.785734 20
      vertex -3.0672 -0.756505 20
    endloop
  endfacet
  facet normal 0 0 1
    outer loop
      vertex -4.24985 -1.76034 20
      vertex -3.0672 -0.756505 20
      vertex -3.10355 -0.723553 20
    endloop
  endfacet
  facet normal 0 0 1
    outer loop
      vertex -4.40193 -1.33531 20
      vertex -3.10355 -0.723553 20
      vertex -3.13651 -0.687196 20
    endloop
  endfacet
  facet normal 0 0 1
    outer loop
      vertex -4.40193 -1.33531 20
      vertex -3.13651 -0.687196 20
      vertex -3.16573 -0.647784 20
    endloop
  endfacet
  facet normal 0 0 1
    outer loop
      vertex -4.40193 -1.33531 20
      vertex -3.16573 -0.647784 20
      vertex -3.19096 -0.605698 20
    endloop
  endfacet
  facet normal 0 0 1
    outer loop
      vertex -4.51161 -0.897415 20
      vertex -3.19096 -0.605698 20
      vertex -3.21194 -0.561341 20
    endloop
  endfacet
  facet normal 0 0 1
    outer loop
      vertex -4.51161 -0.897415 20
      vertex -3.21194 -0.561341 20
      vertex -3.22847 -0.515141 20
    endloop
  endfacet
  facet normal 0 0 1
    outer loop
      vertex -4.51161 -0.897415 20
      vertex -3.22847 -0.515141 20
      vertex -3.24039 -0.467545 20
    endloop
  endfacet
  facet normal -0 0 1
    outer loop
      vertex -4.57785 -0.450878 20
      vertex -3.24039 -0.467545 20
      vertex -3.24759 -0.419008 20
    endloop
  endfacet
  facet normal 0 0 1
    outer loop
      vertex -1.61759 -2.59901 20
      vertex -3.25269 -3.25269 20
      vertex -2.91821 -3.55585 20
    endloop
  endfacet
  facet normal 0 0 1
    outer loop
      vertex -4.57785 -0.450878 20
      vertex -3.24759 -0.419008 20
      vertex -3.25 -0.37 20
    endloop
  endfacet
  facet normal 0 0 1
    outer loop
      vertex -3.13651 -0.052803 20
      vertex -4.57785 0.450878 20
      vertex -3.16573 -0.0922146 20
    endloop
  endfacet
  facet normal 0 0 1
    outer loop
      vertex -3.16573 -0.0922146 20
      vertex -4.57785 0.450878 20
      vertex -3.19096 -0.134301 20
    endloop
  endfacet
  facet normal 0 0 1
    outer loop
      vertex -1.61759 -2.50099 20
      vertex -3.25269 -3.25269 20
      vertex -1.62 -2.55 20
    endloop
  endfacet
  facet normal -0 0 1
    outer loop
      vertex -4.6 0 20
      vertex -3.19096 -0.134301 20
      vertex -4.57785 0.450878 20
    endloop
  endfacet
  facet normal 0 0 1
    outer loop
      vertex -2.75 -0.87 20
      vertex -3.82476 -2.55562 20
      vertex -3.55585 -2.91821 20
    endloop
  endfacet
  facet normal 0 0 1
    outer loop
      vertex -3.19096 -0.134301 20
      vertex -4.6 0 20
      vertex -3.21194 -0.178658 20
    endloop
  endfacet
  facet normal 0 0 1
    outer loop
      vertex -2.84754 -0.860393 20
      vertex -4.05684 -2.16842 20
      vertex -3.82476 -2.55562 20
    endloop
  endfacet
  facet normal 0 0 1
    outer loop
      vertex -3.21194 -0.178658 20
      vertex -4.6 0 20
      vertex -3.22847 -0.224857 20
    endloop
  endfacet
  facet normal 0 0 1
    outer loop
      vertex -2.9857 -0.81096 20
      vertex -4.24985 -1.76034 20
      vertex -4.05684 -2.16842 20
    endloop
  endfacet
  facet normal 0 0 1
    outer loop
      vertex -3.22847 -0.224857 20
      vertex -4.6 0 20
      vertex -3.24039 -0.272454 20
    endloop
  endfacet
  facet normal 0 0 1
    outer loop
      vertex -3.10355 -0.723553 20
      vertex -4.40193 -1.33531 20
      vertex -4.24985 -1.76034 20
    endloop
  endfacet
  facet normal 0 0 1
    outer loop
      vertex -3.24039 -0.272454 20
      vertex -4.6 0 20
      vertex -3.24759 -0.320991 20
    endloop
  endfacet
  facet normal 0 0 1
    outer loop
      vertex -3.19096 -0.605698 20
      vertex -4.51161 -0.897415 20
      vertex -4.40193 -1.33531 20
    endloop
  endfacet
  facet normal 0 -0 1
    outer loop
      vertex -4.57785 -0.450878 20
      vertex -3.24759 -0.320991 20
      vertex -4.6 0 20
    endloop
  endfacet
  facet normal 0 0 1
    outer loop
      vertex -3.24039 -0.467545 20
      vertex -4.57785 -0.450878 20
      vertex -4.51161 -0.897415 20
    endloop
  endfacet
  facet normal 0 0 1
    outer loop
      vertex -3.24759 -0.320991 20
      vertex -4.57785 -0.450878 20
      vertex -3.25 -0.37 20
    endloop
  endfacet
  facet normal 0 0 1
    outer loop
      vertex 2.9857 0.07096 20
      vertex 2.61573 1.54221 20
      vertex 2.94134 0.091939 20
    endloop
  endfacet
  facet normal -0 0 1
    outer loop
      vertex 2.5865 1.5028 20
      vertex 2.94134 0.091939 20
      vertex 2.61573 1.54221 20
    endloop
  endfacet
  facet normal 0 0 1
    outer loop
      vertex 2.94134 0.091939 20
      vertex 2.5865 1.5028 20
      vertex 2.89514 0.10847 20
    endloop
  endfacet
  facet normal -0 0 1
    outer loop
      vertex 2.55355 1.46645 20
      vertex 2.89514 0.10847 20
      vertex 2.5865 1.5028 20
    endloop
  endfacet
  facet normal 0 0 1
    outer loop
      vertex 2.89514 0.10847 20
      vertex 2.55355 1.46645 20
      vertex 2.84754 0.120392 20
    endloop
  endfacet
  facet normal -0 0 1
    outer loop
      vertex 2.5172 1.43349 20
      vertex 2.84754 0.120392 20
      vertex 2.55355 1.46645 20
    endloop
  endfacet
  facet normal 0 0 1
    outer loop
      vertex 2.84754 0.120392 20
      vertex 2.5172 1.43349 20
      vertex 2.79901 0.127592 20
    endloop
  endfacet
  facet normal -0 0 1
    outer loop
      vertex 2.47779 1.40426 20
      vertex 2.79901 0.127592 20
      vertex 2.5172 1.43349 20
    endloop
  endfacet
  facet normal 0 0 1
    outer loop
      vertex 2.79901 0.127592 20
      vertex 2.47779 1.40426 20
      vertex 2.75 0.129999 20
    endloop
  endfacet
  facet normal -0 0 1
    outer loop
      vertex 2.4357 1.37904 20
      vertex 2.75 0.129999 20
      vertex 2.47779 1.40426 20
    endloop
  endfacet
  facet normal 0 0 1
    outer loop
      vertex 2.75 0.129999 20
      vertex 2.4357 1.37904 20
      vertex 2.70099 0.127592 20
    endloop
  endfacet
  facet normal -0 0 1
    outer loop
      vertex 2.39134 1.35806 20
      vertex 2.70099 0.127592 20
      vertex 2.4357 1.37904 20
    endloop
  endfacet
  facet normal 0 0 1
    outer loop
      vertex 2.70099 0.127592 20
      vertex 2.39134 1.35806 20
      vertex 2.65245 0.120392 20
    endloop
  endfacet
  facet normal -0 0 1
    outer loop
      vertex 2.34514 1.34153 20
      vertex 2.65245 0.120392 20
      vertex 2.39134 1.35806 20
    endloop
  endfacet
  facet normal 0 0 1
    outer loop
      vertex 2.65245 0.120392 20
      vertex 2.34514 1.34153 20
      vertex 2.60486 0.10847 20
    endloop
  endfacet
  facet normal -0 0 1
    outer loop
      vertex 2.29754 1.32961 20
      vertex 2.60486 0.10847 20
      vertex 2.34514 1.34153 20
    endloop
  endfacet
  facet normal 0 0 1
    outer loop
      vertex 2.60486 0.10847 20
      vertex 2.29754 1.32961 20
      vertex 2.55866 0.091939 20
    endloop
  endfacet
  facet normal -0 0 1
    outer loop
      vertex 2.24901 1.32241 20
      vertex 2.55866 0.091939 20
      vertex 2.29754 1.32961 20
    endloop
  endfacet
  facet normal 0 0 1
    outer loop
      vertex 2.55866 0.091939 20
      vertex 2.24901 1.32241 20
      vertex 2.5143 0.07096 20
    endloop
  endfacet
  facet normal -0 0 1
    outer loop
      vertex 2.2 1.32 20
      vertex 2.5143 0.07096 20
      vertex 2.24901 1.32241 20
    endloop
  endfacet
  facet normal 0 0 1
    outer loop
      vertex 2.5143 0.07096 20
      vertex 2.2 1.32 20
      vertex 2.47221 0.0457344 20
    endloop
  endfacet
  facet normal 0 0 1
    outer loop
      vertex 2.15099 1.32241 20
      vertex 2.47221 0.0457344 20
      vertex 2.2 1.32 20
    endloop
  endfacet
  facet normal 0 0 1
    outer loop
      vertex 2.47221 0.0457344 20
      vertex 2.15099 1.32241 20
      vertex 2.4328 0.0165043 20
    endloop
  endfacet
  facet normal 0 0 1
    outer loop
      vertex 2.10245 1.32961 20
      vertex 2.4328 0.0165043 20
      vertex 2.15099 1.32241 20
    endloop
  endfacet
  facet normal 0 0 1
    outer loop
      vertex 2.4328 0.0165043 20
      vertex 2.10245 1.32961 20
      vertex 2.39645 -0.0164461 20
    endloop
  endfacet
  facet normal 0 0 1
    outer loop
      vertex 2.05486 1.34153 20
      vertex 2.39645 -0.0164461 20
      vertex 2.10245 1.32961 20
    endloop
  endfacet
  facet normal 0 0 1
    outer loop
      vertex 2.39645 -0.0164461 20
      vertex 2.05486 1.34153 20
      vertex 2.36349 -0.052803 20
    endloop
  endfacet
  facet normal 0 0 1
    outer loop
      vertex 2.00866 1.35806 20
      vertex 2.36349 -0.052803 20
      vertex 2.05486 1.34153 20
    endloop
  endfacet
  facet normal 0 0 1
    outer loop
      vertex 2.36349 -0.052803 20
      vertex 2.00866 1.35806 20
      vertex 2.33426 -0.0922146 20
    endloop
  endfacet
  facet normal 0 0 1
    outer loop
      vertex 1.9643 1.37904 20
      vertex 2.33426 -0.0922146 20
      vertex 2.00866 1.35806 20
    endloop
  endfacet
  facet normal -0.595692 0.803213 0
    outer loop
      vertex -2.55562 3.82476 12
      vertex -2.91821 3.55585 20
      vertex -2.55562 3.82476 20
    endloop
  endfacet
  facet normal -0.595692 0.803213 0
    outer loop
      vertex -2.91821 3.55585 20
      vertex -2.55562 3.82476 12
      vertex -2.91821 3.55585 12
    endloop
  endfacet
  facet normal -0.514105 0.857727 0
    outer loop
      vertex -2.16842 4.05684 12
      vertex -2.55562 3.82476 20
      vertex -2.16842 4.05684 20
    endloop
  endfacet
  facet normal -0.514105 0.857727 0
    outer loop
      vertex -2.55562 3.82476 20
      vertex -2.16842 4.05684 12
      vertex -2.55562 3.82476 12
    endloop
  endfacet
  facet normal -0.671565 0.740946 0
    outer loop
      vertex -2.91821 3.55585 12
      vertex -3.25269 3.25269 20
      vertex -2.91821 3.55585 20
    endloop
  endfacet
  facet normal -0.671565 0.740946 0
    outer loop
      vertex -3.25269 3.25269 20
      vertex -2.91821 3.55585 12
      vertex -3.25269 3.25269 12
    endloop
  endfacet
  facet normal -0.336893 0.941543 0
    outer loop
      vertex -1.33531 4.40193 12
      vertex -1.76034 4.24985 20
      vertex -1.33531 4.40193 20
    endloop
  endfacet
  facet normal -0.336893 0.941543 0
    outer loop
      vertex -1.76034 4.24985 20
      vertex -1.33531 4.40193 12
      vertex -1.76034 4.24985 12
    endloop
  endfacet
  facet normal -0.146728 0.989177 0
    outer loop
      vertex -0.799999 4.52606 12
      vertex -0.897415 4.51161 20
      vertex -0.799999 4.52606 20
    endloop
  endfacet
  facet normal -0.146728 0.989177 0
    outer loop
      vertex -0.897415 4.51161 20
      vertex -0.799999 4.52606 12
      vertex -0.897415 4.51161 12
    endloop
  endfacet
  facet normal 0.998795 -0.0490672 0
    outer loop
      vertex 4.57785 -0.450878 20
      vertex 4.6 0 12
      vertex 4.6 0 20
    endloop
  endfacet
  facet normal 0.998795 -0.0490672 0
    outer loop
      vertex 4.6 0 12
      vertex 4.57785 -0.450878 20
      vertex 4.57785 -0.450878 12
    endloop
  endfacet
  facet normal 0.740946 -0.671565 0
    outer loop
      vertex 3.25269 -3.25269 20
      vertex 3.55585 -2.91821 12
      vertex 3.55585 -2.91821 20
    endloop
  endfacet
  facet normal 0.740946 -0.671565 0
    outer loop
      vertex 3.55585 -2.91821 12
      vertex 3.25269 -3.25269 20
      vertex 3.25269 -3.25269 12
    endloop
  endfacet
  facet normal 0.903987 -0.42756 0
    outer loop
      vertex 4.05684 -2.16842 20
      vertex 4.24985 -1.76034 12
      vertex 4.24985 -1.76034 20
    endloop
  endfacet
  facet normal 0.903987 -0.42756 0
    outer loop
      vertex 4.24985 -1.76034 12
      vertex 4.05684 -2.16842 20
      vertex 4.05684 -2.16842 12
    endloop
  endfacet
  facet normal 0.941543 -0.336893 0
    outer loop
      vertex 4.24985 -1.76034 20
      vertex 4.40193 -1.33531 12
      vertex 4.40193 -1.33531 20
    endloop
  endfacet
  facet normal 0.941543 -0.336893 0
    outer loop
      vertex 4.40193 -1.33531 12
      vertex 4.24985 -1.76034 20
      vertex 4.24985 -1.76034 12
    endloop
  endfacet
  facet normal 0.989176 -0.146736 0
    outer loop
      vertex 4.51161 -0.897415 20
      vertex 4.57785 -0.450878 12
      vertex 4.57785 -0.450878 20
    endloop
  endfacet
  facet normal 0.989176 -0.146736 0
    outer loop
      vertex 4.57785 -0.450878 12
      vertex 4.51161 -0.897415 20
      vertex 4.51161 -0.897415 12
    endloop
  endfacet
  facet normal 0.803213 -0.595692 0
    outer loop
      vertex 3.55585 -2.91821 20
      vertex 3.82476 -2.55562 12
      vertex 3.82476 -2.55562 20
    endloop
  endfacet
  facet normal 0.803213 -0.595692 0
    outer loop
      vertex 3.82476 -2.55562 12
      vertex 3.55585 -2.91821 20
      vertex 3.55585 -2.91821 12
    endloop
  endfacet
  facet normal 0.514105 -0.857727 0
    outer loop
      vertex 2.16842 -4.05684 12
      vertex 2.55562 -3.82476 20
      vertex 2.16842 -4.05684 20
    endloop
  endfacet
  facet normal 0.514105 -0.857727 0
    outer loop
      vertex 2.55562 -3.82476 20
      vertex 2.16842 -4.05684 12
      vertex 2.55562 -3.82476 12
    endloop
  endfacet
  facet normal -0.970035 -0.242966 0
    outer loop
      vertex -4.40193 -1.33531 12
      vertex -4.51161 -0.897415 20
      vertex -4.51161 -0.897415 12
    endloop
  endfacet
  facet normal -0.970035 -0.242966 0
    outer loop
      vertex -4.51161 -0.897415 20
      vertex -4.40193 -1.33531 12
      vertex -4.40193 -1.33531 20
    endloop
  endfacet
  facet normal 0.42756 -0.903987 0
    outer loop
      vertex 1.76034 -4.24985 12
      vertex 2.16842 -4.05684 20
      vertex 1.76034 -4.24985 20
    endloop
  endfacet
  facet normal 0.42756 -0.903987 0
    outer loop
      vertex 2.16842 -4.05684 20
      vertex 1.76034 -4.24985 12
      vertex 2.16842 -4.05684 12
    endloop
  endfacet
  facet normal 0.857727 -0.514105 0
    outer loop
      vertex 3.82476 -2.55562 20
      vertex 4.05684 -2.16842 12
      vertex 4.05684 -2.16842 20
    endloop
  endfacet
  facet normal 0.857727 -0.514105 0
    outer loop
      vertex 4.05684 -2.16842 12
      vertex 3.82476 -2.55562 20
      vertex 3.82476 -2.55562 12
    endloop
  endfacet
  facet normal -0.146736 -0.989176 0
    outer loop
      vertex -0.897415 -4.51161 12
      vertex -0.450878 -4.57785 20
      vertex -0.897415 -4.51161 20
    endloop
  endfacet
  facet normal -0.146736 -0.989176 -0
    outer loop
      vertex -0.450878 -4.57785 20
      vertex -0.897415 -4.51161 12
      vertex -0.450878 -4.57785 12
    endloop
  endfacet
  facet normal -0.903987 -0.42756 0
    outer loop
      vertex -4.05684 -2.16842 12
      vertex -4.24985 -1.76034 20
      vertex -4.24985 -1.76034 12
    endloop
  endfacet
  facet normal -0.903987 -0.42756 0
    outer loop
      vertex -4.24985 -1.76034 20
      vertex -4.05684 -2.16842 12
      vertex -4.05684 -2.16842 20
    endloop
  endfacet
  facet normal -0.803213 -0.595692 0
    outer loop
      vertex -3.55585 -2.91821 12
      vertex -3.82476 -2.55562 20
      vertex -3.82476 -2.55562 12
    endloop
  endfacet
  facet normal -0.803213 -0.595692 0
    outer loop
      vertex -3.82476 -2.55562 20
      vertex -3.55585 -2.91821 12
      vertex -3.55585 -2.91821 20
    endloop
  endfacet
  facet normal -0.941543 -0.336893 0
    outer loop
      vertex -4.24985 -1.76034 12
      vertex -4.40193 -1.33531 20
      vertex -4.40193 -1.33531 12
    endloop
  endfacet
  facet normal -0.941543 -0.336893 0
    outer loop
      vertex -4.40193 -1.33531 20
      vertex -4.24985 -1.76034 12
      vertex -4.24985 -1.76034 20
    endloop
  endfacet
  facet normal -0.989176 -0.146736 0
    outer loop
      vertex -4.51161 -0.897415 12
      vertex -4.57785 -0.450878 20
      vertex -4.57785 -0.450878 12
    endloop
  endfacet
  facet normal -0.989176 -0.146736 0
    outer loop
      vertex -4.57785 -0.450878 20
      vertex -4.51161 -0.897415 12
      vertex -4.51161 -0.897415 20
    endloop
  endfacet
  facet normal -0.998795 -0.0490672 0
    outer loop
      vertex -4.57785 -0.450878 12
      vertex -4.6 0 20
      vertex -4.6 0 12
    endloop
  endfacet
  facet normal -0.998795 -0.0490672 0
    outer loop
      vertex -4.6 0 20
      vertex -4.57785 -0.450878 12
      vertex -4.57785 -0.450878 20
    endloop
  endfacet
  facet normal 0.671565 -0.740946 0
    outer loop
      vertex 2.91821 -3.55585 12
      vertex 3.25269 -3.25269 20
      vertex 2.91821 -3.55585 20
    endloop
  endfacet
  facet normal 0.671565 -0.740946 0
    outer loop
      vertex 3.25269 -3.25269 20
      vertex 2.91821 -3.55585 12
      vertex 3.25269 -3.25269 12
    endloop
  endfacet
  facet normal 0.595692 -0.803213 0
    outer loop
      vertex 2.55562 -3.82476 12
      vertex 2.91821 -3.55585 20
      vertex 2.55562 -3.82476 20
    endloop
  endfacet
  facet normal 0.595692 -0.803213 0
    outer loop
      vertex 2.91821 -3.55585 20
      vertex 2.55562 -3.82476 12
      vertex 2.91821 -3.55585 12
    endloop
  endfacet
  facet normal -0.595692 -0.803213 0
    outer loop
      vertex -2.91821 -3.55585 12
      vertex -2.55562 -3.82476 20
      vertex -2.91821 -3.55585 20
    endloop
  endfacet
  facet normal -0.595692 -0.803213 -0
    outer loop
      vertex -2.55562 -3.82476 20
      vertex -2.91821 -3.55585 12
      vertex -2.55562 -3.82476 12
    endloop
  endfacet
  facet normal -0.42756 -0.903987 0
    outer loop
      vertex -2.16842 -4.05684 12
      vertex -1.76034 -4.24985 20
      vertex -2.16842 -4.05684 20
    endloop
  endfacet
  facet normal -0.42756 -0.903987 -0
    outer loop
      vertex -1.76034 -4.24985 20
      vertex -2.16842 -4.05684 12
      vertex -1.76034 -4.24985 12
    endloop
  endfacet
  facet normal -0.514105 -0.857727 0
    outer loop
      vertex -2.55562 -3.82476 12
      vertex -2.16842 -4.05684 20
      vertex -2.55562 -3.82476 20
    endloop
  endfacet
  facet normal -0.514105 -0.857727 -0
    outer loop
      vertex -2.16842 -4.05684 20
      vertex -2.55562 -3.82476 12
      vertex -2.16842 -4.05684 12
    endloop
  endfacet
  facet normal -0.336893 -0.941543 0
    outer loop
      vertex -1.76034 -4.24985 12
      vertex -1.33531 -4.40193 20
      vertex -1.76034 -4.24985 20
    endloop
  endfacet
  facet normal -0.336893 -0.941543 -0
    outer loop
      vertex -1.33531 -4.40193 20
      vertex -1.76034 -4.24985 12
      vertex -1.33531 -4.40193 12
    endloop
  endfacet
  facet normal -0.242966 -0.970035 0
    outer loop
      vertex -1.33531 -4.40193 12
      vertex -0.897415 -4.51161 20
      vertex -1.33531 -4.40193 20
    endloop
  endfacet
  facet normal -0.242966 -0.970035 -0
    outer loop
      vertex -0.897415 -4.51161 20
      vertex -1.33531 -4.40193 12
      vertex -0.897415 -4.51161 12
    endloop
  endfacet
  facet normal -0.0490672 -0.998795 0
    outer loop
      vertex -0.450878 -4.57785 12
      vertex 0 -4.6 20
      vertex -0.450878 -4.57785 20
    endloop
  endfacet
  facet normal -0.0490672 -0.998795 -0
    outer loop
      vertex 0 -4.6 20
      vertex -0.450878 -4.57785 12
      vertex 0 -4.6 12
    endloop
  endfacet
  facet normal -0.857727 -0.514105 0
    outer loop
      vertex -3.82476 -2.55562 12
      vertex -4.05684 -2.16842 20
      vertex -4.05684 -2.16842 12
    endloop
  endfacet
  facet normal -0.857727 -0.514105 0
    outer loop
      vertex -4.05684 -2.16842 20
      vertex -3.82476 -2.55562 12
      vertex -3.82476 -2.55562 20
    endloop
  endfacet
  facet normal -0.671565 -0.740946 0
    outer loop
      vertex -3.25269 -3.25269 12
      vertex -2.91821 -3.55585 20
      vertex -3.25269 -3.25269 20
    endloop
  endfacet
  facet normal -0.671565 -0.740946 -0
    outer loop
      vertex -2.91821 -3.55585 20
      vertex -3.25269 -3.25269 12
      vertex -2.91821 -3.55585 12
    endloop
  endfacet
  facet normal -0.740946 -0.671565 0
    outer loop
      vertex -3.25269 -3.25269 12
      vertex -3.55585 -2.91821 20
      vertex -3.55585 -2.91821 12
    endloop
  endfacet
  facet normal -0.740946 -0.671565 0
    outer loop
      vertex -3.55585 -2.91821 20
      vertex -3.25269 -3.25269 12
      vertex -3.25269 -3.25269 20
    endloop
  endfacet
  facet normal 0.336893 -0.941543 0
    outer loop
      vertex 1.33531 -4.40193 12
      vertex 1.76034 -4.24985 20
      vertex 1.33531 -4.40193 20
    endloop
  endfacet
  facet normal 0.336893 -0.941543 0
    outer loop
      vertex 1.76034 -4.24985 20
      vertex 1.33531 -4.40193 12
      vertex 1.76034 -4.24985 12
    endloop
  endfacet
  facet normal 0.242966 -0.970035 0
    outer loop
      vertex 0.897415 -4.51161 12
      vertex 1.33531 -4.40193 20
      vertex 0.897415 -4.51161 20
    endloop
  endfacet
  facet normal 0.242966 -0.970035 0
    outer loop
      vertex 1.33531 -4.40193 20
      vertex 0.897415 -4.51161 12
      vertex 1.33531 -4.40193 12
    endloop
  endfacet
  facet normal -0.998794 -0.0490967 0
    outer loop
      vertex 3.3 1.82 0
      vertex 3.2947 1.92782 10
      vertex 3.2947 1.92782 0
    endloop
  endfacet
  facet normal -0.998794 -0.0490967 0
    outer loop
      vertex 3.2947 1.92782 10
      vertex 3.3 1.82 0
      vertex 3.3 1.82 10
    endloop
  endfacet
  facet normal 0.998794 -0.0490967 0
    outer loop
      vertex 1.1 1.82 10
      vertex 1.1053 1.92782 0
      vertex 1.1053 1.92782 10
    endloop
  endfacet
  facet normal 0.998794 -0.0490967 0
    outer loop
      vertex 1.1053 1.92782 0
      vertex 1.1 1.82 10
      vertex 1.1 1.82 0
    endloop
  endfacet
  facet normal 0.0490967 -0.998794 0
    outer loop
      vertex 2.09218 2.9147 0
      vertex 2.2 2.92 10
      vertex 2.09218 2.9147 10
    endloop
  endfacet
  facet normal 0.0490967 -0.998794 0
    outer loop
      vertex 2.2 2.92 10
      vertex 2.09218 2.9147 0
      vertex 2.2 2.92 0
    endloop
  endfacet
  facet normal -0.049069 0.998795 0
    outer loop
      vertex 2.30782 0.725296 0
      vertex 2.2 0.719999 10
      vertex 2.30782 0.725296 10
    endloop
  endfacet
  facet normal -0.049069 0.998795 0
    outer loop
      vertex 2.2 0.719999 10
      vertex 2.30782 0.725296 0
      vertex 2.2 0.719999 0
    endloop
  endfacet
  facet normal -0.671515 -0.740991 0
    outer loop
      vertex 2.89783 2.67031 0
      vertex 2.97782 2.59782 10
      vertex 2.89783 2.67031 10
    endloop
  endfacet
  facet normal -0.671515 -0.740991 -0
    outer loop
      vertex 2.97782 2.59782 10
      vertex 2.89783 2.67031 0
      vertex 2.97782 2.59782 0
    endloop
  endfacet
  facet normal 0.671515 -0.740991 0
    outer loop
      vertex 1.42218 2.59782 0
      vertex 1.50217 2.67031 10
      vertex 1.42218 2.59782 10
    endloop
  endfacet
  facet normal 0.671515 -0.740991 0
    outer loop
      vertex 1.50217 2.67031 10
      vertex 1.42218 2.59782 0
      vertex 1.50217 2.67031 0
    endloop
  endfacet
  facet normal 0.336829 -0.941566 0
    outer loop
      vertex 1.77905 2.83627 0
      vertex 1.88069 2.87263 10
      vertex 1.77905 2.83627 10
    endloop
  endfacet
  facet normal 0.336829 -0.941566 0
    outer loop
      vertex 1.88069 2.87263 10
      vertex 1.77905 2.83627 0
      vertex 1.88069 2.87263 0
    endloop
  endfacet
  facet normal -0.903977 -0.427581 0
    outer loop
      vertex 3.21627 2.24095 0
      vertex 3.17011 2.33854 10
      vertex 3.17011 2.33854 0
    endloop
  endfacet
  facet normal -0.903977 -0.427581 0
    outer loop
      vertex 3.17011 2.33854 10
      vertex 3.21627 2.24095 0
      vertex 3.21627 2.24095 10
    endloop
  endfacet
  facet normal -0.336829 -0.941566 0
    outer loop
      vertex 2.51931 2.87263 0
      vertex 2.62095 2.83627 10
      vertex 2.51931 2.87263 10
    endloop
  endfacet
  facet normal -0.336829 -0.941566 -0
    outer loop
      vertex 2.62095 2.83627 10
      vertex 2.51931 2.87263 0
      vertex 2.62095 2.83627 0
    endloop
  endfacet
  facet normal -0.51406 -0.857754 0
    outer loop
      vertex 2.71854 2.79011 0
      vertex 2.81113 2.73462 10
      vertex 2.71854 2.79011 10
    endloop
  endfacet
  facet normal -0.51406 -0.857754 -0
    outer loop
      vertex 2.81113 2.73462 10
      vertex 2.71854 2.79011 0
      vertex 2.81113 2.73462 0
    endloop
  endfacet
  facet normal 0.903977 -0.427581 0
    outer loop
      vertex 1.18373 2.24095 10
      vertex 1.22989 2.33854 0
      vertex 1.22989 2.33854 10
    endloop
  endfacet
  facet normal 0.903977 -0.427581 0
    outer loop
      vertex 1.22989 2.33854 0
      vertex 1.18373 2.24095 10
      vertex 1.18373 2.24095 0
    endloop
  endfacet
  facet normal 0.146737 -0.989176 0
    outer loop
      vertex 1.9854 2.89886 0
      vertex 2.09218 2.9147 10
      vertex 1.9854 2.89886 10
    endloop
  endfacet
  facet normal 0.146737 -0.989176 0
    outer loop
      vertex 2.09218 2.9147 10
      vertex 1.9854 2.89886 0
      vertex 2.09218 2.9147 0
    endloop
  endfacet
  facet normal -0.989176 0.146737 0
    outer loop
      vertex 3.27886 1.6054 0
      vertex 3.2947 1.71218 10
      vertex 3.2947 1.71218 0
    endloop
  endfacet
  facet normal -0.989176 0.146737 0
    outer loop
      vertex 3.2947 1.71218 10
      vertex 3.27886 1.6054 0
      vertex 3.27886 1.6054 10
    endloop
  endfacet
  facet normal -0.146737 0.989176 0
    outer loop
      vertex 2.4146 0.741136 0
      vertex 2.30782 0.725296 10
      vertex 2.4146 0.741136 10
    endloop
  endfacet
  facet normal -0.146737 0.989176 0
    outer loop
      vertex 2.30782 0.725296 10
      vertex 2.4146 0.741136 0
      vertex 2.30782 0.725296 0
    endloop
  endfacet
  facet normal -0.427535 0.903999 0
    outer loop
      vertex 2.71854 0.849886 0
      vertex 2.62095 0.803732 10
      vertex 2.71854 0.849886 10
    endloop
  endfacet
  facet normal -0.427535 0.903999 0
    outer loop
      vertex 2.62095 0.803732 10
      vertex 2.71854 0.849886 0
      vertex 2.62095 0.803732 0
    endloop
  endfacet
  facet normal -0.970028 -0.242993 0
    outer loop
      vertex 3.27886 2.0346 0
      vertex 3.25263 2.13931 10
      vertex 3.25263 2.13931 0
    endloop
  endfacet
  facet normal -0.970028 -0.242993 0
    outer loop
      vertex 3.25263 2.13931 10
      vertex 3.27886 2.0346 0
      vertex 3.27886 2.0346 10
    endloop
  endfacet
  facet normal -0.989176 -0.146737 0
    outer loop
      vertex 3.2947 1.92782 0
      vertex 3.27886 2.0346 10
      vertex 3.27886 2.0346 0
    endloop
  endfacet
  facet normal -0.989176 -0.146737 0
    outer loop
      vertex 3.27886 2.0346 10
      vertex 3.2947 1.92782 0
      vertex 3.2947 1.92782 10
    endloop
  endfacet
  facet normal -0.941566 -0.336829 0
    outer loop
      vertex 3.25263 2.13931 0
      vertex 3.21627 2.24095 10
      vertex 3.21627 2.24095 0
    endloop
  endfacet
  facet normal -0.941566 -0.336829 0
    outer loop
      vertex 3.21627 2.24095 10
      vertex 3.25263 2.13931 0
      vertex 3.25263 2.13931 10
    endloop
  endfacet
  facet normal -0.803168 -0.595752 0
    outer loop
      vertex 3.11462 2.43113 0
      vertex 3.05031 2.51783 10
      vertex 3.05031 2.51783 0
    endloop
  endfacet
  facet normal -0.803168 -0.595752 0
    outer loop
      vertex 3.05031 2.51783 10
      vertex 3.11462 2.43113 0
      vertex 3.11462 2.43113 10
    endloop
  endfacet
  facet normal -0.740991 -0.671515 0
    outer loop
      vertex 3.05031 2.51783 0
      vertex 2.97782 2.59782 10
      vertex 2.97782 2.59782 0
    endloop
  endfacet
  facet normal -0.740991 -0.671515 0
    outer loop
      vertex 2.97782 2.59782 10
      vertex 3.05031 2.51783 0
      vertex 3.05031 2.51783 10
    endloop
  endfacet
  facet normal -0.857754 -0.51406 0
    outer loop
      vertex 3.17011 2.33854 0
      vertex 3.11462 2.43113 10
      vertex 3.11462 2.43113 0
    endloop
  endfacet
  facet normal -0.857754 -0.51406 0
    outer loop
      vertex 3.11462 2.43113 10
      vertex 3.17011 2.33854 0
      vertex 3.17011 2.33854 10
    endloop
  endfacet
  facet normal -0.146737 -0.989176 0
    outer loop
      vertex 2.30782 2.9147 0
      vertex 2.4146 2.89886 10
      vertex 2.30782 2.9147 10
    endloop
  endfacet
  facet normal -0.146737 -0.989176 -0
    outer loop
      vertex 2.4146 2.89886 10
      vertex 2.30782 2.9147 0
      vertex 2.4146 2.89886 0
    endloop
  endfacet
  facet normal -0.242993 -0.970028 0
    outer loop
      vertex 2.4146 2.89886 0
      vertex 2.51931 2.87263 10
      vertex 2.4146 2.89886 10
    endloop
  endfacet
  facet normal -0.242993 -0.970028 -0
    outer loop
      vertex 2.51931 2.87263 10
      vertex 2.4146 2.89886 0
      vertex 2.51931 2.87263 0
    endloop
  endfacet
  facet normal -0.0490967 -0.998794 0
    outer loop
      vertex 2.2 2.92 0
      vertex 2.30782 2.9147 10
      vertex 2.2 2.92 10
    endloop
  endfacet
  facet normal -0.0490967 -0.998794 -0
    outer loop
      vertex 2.30782 2.9147 10
      vertex 2.2 2.92 0
      vertex 2.30782 2.9147 0
    endloop
  endfacet
  facet normal -0.427581 -0.903977 0
    outer loop
      vertex 2.62095 2.83627 0
      vertex 2.71854 2.79011 10
      vertex 2.62095 2.83627 10
    endloop
  endfacet
  facet normal -0.427581 -0.903977 -0
    outer loop
      vertex 2.71854 2.79011 10
      vertex 2.62095 2.83627 0
      vertex 2.71854 2.79011 0
    endloop
  endfacet
  facet normal -0.595752 -0.803168 0
    outer loop
      vertex 2.81113 2.73462 0
      vertex 2.89783 2.67031 10
      vertex 2.81113 2.73462 10
    endloop
  endfacet
  facet normal -0.595752 -0.803168 -0
    outer loop
      vertex 2.89783 2.67031 10
      vertex 2.81113 2.73462 0
      vertex 2.89783 2.67031 0
    endloop
  endfacet
  facet normal 0.970028 -0.242993 0
    outer loop
      vertex 1.12114 2.0346 10
      vertex 1.14737 2.13931 0
      vertex 1.14737 2.13931 10
    endloop
  endfacet
  facet normal 0.970028 -0.242993 0
    outer loop
      vertex 1.14737 2.13931 0
      vertex 1.12114 2.0346 10
      vertex 1.12114 2.0346 0
    endloop
  endfacet
  facet normal 0.803168 -0.595752 0
    outer loop
      vertex 1.28538 2.43113 10
      vertex 1.34969 2.51783 0
      vertex 1.34969 2.51783 10
    endloop
  endfacet
  facet normal 0.803168 -0.595752 0
    outer loop
      vertex 1.34969 2.51783 0
      vertex 1.28538 2.43113 10
      vertex 1.28538 2.43113 0
    endloop
  endfacet
  facet normal 0.740991 -0.671515 0
    outer loop
      vertex 1.34969 2.51783 10
      vertex 1.42218 2.59782 0
      vertex 1.42218 2.59782 10
    endloop
  endfacet
  facet normal 0.740991 -0.671515 0
    outer loop
      vertex 1.42218 2.59782 0
      vertex 1.34969 2.51783 10
      vertex 1.34969 2.51783 0
    endloop
  endfacet
  facet normal 0.857754 -0.51406 0
    outer loop
      vertex 1.22989 2.33854 10
      vertex 1.28538 2.43113 0
      vertex 1.28538 2.43113 10
    endloop
  endfacet
  facet normal 0.857754 -0.51406 0
    outer loop
      vertex 1.28538 2.43113 0
      vertex 1.22989 2.33854 10
      vertex 1.22989 2.33854 0
    endloop
  endfacet
  facet normal 0.941566 -0.336829 0
    outer loop
      vertex 1.14737 2.13931 10
      vertex 1.18373 2.24095 0
      vertex 1.18373 2.24095 10
    endloop
  endfacet
  facet normal 0.941566 -0.336829 0
    outer loop
      vertex 1.18373 2.24095 0
      vertex 1.14737 2.13931 10
      vertex 1.14737 2.13931 0
    endloop
  endfacet
  facet normal 0.989176 -0.146737 0
    outer loop
      vertex 1.1053 1.92782 10
      vertex 1.12114 2.0346 0
      vertex 1.12114 2.0346 10
    endloop
  endfacet
  facet normal 0.989176 -0.146737 0
    outer loop
      vertex 1.12114 2.0346 0
      vertex 1.1053 1.92782 10
      vertex 1.1053 1.92782 0
    endloop
  endfacet
  facet normal 0.51406 -0.857754 0
    outer loop
      vertex 1.58887 2.73462 0
      vertex 1.68146 2.79011 10
      vertex 1.58887 2.73462 10
    endloop
  endfacet
  facet normal 0.51406 -0.857754 0
    outer loop
      vertex 1.68146 2.79011 10
      vertex 1.58887 2.73462 0
      vertex 1.68146 2.79011 0
    endloop
  endfacet
  facet normal 0.427581 -0.903977 0
    outer loop
      vertex 1.68146 2.79011 0
      vertex 1.77905 2.83627 10
      vertex 1.68146 2.79011 10
    endloop
  endfacet
  facet normal 0.427581 -0.903977 0
    outer loop
      vertex 1.77905 2.83627 10
      vertex 1.68146 2.79011 0
      vertex 1.77905 2.83627 0
    endloop
  endfacet
  facet normal 0.595752 -0.803168 0
    outer loop
      vertex 1.50217 2.67031 0
      vertex 1.58887 2.73462 10
      vertex 1.50217 2.67031 10
    endloop
  endfacet
  facet normal 0.595752 -0.803168 0
    outer loop
      vertex 1.58887 2.73462 10
      vertex 1.50217 2.67031 0
      vertex 1.58887 2.73462 0
    endloop
  endfacet
  facet normal 0.242993 -0.970028 0
    outer loop
      vertex 1.88069 2.87263 0
      vertex 1.9854 2.89886 10
      vertex 1.88069 2.87263 10
    endloop
  endfacet
  facet normal 0.242993 -0.970028 0
    outer loop
      vertex 1.9854 2.89886 10
      vertex 1.88069 2.87263 0
      vertex 1.9854 2.89886 0
    endloop
  endfacet
  facet normal -0.998794 0.0490967 0
    outer loop
      vertex 3.2947 1.71218 0
      vertex 3.3 1.82 10
      vertex 3.3 1.82 0
    endloop
  endfacet
  facet normal -0.998794 0.0490967 0
    outer loop
      vertex 3.3 1.82 10
      vertex 3.2947 1.71218 0
      vertex 3.2947 1.71218 10
    endloop
  endfacet
  facet normal -0.514107 0.857726 0
    outer loop
      vertex 2.81113 0.905383 0
      vertex 2.71854 0.849886 10
      vertex 2.81113 0.905383 10
    endloop
  endfacet
  facet normal -0.514107 0.857726 0
    outer loop
      vertex 2.71854 0.849886 10
      vertex 2.81113 0.905383 0
      vertex 2.71854 0.849886 0
    endloop
  endfacet
  facet normal -0.740991 0.671515 0
    outer loop
      vertex 2.97782 1.04218 0
      vertex 3.05031 1.12217 10
      vertex 3.05031 1.12217 0
    endloop
  endfacet
  facet normal -0.740991 0.671515 0
    outer loop
      vertex 3.05031 1.12217 10
      vertex 2.97782 1.04218 0
      vertex 2.97782 1.04218 10
    endloop
  endfacet
  facet normal 0.903977 0.427581 0
    outer loop
      vertex 1.22989 1.30146 10
      vertex 1.18373 1.39905 0
      vertex 1.18373 1.39905 10
    endloop
  endfacet
  facet normal 0.903977 0.427581 0
    outer loop
      vertex 1.18373 1.39905 0
      vertex 1.22989 1.30146 10
      vertex 1.22989 1.30146 0
    endloop
  endfacet
  facet normal -0.941566 0.336829 0
    outer loop
      vertex 3.21627 1.39905 0
      vertex 3.25263 1.50069 10
      vertex 3.25263 1.50069 0
    endloop
  endfacet
  facet normal -0.941566 0.336829 0
    outer loop
      vertex 3.25263 1.50069 10
      vertex 3.21627 1.39905 0
      vertex 3.21627 1.39905 10
    endloop
  endfacet
  facet normal -0.970028 0.242993 0
    outer loop
      vertex 3.25263 1.50069 0
      vertex 3.27886 1.6054 10
      vertex 3.27886 1.6054 0
    endloop
  endfacet
  facet normal -0.970028 0.242993 0
    outer loop
      vertex 3.27886 1.6054 10
      vertex 3.25263 1.50069 0
      vertex 3.25263 1.50069 10
    endloop
  endfacet
  facet normal -0.803168 0.595752 0
    outer loop
      vertex 3.05031 1.12217 0
      vertex 3.11462 1.20887 10
      vertex 3.11462 1.20887 0
    endloop
  endfacet
  facet normal -0.803168 0.595752 0
    outer loop
      vertex 3.11462 1.20887 10
      vertex 3.05031 1.12217 0
      vertex 3.05031 1.12217 10
    endloop
  endfacet
  facet normal -0.903977 0.427581 0
    outer loop
      vertex 3.17011 1.30146 0
      vertex 3.21627 1.39905 10
      vertex 3.21627 1.39905 0
    endloop
  endfacet
  facet normal -0.903977 0.427581 0
    outer loop
      vertex 3.21627 1.39905 10
      vertex 3.17011 1.30146 0
      vertex 3.17011 1.30146 10
    endloop
  endfacet
  facet normal 0.336887 0.941545 -0
    outer loop
      vertex 1.88069 0.767365 0
      vertex 1.77905 0.803732 10
      vertex 1.88069 0.767365 10
    endloop
  endfacet
  facet normal 0.336887 0.941545 0
    outer loop
      vertex 1.77905 0.803732 10
      vertex 1.88069 0.767365 0
      vertex 1.77905 0.803732 0
    endloop
  endfacet
  facet normal 0.970028 0.242993 0
    outer loop
      vertex 1.14737 1.50069 10
      vertex 1.12114 1.6054 0
      vertex 1.12114 1.6054 10
    endloop
  endfacet
  facet normal 0.970028 0.242993 0
    outer loop
      vertex 1.12114 1.6054 0
      vertex 1.14737 1.50069 10
      vertex 1.14737 1.50069 0
    endloop
  endfacet
  facet normal -0.857754 0.51406 0
    outer loop
      vertex 3.11462 1.20887 0
      vertex 3.17011 1.30146 10
      vertex 3.17011 1.30146 0
    endloop
  endfacet
  facet normal -0.857754 0.51406 0
    outer loop
      vertex 3.17011 1.30146 10
      vertex 3.11462 1.20887 0
      vertex 3.11462 1.20887 10
    endloop
  endfacet
  facet normal -0.671525 0.740982 0
    outer loop
      vertex 2.97782 1.04218 0
      vertex 2.89783 0.969688 10
      vertex 2.97782 1.04218 10
    endloop
  endfacet
  facet normal -0.671525 0.740982 0
    outer loop
      vertex 2.89783 0.969688 10
      vertex 2.97782 1.04218 0
      vertex 2.89783 0.969688 0
    endloop
  endfacet
  facet normal -0.595723 0.80319 0
    outer loop
      vertex 2.89783 0.969688 0
      vertex 2.81113 0.905383 10
      vertex 2.89783 0.969688 10
    endloop
  endfacet
  facet normal -0.595723 0.80319 0
    outer loop
      vertex 2.81113 0.905383 10
      vertex 2.89783 0.969688 0
      vertex 2.81113 0.905383 0
    endloop
  endfacet
  facet normal 0.049069 0.998795 -0
    outer loop
      vertex 2.2 0.719999 0
      vertex 2.09218 0.725296 10
      vertex 2.2 0.719999 10
    endloop
  endfacet
  facet normal 0.049069 0.998795 0
    outer loop
      vertex 2.09218 0.725296 10
      vertex 2.2 0.719999 0
      vertex 2.09218 0.725296 0
    endloop
  endfacet
  facet normal 0.514107 0.857726 -0
    outer loop
      vertex 1.68146 0.849886 0
      vertex 1.58887 0.905383 10
      vertex 1.68146 0.849886 10
    endloop
  endfacet
  facet normal 0.514107 0.857726 0
    outer loop
      vertex 1.58887 0.905383 10
      vertex 1.68146 0.849886 0
      vertex 1.58887 0.905383 0
    endloop
  endfacet
  facet normal 0.671525 0.740982 -0
    outer loop
      vertex 1.50217 0.969688 0
      vertex 1.42218 1.04218 10
      vertex 1.50217 0.969688 10
    endloop
  endfacet
  facet normal 0.671525 0.740982 0
    outer loop
      vertex 1.42218 1.04218 10
      vertex 1.50217 0.969688 0
      vertex 1.42218 1.04218 0
    endloop
  endfacet
  facet normal 0.857754 0.51406 0
    outer loop
      vertex 1.28538 1.20887 10
      vertex 1.22989 1.30146 0
      vertex 1.22989 1.30146 10
    endloop
  endfacet
  facet normal 0.857754 0.51406 0
    outer loop
      vertex 1.22989 1.30146 0
      vertex 1.28538 1.20887 10
      vertex 1.28538 1.20887 0
    endloop
  endfacet
  facet normal 0.740991 0.671515 0
    outer loop
      vertex 1.42218 1.04218 10
      vertex 1.34969 1.12217 0
      vertex 1.34969 1.12217 10
    endloop
  endfacet
  facet normal 0.740991 0.671515 0
    outer loop
      vertex 1.34969 1.12217 0
      vertex 1.42218 1.04218 10
      vertex 1.42218 1.04218 0
    endloop
  endfacet
  facet normal 0.803168 0.595752 0
    outer loop
      vertex 1.34969 1.12217 10
      vertex 1.28538 1.20887 0
      vertex 1.28538 1.20887 10
    endloop
  endfacet
  facet normal 0.803168 0.595752 0
    outer loop
      vertex 1.28538 1.20887 0
      vertex 1.34969 1.12217 10
      vertex 1.34969 1.12217 0
    endloop
  endfacet
  facet normal 0.941566 0.336829 0
    outer loop
      vertex 1.18373 1.39905 10
      vertex 1.14737 1.50069 0
      vertex 1.14737 1.50069 10
    endloop
  endfacet
  facet normal 0.941566 0.336829 0
    outer loop
      vertex 1.14737 1.50069 0
      vertex 1.18373 1.39905 10
      vertex 1.18373 1.39905 0
    endloop
  endfacet
  facet normal 0.989176 0.146737 0
    outer loop
      vertex 1.12114 1.6054 10
      vertex 1.1053 1.71218 0
      vertex 1.1053 1.71218 10
    endloop
  endfacet
  facet normal 0.989176 0.146737 0
    outer loop
      vertex 1.1053 1.71218 0
      vertex 1.12114 1.6054 10
      vertex 1.12114 1.6054 0
    endloop
  endfacet
  facet normal 0.998794 0.0490967 0
    outer loop
      vertex 1.1053 1.71218 10
      vertex 1.1 1.82 0
      vertex 1.1 1.82 10
    endloop
  endfacet
  facet normal 0.998794 0.0490967 0
    outer loop
      vertex 1.1 1.82 0
      vertex 1.1053 1.71218 10
      vertex 1.1053 1.71218 0
    endloop
  endfacet
  facet normal 0.146737 0.989176 -0
    outer loop
      vertex 2.09218 0.725296 0
      vertex 1.9854 0.741136 10
      vertex 2.09218 0.725296 10
    endloop
  endfacet
  facet normal 0.146737 0.989176 0
    outer loop
      vertex 1.9854 0.741136 10
      vertex 2.09218 0.725296 0
      vertex 1.9854 0.741136 0
    endloop
  endfacet
  facet normal 0.595723 0.80319 -0
    outer loop
      vertex 1.58887 0.905383 0
      vertex 1.50217 0.969688 10
      vertex 1.58887 0.905383 10
    endloop
  endfacet
  facet normal 0.595723 0.80319 0
    outer loop
      vertex 1.50217 0.969688 10
      vertex 1.58887 0.905383 0
      vertex 1.50217 0.969688 0
    endloop
  endfacet
  facet normal 0.427535 0.903999 -0
    outer loop
      vertex 1.77905 0.803732 0
      vertex 1.68146 0.849886 10
      vertex 1.77905 0.803732 10
    endloop
  endfacet
  facet normal 0.427535 0.903999 0
    outer loop
      vertex 1.68146 0.849886 10
      vertex 1.77905 0.803732 0
      vertex 1.68146 0.849886 0
    endloop
  endfacet
  facet normal -0.336887 0.941545 0
    outer loop
      vertex 2.62095 0.803732 0
      vertex 2.51931 0.767365 10
      vertex 2.62095 0.803732 10
    endloop
  endfacet
  facet normal -0.336887 0.941545 0
    outer loop
      vertex 2.51931 0.767365 10
      vertex 2.62095 0.803732 0
      vertex 2.51931 0.767365 0
    endloop
  endfacet
  facet normal -0.242985 0.97003 0
    outer loop
      vertex 2.51931 0.767365 0
      vertex 2.4146 0.741136 10
      vertex 2.51931 0.767365 10
    endloop
  endfacet
  facet normal -0.242985 0.97003 0
    outer loop
      vertex 2.4146 0.741136 10
      vertex 2.51931 0.767365 0
      vertex 2.4146 0.741136 0
    endloop
  endfacet
  facet normal 0.242985 0.97003 -0
    outer loop
      vertex 1.9854 0.741136 0
      vertex 1.88069 0.767365 10
      vertex 1.9854 0.741136 10
    endloop
  endfacet
  facet normal 0.242985 0.97003 0
    outer loop
      vertex 1.88069 0.767365 10
      vertex 1.9854 0.741136 0
      vertex 1.88069 0.767365 0
    endloop
  endfacet
  facet normal -0.998793 -0.0491143 0
    outer loop
      vertex 2.7 1.82 10.8
      vertex 2.69759 1.86901 20
      vertex 2.69759 1.86901 10.8
    endloop
  endfacet
  facet normal -0.998793 -0.0491143 0
    outer loop
      vertex 2.69759 1.86901 20
      vertex 2.7 1.82 10.8
      vertex 2.7 1.82 20
    endloop
  endfacet
  facet normal 0.0491143 -0.998793 0
    outer loop
      vertex 2.15099 2.31759 10.8
      vertex 2.2 2.32 20
      vertex 2.15099 2.31759 20
    endloop
  endfacet
  facet normal 0.0491143 -0.998793 0
    outer loop
      vertex 2.2 2.32 20
      vertex 2.15099 2.31759 10.8
      vertex 2.2 2.32 10.8
    endloop
  endfacet
  facet normal -0.0491143 0.998793 0
    outer loop
      vertex 2.24901 1.32241 10.8
      vertex 2.2 1.32 20
      vertex 2.24901 1.32241 20
    endloop
  endfacet
  facet normal -0.0491143 0.998793 0
    outer loop
      vertex 2.2 1.32 20
      vertex 2.24901 1.32241 10.8
      vertex 2.2 1.32 10.8
    endloop
  endfacet
  facet normal -0.671607 -0.740908 0
    outer loop
      vertex 2.5172 2.2065 10.8
      vertex 2.55355 2.17355 20
      vertex 2.5172 2.2065 20
    endloop
  endfacet
  facet normal -0.671607 -0.740908 -0
    outer loop
      vertex 2.55355 2.17355 20
      vertex 2.5172 2.2065 10.8
      vertex 2.55355 2.17355 10.8
    endloop
  endfacet
  facet normal 0.740806 -0.671719 0
    outer loop
      vertex 1.81349 2.1372 20
      vertex 1.84645 2.17355 10.8
      vertex 1.84645 2.17355 20
    endloop
  endfacet
  facet normal 0.740806 -0.671719 0
    outer loop
      vertex 1.84645 2.17355 10.8
      vertex 1.81349 2.1372 20
      vertex 1.81349 2.1372 10.8
    endloop
  endfacet
  facet normal 0.427543 -0.903995 0
    outer loop
      vertex 1.9643 2.26096 10.8
      vertex 2.00866 2.28194 20
      vertex 1.9643 2.26096 20
    endloop
  endfacet
  facet normal 0.427543 -0.903995 0
    outer loop
      vertex 2.00866 2.28194 20
      vertex 1.9643 2.26096 10.8
      vertex 2.00866 2.28194 10.8
    endloop
  endfacet
  facet normal -0.903995 -0.427543 0
    outer loop
      vertex 2.66194 2.01134 10.8
      vertex 2.64096 2.0557 20
      vertex 2.64096 2.0557 10.8
    endloop
  endfacet
  facet normal -0.903995 -0.427543 0
    outer loop
      vertex 2.64096 2.0557 20
      vertex 2.66194 2.01134 10.8
      vertex 2.66194 2.01134 20
    endloop
  endfacet
  facet normal -0.336879 -0.941548 0
    outer loop
      vertex 2.34514 2.29847 10.8
      vertex 2.39134 2.28194 20
      vertex 2.34514 2.29847 20
    endloop
  endfacet
  facet normal -0.336879 -0.941548 -0
    outer loop
      vertex 2.39134 2.28194 20
      vertex 2.34514 2.29847 10.8
      vertex 2.39134 2.28194 10.8
    endloop
  endfacet
  facet normal -0.514136 -0.857709 0
    outer loop
      vertex 2.4357 2.26096 10.8
      vertex 2.47779 2.23573 20
      vertex 2.4357 2.26096 20
    endloop
  endfacet
  facet normal -0.514136 -0.857709 -0
    outer loop
      vertex 2.47779 2.23573 20
      vertex 2.4357 2.26096 10.8
      vertex 2.47779 2.23573 10.8
    endloop
  endfacet
  facet normal 0.941548 -0.336879 0
    outer loop
      vertex 1.72153 1.96514 20
      vertex 1.73806 2.01134 10.8
      vertex 1.73806 2.01134 20
    endloop
  endfacet
  facet normal 0.941548 -0.336879 0
    outer loop
      vertex 1.73806 2.01134 10.8
      vertex 1.72153 1.96514 20
      vertex 1.72153 1.96514 10.8
    endloop
  endfacet
  facet normal 0.242967 -0.970034 0
    outer loop
      vertex 2.05486 2.29847 10.8
      vertex 2.10245 2.31039 20
      vertex 2.05486 2.29847 20
    endloop
  endfacet
  facet normal 0.242967 -0.970034 0
    outer loop
      vertex 2.10245 2.31039 20
      vertex 2.05486 2.29847 10.8
      vertex 2.10245 2.31039 10.8
    endloop
  endfacet
  facet normal -0.941548 0.336879 0
    outer loop
      vertex 2.66194 1.62866 10.8
      vertex 2.67847 1.67486 20
      vertex 2.67847 1.67486 10.8
    endloop
  endfacet
  facet normal -0.941548 0.336879 0
    outer loop
      vertex 2.67847 1.67486 20
      vertex 2.66194 1.62866 10.8
      vertex 2.66194 1.62866 20
    endloop
  endfacet
  facet normal -0.970034 0.242967 0
    outer loop
      vertex 2.67847 1.67486 10.8
      vertex 2.69039 1.72245 20
      vertex 2.69039 1.72245 10.8
    endloop
  endfacet
  facet normal -0.970034 0.242967 0
    outer loop
      vertex 2.69039 1.72245 20
      vertex 2.67847 1.67486 10.8
      vertex 2.67847 1.67486 20
    endloop
  endfacet
  facet normal 0.671719 0.740806 -0
    outer loop
      vertex 1.8828 1.43349 10.8
      vertex 1.84645 1.46645 20
      vertex 1.8828 1.43349 20
    endloop
  endfacet
  facet normal 0.671719 0.740806 0
    outer loop
      vertex 1.84645 1.46645 20
      vertex 1.8828 1.43349 10.8
      vertex 1.84645 1.46645 10.8
    endloop
  endfacet
  facet normal -0.970047 -0.242919 0
    outer loop
      vertex 2.69039 1.91754 10.8
      vertex 2.67847 1.96514 20
      vertex 2.67847 1.96514 10.8
    endloop
  endfacet
  facet normal -0.970047 -0.242919 0
    outer loop
      vertex 2.67847 1.96514 20
      vertex 2.69039 1.91754 10.8
      vertex 2.69039 1.91754 20
    endloop
  endfacet
  facet normal -0.989173 -0.146755 0
    outer loop
      vertex 2.69759 1.86901 10.8
      vertex 2.69039 1.91754 20
      vertex 2.69039 1.91754 10.8
    endloop
  endfacet
  facet normal -0.989173 -0.146755 0
    outer loop
      vertex 2.69039 1.91754 20
      vertex 2.69759 1.86901 10.8
      vertex 2.69759 1.86901 20
    endloop
  endfacet
  facet normal -0.941548 -0.336879 0
    outer loop
      vertex 2.67847 1.96514 10.8
      vertex 2.66194 2.01134 20
      vertex 2.66194 2.01134 10.8
    endloop
  endfacet
  facet normal -0.941548 -0.336879 0
    outer loop
      vertex 2.66194 2.01134 20
      vertex 2.67847 1.96514 10.8
      vertex 2.67847 1.96514 20
    endloop
  endfacet
  facet normal -0.803265 -0.595622 0
    outer loop
      vertex 2.61573 2.09778 10.8
      vertex 2.5865 2.1372 20
      vertex 2.5865 2.1372 10.8
    endloop
  endfacet
  facet normal -0.803265 -0.595622 0
    outer loop
      vertex 2.5865 2.1372 20
      vertex 2.61573 2.09778 10.8
      vertex 2.61573 2.09778 20
    endloop
  endfacet
  facet normal -0.740908 -0.671607 0
    outer loop
      vertex 2.5865 2.1372 10.8
      vertex 2.55355 2.17355 20
      vertex 2.55355 2.17355 10.8
    endloop
  endfacet
  facet normal -0.740908 -0.671607 0
    outer loop
      vertex 2.55355 2.17355 20
      vertex 2.5865 2.1372 10.8
      vertex 2.5865 2.1372 20
    endloop
  endfacet
  facet normal -0.857655 -0.514226 0
    outer loop
      vertex 2.64096 2.0557 10.8
      vertex 2.61573 2.09778 20
      vertex 2.61573 2.09778 10.8
    endloop
  endfacet
  facet normal -0.857655 -0.514226 0
    outer loop
      vertex 2.61573 2.09778 20
      vertex 2.64096 2.0557 10.8
      vertex 2.64096 2.0557 20
    endloop
  endfacet
  facet normal -0.146755 -0.989173 0
    outer loop
      vertex 2.24901 2.31759 10.8
      vertex 2.29754 2.31039 20
      vertex 2.24901 2.31759 20
    endloop
  endfacet
  facet normal -0.146755 -0.989173 -0
    outer loop
      vertex 2.29754 2.31039 20
      vertex 2.24901 2.31759 10.8
      vertex 2.29754 2.31039 10.8
    endloop
  endfacet
  facet normal -0.242919 -0.970047 0
    outer loop
      vertex 2.29754 2.31039 10.8
      vertex 2.34514 2.29847 20
      vertex 2.29754 2.31039 20
    endloop
  endfacet
  facet normal -0.242919 -0.970047 -0
    outer loop
      vertex 2.34514 2.29847 20
      vertex 2.29754 2.31039 10.8
      vertex 2.34514 2.29847 10.8
    endloop
  endfacet
  facet normal -0.0491143 -0.998793 0
    outer loop
      vertex 2.2 2.32 10.8
      vertex 2.24901 2.31759 20
      vertex 2.2 2.32 20
    endloop
  endfacet
  facet normal -0.0491143 -0.998793 -0
    outer loop
      vertex 2.24901 2.31759 20
      vertex 2.2 2.32 10.8
      vertex 2.24901 2.31759 10.8
    endloop
  endfacet
  facet normal -0.427543 -0.903995 0
    outer loop
      vertex 2.39134 2.28194 10.8
      vertex 2.4357 2.26096 20
      vertex 2.39134 2.28194 20
    endloop
  endfacet
  facet normal -0.427543 -0.903995 -0
    outer loop
      vertex 2.4357 2.26096 20
      vertex 2.39134 2.28194 10.8
      vertex 2.4357 2.26096 10.8
    endloop
  endfacet
  facet normal -0.59572 -0.803192 0
    outer loop
      vertex 2.47779 2.23573 10.8
      vertex 2.5172 2.2065 20
      vertex 2.47779 2.23573 20
    endloop
  endfacet
  facet normal -0.59572 -0.803192 -0
    outer loop
      vertex 2.5172 2.2065 20
      vertex 2.47779 2.23573 10.8
      vertex 2.5172 2.2065 10.8
    endloop
  endfacet
  facet normal 0.989173 -0.146755 0
    outer loop
      vertex 1.70241 1.86901 20
      vertex 1.70961 1.91754 10.8
      vertex 1.70961 1.91754 20
    endloop
  endfacet
  facet normal 0.989173 -0.146755 0
    outer loop
      vertex 1.70961 1.91754 10.8
      vertex 1.70241 1.86901 20
      vertex 1.70241 1.86901 10.8
    endloop
  endfacet
  facet normal 0.857745 -0.514076 0
    outer loop
      vertex 1.75904 2.0557 20
      vertex 1.78426 2.09778 10.8
      vertex 1.78426 2.09778 20
    endloop
  endfacet
  facet normal 0.857745 -0.514076 0
    outer loop
      vertex 1.78426 2.09778 10.8
      vertex 1.75904 2.0557 20
      vertex 1.75904 2.0557 10.8
    endloop
  endfacet
  facet normal 0.803265 -0.595622 0
    outer loop
      vertex 1.78426 2.09778 20
      vertex 1.81349 2.1372 10.8
      vertex 1.81349 2.1372 20
    endloop
  endfacet
  facet normal 0.803265 -0.595622 0
    outer loop
      vertex 1.81349 2.1372 10.8
      vertex 1.78426 2.09778 20
      vertex 1.78426 2.09778 10.8
    endloop
  endfacet
  facet normal 0.903995 -0.427543 0
    outer loop
      vertex 1.73806 2.01134 20
      vertex 1.75904 2.0557 10.8
      vertex 1.75904 2.0557 20
    endloop
  endfacet
  facet normal 0.903995 -0.427543 0
    outer loop
      vertex 1.75904 2.0557 10.8
      vertex 1.73806 2.01134 20
      vertex 1.73806 2.01134 10.8
    endloop
  endfacet
  facet normal 0.970047 -0.242919 0
    outer loop
      vertex 1.70961 1.91754 20
      vertex 1.72153 1.96514 10.8
      vertex 1.72153 1.96514 20
    endloop
  endfacet
  facet normal 0.970047 -0.242919 0
    outer loop
      vertex 1.72153 1.96514 10.8
      vertex 1.70961 1.91754 20
      vertex 1.70961 1.91754 10.8
    endloop
  endfacet
  facet normal 0.998793 -0.0491143 0
    outer loop
      vertex 1.7 1.82 20
      vertex 1.70241 1.86901 10.8
      vertex 1.70241 1.86901 20
    endloop
  endfacet
  facet normal 0.998793 -0.0491143 0
    outer loop
      vertex 1.70241 1.86901 10.8
      vertex 1.7 1.82 20
      vertex 1.7 1.82 10.8
    endloop
  endfacet
  facet normal 0.59572 -0.803192 0
    outer loop
      vertex 1.8828 2.2065 10.8
      vertex 1.92221 2.23573 20
      vertex 1.8828 2.2065 20
    endloop
  endfacet
  facet normal 0.59572 -0.803192 0
    outer loop
      vertex 1.92221 2.23573 20
      vertex 1.8828 2.2065 10.8
      vertex 1.92221 2.23573 10.8
    endloop
  endfacet
  facet normal 0.514136 -0.857709 0
    outer loop
      vertex 1.92221 2.23573 10.8
      vertex 1.9643 2.26096 20
      vertex 1.92221 2.23573 20
    endloop
  endfacet
  facet normal 0.514136 -0.857709 0
    outer loop
      vertex 1.9643 2.26096 20
      vertex 1.92221 2.23573 10.8
      vertex 1.9643 2.26096 10.8
    endloop
  endfacet
  facet normal 0.671607 -0.740908 0
    outer loop
      vertex 1.84645 2.17355 10.8
      vertex 1.8828 2.2065 20
      vertex 1.84645 2.17355 20
    endloop
  endfacet
  facet normal 0.671607 -0.740908 0
    outer loop
      vertex 1.8828 2.2065 20
      vertex 1.84645 2.17355 10.8
      vertex 1.8828 2.2065 10.8
    endloop
  endfacet
  facet normal 0.336879 -0.941548 0
    outer loop
      vertex 2.00866 2.28194 10.8
      vertex 2.05486 2.29847 20
      vertex 2.00866 2.28194 20
    endloop
  endfacet
  facet normal 0.336879 -0.941548 0
    outer loop
      vertex 2.05486 2.29847 20
      vertex 2.00866 2.28194 10.8
      vertex 2.05486 2.29847 10.8
    endloop
  endfacet
  facet normal 0.146726 -0.989177 0
    outer loop
      vertex 2.10245 2.31039 10.8
      vertex 2.15099 2.31759 20
      vertex 2.10245 2.31039 20
    endloop
  endfacet
  facet normal 0.146726 -0.989177 0
    outer loop
      vertex 2.15099 2.31759 20
      vertex 2.10245 2.31039 10.8
      vertex 2.15099 2.31759 10.8
    endloop
  endfacet
  facet normal -0.998793 0.0491143 0
    outer loop
      vertex 2.69759 1.77099 10.8
      vertex 2.7 1.82 20
      vertex 2.7 1.82 10.8
    endloop
  endfacet
  facet normal -0.998793 0.0491143 0
    outer loop
      vertex 2.7 1.82 20
      vertex 2.69759 1.77099 10.8
      vertex 2.69759 1.77099 20
    endloop
  endfacet
  facet normal -0.146755 0.989173 0
    outer loop
      vertex 2.29754 1.32961 10.8
      vertex 2.24901 1.32241 20
      vertex 2.29754 1.32961 20
    endloop
  endfacet
  facet normal -0.146755 0.989173 0
    outer loop
      vertex 2.24901 1.32241 20
      vertex 2.29754 1.32961 10.8
      vertex 2.24901 1.32241 10.8
    endloop
  endfacet
  facet normal -0.336879 0.941548 0
    outer loop
      vertex 2.39134 1.35806 10.8
      vertex 2.34514 1.34153 20
      vertex 2.39134 1.35806 20
    endloop
  endfacet
  facet normal -0.336879 0.941548 0
    outer loop
      vertex 2.34514 1.34153 20
      vertex 2.39134 1.35806 10.8
      vertex 2.34514 1.34153 10.8
    endloop
  endfacet
  facet normal -0.671719 0.740806 0
    outer loop
      vertex 2.55355 1.46645 10.8
      vertex 2.5172 1.43349 20
      vertex 2.55355 1.46645 20
    endloop
  endfacet
  facet normal -0.671719 0.740806 0
    outer loop
      vertex 2.5172 1.43349 20
      vertex 2.55355 1.46645 10.8
      vertex 2.5172 1.43349 10.8
    endloop
  endfacet
  facet normal -0.513986 0.857798 0
    outer loop
      vertex 2.47779 1.40426 10.8
      vertex 2.4357 1.37904 20
      vertex 2.47779 1.40426 20
    endloop
  endfacet
  facet normal -0.513986 0.857798 0
    outer loop
      vertex 2.4357 1.37904 20
      vertex 2.47779 1.40426 10.8
      vertex 2.4357 1.37904 10.8
    endloop
  endfacet
  facet normal -0.803192 0.59572 0
    outer loop
      vertex 2.5865 1.5028 10.8
      vertex 2.61573 1.54221 20
      vertex 2.61573 1.54221 10.8
    endloop
  endfacet
  facet normal -0.803192 0.59572 0
    outer loop
      vertex 2.61573 1.54221 20
      vertex 2.5865 1.5028 10.8
      vertex 2.5865 1.5028 20
    endloop
  endfacet
  facet normal -0.903995 0.427543 0
    outer loop
      vertex 2.64096 1.5843 10.8
      vertex 2.66194 1.62866 20
      vertex 2.66194 1.62866 10.8
    endloop
  endfacet
  facet normal -0.903995 0.427543 0
    outer loop
      vertex 2.66194 1.62866 20
      vertex 2.64096 1.5843 10.8
      vertex 2.64096 1.5843 20
    endloop
  endfacet
  facet normal 0.59572 0.803192 -0
    outer loop
      vertex 1.92221 1.40426 10.8
      vertex 1.8828 1.43349 20
      vertex 1.92221 1.40426 20
    endloop
  endfacet
  facet normal 0.59572 0.803192 0
    outer loop
      vertex 1.8828 1.43349 20
      vertex 1.92221 1.40426 10.8
      vertex 1.8828 1.43349 10.8
    endloop
  endfacet
  facet normal 0.427543 0.903995 -0
    outer loop
      vertex 2.00866 1.35806 10.8
      vertex 1.9643 1.37904 20
      vertex 2.00866 1.35806 20
    endloop
  endfacet
  facet normal 0.427543 0.903995 0
    outer loop
      vertex 1.9643 1.37904 20
      vertex 2.00866 1.35806 10.8
      vertex 1.9643 1.37904 10.8
    endloop
  endfacet
  facet normal 0.242967 0.970034 -0
    outer loop
      vertex 2.10245 1.32961 10.8
      vertex 2.05486 1.34153 20
      vertex 2.10245 1.32961 20
    endloop
  endfacet
  facet normal 0.242967 0.970034 0
    outer loop
      vertex 2.05486 1.34153 20
      vertex 2.10245 1.32961 10.8
      vertex 2.05486 1.34153 10.8
    endloop
  endfacet
  facet normal 0.0491143 0.998793 -0
    outer loop
      vertex 2.2 1.32 10.8
      vertex 2.15099 1.32241 20
      vertex 2.2 1.32 20
    endloop
  endfacet
  facet normal 0.0491143 0.998793 0
    outer loop
      vertex 2.15099 1.32241 20
      vertex 2.2 1.32 10.8
      vertex 2.15099 1.32241 10.8
    endloop
  endfacet
  facet normal 0.803192 0.59572 0
    outer loop
      vertex 1.81349 1.5028 20
      vertex 1.78426 1.54221 10.8
      vertex 1.78426 1.54221 20
    endloop
  endfacet
  facet normal 0.803192 0.59572 0
    outer loop
      vertex 1.78426 1.54221 10.8
      vertex 1.81349 1.5028 20
      vertex 1.81349 1.5028 10.8
    endloop
  endfacet
  facet normal 0.857798 0.513986 0
    outer loop
      vertex 1.78426 1.54221 20
      vertex 1.75904 1.5843 10.8
      vertex 1.75904 1.5843 20
    endloop
  endfacet
  facet normal 0.857798 0.513986 0
    outer loop
      vertex 1.75904 1.5843 10.8
      vertex 1.78426 1.54221 20
      vertex 1.78426 1.54221 10.8
    endloop
  endfacet
  facet normal 0.740806 0.671719 0
    outer loop
      vertex 1.84645 1.46645 20
      vertex 1.81349 1.5028 10.8
      vertex 1.81349 1.5028 20
    endloop
  endfacet
  facet normal 0.740806 0.671719 0
    outer loop
      vertex 1.81349 1.5028 10.8
      vertex 1.84645 1.46645 20
      vertex 1.84645 1.46645 10.8
    endloop
  endfacet
  facet normal 0.941548 0.336879 0
    outer loop
      vertex 1.73806 1.62866 20
      vertex 1.72153 1.67486 10.8
      vertex 1.72153 1.67486 20
    endloop
  endfacet
  facet normal 0.941548 0.336879 0
    outer loop
      vertex 1.72153 1.67486 10.8
      vertex 1.73806 1.62866 20
      vertex 1.73806 1.62866 10.8
    endloop
  endfacet
  facet normal 0.903995 0.427543 0
    outer loop
      vertex 1.75904 1.5843 20
      vertex 1.73806 1.62866 10.8
      vertex 1.73806 1.62866 20
    endloop
  endfacet
  facet normal 0.903995 0.427543 0
    outer loop
      vertex 1.73806 1.62866 10.8
      vertex 1.75904 1.5843 20
      vertex 1.75904 1.5843 10.8
    endloop
  endfacet
  facet normal 0.989177 0.146726 0
    outer loop
      vertex 1.70961 1.72245 20
      vertex 1.70241 1.77099 10.8
      vertex 1.70241 1.77099 20
    endloop
  endfacet
  facet normal 0.989177 0.146726 0
    outer loop
      vertex 1.70241 1.77099 10.8
      vertex 1.70961 1.72245 20
      vertex 1.70961 1.72245 10.8
    endloop
  endfacet
  facet normal 0.998793 0.0491143 0
    outer loop
      vertex 1.70241 1.77099 20
      vertex 1.7 1.82 10.8
      vertex 1.7 1.82 20
    endloop
  endfacet
  facet normal 0.998793 0.0491143 0
    outer loop
      vertex 1.7 1.82 10.8
      vertex 1.70241 1.77099 20
      vertex 1.70241 1.77099 10.8
    endloop
  endfacet
  facet normal -0.242919 0.970047 0
    outer loop
      vertex 2.34514 1.34153 10.8
      vertex 2.29754 1.32961 20
      vertex 2.34514 1.34153 20
    endloop
  endfacet
  facet normal -0.242919 0.970047 0
    outer loop
      vertex 2.29754 1.32961 20
      vertex 2.34514 1.34153 10.8
      vertex 2.29754 1.32961 10.8
    endloop
  endfacet
  facet normal -0.427543 0.903995 0
    outer loop
      vertex 2.4357 1.37904 10.8
      vertex 2.39134 1.35806 20
      vertex 2.4357 1.37904 20
    endloop
  endfacet
  facet normal -0.427543 0.903995 0
    outer loop
      vertex 2.39134 1.35806 20
      vertex 2.4357 1.37904 10.8
      vertex 2.39134 1.35806 10.8
    endloop
  endfacet
  facet normal -0.740908 0.671607 0
    outer loop
      vertex 2.55355 1.46645 10.8
      vertex 2.5865 1.5028 20
      vertex 2.5865 1.5028 10.8
    endloop
  endfacet
  facet normal -0.740908 0.671607 0
    outer loop
      vertex 2.5865 1.5028 20
      vertex 2.55355 1.46645 10.8
      vertex 2.55355 1.46645 20
    endloop
  endfacet
  facet normal -0.59572 0.803192 0
    outer loop
      vertex 2.5172 1.43349 10.8
      vertex 2.47779 1.40426 20
      vertex 2.5172 1.43349 20
    endloop
  endfacet
  facet normal -0.59572 0.803192 0
    outer loop
      vertex 2.47779 1.40426 20
      vertex 2.5172 1.43349 10.8
      vertex 2.47779 1.40426 10.8
    endloop
  endfacet
  facet normal -0.857709 0.514136 0
    outer loop
      vertex 2.61573 1.54221 10.8
      vertex 2.64096 1.5843 20
      vertex 2.64096 1.5843 10.8
    endloop
  endfacet
  facet normal -0.857709 0.514136 0
    outer loop
      vertex 2.64096 1.5843 20
      vertex 2.61573 1.54221 10.8
      vertex 2.61573 1.54221 20
    endloop
  endfacet
  facet normal -0.989177 0.146726 0
    outer loop
      vertex 2.69039 1.72245 10.8
      vertex 2.69759 1.77099 20
      vertex 2.69759 1.77099 10.8
    endloop
  endfacet
  facet normal -0.989177 0.146726 0
    outer loop
      vertex 2.69759 1.77099 20
      vertex 2.69039 1.72245 10.8
      vertex 2.69039 1.72245 20
    endloop
  endfacet
  facet normal 0.513986 0.857798 -0
    outer loop
      vertex 1.9643 1.37904 10.8
      vertex 1.92221 1.40426 20
      vertex 1.9643 1.37904 20
    endloop
  endfacet
  facet normal 0.513986 0.857798 0
    outer loop
      vertex 1.92221 1.40426 20
      vertex 1.9643 1.37904 10.8
      vertex 1.92221 1.40426 10.8
    endloop
  endfacet
  facet normal 0.336879 0.941548 -0
    outer loop
      vertex 2.05486 1.34153 10.8
      vertex 2.00866 1.35806 20
      vertex 2.05486 1.34153 20
    endloop
  endfacet
  facet normal 0.336879 0.941548 0
    outer loop
      vertex 2.00866 1.35806 20
      vertex 2.05486 1.34153 10.8
      vertex 2.00866 1.35806 10.8
    endloop
  endfacet
  facet normal 0.146726 0.989177 -0
    outer loop
      vertex 2.15099 1.32241 10.8
      vertex 2.10245 1.32961 20
      vertex 2.15099 1.32241 20
    endloop
  endfacet
  facet normal 0.146726 0.989177 0
    outer loop
      vertex 2.10245 1.32961 20
      vertex 2.15099 1.32241 10.8
      vertex 2.10245 1.32961 10.8
    endloop
  endfacet
  facet normal 0.970034 0.242967 0
    outer loop
      vertex 1.72153 1.67486 20
      vertex 1.70961 1.72245 10.8
      vertex 1.70961 1.72245 20
    endloop
  endfacet
  facet normal 0.970034 0.242967 0
    outer loop
      vertex 1.70961 1.72245 10.8
      vertex 1.72153 1.67486 20
      vertex 1.72153 1.67486 10.8
    endloop
  endfacet
  facet normal -0.799382 -0.0392944 -0.599537
    outer loop
      vertex 3.2947 1.92782 10
      vertex 3.3 1.82 10
      vertex 2.7 1.82 10.8
    endloop
  endfacet
  facet normal -0.791684 -0.11744 -0.599537
    outer loop
      vertex 3.27886 2.0346 10
      vertex 3.2947 1.92782 10
      vertex 2.69039 1.91754 10.8
    endloop
  endfacet
  facet normal 0.593053 -0.537447 -0.599533
    outer loop
      vertex 1.42218 2.59782 10
      vertex 1.81349 2.1372 10.8
      vertex 1.34969 2.51783 10
    endloop
  endfacet
  facet normal 0.476781 -0.642831 -0.59954
    outer loop
      vertex 1.92221 2.23573 10.8
      vertex 1.8828 2.2065 10.8
      vertex 1.58887 2.73462 10
    endloop
  endfacet
  facet normal 0.799382 0.0393085 -0.599536
    outer loop
      vertex 1.7 1.82 10.8
      vertex 1.70241 1.77099 10.8
      vertex 1.1 1.82 10
    endloop
  endfacet
  facet normal -0.411485 -0.686462 -0.599542
    outer loop
      vertex 2.81113 2.73462 10
      vertex 2.47779 2.23573 10.8
      vertex 2.4357 2.26096 10.8
    endloop
  endfacet
  facet normal -0.723495 -0.342213 -0.599538
    outer loop
      vertex 3.17011 2.33854 10
      vertex 3.21627 2.24095 10
      vertex 2.66194 2.01134 10.8
    endloop
  endfacet
  facet normal -0.59305 0.537445 -0.599537
    outer loop
      vertex 3.05031 1.12217 10
      vertex 2.97782 1.04218 10
      vertex 2.5865 1.5028 10.8
    endloop
  endfacet
  facet normal -0.77636 0.194479 -0.599536
    outer loop
      vertex 3.27886 1.6054 10
      vertex 3.25263 1.50069 10
      vertex 2.69039 1.72245 10.8
    endloop
  endfacet
  facet normal 0.642895 -0.476708 -0.59953
    outer loop
      vertex 1.81349 2.1372 10.8
      vertex 1.78426 2.09778 10.8
      vertex 1.34969 2.51783 10
    endloop
  endfacet
  facet normal 0.686493 -0.411439 -0.599537
    outer loop
      vertex 1.78426 2.09778 10.8
      vertex 1.75904 2.0557 10.8
      vertex 1.22989 2.33854 10
    endloop
  endfacet
  facet normal 0.799382 -0.0392944 -0.599537
    outer loop
      vertex 1.1053 1.92782 10
      vertex 1.70241 1.86901 10.8
      vertex 1.1 1.82 10
    endloop
  endfacet
  facet normal 0.537451 0.59304 -0.599542
    outer loop
      vertex 1.84645 1.46645 10.8
      vertex 1.50217 0.969688 10
      vertex 1.42218 1.04218 10
    endloop
  endfacet
  facet normal -0.11744 -0.791684 -0.599537
    outer loop
      vertex 2.30782 2.9147 10
      vertex 2.4146 2.89886 10
      vertex 2.29754 2.31039 10.8
    endloop
  endfacet
  facet normal -0.642813 -0.476808 -0.599538
    outer loop
      vertex 3.05031 2.51783 10
      vertex 3.11462 2.43113 10
      vertex 2.5865 2.1372 10.8
    endloop
  endfacet
  facet normal -0.776359 -0.194479 -0.599537
    outer loop
      vertex 3.25263 2.13931 10
      vertex 3.27886 2.0346 10
      vertex 2.69039 1.91754 10.8
    endloop
  endfacet
  facet normal -0.776377 -0.19442 -0.599533
    outer loop
      vertex 3.25263 2.13931 10
      vertex 2.69039 1.91754 10.8
      vertex 2.67847 1.96514 10.8
    endloop
  endfacet
  facet normal 0.537612 0.592907 -0.599528
    outer loop
      vertex 1.84645 1.46645 10.8
      vertex 1.8828 1.43349 10.8
      vertex 1.50217 0.969688 10
    endloop
  endfacet
  facet normal -0.26962 0.753565 -0.599537
    outer loop
      vertex 2.39134 1.35806 10.8
      vertex 2.62095 0.803732 10
      vertex 2.34514 1.34153 10.8
    endloop
  endfacet
  facet normal -0.753567 0.26962 -0.599535
    outer loop
      vertex 2.67847 1.67486 10.8
      vertex 3.25263 1.50069 10
      vertex 2.66194 1.62866 10.8
    endloop
  endfacet
  facet normal -0.723495 0.342213 -0.599538
    outer loop
      vertex 3.21627 1.39905 10
      vertex 3.17011 1.30146 10
      vertex 2.66194 1.62866 10.8
    endloop
  endfacet
  facet normal -0.753579 0.26958 -0.599537
    outer loop
      vertex 3.25263 1.50069 10
      vertex 3.21627 1.39905 10
      vertex 2.66194 1.62866 10.8
    endloop
  endfacet
  facet normal -0.799382 0.0392944 -0.599537
    outer loop
      vertex 3.3 1.82 10
      vertex 3.2947 1.71218 10
      vertex 2.7 1.82 10.8
    endloop
  endfacet
  facet normal 0.642813 -0.476808 -0.599538
    outer loop
      vertex 1.34969 2.51783 10
      vertex 1.78426 2.09778 10.8
      vertex 1.28538 2.43113 10
    endloop
  endfacet
  facet normal 0.117432 -0.791685 -0.599537
    outer loop
      vertex 2.15099 2.31759 10.8
      vertex 2.10245 2.31039 10.8
      vertex 2.09218 2.9147 10
    endloop
  endfacet
  facet normal 0.537445 -0.59305 -0.599537
    outer loop
      vertex 1.50217 2.67031 10
      vertex 1.8828 2.2065 10.8
      vertex 1.42218 2.59782 10
    endloop
  endfacet
  facet normal 0.723509 -0.342182 -0.599539
    outer loop
      vertex 1.75904 2.0557 10.8
      vertex 1.73806 2.01134 10.8
      vertex 1.18373 2.24095 10
    endloop
  endfacet
  facet normal 0.776361 -0.194479 -0.599535
    outer loop
      vertex 1.14737 2.13931 10
      vertex 1.72153 1.96514 10.8
      vertex 1.12114 2.0346 10
    endloop
  endfacet
  facet normal 0.411466 0.68648 -0.599534
    outer loop
      vertex 1.92221 1.40426 10.8
      vertex 1.68146 0.849886 10
      vertex 1.58887 0.905383 10
    endloop
  endfacet
  facet normal 0.593048 0.537443 -0.599541
    outer loop
      vertex 1.84645 1.46645 10.8
      vertex 1.42218 1.04218 10
      vertex 1.34969 1.12217 10
    endloop
  endfacet
  facet normal 0.642836 0.476785 -0.599532
    outer loop
      vertex 1.78426 1.54221 10.8
      vertex 1.81349 1.5028 10.8
      vertex 1.34969 1.12217 10
    endloop
  endfacet
  facet normal -0.19442 -0.776377 -0.599533
    outer loop
      vertex 2.51931 2.87263 10
      vertex 2.34514 2.29847 10.8
      vertex 2.29754 2.31039 10.8
    endloop
  endfacet
  facet normal -0.342182 -0.723509 -0.599539
    outer loop
      vertex 2.62095 2.83627 10
      vertex 2.4357 2.26096 10.8
      vertex 2.39134 2.28194 10.8
    endloop
  endfacet
  facet normal -0.476782 -0.642832 -0.599537
    outer loop
      vertex 2.89783 2.67031 10
      vertex 2.5172 2.2065 10.8
      vertex 2.47779 2.23573 10.8
    endloop
  endfacet
  facet normal -0.59305 -0.537445 -0.599537
    outer loop
      vertex 2.97782 2.59782 10
      vertex 3.05031 2.51783 10
      vertex 2.5865 2.1372 10.8
    endloop
  endfacet
  facet normal -0.686497 -0.411424 -0.599543
    outer loop
      vertex 3.11462 2.43113 10
      vertex 3.17011 2.33854 10
      vertex 2.61573 2.09778 10.8
    endloop
  endfacet
  facet normal -0.642885 -0.4767 -0.599546
    outer loop
      vertex 3.11462 2.43113 10
      vertex 2.61573 2.09778 10.8
      vertex 2.5865 2.1372 10.8
    endloop
  endfacet
  facet normal -0.753579 -0.26958 -0.599537
    outer loop
      vertex 3.21627 2.24095 10
      vertex 3.25263 2.13931 10
      vertex 2.66194 2.01134 10.8
    endloop
  endfacet
  facet normal -0.791682 -0.117455 -0.599536
    outer loop
      vertex 3.2947 1.92782 10
      vertex 2.69759 1.86901 10.8
      vertex 2.69039 1.91754 10.8
    endloop
  endfacet
  facet normal -0.0393085 0.799381 -0.599537
    outer loop
      vertex 2.2 1.32 10.8
      vertex 2.24901 1.32241 10.8
      vertex 2.2 0.719999 10
    endloop
  endfacet
  facet normal 0.269626 0.753563 -0.599538
    outer loop
      vertex 2.05486 1.34153 10.8
      vertex 1.88069 0.767365 10
      vertex 1.77905 0.803732 10
    endloop
  endfacet
  facet normal -0.476784 0.642835 -0.599533
    outer loop
      vertex 2.5172 1.43349 10.8
      vertex 2.89783 0.969688 10
      vertex 2.47779 1.40426 10.8
    endloop
  endfacet
  facet normal -0.411366 0.686534 -0.599541
    outer loop
      vertex 2.47779 1.40426 10.8
      vertex 2.71854 0.849886 10
      vertex 2.4357 1.37904 10.8
    endloop
  endfacet
  facet normal -0.642813 0.476808 -0.599538
    outer loop
      vertex 3.11462 1.20887 10
      vertex 3.05031 1.12217 10
      vertex 2.5865 1.5028 10.8
    endloop
  endfacet
  facet normal -0.642831 0.476781 -0.59954
    outer loop
      vertex 2.61573 1.54221 10.8
      vertex 3.11462 1.20887 10
      vertex 2.5865 1.5028 10.8
    endloop
  endfacet
  facet normal -0.686462 0.411485 -0.599542
    outer loop
      vertex 2.64096 1.5843 10.8
      vertex 3.11462 1.20887 10
      vertex 2.61573 1.54221 10.8
    endloop
  endfacet
  facet normal -0.776366 0.194459 -0.599534
    outer loop
      vertex 2.69039 1.72245 10.8
      vertex 3.25263 1.50069 10
      vertex 2.67847 1.67486 10.8
    endloop
  endfacet
  facet normal 0.411426 -0.686501 -0.599537
    outer loop
      vertex 1.68146 2.79011 10
      vertex 1.9643 2.26096 10.8
      vertex 1.58887 2.73462 10
    endloop
  endfacet
  facet normal 0.11744 -0.791684 -0.599536
    outer loop
      vertex 2.09218 2.9147 10
      vertex 2.10245 2.31039 10.8
      vertex 1.9854 2.89886 10
    endloop
  endfacet
  facet normal 0.26958 -0.753579 -0.599537
    outer loop
      vertex 1.88069 2.87263 10
      vertex 2.00866 2.28194 10.8
      vertex 1.77905 2.83627 10
    endloop
  endfacet
  facet normal -0.194479 -0.776359 -0.599537
    outer loop
      vertex 2.4146 2.89886 10
      vertex 2.51931 2.87263 10
      vertex 2.29754 2.31039 10.8
    endloop
  endfacet
  facet normal 0.0392944 -0.799382 -0.599537
    outer loop
      vertex 2.2 2.92 10
      vertex 2.2 2.32 10.8
      vertex 2.09218 2.9147 10
    endloop
  endfacet
  facet normal 0.476808 -0.642813 -0.599538
    outer loop
      vertex 1.58887 2.73462 10
      vertex 1.8828 2.2065 10.8
      vertex 1.50217 2.67031 10
    endloop
  endfacet
  facet normal 0.537515 -0.59298 -0.599544
    outer loop
      vertex 1.8828 2.2065 10.8
      vertex 1.84645 2.17355 10.8
      vertex 1.42218 2.59782 10
    endloop
  endfacet
  facet normal 0.592897 -0.537603 -0.599547
    outer loop
      vertex 1.84645 2.17355 10.8
      vertex 1.81349 2.1372 10.8
      vertex 1.42218 2.59782 10
    endloop
  endfacet
  facet normal 0.799382 -0.0393085 -0.599536
    outer loop
      vertex 1.70241 1.86901 10.8
      vertex 1.7 1.82 10.8
      vertex 1.1 1.82 10
    endloop
  endfacet
  facet normal 0.686501 -0.411426 -0.599538
    outer loop
      vertex 1.28538 2.43113 10
      vertex 1.78426 2.09778 10.8
      vertex 1.22989 2.33854 10
    endloop
  endfacet
  facet normal 0.723496 -0.342213 -0.599537
    outer loop
      vertex 1.22989 2.33854 10
      vertex 1.75904 2.0557 10.8
      vertex 1.18373 2.24095 10
    endloop
  endfacet
  facet normal 0.753564 -0.269619 -0.599538
    outer loop
      vertex 1.73806 2.01134 10.8
      vertex 1.72153 1.96514 10.8
      vertex 1.18373 2.24095 10
    endloop
  endfacet
  facet normal 0.791684 -0.11744 -0.599536
    outer loop
      vertex 1.12114 2.0346 10
      vertex 1.70241 1.86901 10.8
      vertex 1.1053 1.92782 10
    endloop
  endfacet
  facet normal 0.776373 -0.194419 -0.599539
    outer loop
      vertex 1.72153 1.96514 10.8
      vertex 1.70961 1.91754 10.8
      vertex 1.12114 2.0346 10
    endloop
  endfacet
  facet normal 0.791681 -0.117455 -0.599537
    outer loop
      vertex 1.70961 1.91754 10.8
      vertex 1.70241 1.86901 10.8
      vertex 1.12114 2.0346 10
    endloop
  endfacet
  facet normal 0.75358 -0.269581 -0.599536
    outer loop
      vertex 1.18373 2.24095 10
      vertex 1.72153 1.96514 10.8
      vertex 1.14737 2.13931 10
    endloop
  endfacet
  facet normal 0.476786 0.642833 -0.599533
    outer loop
      vertex 1.92221 1.40426 10.8
      vertex 1.58887 0.905383 10
      vertex 1.50217 0.969688 10
    endloop
  endfacet
  facet normal 0.686535 0.411367 -0.599539
    outer loop
      vertex 1.75904 1.5843 10.8
      vertex 1.78426 1.54221 10.8
      vertex 1.22989 1.30146 10
    endloop
  endfacet
  facet normal 0.592907 0.537613 -0.599528
    outer loop
      vertex 1.81349 1.5028 10.8
      vertex 1.84645 1.46645 10.8
      vertex 1.34969 1.12217 10
    endloop
  endfacet
  facet normal 0.723496 0.342213 -0.599537
    outer loop
      vertex 1.75904 1.5843 10.8
      vertex 1.22989 1.30146 10
      vertex 1.18373 1.39905 10
    endloop
  endfacet
  facet normal 0.791684 0.11744 -0.599536
    outer loop
      vertex 1.70241 1.77099 10.8
      vertex 1.12114 1.6054 10
      vertex 1.1053 1.71218 10
    endloop
  endfacet
  facet normal 0.799382 0.0392944 -0.599537
    outer loop
      vertex 1.70241 1.77099 10.8
      vertex 1.1053 1.71218 10
      vertex 1.1 1.82 10
    endloop
  endfacet
  facet normal -0.411426 -0.686501 -0.599537
    outer loop
      vertex 2.71854 2.79011 10
      vertex 2.81113 2.73462 10
      vertex 2.4357 2.26096 10.8
    endloop
  endfacet
  facet normal -0.476808 -0.642812 -0.599539
    outer loop
      vertex 2.81113 2.73462 10
      vertex 2.89783 2.67031 10
      vertex 2.47779 2.23573 10.8
    endloop
  endfacet
  facet normal -0.342213 -0.723496 -0.599537
    outer loop
      vertex 2.62095 2.83627 10
      vertex 2.71854 2.79011 10
      vertex 2.4357 2.26096 10.8
    endloop
  endfacet
  facet normal -0.537515 -0.59298 -0.599544
    outer loop
      vertex 2.97782 2.59782 10
      vertex 2.55355 2.17355 10.8
      vertex 2.5172 2.2065 10.8
    endloop
  endfacet
  facet normal -0.537445 -0.59305 -0.599537
    outer loop
      vertex 2.89783 2.67031 10
      vertex 2.97782 2.59782 10
      vertex 2.5172 2.2065 10.8
    endloop
  endfacet
  facet normal -0.686424 -0.411561 -0.599534
    outer loop
      vertex 3.17011 2.33854 10
      vertex 2.64096 2.0557 10.8
      vertex 2.61573 2.09778 10.8
    endloop
  endfacet
  facet normal -0.753567 -0.26962 -0.599535
    outer loop
      vertex 3.25263 2.13931 10
      vertex 2.67847 1.96514 10.8
      vertex 2.66194 2.01134 10.8
    endloop
  endfacet
  facet normal -0.799381 -0.0393085 -0.599537
    outer loop
      vertex 3.2947 1.92782 10
      vertex 2.7 1.82 10.8
      vertex 2.69759 1.86901 10.8
    endloop
  endfacet
  facet normal -0.11744 0.791682 -0.599539
    outer loop
      vertex 2.4146 0.741136 10
      vertex 2.30782 0.725296 10
      vertex 2.24901 1.32241 10.8
    endloop
  endfacet
  facet normal -0.0392721 0.799381 -0.599539
    outer loop
      vertex 2.24901 1.32241 10.8
      vertex 2.30782 0.725296 10
      vertex 2.2 0.719999 10
    endloop
  endfacet
  facet normal 0.117431 0.791684 -0.599538
    outer loop
      vertex 2.10245 1.32961 10.8
      vertex 2.15099 1.32241 10.8
      vertex 1.9854 0.741136 10
    endloop
  endfacet
  facet normal 0.0392721 0.799381 -0.599539
    outer loop
      vertex 2.15099 1.32241 10.8
      vertex 2.2 0.719999 10
      vertex 2.09218 0.725296 10
    endloop
  endfacet
  facet normal 0.342176 0.723512 -0.599538
    outer loop
      vertex 1.9643 1.37904 10.8
      vertex 1.77905 0.803732 10
      vertex 1.68146 0.849886 10
    endloop
  endfacet
  facet normal 0.411366 0.686534 -0.599541
    outer loop
      vertex 1.92221 1.40426 10.8
      vertex 1.9643 1.37904 10.8
      vertex 1.68146 0.849886 10
    endloop
  endfacet
  facet normal 0.194458 0.776363 -0.599539
    outer loop
      vertex 2.05486 1.34153 10.8
      vertex 2.10245 1.32961 10.8
      vertex 1.9854 0.741136 10
    endloop
  endfacet
  facet normal -0.194472 0.77636 -0.599538
    outer loop
      vertex 2.51931 0.767365 10
      vertex 2.4146 0.741136 10
      vertex 2.34514 1.34153 10.8
    endloop
  endfacet
  facet normal -0.269626 0.753563 -0.599538
    outer loop
      vertex 2.62095 0.803732 10
      vertex 2.51931 0.767365 10
      vertex 2.34514 1.34153 10.8
    endloop
  endfacet
  facet normal -0.342176 0.723512 -0.599538
    outer loop
      vertex 2.71854 0.849886 10
      vertex 2.62095 0.803732 10
      vertex 2.4357 1.37904 10.8
    endloop
  endfacet
  facet normal -0.411466 0.68648 -0.599534
    outer loop
      vertex 2.81113 0.905383 10
      vertex 2.71854 0.849886 10
      vertex 2.47779 1.40426 10.8
    endloop
  endfacet
  facet normal -0.476786 0.642833 -0.599533
    outer loop
      vertex 2.89783 0.969688 10
      vertex 2.81113 0.905383 10
      vertex 2.47779 1.40426 10.8
    endloop
  endfacet
  facet normal -0.59298 0.537515 -0.599544
    outer loop
      vertex 2.5865 1.5028 10.8
      vertex 2.97782 1.04218 10
      vertex 2.55355 1.46645 10.8
    endloop
  endfacet
  facet normal -0.791684 0.11744 -0.599536
    outer loop
      vertex 3.2947 1.71218 10
      vertex 3.27886 1.6054 10
      vertex 2.69039 1.72245 10.8
    endloop
  endfacet
  facet normal 0.26962 -0.753567 -0.599535
    outer loop
      vertex 2.05486 2.29847 10.8
      vertex 2.00866 2.28194 10.8
      vertex 1.88069 2.87263 10
    endloop
  endfacet
  facet normal 0.194479 -0.77636 -0.599536
    outer loop
      vertex 1.9854 2.89886 10
      vertex 2.10245 2.31039 10.8
      vertex 1.88069 2.87263 10
    endloop
  endfacet
  facet normal 0.411485 -0.686462 -0.599542
    outer loop
      vertex 1.9643 2.26096 10.8
      vertex 1.92221 2.23573 10.8
      vertex 1.58887 2.73462 10
    endloop
  endfacet
  facet normal 0.0393085 -0.799381 -0.599537
    outer loop
      vertex 2.2 2.32 10.8
      vertex 2.15099 2.31759 10.8
      vertex 2.09218 2.9147 10
    endloop
  endfacet
  facet normal -0.117455 -0.791682 -0.599536
    outer loop
      vertex 2.30782 2.9147 10
      vertex 2.29754 2.31039 10.8
      vertex 2.24901 2.31759 10.8
    endloop
  endfacet
  facet normal -0.0392944 -0.799382 -0.599537
    outer loop
      vertex 2.2 2.92 10
      vertex 2.30782 2.9147 10
      vertex 2.2 2.32 10.8
    endloop
  endfacet
  facet normal 0.686503 0.411427 -0.599535
    outer loop
      vertex 1.78426 1.54221 10.8
      vertex 1.28538 1.20887 10
      vertex 1.22989 1.30146 10
    endloop
  endfacet
  facet normal 0.642815 0.47681 -0.599534
    outer loop
      vertex 1.78426 1.54221 10.8
      vertex 1.34969 1.12217 10
      vertex 1.28538 1.20887 10
    endloop
  endfacet
  facet normal 0.776361 0.194479 -0.599535
    outer loop
      vertex 1.72153 1.67486 10.8
      vertex 1.14737 1.50069 10
      vertex 1.12114 1.6054 10
    endloop
  endfacet
  facet normal 0.753564 0.269619 -0.599538
    outer loop
      vertex 1.72153 1.67486 10.8
      vertex 1.73806 1.62866 10.8
      vertex 1.18373 1.39905 10
    endloop
  endfacet
  facet normal -0.26958 -0.753579 -0.599537
    outer loop
      vertex 2.51931 2.87263 10
      vertex 2.62095 2.83627 10
      vertex 2.39134 2.28194 10.8
    endloop
  endfacet
  facet normal -0.26962 -0.753567 -0.599535
    outer loop
      vertex 2.51931 2.87263 10
      vertex 2.39134 2.28194 10.8
      vertex 2.34514 2.29847 10.8
    endloop
  endfacet
  facet normal -0.59298 -0.537515 -0.599544
    outer loop
      vertex 2.97782 2.59782 10
      vertex 2.5865 2.1372 10.8
      vertex 2.55355 2.17355 10.8
    endloop
  endfacet
  facet normal -0.72351 -0.342183 -0.599536
    outer loop
      vertex 3.17011 2.33854 10
      vertex 2.66194 2.01134 10.8
      vertex 2.64096 2.0557 10.8
    endloop
  endfacet
  facet normal 0.0393085 0.799381 -0.599537
    outer loop
      vertex 2.2 1.32 10.8
      vertex 2.2 0.719999 10
      vertex 2.15099 1.32241 10.8
    endloop
  endfacet
  facet normal 0.11744 0.791682 -0.599539
    outer loop
      vertex 2.15099 1.32241 10.8
      vertex 2.09218 0.725296 10
      vertex 1.9854 0.741136 10
    endloop
  endfacet
  facet normal 0.476784 0.642835 -0.599533
    outer loop
      vertex 1.8828 1.43349 10.8
      vertex 1.92221 1.40426 10.8
      vertex 1.50217 0.969688 10
    endloop
  endfacet
  facet normal 0.342183 0.723509 -0.599538
    outer loop
      vertex 1.9643 1.37904 10.8
      vertex 2.00866 1.35806 10.8
      vertex 1.77905 0.803732 10
    endloop
  endfacet
  facet normal 0.26962 0.753565 -0.599537
    outer loop
      vertex 2.00866 1.35806 10.8
      vertex 2.05486 1.34153 10.8
      vertex 1.77905 0.803732 10
    endloop
  endfacet
  facet normal 0.194472 0.77636 -0.599538
    outer loop
      vertex 2.05486 1.34153 10.8
      vertex 1.9854 0.741136 10
      vertex 1.88069 0.767365 10
    endloop
  endfacet
  facet normal -0.117455 0.791679 -0.59954
    outer loop
      vertex 2.29754 1.32961 10.8
      vertex 2.4146 0.741136 10
      vertex 2.24901 1.32241 10.8
    endloop
  endfacet
  facet normal -0.194419 0.776371 -0.599541
    outer loop
      vertex 2.34514 1.34153 10.8
      vertex 2.4146 0.741136 10
      vertex 2.29754 1.32961 10.8
    endloop
  endfacet
  facet normal -0.342183 0.723509 -0.599538
    outer loop
      vertex 2.4357 1.37904 10.8
      vertex 2.62095 0.803732 10
      vertex 2.39134 1.35806 10.8
    endloop
  endfacet
  facet normal -0.537612 0.592907 -0.599528
    outer loop
      vertex 2.55355 1.46645 10.8
      vertex 2.89783 0.969688 10
      vertex 2.5172 1.43349 10.8
    endloop
  endfacet
  facet normal -0.537451 0.59304 -0.599542
    outer loop
      vertex 2.97782 1.04218 10
      vertex 2.89783 0.969688 10
      vertex 2.55355 1.46645 10.8
    endloop
  endfacet
  facet normal -0.686501 0.411426 -0.599537
    outer loop
      vertex 3.17011 1.30146 10
      vertex 3.11462 1.20887 10
      vertex 2.64096 1.5843 10.8
    endloop
  endfacet
  facet normal -0.72351 0.342183 -0.599536
    outer loop
      vertex 2.66194 1.62866 10.8
      vertex 3.17011 1.30146 10
      vertex 2.64096 1.5843 10.8
    endloop
  endfacet
  facet normal -0.791685 0.117432 -0.599537
    outer loop
      vertex 2.69759 1.77099 10.8
      vertex 3.2947 1.71218 10
      vertex 2.69039 1.72245 10.8
    endloop
  endfacet
  facet normal -0.799381 0.0393085 -0.599537
    outer loop
      vertex 2.7 1.82 10.8
      vertex 3.2947 1.71218 10
      vertex 2.69759 1.77099 10.8
    endloop
  endfacet
  facet normal 0.194459 -0.776366 -0.599534
    outer loop
      vertex 2.10245 2.31039 10.8
      vertex 2.05486 2.29847 10.8
      vertex 1.88069 2.87263 10
    endloop
  endfacet
  facet normal 0.342182 -0.723509 -0.599539
    outer loop
      vertex 2.00866 2.28194 10.8
      vertex 1.9643 2.26096 10.8
      vertex 1.77905 2.83627 10
    endloop
  endfacet
  facet normal 0.342213 -0.723496 -0.599537
    outer loop
      vertex 1.77905 2.83627 10
      vertex 1.9643 2.26096 10.8
      vertex 1.68146 2.79011 10
    endloop
  endfacet
  facet normal -0.0393085 -0.799381 -0.599537
    outer loop
      vertex 2.30782 2.9147 10
      vertex 2.24901 2.31759 10.8
      vertex 2.2 2.32 10.8
    endloop
  endfacet
  facet normal 0.791686 0.117432 -0.599536
    outer loop
      vertex 1.70241 1.77099 10.8
      vertex 1.70961 1.72245 10.8
      vertex 1.12114 1.6054 10
    endloop
  endfacet
  facet normal 0.776365 0.194458 -0.599536
    outer loop
      vertex 1.70961 1.72245 10.8
      vertex 1.72153 1.67486 10.8
      vertex 1.12114 1.6054 10
    endloop
  endfacet
  facet normal 0.75358 0.269581 -0.599536
    outer loop
      vertex 1.72153 1.67486 10.8
      vertex 1.18373 1.39905 10
      vertex 1.14737 1.50069 10
    endloop
  endfacet
  facet normal 0.723509 0.342182 -0.599539
    outer loop
      vertex 1.73806 1.62866 10.8
      vertex 1.75904 1.5843 10.8
      vertex 1.18373 1.39905 10
    endloop
  endfacet
  facet normal -0.857726 -0.514107 0
    outer loop
      vertex 0.970113 2.33854 0
      vertex 0.914616 2.43113 10
      vertex 0.914616 2.43113 0
    endloop
  endfacet
  facet normal -0.857726 -0.514107 0
    outer loop
      vertex 0.914616 2.43113 10
      vertex 0.970113 2.33854 0
      vertex 0.970113 2.33854 10
    endloop
  endfacet
  facet normal -0.336835 -0.941564 0
    outer loop
      vertex 0.319313 2.87263 0
      vertex 0.420951 2.83627 10
      vertex 0.319313 2.87263 10
    endloop
  endfacet
  facet normal -0.336835 -0.941564 -0
    outer loop
      vertex 0.420951 2.83627 10
      vertex 0.319313 2.87263 0
      vertex 0.420951 2.83627 0
    endloop
  endfacet
  facet normal 0.336835 -0.941564 0
    outer loop
      vertex -0.420951 2.83627 0
      vertex -0.319313 2.87263 10
      vertex -0.420951 2.83627 10
    endloop
  endfacet
  facet normal 0.336835 -0.941564 0
    outer loop
      vertex -0.319313 2.87263 10
      vertex -0.420951 2.83627 0
      vertex -0.319313 2.87263 0
    endloop
  endfacet
  facet normal 0.903988 -0.427558 0
    outer loop
      vertex -1.01627 2.24095 10
      vertex -0.970113 2.33854 0
      vertex -0.970113 2.33854 10
    endloop
  endfacet
  facet normal 0.903988 -0.427558 0
    outer loop
      vertex -0.970113 2.33854 0
      vertex -1.01627 2.24095 10
      vertex -1.01627 2.24095 0
    endloop
  endfacet
  facet normal -0.998794 0.0490967 0
    outer loop
      vertex 1.0947 1.71218 0
      vertex 1.1 1.82 10
      vertex 1.1 1.82 0
    endloop
  endfacet
  facet normal -0.998794 0.0490967 0
    outer loop
      vertex 1.1 1.82 10
      vertex 1.0947 1.71218 0
      vertex 1.0947 1.71218 10
    endloop
  endfacet
  facet normal -0.427553 0.90399 0
    outer loop
      vertex 0.518536 0.849886 0
      vertex 0.420951 0.803732 10
      vertex 0.518536 0.849886 10
    endloop
  endfacet
  facet normal -0.427553 0.90399 0
    outer loop
      vertex 0.420951 0.803732 10
      vertex 0.518536 0.849886 0
      vertex 0.420951 0.803732 0
    endloop
  endfacet
  facet normal 0.146737 -0.989176 0
    outer loop
      vertex -0.214599 2.89886 0
      vertex -0.107819 2.9147 10
      vertex -0.214599 2.89886 10
    endloop
  endfacet
  facet normal 0.146737 -0.989176 0
    outer loop
      vertex -0.107819 2.9147 10
      vertex -0.214599 2.89886 0
      vertex -0.107819 2.9147 0
    endloop
  endfacet
  facet normal 0.59573 -0.803185 0
    outer loop
      vertex -0.697832 2.67031 0
      vertex -0.611127 2.73462 10
      vertex -0.697832 2.67031 10
    endloop
  endfacet
  facet normal 0.59573 -0.803185 0
    outer loop
      vertex -0.611127 2.73462 10
      vertex -0.697832 2.67031 0
      vertex -0.611127 2.73462 0
    endloop
  endfacet
  facet normal -0.941566 0.336829 0
    outer loop
      vertex 1.01627 1.39905 0
      vertex 1.05263 1.50069 10
      vertex 1.05263 1.50069 0
    endloop
  endfacet
  facet normal -0.941566 0.336829 0
    outer loop
      vertex 1.05263 1.50069 10
      vertex 1.01627 1.39905 0
      vertex 1.01627 1.39905 10
    endloop
  endfacet
  facet normal 0.0490695 0.998795 -0
    outer loop
      vertex 0 0.719999 0
      vertex -0.107819 0.725296 10
      vertex 0 0.719999 10
    endloop
  endfacet
  facet normal 0.0490695 0.998795 0
    outer loop
      vertex -0.107819 0.725296 10
      vertex 0 0.719999 0
      vertex -0.107819 0.725296 0
    endloop
  endfacet
  facet normal -0.514103 0.857728 0
    outer loop
      vertex 0.611127 0.905383 0
      vertex 0.518536 0.849886 10
      vertex 0.611127 0.905383 10
    endloop
  endfacet
  facet normal -0.514103 0.857728 0
    outer loop
      vertex 0.518536 0.849886 10
      vertex 0.611127 0.905383 0
      vertex 0.518536 0.849886 0
    endloop
  endfacet
  facet normal -0.989176 -0.146737 0
    outer loop
      vertex 1.0947 1.92782 0
      vertex 1.07886 2.0346 10
      vertex 1.07886 2.0346 0
    endloop
  endfacet
  facet normal -0.989176 -0.146737 0
    outer loop
      vertex 1.07886 2.0346 10
      vertex 1.0947 1.92782 0
      vertex 1.0947 1.92782 10
    endloop
  endfacet
  facet normal -0.80319 -0.595723 0
    outer loop
      vertex 0.914616 2.43113 0
      vertex 0.850311 2.51783 10
      vertex 0.850311 2.51783 0
    endloop
  endfacet
  facet normal -0.80319 -0.595723 0
    outer loop
      vertex 0.850311 2.51783 10
      vertex 0.914616 2.43113 0
      vertex 0.914616 2.43113 10
    endloop
  endfacet
  facet normal -0.671538 -0.74097 0
    outer loop
      vertex 0.697832 2.67031 0
      vertex 0.777817 2.59782 10
      vertex 0.697832 2.67031 10
    endloop
  endfacet
  facet normal -0.671538 -0.74097 -0
    outer loop
      vertex 0.777817 2.59782 10
      vertex 0.697832 2.67031 0
      vertex 0.777817 2.59782 0
    endloop
  endfacet
  facet normal 0.0490972 -0.998794 0
    outer loop
      vertex -0.107819 2.9147 0
      vertex 0 2.92 10
      vertex -0.107819 2.9147 10
    endloop
  endfacet
  facet normal 0.0490972 -0.998794 0
    outer loop
      vertex 0 2.92 10
      vertex -0.107819 2.9147 0
      vertex 0 2.92 0
    endloop
  endfacet
  facet normal -0.242985 -0.97003 0
    outer loop
      vertex 0.214599 2.89886 0
      vertex 0.319313 2.87263 10
      vertex 0.214599 2.89886 10
    endloop
  endfacet
  facet normal -0.242985 -0.97003 -0
    outer loop
      vertex 0.319313 2.87263 10
      vertex 0.214599 2.89886 0
      vertex 0.319313 2.87263 0
    endloop
  endfacet
  facet normal -0.146737 -0.989176 0
    outer loop
      vertex 0.107819 2.9147 0
      vertex 0.214599 2.89886 10
      vertex 0.107819 2.9147 10
    endloop
  endfacet
  facet normal -0.146737 -0.989176 -0
    outer loop
      vertex 0.214599 2.89886 10
      vertex 0.107819 2.9147 0
      vertex 0.214599 2.89886 0
    endloop
  endfacet
  facet normal -0.59573 -0.803185 0
    outer loop
      vertex 0.611127 2.73462 0
      vertex 0.697832 2.67031 10
      vertex 0.611127 2.73462 10
    endloop
  endfacet
  facet normal -0.59573 -0.803185 -0
    outer loop
      vertex 0.697832 2.67031 10
      vertex 0.611127 2.73462 0
      vertex 0.697832 2.67031 0
    endloop
  endfacet
  facet normal -0.514056 -0.857757 0
    outer loop
      vertex 0.518536 2.79011 0
      vertex 0.611127 2.73462 10
      vertex 0.518536 2.79011 10
    endloop
  endfacet
  facet normal -0.514056 -0.857757 -0
    outer loop
      vertex 0.611127 2.73462 10
      vertex 0.518536 2.79011 0
      vertex 0.611127 2.73462 0
    endloop
  endfacet
  facet normal 0.998794 -0.0490967 0
    outer loop
      vertex -1.1 1.82 10
      vertex -1.0947 1.92782 0
      vertex -1.0947 1.92782 10
    endloop
  endfacet
  facet normal 0.998794 -0.0490967 0
    outer loop
      vertex -1.0947 1.92782 0
      vertex -1.1 1.82 10
      vertex -1.1 1.82 0
    endloop
  endfacet
  facet normal 0.970028 -0.242993 0
    outer loop
      vertex -1.07886 2.0346 10
      vertex -1.05263 2.13931 0
      vertex -1.05263 2.13931 10
    endloop
  endfacet
  facet normal 0.970028 -0.242993 0
    outer loop
      vertex -1.05263 2.13931 0
      vertex -1.07886 2.0346 10
      vertex -1.07886 2.0346 0
    endloop
  endfacet
  facet normal 0.989176 -0.146737 0
    outer loop
      vertex -1.0947 1.92782 10
      vertex -1.07886 2.0346 0
      vertex -1.07886 2.0346 10
    endloop
  endfacet
  facet normal 0.989176 -0.146737 0
    outer loop
      vertex -1.07886 2.0346 0
      vertex -1.0947 1.92782 10
      vertex -1.0947 1.92782 0
    endloop
  endfacet
  facet normal 0.740973 -0.671535 0
    outer loop
      vertex -0.850311 2.51783 10
      vertex -0.777817 2.59782 0
      vertex -0.777817 2.59782 10
    endloop
  endfacet
  facet normal 0.740973 -0.671535 0
    outer loop
      vertex -0.777817 2.59782 0
      vertex -0.850311 2.51783 10
      vertex -0.850311 2.51783 0
    endloop
  endfacet
  facet normal 0.857726 -0.514107 0
    outer loop
      vertex -0.970113 2.33854 10
      vertex -0.914616 2.43113 0
      vertex -0.914616 2.43113 10
    endloop
  endfacet
  facet normal 0.857726 -0.514107 0
    outer loop
      vertex -0.914616 2.43113 0
      vertex -0.970113 2.33854 10
      vertex -0.970113 2.33854 0
    endloop
  endfacet
  facet normal 0.80319 -0.595723 0
    outer loop
      vertex -0.914616 2.43113 10
      vertex -0.850311 2.51783 0
      vertex -0.850311 2.51783 10
    endloop
  endfacet
  facet normal 0.80319 -0.595723 0
    outer loop
      vertex -0.850311 2.51783 0
      vertex -0.914616 2.43113 10
      vertex -0.914616 2.43113 0
    endloop
  endfacet
  facet normal 0.427598 -0.903969 0
    outer loop
      vertex -0.518536 2.79011 0
      vertex -0.420951 2.83627 10
      vertex -0.518536 2.79011 10
    endloop
  endfacet
  facet normal 0.427598 -0.903969 0
    outer loop
      vertex -0.420951 2.83627 10
      vertex -0.518536 2.79011 0
      vertex -0.420951 2.83627 0
    endloop
  endfacet
  facet normal 0.514056 -0.857757 0
    outer loop
      vertex -0.611127 2.73462 0
      vertex -0.518536 2.79011 10
      vertex -0.611127 2.73462 10
    endloop
  endfacet
  facet normal 0.514056 -0.857757 0
    outer loop
      vertex -0.518536 2.79011 10
      vertex -0.611127 2.73462 0
      vertex -0.518536 2.79011 0
    endloop
  endfacet
  facet normal 0.671538 -0.74097 0
    outer loop
      vertex -0.777817 2.59782 0
      vertex -0.697832 2.67031 10
      vertex -0.777817 2.59782 10
    endloop
  endfacet
  facet normal 0.671538 -0.74097 0
    outer loop
      vertex -0.697832 2.67031 10
      vertex -0.777817 2.59782 0
      vertex -0.697832 2.67031 0
    endloop
  endfacet
  facet normal -0.998794 -0.0490967 0
    outer loop
      vertex 1.1 1.82 0
      vertex 1.0947 1.92782 10
      vertex 1.0947 1.92782 0
    endloop
  endfacet
  facet normal -0.998794 -0.0490967 0
    outer loop
      vertex 1.0947 1.92782 10
      vertex 1.1 1.82 0
      vertex 1.1 1.82 10
    endloop
  endfacet
  facet normal 0.80319 0.595723 0
    outer loop
      vertex -0.850311 1.12217 10
      vertex -0.914616 1.20887 0
      vertex -0.914616 1.20887 10
    endloop
  endfacet
  facet normal 0.80319 0.595723 0
    outer loop
      vertex -0.914616 1.20887 0
      vertex -0.850311 1.12217 10
      vertex -0.850311 1.12217 0
    endloop
  endfacet
  facet normal 0.970028 0.242993 0
    outer loop
      vertex -1.05263 1.50069 10
      vertex -1.07886 1.6054 0
      vertex -1.07886 1.6054 10
    endloop
  endfacet
  facet normal 0.970028 0.242993 0
    outer loop
      vertex -1.07886 1.6054 0
      vertex -1.05263 1.50069 10
      vertex -1.05263 1.50069 0
    endloop
  endfacet
  facet normal -0.146737 0.989176 0
    outer loop
      vertex 0.214599 0.741136 0
      vertex 0.107819 0.725296 10
      vertex 0.214599 0.741136 10
    endloop
  endfacet
  facet normal -0.146737 0.989176 0
    outer loop
      vertex 0.107819 0.725296 10
      vertex 0.214599 0.741136 0
      vertex 0.107819 0.725296 0
    endloop
  endfacet
  facet normal -0.903988 -0.427558 0
    outer loop
      vertex 1.01627 2.24095 0
      vertex 0.970113 2.33854 10
      vertex 0.970113 2.33854 0
    endloop
  endfacet
  facet normal -0.903988 -0.427558 0
    outer loop
      vertex 0.970113 2.33854 10
      vertex 1.01627 2.24095 0
      vertex 1.01627 2.24095 10
    endloop
  endfacet
  facet normal -0.941566 -0.336829 0
    outer loop
      vertex 1.05263 2.13931 0
      vertex 1.01627 2.24095 10
      vertex 1.01627 2.24095 0
    endloop
  endfacet
  facet normal -0.941566 -0.336829 0
    outer loop
      vertex 1.01627 2.24095 10
      vertex 1.05263 2.13931 0
      vertex 1.05263 2.13931 10
    endloop
  endfacet
  facet normal -0.970028 -0.242993 0
    outer loop
      vertex 1.07886 2.0346 0
      vertex 1.05263 2.13931 10
      vertex 1.05263 2.13931 0
    endloop
  endfacet
  facet normal -0.970028 -0.242993 0
    outer loop
      vertex 1.05263 2.13931 10
      vertex 1.07886 2.0346 0
      vertex 1.07886 2.0346 10
    endloop
  endfacet
  facet normal -0.740973 -0.671535 0
    outer loop
      vertex 0.850311 2.51783 0
      vertex 0.777817 2.59782 10
      vertex 0.777817 2.59782 0
    endloop
  endfacet
  facet normal -0.740973 -0.671535 0
    outer loop
      vertex 0.777817 2.59782 10
      vertex 0.850311 2.51783 0
      vertex 0.850311 2.51783 10
    endloop
  endfacet
  facet normal -0.0490972 -0.998794 0
    outer loop
      vertex 0 2.92 0
      vertex 0.107819 2.9147 10
      vertex 0 2.92 10
    endloop
  endfacet
  facet normal -0.0490972 -0.998794 -0
    outer loop
      vertex 0.107819 2.9147 10
      vertex 0 2.92 0
      vertex 0.107819 2.9147 0
    endloop
  endfacet
  facet normal -0.427598 -0.903969 0
    outer loop
      vertex 0.420951 2.83627 0
      vertex 0.518536 2.79011 10
      vertex 0.420951 2.83627 10
    endloop
  endfacet
  facet normal -0.427598 -0.903969 -0
    outer loop
      vertex 0.518536 2.79011 10
      vertex 0.420951 2.83627 0
      vertex 0.518536 2.79011 0
    endloop
  endfacet
  facet normal 0.941566 -0.336829 0
    outer loop
      vertex -1.05263 2.13931 10
      vertex -1.01627 2.24095 0
      vertex -1.01627 2.24095 10
    endloop
  endfacet
  facet normal 0.941566 -0.336829 0
    outer loop
      vertex -1.01627 2.24095 0
      vertex -1.05263 2.13931 10
      vertex -1.05263 2.13931 0
    endloop
  endfacet
  facet normal 0.242985 -0.97003 0
    outer loop
      vertex -0.319313 2.87263 0
      vertex -0.214599 2.89886 10
      vertex -0.319313 2.87263 10
    endloop
  endfacet
  facet normal 0.242985 -0.97003 0
    outer loop
      vertex -0.214599 2.89886 10
      vertex -0.319313 2.87263 0
      vertex -0.214599 2.89886 0
    endloop
  endfacet
  facet normal -0.989176 0.146737 0
    outer loop
      vertex 1.07886 1.6054 0
      vertex 1.0947 1.71218 10
      vertex 1.0947 1.71218 0
    endloop
  endfacet
  facet normal -0.989176 0.146737 0
    outer loop
      vertex 1.0947 1.71218 10
      vertex 1.07886 1.6054 0
      vertex 1.07886 1.6054 10
    endloop
  endfacet
  facet normal -0.970028 0.242993 0
    outer loop
      vertex 1.05263 1.50069 0
      vertex 1.07886 1.6054 10
      vertex 1.07886 1.6054 0
    endloop
  endfacet
  facet normal -0.970028 0.242993 0
    outer loop
      vertex 1.07886 1.6054 10
      vertex 1.05263 1.50069 0
      vertex 1.05263 1.50069 10
    endloop
  endfacet
  facet normal -0.903988 0.427558 0
    outer loop
      vertex 0.970113 1.30146 0
      vertex 1.01627 1.39905 10
      vertex 1.01627 1.39905 0
    endloop
  endfacet
  facet normal -0.903988 0.427558 0
    outer loop
      vertex 1.01627 1.39905 10
      vertex 0.970113 1.30146 0
      vertex 0.970113 1.30146 10
    endloop
  endfacet
  facet normal -0.80319 0.595723 0
    outer loop
      vertex 0.850311 1.12217 0
      vertex 0.914616 1.20887 10
      vertex 0.914616 1.20887 0
    endloop
  endfacet
  facet normal -0.80319 0.595723 0
    outer loop
      vertex 0.914616 1.20887 10
      vertex 0.850311 1.12217 0
      vertex 0.850311 1.12217 10
    endloop
  endfacet
  facet normal 0.998794 0.0490967 0
    outer loop
      vertex -1.0947 1.71218 10
      vertex -1.1 1.82 0
      vertex -1.1 1.82 10
    endloop
  endfacet
  facet normal 0.998794 0.0490967 0
    outer loop
      vertex -1.1 1.82 0
      vertex -1.0947 1.71218 10
      vertex -1.0947 1.71218 0
    endloop
  endfacet
  facet normal 0.941566 0.336829 0
    outer loop
      vertex -1.01627 1.39905 10
      vertex -1.05263 1.50069 0
      vertex -1.05263 1.50069 10
    endloop
  endfacet
  facet normal 0.941566 0.336829 0
    outer loop
      vertex -1.05263 1.50069 0
      vertex -1.01627 1.39905 10
      vertex -1.01627 1.39905 0
    endloop
  endfacet
  facet normal -0.857726 0.514107 0
    outer loop
      vertex 0.914616 1.20887 0
      vertex 0.970113 1.30146 10
      vertex 0.970113 1.30146 0
    endloop
  endfacet
  facet normal -0.857726 0.514107 0
    outer loop
      vertex 0.970113 1.30146 10
      vertex 0.914616 1.20887 0
      vertex 0.914616 1.20887 10
    endloop
  endfacet
  facet normal 0.671548 0.740961 -0
    outer loop
      vertex -0.697832 0.969688 0
      vertex -0.777817 1.04218 10
      vertex -0.697832 0.969688 10
    endloop
  endfacet
  facet normal 0.671548 0.740961 0
    outer loop
      vertex -0.777817 1.04218 10
      vertex -0.697832 0.969688 0
      vertex -0.777817 1.04218 0
    endloop
  endfacet
  facet normal -0.0490695 0.998795 0
    outer loop
      vertex 0.107819 0.725296 0
      vertex 0 0.719999 10
      vertex 0.107819 0.725296 10
    endloop
  endfacet
  facet normal -0.0490695 0.998795 0
    outer loop
      vertex 0 0.719999 10
      vertex 0.107819 0.725296 0
      vertex 0 0.719999 0
    endloop
  endfacet
  facet normal 0.5957 0.803207 -0
    outer loop
      vertex -0.611127 0.905383 0
      vertex -0.697832 0.969688 10
      vertex -0.611127 0.905383 10
    endloop
  endfacet
  facet normal 0.5957 0.803207 0
    outer loop
      vertex -0.697832 0.969688 10
      vertex -0.611127 0.905383 0
      vertex -0.697832 0.969688 0
    endloop
  endfacet
  facet normal 0.514103 0.857728 -0
    outer loop
      vertex -0.518536 0.849886 0
      vertex -0.611127 0.905383 10
      vertex -0.518536 0.849886 10
    endloop
  endfacet
  facet normal 0.514103 0.857728 0
    outer loop
      vertex -0.611127 0.905383 10
      vertex -0.518536 0.849886 0
      vertex -0.611127 0.905383 0
    endloop
  endfacet
  facet normal 0.989176 0.146737 0
    outer loop
      vertex -1.07886 1.6054 10
      vertex -1.0947 1.71218 0
      vertex -1.0947 1.71218 10
    endloop
  endfacet
  facet normal 0.989176 0.146737 0
    outer loop
      vertex -1.0947 1.71218 0
      vertex -1.07886 1.6054 10
      vertex -1.07886 1.6054 0
    endloop
  endfacet
  facet normal 0.740973 0.671535 0
    outer loop
      vertex -0.777817 1.04218 10
      vertex -0.850311 1.12217 0
      vertex -0.850311 1.12217 10
    endloop
  endfacet
  facet normal 0.740973 0.671535 0
    outer loop
      vertex -0.850311 1.12217 0
      vertex -0.777817 1.04218 10
      vertex -0.777817 1.04218 0
    endloop
  endfacet
  facet normal 0.857726 0.514107 0
    outer loop
      vertex -0.914616 1.20887 10
      vertex -0.970113 1.30146 0
      vertex -0.970113 1.30146 10
    endloop
  endfacet
  facet normal 0.857726 0.514107 0
    outer loop
      vertex -0.970113 1.30146 0
      vertex -0.914616 1.20887 10
      vertex -0.914616 1.20887 0
    endloop
  endfacet
  facet normal 0.903988 0.427558 0
    outer loop
      vertex -0.970113 1.30146 10
      vertex -1.01627 1.39905 0
      vertex -1.01627 1.39905 10
    endloop
  endfacet
  facet normal 0.903988 0.427558 0
    outer loop
      vertex -1.01627 1.39905 0
      vertex -0.970113 1.30146 10
      vertex -0.970113 1.30146 0
    endloop
  endfacet
  facet normal -0.242976 0.970032 0
    outer loop
      vertex 0.319313 0.767365 0
      vertex 0.214599 0.741136 10
      vertex 0.319313 0.767365 10
    endloop
  endfacet
  facet normal -0.242976 0.970032 0
    outer loop
      vertex 0.214599 0.741136 10
      vertex 0.319313 0.767365 0
      vertex 0.214599 0.741136 0
    endloop
  endfacet
  facet normal -0.336893 0.941543 0
    outer loop
      vertex 0.420951 0.803732 0
      vertex 0.319313 0.767365 10
      vertex 0.420951 0.803732 10
    endloop
  endfacet
  facet normal -0.336893 0.941543 0
    outer loop
      vertex 0.319313 0.767365 10
      vertex 0.420951 0.803732 0
      vertex 0.319313 0.767365 0
    endloop
  endfacet
  facet normal -0.671548 0.740961 0
    outer loop
      vertex 0.777817 1.04218 0
      vertex 0.697832 0.969688 10
      vertex 0.777817 1.04218 10
    endloop
  endfacet
  facet normal -0.671548 0.740961 0
    outer loop
      vertex 0.697832 0.969688 10
      vertex 0.777817 1.04218 0
      vertex 0.697832 0.969688 0
    endloop
  endfacet
  facet normal -0.5957 0.803207 0
    outer loop
      vertex 0.697832 0.969688 0
      vertex 0.611127 0.905383 10
      vertex 0.697832 0.969688 10
    endloop
  endfacet
  facet normal -0.5957 0.803207 0
    outer loop
      vertex 0.611127 0.905383 10
      vertex 0.697832 0.969688 0
      vertex 0.611127 0.905383 0
    endloop
  endfacet
  facet normal -0.740973 0.671535 0
    outer loop
      vertex 0.777817 1.04218 0
      vertex 0.850311 1.12217 10
      vertex 0.850311 1.12217 0
    endloop
  endfacet
  facet normal -0.740973 0.671535 0
    outer loop
      vertex 0.850311 1.12217 10
      vertex 0.777817 1.04218 0
      vertex 0.777817 1.04218 10
    endloop
  endfacet
  facet normal 0.146737 0.989176 -0
    outer loop
      vertex -0.107819 0.725296 0
      vertex -0.214599 0.741136 10
      vertex -0.107819 0.725296 10
    endloop
  endfacet
  facet normal 0.146737 0.989176 0
    outer loop
      vertex -0.214599 0.741136 10
      vertex -0.107819 0.725296 0
      vertex -0.214599 0.741136 0
    endloop
  endfacet
  facet normal 0.336893 0.941543 -0
    outer loop
      vertex -0.319313 0.767365 0
      vertex -0.420951 0.803732 10
      vertex -0.319313 0.767365 10
    endloop
  endfacet
  facet normal 0.336893 0.941543 0
    outer loop
      vertex -0.420951 0.803732 10
      vertex -0.319313 0.767365 0
      vertex -0.420951 0.803732 0
    endloop
  endfacet
  facet normal 0.427553 0.90399 -0
    outer loop
      vertex -0.420951 0.803732 0
      vertex -0.518536 0.849886 10
      vertex -0.420951 0.803732 10
    endloop
  endfacet
  facet normal 0.427553 0.90399 0
    outer loop
      vertex -0.518536 0.849886 10
      vertex -0.420951 0.803732 0
      vertex -0.518536 0.849886 0
    endloop
  endfacet
  facet normal 0.242976 0.970032 -0
    outer loop
      vertex -0.214599 0.741136 0
      vertex -0.319313 0.767365 10
      vertex -0.214599 0.741136 10
    endloop
  endfacet
  facet normal 0.242976 0.970032 0
    outer loop
      vertex -0.319313 0.767365 10
      vertex -0.214599 0.741136 0
      vertex -0.319313 0.767365 0
    endloop
  endfacet
  facet normal -0.998795 -0.0490736 0
    outer loop
      vertex 0.5 1.82 10.8
      vertex 0.497592 1.86901 20
      vertex 0.497592 1.86901 10.8
    endloop
  endfacet
  facet normal -0.998795 -0.0490736 0
    outer loop
      vertex 0.497592 1.86901 20
      vertex 0.5 1.82 10.8
      vertex 0.5 1.82 20
    endloop
  endfacet
  facet normal 0.998795 -0.0490736 0
    outer loop
      vertex -0.5 1.82 20
      vertex -0.497592 1.86901 10.8
      vertex -0.497592 1.86901 20
    endloop
  endfacet
  facet normal 0.998795 -0.0490736 0
    outer loop
      vertex -0.497592 1.86901 10.8
      vertex -0.5 1.82 20
      vertex -0.5 1.82 10.8
    endloop
  endfacet
  facet normal -0.0491159 -0.998793 0
    outer loop
      vertex 0 2.32 10.8
      vertex 0.0490084 2.31759 20
      vertex 0 2.32 20
    endloop
  endfacet
  facet normal -0.0491159 -0.998793 -0
    outer loop
      vertex 0.0490084 2.31759 20
      vertex 0 2.32 10.8
      vertex 0.0490084 2.31759 10.8
    endloop
  endfacet
  facet normal -0.671536 -0.740972 0
    outer loop
      vertex 0.317196 2.2065 10.8
      vertex 0.353553 2.17355 20
      vertex 0.317196 2.2065 20
    endloop
  endfacet
  facet normal -0.671536 -0.740972 -0
    outer loop
      vertex 0.353553 2.17355 20
      vertex 0.317196 2.2065 10.8
      vertex 0.353553 2.17355 10.8
    endloop
  endfacet
  facet normal 0.671536 -0.740972 0
    outer loop
      vertex -0.353553 2.17355 10.8
      vertex -0.317196 2.2065 20
      vertex -0.353553 2.17355 20
    endloop
  endfacet
  facet normal 0.671536 -0.740972 0
    outer loop
      vertex -0.317196 2.2065 20
      vertex -0.353553 2.17355 10.8
      vertex -0.317196 2.2065 10.8
    endloop
  endfacet
  facet normal 0.336885 -0.941546 0
    outer loop
      vertex -0.191341 2.28194 10.8
      vertex -0.145142 2.29847 20
      vertex -0.191341 2.28194 20
    endloop
  endfacet
  facet normal 0.336885 -0.941546 0
    outer loop
      vertex -0.145142 2.29847 20
      vertex -0.191341 2.28194 10.8
      vertex -0.145142 2.29847 10.8
    endloop
  endfacet
  facet normal -0.904003 -0.427526 0
    outer loop
      vertex 0.461939 2.01134 10.8
      vertex 0.44096 2.0557 20
      vertex 0.44096 2.0557 10.8
    endloop
  endfacet
  facet normal -0.904003 -0.427526 0
    outer loop
      vertex 0.44096 2.0557 20
      vertex 0.461939 2.01134 10.8
      vertex 0.461939 2.01134 20
    endloop
  endfacet
  facet normal -0.427567 -0.903984 0
    outer loop
      vertex 0.191341 2.28194 10.8
      vertex 0.235698 2.26096 20
      vertex 0.191341 2.28194 20
    endloop
  endfacet
  facet normal -0.427567 -0.903984 -0
    outer loop
      vertex 0.235698 2.26096 20
      vertex 0.191341 2.28194 10.8
      vertex 0.235698 2.26096 10.8
    endloop
  endfacet
  facet normal -0.514172 -0.857687 0
    outer loop
      vertex 0.235698 2.26096 10.8
      vertex 0.277784 2.23573 20
      vertex 0.235698 2.26096 20
    endloop
  endfacet
  facet normal -0.514172 -0.857687 -0
    outer loop
      vertex 0.277784 2.23573 20
      vertex 0.235698 2.26096 10.8
      vertex 0.277784 2.23573 10.8
    endloop
  endfacet
  facet normal 0.904003 -0.427526 0
    outer loop
      vertex -0.461939 2.01134 20
      vertex -0.44096 2.0557 10.8
      vertex -0.44096 2.0557 20
    endloop
  endfacet
  facet normal 0.904003 -0.427526 0
    outer loop
      vertex -0.44096 2.0557 10.8
      vertex -0.461939 2.01134 20
      vertex -0.461939 2.01134 10.8
    endloop
  endfacet
  facet normal 0.146737 -0.989176 0
    outer loop
      vertex -0.0975447 2.31039 10.8
      vertex -0.0490084 2.31759 20
      vertex -0.0975447 2.31039 20
    endloop
  endfacet
  facet normal 0.146737 -0.989176 0
    outer loop
      vertex -0.0490084 2.31759 20
      vertex -0.0975447 2.31039 10.8
      vertex -0.0490084 2.31759 10.8
    endloop
  endfacet
  facet normal 0.0491159 0.998793 -0
    outer loop
      vertex 0 1.32 10.8
      vertex -0.0490084 1.32241 20
      vertex 0 1.32 20
    endloop
  endfacet
  facet normal 0.0491159 0.998793 0
    outer loop
      vertex -0.0490084 1.32241 20
      vertex 0 1.32 10.8
      vertex -0.0490084 1.32241 10.8
    endloop
  endfacet
  facet normal -0.427567 0.903984 0
    outer loop
      vertex 0.235698 1.37904 10.8
      vertex 0.191341 1.35806 20
      vertex 0.235698 1.37904 20
    endloop
  endfacet
  facet normal -0.427567 0.903984 0
    outer loop
      vertex 0.191341 1.35806 20
      vertex 0.235698 1.37904 10.8
      vertex 0.191341 1.35806 10.8
    endloop
  endfacet
  facet normal -0.970037 -0.242958 0
    outer loop
      vertex 0.490392 1.91754 10.8
      vertex 0.47847 1.96514 20
      vertex 0.47847 1.96514 10.8
    endloop
  endfacet
  facet normal -0.970037 -0.242958 0
    outer loop
      vertex 0.47847 1.96514 20
      vertex 0.490392 1.91754 10.8
      vertex 0.490392 1.91754 20
    endloop
  endfacet
  facet normal -0.989173 -0.146755 0
    outer loop
      vertex 0.497592 1.86901 10.8
      vertex 0.490392 1.91754 20
      vertex 0.490392 1.91754 10.8
    endloop
  endfacet
  facet normal -0.989173 -0.146755 0
    outer loop
      vertex 0.490392 1.91754 20
      vertex 0.497592 1.86901 10.8
      vertex 0.497592 1.86901 20
    endloop
  endfacet
  facet normal -0.941542 -0.336897 0
    outer loop
      vertex 0.47847 1.96514 10.8
      vertex 0.461939 2.01134 20
      vertex 0.461939 2.01134 10.8
    endloop
  endfacet
  facet normal -0.941542 -0.336897 0
    outer loop
      vertex 0.461939 2.01134 20
      vertex 0.47847 1.96514 10.8
      vertex 0.47847 1.96514 20
    endloop
  endfacet
  facet normal -0.803274 -0.595609 0
    outer loop
      vertex 0.415734 2.09778 10.8
      vertex 0.386505 2.1372 20
      vertex 0.386505 2.1372 10.8
    endloop
  endfacet
  facet normal -0.803274 -0.595609 0
    outer loop
      vertex 0.386505 2.1372 20
      vertex 0.415734 2.09778 10.8
      vertex 0.415734 2.09778 20
    endloop
  endfacet
  facet normal -0.740887 -0.671629 0
    outer loop
      vertex 0.386505 2.1372 10.8
      vertex 0.353553 2.17355 20
      vertex 0.353553 2.17355 10.8
    endloop
  endfacet
  facet normal -0.740887 -0.671629 0
    outer loop
      vertex 0.353553 2.17355 20
      vertex 0.386505 2.1372 10.8
      vertex 0.386505 2.1372 20
    endloop
  endfacet
  facet normal -0.857691 -0.514166 0
    outer loop
      vertex 0.44096 2.0557 10.8
      vertex 0.415734 2.09778 20
      vertex 0.415734 2.09778 10.8
    endloop
  endfacet
  facet normal -0.857691 -0.514166 0
    outer loop
      vertex 0.415734 2.09778 20
      vertex 0.44096 2.0557 10.8
      vertex 0.44096 2.0557 20
    endloop
  endfacet
  facet normal -0.242932 -0.970043 0
    outer loop
      vertex 0.0975447 2.31039 10.8
      vertex 0.145142 2.29847 20
      vertex 0.0975447 2.31039 20
    endloop
  endfacet
  facet normal -0.242932 -0.970043 -0
    outer loop
      vertex 0.145142 2.29847 20
      vertex 0.0975447 2.31039 10.8
      vertex 0.145142 2.29847 10.8
    endloop
  endfacet
  facet normal -0.336885 -0.941546 0
    outer loop
      vertex 0.145142 2.29847 10.8
      vertex 0.191341 2.28194 20
      vertex 0.145142 2.29847 20
    endloop
  endfacet
  facet normal -0.336885 -0.941546 -0
    outer loop
      vertex 0.191341 2.28194 20
      vertex 0.145142 2.29847 10.8
      vertex 0.191341 2.28194 10.8
    endloop
  endfacet
  facet normal -0.146737 -0.989176 0
    outer loop
      vertex 0.0490084 2.31759 10.8
      vertex 0.0975447 2.31039 20
      vertex 0.0490084 2.31759 20
    endloop
  endfacet
  facet normal -0.146737 -0.989176 -0
    outer loop
      vertex 0.0975447 2.31039 20
      vertex 0.0490084 2.31759 10.8
      vertex 0.0975447 2.31039 10.8
    endloop
  endfacet
  facet normal -0.5957 -0.803207 0
    outer loop
      vertex 0.277784 2.23573 10.8
      vertex 0.317196 2.2065 20
      vertex 0.277784 2.23573 20
    endloop
  endfacet
  facet normal -0.5957 -0.803207 -0
    outer loop
      vertex 0.317196 2.2065 20
      vertex 0.277784 2.23573 10.8
      vertex 0.317196 2.2065 10.8
    endloop
  endfacet
  facet normal 0.970037 -0.242958 0
    outer loop
      vertex -0.490392 1.91754 20
      vertex -0.47847 1.96514 10.8
      vertex -0.47847 1.96514 20
    endloop
  endfacet
  facet normal 0.970037 -0.242958 0
    outer loop
      vertex -0.47847 1.96514 10.8
      vertex -0.490392 1.91754 20
      vertex -0.490392 1.91754 10.8
    endloop
  endfacet
  facet normal 0.803274 -0.595609 0
    outer loop
      vertex -0.415734 2.09778 20
      vertex -0.386505 2.1372 10.8
      vertex -0.386505 2.1372 20
    endloop
  endfacet
  facet normal 0.803274 -0.595609 0
    outer loop
      vertex -0.386505 2.1372 10.8
      vertex -0.415734 2.09778 20
      vertex -0.415734 2.09778 10.8
    endloop
  endfacet
  facet normal 0.740887 -0.671629 0
    outer loop
      vertex -0.386505 2.1372 20
      vertex -0.353553 2.17355 10.8
      vertex -0.353553 2.17355 20
    endloop
  endfacet
  facet normal 0.740887 -0.671629 0
    outer loop
      vertex -0.353553 2.17355 10.8
      vertex -0.386505 2.1372 20
      vertex -0.386505 2.1372 10.8
    endloop
  endfacet
  facet normal 0.857691 -0.514166 0
    outer loop
      vertex -0.44096 2.0557 20
      vertex -0.415734 2.09778 10.8
      vertex -0.415734 2.09778 20
    endloop
  endfacet
  facet normal 0.857691 -0.514166 0
    outer loop
      vertex -0.415734 2.09778 10.8
      vertex -0.44096 2.0557 20
      vertex -0.44096 2.0557 10.8
    endloop
  endfacet
  facet normal 0.941542 -0.336897 0
    outer loop
      vertex -0.47847 1.96514 20
      vertex -0.461939 2.01134 10.8
      vertex -0.461939 2.01134 20
    endloop
  endfacet
  facet normal 0.941542 -0.336897 0
    outer loop
      vertex -0.461939 2.01134 10.8
      vertex -0.47847 1.96514 20
      vertex -0.47847 1.96514 10.8
    endloop
  endfacet
  facet normal 0.989173 -0.146755 0
    outer loop
      vertex -0.497592 1.86901 20
      vertex -0.490392 1.91754 10.8
      vertex -0.490392 1.91754 20
    endloop
  endfacet
  facet normal 0.989173 -0.146755 0
    outer loop
      vertex -0.490392 1.91754 10.8
      vertex -0.497592 1.86901 20
      vertex -0.497592 1.86901 10.8
    endloop
  endfacet
  facet normal 0.514172 -0.857687 0
    outer loop
      vertex -0.277784 2.23573 10.8
      vertex -0.235698 2.26096 20
      vertex -0.277784 2.23573 20
    endloop
  endfacet
  facet normal 0.514172 -0.857687 0
    outer loop
      vertex -0.235698 2.26096 20
      vertex -0.277784 2.23573 10.8
      vertex -0.235698 2.26096 10.8
    endloop
  endfacet
  facet normal 0.427567 -0.903984 0
    outer loop
      vertex -0.235698 2.26096 10.8
      vertex -0.191341 2.28194 20
      vertex -0.235698 2.26096 20
    endloop
  endfacet
  facet normal 0.427567 -0.903984 0
    outer loop
      vertex -0.191341 2.28194 20
      vertex -0.235698 2.26096 10.8
      vertex -0.191341 2.28194 10.8
    endloop
  endfacet
  facet normal 0.5957 -0.803207 0
    outer loop
      vertex -0.317196 2.2065 10.8
      vertex -0.277784 2.23573 20
      vertex -0.317196 2.2065 20
    endloop
  endfacet
  facet normal 0.5957 -0.803207 0
    outer loop
      vertex -0.277784 2.23573 20
      vertex -0.317196 2.2065 10.8
      vertex -0.277784 2.23573 10.8
    endloop
  endfacet
  facet normal 0.242932 -0.970043 0
    outer loop
      vertex -0.145142 2.29847 10.8
      vertex -0.0975447 2.31039 20
      vertex -0.145142 2.29847 20
    endloop
  endfacet
  facet normal 0.242932 -0.970043 0
    outer loop
      vertex -0.0975447 2.31039 20
      vertex -0.145142 2.29847 10.8
      vertex -0.0975447 2.31039 10.8
    endloop
  endfacet
  facet normal 0.0491159 -0.998793 0
    outer loop
      vertex -0.0490084 2.31759 10.8
      vertex 0 2.32 20
      vertex -0.0490084 2.31759 20
    endloop
  endfacet
  facet normal 0.0491159 -0.998793 0
    outer loop
      vertex 0 2.32 20
      vertex -0.0490084 2.31759 10.8
      vertex 0 2.32 10.8
    endloop
  endfacet
  facet normal -0.998795 0.0490736 0
    outer loop
      vertex 0.497592 1.77099 10.8
      vertex 0.5 1.82 20
      vertex 0.5 1.82 10.8
    endloop
  endfacet
  facet normal -0.998795 0.0490736 0
    outer loop
      vertex 0.5 1.82 20
      vertex 0.497592 1.77099 10.8
      vertex 0.497592 1.77099 20
    endloop
  endfacet
  facet normal 0.904003 0.427526 0
    outer loop
      vertex -0.44096 1.5843 20
      vertex -0.461939 1.62866 10.8
      vertex -0.461939 1.62866 20
    endloop
  endfacet
  facet normal 0.904003 0.427526 0
    outer loop
      vertex -0.461939 1.62866 10.8
      vertex -0.44096 1.5843 20
      vertex -0.44096 1.5843 10.8
    endloop
  endfacet
  facet normal -0.941542 0.336897 0
    outer loop
      vertex 0.461939 1.62866 10.8
      vertex 0.47847 1.67486 20
      vertex 0.47847 1.67486 10.8
    endloop
  endfacet
  facet normal -0.941542 0.336897 0
    outer loop
      vertex 0.47847 1.67486 20
      vertex 0.461939 1.62866 10.8
      vertex 0.461939 1.62866 20
    endloop
  endfacet
  facet normal -0.970025 0.243006 0
    outer loop
      vertex 0.47847 1.67486 10.8
      vertex 0.490392 1.72245 20
      vertex 0.490392 1.72245 10.8
    endloop
  endfacet
  facet normal -0.970025 0.243006 0
    outer loop
      vertex 0.490392 1.72245 20
      vertex 0.47847 1.67486 10.8
      vertex 0.47847 1.67486 20
    endloop
  endfacet
  facet normal -0.514022 0.857777 0
    outer loop
      vertex 0.277784 1.40426 10.8
      vertex 0.235698 1.37904 20
      vertex 0.277784 1.40426 20
    endloop
  endfacet
  facet normal -0.514022 0.857777 0
    outer loop
      vertex 0.235698 1.37904 20
      vertex 0.277784 1.40426 10.8
      vertex 0.235698 1.37904 10.8
    endloop
  endfacet
  facet normal -0.904003 0.427526 0
    outer loop
      vertex 0.44096 1.5843 10.8
      vertex 0.461939 1.62866 20
      vertex 0.461939 1.62866 10.8
    endloop
  endfacet
  facet normal -0.904003 0.427526 0
    outer loop
      vertex 0.461939 1.62866 20
      vertex 0.44096 1.5843 10.8
      vertex 0.44096 1.5843 20
    endloop
  endfacet
  facet normal -0.857745 0.514076 0
    outer loop
      vertex 0.415734 1.54221 10.8
      vertex 0.44096 1.5843 20
      vertex 0.44096 1.5843 10.8
    endloop
  endfacet
  facet normal -0.857745 0.514076 0
    outer loop
      vertex 0.44096 1.5843 20
      vertex 0.415734 1.54221 10.8
      vertex 0.415734 1.54221 20
    endloop
  endfacet
  facet normal -0.803202 0.595707 0
    outer loop
      vertex 0.386505 1.5028 10.8
      vertex 0.415734 1.54221 20
      vertex 0.415734 1.54221 10.8
    endloop
  endfacet
  facet normal -0.803202 0.595707 0
    outer loop
      vertex 0.415734 1.54221 20
      vertex 0.386505 1.5028 10.8
      vertex 0.386505 1.5028 20
    endloop
  endfacet
  facet normal 0.970025 0.243006 0
    outer loop
      vertex -0.47847 1.67486 20
      vertex -0.490392 1.72245 10.8
      vertex -0.490392 1.72245 20
    endloop
  endfacet
  facet normal 0.970025 0.243006 0
    outer loop
      vertex -0.490392 1.72245 10.8
      vertex -0.47847 1.67486 20
      vertex -0.47847 1.67486 10.8
    endloop
  endfacet
  facet normal 0.998795 0.0490736 0
    outer loop
      vertex -0.497592 1.77099 20
      vertex -0.5 1.82 10.8
      vertex -0.5 1.82 20
    endloop
  endfacet
  facet normal 0.998795 0.0490736 0
    outer loop
      vertex -0.5 1.82 10.8
      vertex -0.497592 1.77099 20
      vertex -0.497592 1.77099 10.8
    endloop
  endfacet
  facet normal 0.989177 0.146726 0
    outer loop
      vertex -0.490392 1.72245 20
      vertex -0.497592 1.77099 10.8
      vertex -0.497592 1.77099 20
    endloop
  endfacet
  facet normal 0.989177 0.146726 0
    outer loop
      vertex -0.497592 1.77099 10.8
      vertex -0.490392 1.72245 20
      vertex -0.490392 1.72245 10.8
    endloop
  endfacet
  facet normal -0.146737 0.989176 0
    outer loop
      vertex 0.0975447 1.32961 10.8
      vertex 0.0490084 1.32241 20
      vertex 0.0975447 1.32961 20
    endloop
  endfacet
  facet normal -0.146737 0.989176 0
    outer loop
      vertex 0.0490084 1.32241 20
      vertex 0.0975447 1.32961 10.8
      vertex 0.0490084 1.32241 10.8
    endloop
  endfacet
  facet normal -0.336885 0.941546 0
    outer loop
      vertex 0.191341 1.35806 10.8
      vertex 0.145142 1.34153 20
      vertex 0.191341 1.35806 20
    endloop
  endfacet
  facet normal -0.336885 0.941546 0
    outer loop
      vertex 0.145142 1.34153 20
      vertex 0.191341 1.35806 10.8
      vertex 0.145142 1.34153 10.8
    endloop
  endfacet
  facet normal -0.989177 0.146726 0
    outer loop
      vertex 0.490392 1.72245 10.8
      vertex 0.497592 1.77099 20
      vertex 0.497592 1.77099 10.8
    endloop
  endfacet
  facet normal -0.989177 0.146726 0
    outer loop
      vertex 0.497592 1.77099 20
      vertex 0.490392 1.72245 10.8
      vertex 0.490392 1.72245 20
    endloop
  endfacet
  facet normal -0.0491159 0.998793 0
    outer loop
      vertex 0.0490084 1.32241 10.8
      vertex 0 1.32 20
      vertex 0.0490084 1.32241 20
    endloop
  endfacet
  facet normal -0.0491159 0.998793 0
    outer loop
      vertex 0 1.32 20
      vertex 0.0490084 1.32241 10.8
      vertex 0 1.32 10.8
    endloop
  endfacet
  facet normal 0.146737 0.989176 -0
    outer loop
      vertex -0.0490084 1.32241 10.8
      vertex -0.0975447 1.32961 20
      vertex -0.0490084 1.32241 20
    endloop
  endfacet
  facet normal 0.146737 0.989176 0
    outer loop
      vertex -0.0975447 1.32961 20
      vertex -0.0490084 1.32241 10.8
      vertex -0.0975447 1.32961 10.8
    endloop
  endfacet
  facet normal 0.857745 0.514076 0
    outer loop
      vertex -0.415734 1.54221 20
      vertex -0.44096 1.5843 10.8
      vertex -0.44096 1.5843 20
    endloop
  endfacet
  facet normal 0.857745 0.514076 0
    outer loop
      vertex -0.44096 1.5843 10.8
      vertex -0.415734 1.54221 20
      vertex -0.415734 1.54221 10.8
    endloop
  endfacet
  facet normal 0.740887 0.671629 0
    outer loop
      vertex -0.353553 1.46645 20
      vertex -0.386505 1.5028 10.8
      vertex -0.386505 1.5028 20
    endloop
  endfacet
  facet normal 0.740887 0.671629 0
    outer loop
      vertex -0.386505 1.5028 10.8
      vertex -0.353553 1.46645 20
      vertex -0.353553 1.46645 10.8
    endloop
  endfacet
  facet normal 0.803202 0.595707 0
    outer loop
      vertex -0.386505 1.5028 20
      vertex -0.415734 1.54221 10.8
      vertex -0.415734 1.54221 20
    endloop
  endfacet
  facet normal 0.803202 0.595707 0
    outer loop
      vertex -0.415734 1.54221 10.8
      vertex -0.386505 1.5028 20
      vertex -0.386505 1.5028 10.8
    endloop
  endfacet
  facet normal 0.941542 0.336897 0
    outer loop
      vertex -0.461939 1.62866 20
      vertex -0.47847 1.67486 10.8
      vertex -0.47847 1.67486 20
    endloop
  endfacet
  facet normal 0.941542 0.336897 0
    outer loop
      vertex -0.47847 1.67486 10.8
      vertex -0.461939 1.62866 20
      vertex -0.461939 1.62866 10.8
    endloop
  endfacet
  facet normal -0.242932 0.970043 0
    outer loop
      vertex 0.145142 1.34153 10.8
      vertex 0.0975447 1.32961 20
      vertex 0.145142 1.34153 20
    endloop
  endfacet
  facet normal -0.242932 0.970043 0
    outer loop
      vertex 0.0975447 1.32961 20
      vertex 0.145142 1.34153 10.8
      vertex 0.0975447 1.32961 10.8
    endloop
  endfacet
  facet normal -0.5957 0.803207 0
    outer loop
      vertex 0.317196 1.43349 10.8
      vertex 0.277784 1.40426 20
      vertex 0.317196 1.43349 20
    endloop
  endfacet
  facet normal -0.5957 0.803207 0
    outer loop
      vertex 0.277784 1.40426 20
      vertex 0.317196 1.43349 10.8
      vertex 0.277784 1.40426 10.8
    endloop
  endfacet
  facet normal -0.740887 0.671629 0
    outer loop
      vertex 0.353553 1.46645 10.8
      vertex 0.386505 1.5028 20
      vertex 0.386505 1.5028 10.8
    endloop
  endfacet
  facet normal -0.740887 0.671629 0
    outer loop
      vertex 0.386505 1.5028 20
      vertex 0.353553 1.46645 10.8
      vertex 0.353553 1.46645 20
    endloop
  endfacet
  facet normal -0.671648 0.740871 0
    outer loop
      vertex 0.353553 1.46645 10.8
      vertex 0.317196 1.43349 20
      vertex 0.353553 1.46645 20
    endloop
  endfacet
  facet normal -0.671648 0.740871 0
    outer loop
      vertex 0.317196 1.43349 20
      vertex 0.353553 1.46645 10.8
      vertex 0.317196 1.43349 10.8
    endloop
  endfacet
  facet normal 0.242932 0.970043 -0
    outer loop
      vertex -0.0975447 1.32961 10.8
      vertex -0.145142 1.34153 20
      vertex -0.0975447 1.32961 20
    endloop
  endfacet
  facet normal 0.242932 0.970043 0
    outer loop
      vertex -0.145142 1.34153 20
      vertex -0.0975447 1.32961 10.8
      vertex -0.145142 1.34153 10.8
    endloop
  endfacet
  facet normal 0.671648 0.740871 -0
    outer loop
      vertex -0.317196 1.43349 10.8
      vertex -0.353553 1.46645 20
      vertex -0.317196 1.43349 20
    endloop
  endfacet
  facet normal 0.671648 0.740871 0
    outer loop
      vertex -0.353553 1.46645 20
      vertex -0.317196 1.43349 10.8
      vertex -0.353553 1.46645 10.8
    endloop
  endfacet
  facet normal 0.514022 0.857777 -0
    outer loop
      vertex -0.235698 1.37904 10.8
      vertex -0.277784 1.40426 20
      vertex -0.235698 1.37904 20
    endloop
  endfacet
  facet normal 0.514022 0.857777 0
    outer loop
      vertex -0.277784 1.40426 20
      vertex -0.235698 1.37904 10.8
      vertex -0.277784 1.40426 10.8
    endloop
  endfacet
  facet normal 0.5957 0.803207 -0
    outer loop
      vertex -0.277784 1.40426 10.8
      vertex -0.317196 1.43349 20
      vertex -0.277784 1.40426 20
    endloop
  endfacet
  facet normal 0.5957 0.803207 0
    outer loop
      vertex -0.317196 1.43349 20
      vertex -0.277784 1.40426 10.8
      vertex -0.317196 1.43349 10.8
    endloop
  endfacet
  facet normal 0.427567 0.903984 -0
    outer loop
      vertex -0.191341 1.35806 10.8
      vertex -0.235698 1.37904 20
      vertex -0.191341 1.35806 20
    endloop
  endfacet
  facet normal 0.427567 0.903984 0
    outer loop
      vertex -0.235698 1.37904 20
      vertex -0.191341 1.35806 10.8
      vertex -0.235698 1.37904 10.8
    endloop
  endfacet
  facet normal 0.336885 0.941546 -0
    outer loop
      vertex -0.145142 1.34153 10.8
      vertex -0.191341 1.35806 20
      vertex -0.145142 1.34153 20
    endloop
  endfacet
  facet normal 0.336885 0.941546 0
    outer loop
      vertex -0.191341 1.35806 20
      vertex -0.145142 1.34153 10.8
      vertex -0.191341 1.35806 10.8
    endloop
  endfacet
  facet normal -0.799382 -0.0392944 -0.599537
    outer loop
      vertex 1.0947 1.92782 10
      vertex 1.1 1.82 10
      vertex 0.5 1.82 10.8
    endloop
  endfacet
  facet normal -0.791685 -0.11744 -0.599535
    outer loop
      vertex 1.07886 2.0346 10
      vertex 1.0947 1.92782 10
      vertex 0.497592 1.86901 10.8
    endloop
  endfacet
  facet normal 0.593036 -0.537462 -0.599535
    outer loop
      vertex -0.777817 2.59782 10
      vertex -0.386505 2.1372 10.8
      vertex -0.850311 2.51783 10
    endloop
  endfacet
  facet normal 0.476765 -0.642841 -0.599542
    outer loop
      vertex -0.277784 2.23573 10.8
      vertex -0.317196 2.2065 10.8
      vertex -0.611127 2.73462 10
    endloop
  endfacet
  facet normal 0.799382 -0.0392944 -0.599537
    outer loop
      vertex -1.0947 1.92782 10
      vertex -0.5 1.82 10.8
      vertex -1.1 1.82 10
    endloop
  endfacet
  facet normal 0.753558 0.269634 -0.599539
    outer loop
      vertex -0.47847 1.67486 10.8
      vertex -0.461939 1.62866 10.8
      vertex -1.01627 1.39905 10
    endloop
  endfacet
  facet normal -0.593036 0.537462 -0.599535
    outer loop
      vertex 0.850311 1.12217 10
      vertex 0.777817 1.04218 10
      vertex 0.386505 1.5028 10.8
    endloop
  endfacet
  facet normal -0.411514 -0.686443 -0.599543
    outer loop
      vertex 0.611127 2.73462 10
      vertex 0.277784 2.23573 10.8
      vertex 0.235698 2.26096 10.8
    endloop
  endfacet
  facet normal 0.642895 -0.476692 -0.599542
    outer loop
      vertex -0.386505 2.1372 10.8
      vertex -0.415734 2.09778 10.8
      vertex -0.914616 2.43113 10
    endloop
  endfacet
  facet normal 0.53747 0.593025 -0.59954
    outer loop
      vertex -0.353553 1.46645 10.8
      vertex -0.697832 0.969688 10
      vertex -0.777817 1.04218 10
    endloop
  endfacet
  facet normal 0.537553 0.592956 -0.599533
    outer loop
      vertex -0.353553 1.46645 10.8
      vertex -0.317196 1.43349 10.8
      vertex -0.697832 0.969688 10
    endloop
  endfacet
  facet normal -0.269631 0.753561 -0.599538
    outer loop
      vertex 0.420951 0.803732 10
      vertex 0.319313 0.767365 10
      vertex 0.145142 1.34153 10.8
    endloop
  endfacet
  facet normal -0.11744 -0.791684 -0.599537
    outer loop
      vertex 0.107819 2.9147 10
      vertex 0.214599 2.89886 10
      vertex 0.0975447 2.31039 10.8
    endloop
  endfacet
  facet normal -0.686476 -0.411463 -0.59954
    outer loop
      vertex 0.914616 2.43113 10
      vertex 0.970113 2.33854 10
      vertex 0.415734 2.09778 10.8
    endloop
  endfacet
  facet normal -0.776361 -0.194479 -0.599535
    outer loop
      vertex 1.05263 2.13931 10
      vertex 1.07886 2.0346 10
      vertex 0.47847 1.96514 10.8
    endloop
  endfacet
  facet normal -0.791682 -0.117455 -0.599536
    outer loop
      vertex 1.07886 2.0346 10
      vertex 0.497592 1.86901 10.8
      vertex 0.490392 1.91754 10.8
    endloop
  endfacet
  facet normal -0.75358 0.269581 -0.599536
    outer loop
      vertex 1.05263 1.50069 10
      vertex 1.01627 1.39905 10
      vertex 0.47847 1.67486 10.8
    endloop
  endfacet
  facet normal -0.723514 0.342169 -0.59954
    outer loop
      vertex 0.461939 1.62866 10.8
      vertex 1.01627 1.39905 10
      vertex 0.44096 1.5843 10.8
    endloop
  endfacet
  facet normal -0.799382 0.0392944 -0.599537
    outer loop
      vertex 1.1 1.82 10
      vertex 1.0947 1.71218 10
      vertex 0.5 1.82 10.8
    endloop
  endfacet
  facet normal 0.642832 -0.476786 -0.599535
    outer loop
      vertex -0.850311 2.51783 10
      vertex -0.386505 2.1372 10.8
      vertex -0.914616 2.43113 10
    endloop
  endfacet
  facet normal 0.753558 -0.269634 -0.599539
    outer loop
      vertex -0.461939 2.01134 10.8
      vertex -0.47847 1.96514 10.8
      vertex -1.01627 2.24095 10
    endloop
  endfacet
  facet normal 0.686476 -0.411463 -0.59954
    outer loop
      vertex -0.914616 2.43113 10
      vertex -0.415734 2.09778 10.8
      vertex -0.970113 2.33854 10
    endloop
  endfacet
  facet normal 0.11744 -0.791684 -0.599537
    outer loop
      vertex -0.0490084 2.31759 10.8
      vertex -0.0975447 2.31039 10.8
      vertex -0.107819 2.9147 10
    endloop
  endfacet
  facet normal 0.537462 -0.593032 -0.599539
    outer loop
      vertex -0.697832 2.67031 10
      vertex -0.317196 2.2065 10.8
      vertex -0.777817 2.59782 10
    endloop
  endfacet
  facet normal 0.342191 0.723505 -0.599538
    outer loop
      vertex -0.235698 1.37904 10.8
      vertex -0.420951 0.803732 10
      vertex -0.518536 0.849886 10
    endloop
  endfacet
  facet normal 0.686492 0.411439 -0.599539
    outer loop
      vertex -0.44096 1.5843 10.8
      vertex -0.415734 1.54221 10.8
      vertex -0.970113 1.30146 10
    endloop
  endfacet
  facet normal 0.799384 0.039276 -0.599535
    outer loop
      vertex -0.5 1.82 10.8
      vertex -0.497592 1.77099 10.8
      vertex -1.0947 1.71218 10
    endloop
  endfacet
  facet normal -0.0393098 0.799381 -0.599537
    outer loop
      vertex 0 1.32 10.8
      vertex 0.0490084 1.32241 10.8
      vertex 0 0.719999 10
    endloop
  endfacet
  facet normal 0.19443 0.776369 -0.59954
    outer loop
      vertex -0.145142 1.34153 10.8
      vertex -0.0975447 1.32961 10.8
      vertex -0.214599 0.741136 10
    endloop
  endfacet
  facet normal -0.342202 0.723501 -0.599537
    outer loop
      vertex 0.235698 1.37904 10.8
      vertex 0.420951 0.803732 10
      vertex 0.191341 1.35806 10.8
    endloop
  endfacet
  facet normal -0.194431 -0.776374 -0.599534
    outer loop
      vertex 0.319313 2.87263 10
      vertex 0.145142 2.29847 10.8
      vertex 0.0975447 2.31039 10.8
    endloop
  endfacet
  facet normal -0.342201 -0.7235 -0.599538
    outer loop
      vertex 0.420951 2.83627 10
      vertex 0.235698 2.26096 10.8
      vertex 0.191341 2.28194 10.8
    endloop
  endfacet
  facet normal -0.47679 -0.642825 -0.59954
    outer loop
      vertex 0.611127 2.73462 10
      vertex 0.697832 2.67031 10
      vertex 0.317196 2.2065 10.8
    endloop
  endfacet
  facet normal -0.593036 -0.537462 -0.599535
    outer loop
      vertex 0.777817 2.59782 10
      vertex 0.850311 2.51783 10
      vertex 0.386505 2.1372 10.8
    endloop
  endfacet
  facet normal -0.642832 -0.476786 -0.599535
    outer loop
      vertex 0.850311 2.51783 10
      vertex 0.914616 2.43113 10
      vertex 0.386505 2.1372 10.8
    endloop
  endfacet
  facet normal -0.642895 -0.476692 -0.599542
    outer loop
      vertex 0.914616 2.43113 10
      vertex 0.415734 2.09778 10.8
      vertex 0.386505 2.1372 10.8
    endloop
  endfacet
  facet normal -0.75358 -0.269581 -0.599536
    outer loop
      vertex 1.01627 2.24095 10
      vertex 1.05263 2.13931 10
      vertex 0.47847 1.96514 10.8
    endloop
  endfacet
  facet normal -0.686451 -0.411511 -0.599537
    outer loop
      vertex 0.970113 2.33854 10
      vertex 0.44096 2.0557 10.8
      vertex 0.415734 2.09778 10.8
    endloop
  endfacet
  facet normal -0.753558 -0.269634 -0.599539
    outer loop
      vertex 1.01627 2.24095 10
      vertex 0.47847 1.96514 10.8
      vertex 0.461939 2.01134 10.8
    endloop
  endfacet
  facet normal -0.476768 0.642845 -0.599535
    outer loop
      vertex 0.697832 0.969688 10
      vertex 0.611127 0.905383 10
      vertex 0.277784 1.40426 10.8
    endloop
  endfacet
  facet normal -0.642832 0.476786 -0.599535
    outer loop
      vertex 0.914616 1.20887 10
      vertex 0.850311 1.12217 10
      vertex 0.386505 1.5028 10.8
    endloop
  endfacet
  facet normal -0.642841 0.476772 -0.599536
    outer loop
      vertex 0.415734 1.54221 10.8
      vertex 0.914616 1.20887 10
      vertex 0.386505 1.5028 10.8
    endloop
  endfacet
  facet normal -0.686479 0.411464 -0.599537
    outer loop
      vertex 0.970113 1.30146 10
      vertex 0.914616 1.20887 10
      vertex 0.415734 1.54221 10.8
    endloop
  endfacet
  facet normal -0.776361 0.194479 -0.599535
    outer loop
      vertex 1.07886 1.6054 10
      vertex 1.05263 1.50069 10
      vertex 0.47847 1.67486 10.8
    endloop
  endfacet
  facet normal 0.723514 -0.342169 -0.59954
    outer loop
      vertex -0.44096 2.0557 10.8
      vertex -0.461939 2.01134 10.8
      vertex -1.01627 2.24095 10
    endloop
  endfacet
  facet normal 0.411423 -0.686503 -0.599537
    outer loop
      vertex -0.518536 2.79011 10
      vertex -0.235698 2.26096 10.8
      vertex -0.611127 2.73462 10
    endloop
  endfacet
  facet normal 0.11744 -0.791684 -0.599537
    outer loop
      vertex -0.107819 2.9147 10
      vertex -0.0975447 2.31039 10.8
      vertex -0.214599 2.89886 10
    endloop
  endfacet
  facet normal 0.269585 -0.753577 -0.599537
    outer loop
      vertex -0.319313 2.87263 10
      vertex -0.191341 2.28194 10.8
      vertex -0.420951 2.83627 10
    endloop
  endfacet
  facet normal 0.269626 -0.753565 -0.599535
    outer loop
      vertex -0.145142 2.29847 10.8
      vertex -0.191341 2.28194 10.8
      vertex -0.319313 2.87263 10
    endloop
  endfacet
  facet normal -0.194472 -0.776361 -0.599536
    outer loop
      vertex 0.214599 2.89886 10
      vertex 0.319313 2.87263 10
      vertex 0.0975447 2.31039 10.8
    endloop
  endfacet
  facet normal 0.0392948 -0.799382 -0.599537
    outer loop
      vertex 0 2.92 10
      vertex 0 2.32 10.8
      vertex -0.107819 2.9147 10
    endloop
  endfacet
  facet normal 0.47679 -0.642825 -0.59954
    outer loop
      vertex -0.611127 2.73462 10
      vertex -0.317196 2.2065 10.8
      vertex -0.697832 2.67031 10
    endloop
  endfacet
  facet normal 0.537461 -0.593033 -0.599539
    outer loop
      vertex -0.317196 2.2065 10.8
      vertex -0.353553 2.17355 10.8
      vertex -0.777817 2.59782 10
    endloop
  endfacet
  facet normal 0.592965 -0.537534 -0.599541
    outer loop
      vertex -0.353553 2.17355 10.8
      vertex -0.386505 2.1372 10.8
      vertex -0.777817 2.59782 10
    endloop
  endfacet
  facet normal 0.776367 -0.19445 -0.599537
    outer loop
      vertex -0.47847 1.96514 10.8
      vertex -0.490392 1.91754 10.8
      vertex -1.07886 2.0346 10
    endloop
  endfacet
  facet normal 0.791682 -0.117455 -0.599536
    outer loop
      vertex -0.490392 1.91754 10.8
      vertex -0.497592 1.86901 10.8
      vertex -1.07886 2.0346 10
    endloop
  endfacet
  facet normal 0.776361 -0.194479 -0.599535
    outer loop
      vertex -1.05263 2.13931 10
      vertex -0.47847 1.96514 10.8
      vertex -1.07886 2.0346 10
    endloop
  endfacet
  facet normal 0.75358 -0.269581 -0.599536
    outer loop
      vertex -1.01627 2.24095 10
      vertex -0.47847 1.96514 10.8
      vertex -1.05263 2.13931 10
    endloop
  endfacet
  facet normal 0.476768 0.642845 -0.599535
    outer loop
      vertex -0.277784 1.40426 10.8
      vertex -0.611127 0.905383 10
      vertex -0.697832 0.969688 10
    endloop
  endfacet
  facet normal 0.642832 0.476786 -0.599535
    outer loop
      vertex -0.386505 1.5028 10.8
      vertex -0.850311 1.12217 10
      vertex -0.914616 1.20887 10
    endloop
  endfacet
  facet normal 0.723504 0.342194 -0.599538
    outer loop
      vertex -0.44096 1.5843 10.8
      vertex -0.970113 1.30146 10
      vertex -1.01627 1.39905 10
    endloop
  endfacet
  facet normal 0.686479 0.411464 -0.599537
    outer loop
      vertex -0.415734 1.54221 10.8
      vertex -0.914616 1.20887 10
      vertex -0.970113 1.30146 10
    endloop
  endfacet
  facet normal 0.593036 0.537462 -0.599535
    outer loop
      vertex -0.386505 1.5028 10.8
      vertex -0.777817 1.04218 10
      vertex -0.850311 1.12217 10
    endloop
  endfacet
  facet normal 0.592965 0.537534 -0.599541
    outer loop
      vertex -0.386505 1.5028 10.8
      vertex -0.353553 1.46645 10.8
      vertex -0.777817 1.04218 10
    endloop
  endfacet
  facet normal 0.776359 0.194489 -0.599534
    outer loop
      vertex -0.490392 1.72245 10.8
      vertex -0.47847 1.67486 10.8
      vertex -1.07886 1.6054 10
    endloop
  endfacet
  facet normal 0.791685 0.11744 -0.599535
    outer loop
      vertex -0.497592 1.77099 10.8
      vertex -1.07886 1.6054 10
      vertex -1.0947 1.71218 10
    endloop
  endfacet
  facet normal 0.799382 0.0392944 -0.599537
    outer loop
      vertex -0.5 1.82 10.8
      vertex -1.0947 1.71218 10
      vertex -1.1 1.82 10
    endloop
  endfacet
  facet normal -0.269625 0.753563 -0.599537
    outer loop
      vertex 0.191341 1.35806 10.8
      vertex 0.420951 0.803732 10
      vertex 0.145142 1.34153 10.8
    endloop
  endfacet
  facet normal 0.11744 0.791682 -0.599539
    outer loop
      vertex -0.0975447 1.32961 10.8
      vertex -0.0490084 1.32241 10.8
      vertex -0.214599 0.741136 10
    endloop
  endfacet
  facet normal 0.0392725 0.799381 -0.599539
    outer loop
      vertex -0.0490084 1.32241 10.8
      vertex 0 0.719999 10
      vertex -0.107819 0.725296 10
    endloop
  endfacet
  facet normal 0.411395 0.686518 -0.59954
    outer loop
      vertex -0.277784 1.40426 10.8
      vertex -0.235698 1.37904 10.8
      vertex -0.518536 0.849886 10
    endloop
  endfacet
  facet normal 0.411462 0.686482 -0.599535
    outer loop
      vertex -0.277784 1.40426 10.8
      vertex -0.518536 0.849886 10
      vertex -0.611127 0.905383 10
    endloop
  endfacet
  facet normal 0.269625 0.753563 -0.599537
    outer loop
      vertex -0.191341 1.35806 10.8
      vertex -0.145142 1.34153 10.8
      vertex -0.420951 0.803732 10
    endloop
  endfacet
  facet normal -0.411462 0.686482 -0.599535
    outer loop
      vertex 0.611127 0.905383 10
      vertex 0.518536 0.849886 10
      vertex 0.277784 1.40426 10.8
    endloop
  endfacet
  facet normal -0.411423 -0.686503 -0.599537
    outer loop
      vertex 0.518536 2.79011 10
      vertex 0.611127 2.73462 10
      vertex 0.235698 2.26096 10.8
    endloop
  endfacet
  facet normal -0.476765 -0.642841 -0.599542
    outer loop
      vertex 0.611127 2.73462 10
      vertex 0.317196 2.2065 10.8
      vertex 0.277784 2.23573 10.8
    endloop
  endfacet
  facet normal -0.342227 -0.723489 -0.599536
    outer loop
      vertex 0.420951 2.83627 10
      vertex 0.518536 2.79011 10
      vertex 0.235698 2.26096 10.8
    endloop
  endfacet
  facet normal -0.537462 -0.593032 -0.599539
    outer loop
      vertex 0.697832 2.67031 10
      vertex 0.777817 2.59782 10
      vertex 0.317196 2.2065 10.8
    endloop
  endfacet
  facet normal -0.723514 -0.342169 -0.59954
    outer loop
      vertex 1.01627 2.24095 10
      vertex 0.461939 2.01134 10.8
      vertex 0.44096 2.0557 10.8
    endloop
  endfacet
  facet normal -0.723504 -0.342194 -0.599538
    outer loop
      vertex 0.970113 2.33854 10
      vertex 1.01627 2.24095 10
      vertex 0.44096 2.0557 10.8
    endloop
  endfacet
  facet normal -0.799384 -0.039276 -0.599535
    outer loop
      vertex 1.0947 1.92782 10
      vertex 0.5 1.82 10.8
      vertex 0.497592 1.86901 10.8
    endloop
  endfacet
  facet normal -0.592965 0.537534 -0.599541
    outer loop
      vertex 0.386505 1.5028 10.8
      vertex 0.777817 1.04218 10
      vertex 0.353553 1.46645 10.8
    endloop
  endfacet
  facet normal -0.476768 0.642845 -0.599535
    outer loop
      vertex 0.317196 1.43349 10.8
      vertex 0.697832 0.969688 10
      vertex 0.277784 1.40426 10.8
    endloop
  endfacet
  facet normal -0.53747 0.593025 -0.59954
    outer loop
      vertex 0.777817 1.04218 10
      vertex 0.697832 0.969688 10
      vertex 0.353553 1.46645 10.8
    endloop
  endfacet
  facet normal -0.686492 0.411439 -0.599539
    outer loop
      vertex 0.44096 1.5843 10.8
      vertex 0.970113 1.30146 10
      vertex 0.415734 1.54221 10.8
    endloop
  endfacet
  facet normal -0.723504 0.342194 -0.599538
    outer loop
      vertex 1.01627 1.39905 10
      vertex 0.970113 1.30146 10
      vertex 0.44096 1.5843 10.8
    endloop
  endfacet
  facet normal -0.791685 0.11744 -0.599535
    outer loop
      vertex 1.0947 1.71218 10
      vertex 1.07886 1.6054 10
      vertex 0.497592 1.77099 10.8
    endloop
  endfacet
  facet normal -0.799384 0.039276 -0.599535
    outer loop
      vertex 0.5 1.82 10.8
      vertex 1.0947 1.71218 10
      vertex 0.497592 1.77099 10.8
    endloop
  endfacet
  facet normal 0.686451 -0.411511 -0.599537
    outer loop
      vertex -0.415734 2.09778 10.8
      vertex -0.44096 2.0557 10.8
      vertex -0.970113 2.33854 10
    endloop
  endfacet
  facet normal 0.723504 -0.342194 -0.599538
    outer loop
      vertex -0.970113 2.33854 10
      vertex -0.44096 2.0557 10.8
      vertex -1.01627 2.24095 10
    endloop
  endfacet
  facet normal 0.411514 -0.686443 -0.599543
    outer loop
      vertex -0.235698 2.26096 10.8
      vertex -0.277784 2.23573 10.8
      vertex -0.611127 2.73462 10
    endloop
  endfacet
  facet normal 0.194472 -0.776361 -0.599536
    outer loop
      vertex -0.214599 2.89886 10
      vertex -0.0975447 2.31039 10.8
      vertex -0.319313 2.87263 10
    endloop
  endfacet
  facet normal 0.0393097 -0.799381 -0.599538
    outer loop
      vertex 0 2.32 10.8
      vertex -0.0490084 2.31759 10.8
      vertex -0.107819 2.9147 10
    endloop
  endfacet
  facet normal -0.11744 -0.791684 -0.599537
    outer loop
      vertex 0.107819 2.9147 10
      vertex 0.0975447 2.31039 10.8
      vertex 0.0490084 2.31759 10.8
    endloop
  endfacet
  facet normal -0.0392948 -0.799382 -0.599537
    outer loop
      vertex 0 2.92 10
      vertex 0.107819 2.9147 10
      vertex 0 2.32 10.8
    endloop
  endfacet
  facet normal 0.791685 -0.11744 -0.599535
    outer loop
      vertex -1.07886 2.0346 10
      vertex -0.497592 1.86901 10.8
      vertex -1.0947 1.92782 10
    endloop
  endfacet
  facet normal 0.799384 -0.039276 -0.599535
    outer loop
      vertex -0.497592 1.86901 10.8
      vertex -0.5 1.82 10.8
      vertex -1.0947 1.92782 10
    endloop
  endfacet
  facet normal 0.723514 0.342169 -0.59954
    outer loop
      vertex -0.461939 1.62866 10.8
      vertex -0.44096 1.5843 10.8
      vertex -1.01627 1.39905 10
    endloop
  endfacet
  facet normal 0.776361 0.194479 -0.599535
    outer loop
      vertex -0.47847 1.67486 10.8
      vertex -1.05263 1.50069 10
      vertex -1.07886 1.6054 10
    endloop
  endfacet
  facet normal 0.75358 0.269581 -0.599536
    outer loop
      vertex -0.47847 1.67486 10.8
      vertex -1.01627 1.39905 10
      vertex -1.05263 1.50069 10
    endloop
  endfacet
  facet normal 0.791687 0.117432 -0.599535
    outer loop
      vertex -0.497592 1.77099 10.8
      vertex -0.490392 1.72245 10.8
      vertex -1.07886 1.6054 10
    endloop
  endfacet
  facet normal -0.11744 0.791682 -0.599539
    outer loop
      vertex 0.214599 0.741136 10
      vertex 0.107819 0.725296 10
      vertex 0.0490084 1.32241 10.8
    endloop
  endfacet
  facet normal -0.0392725 0.799381 -0.599539
    outer loop
      vertex 0.0490084 1.32241 10.8
      vertex 0.107819 0.725296 10
      vertex 0 0.719999 10
    endloop
  endfacet
  facet normal 0.0393098 0.799381 -0.599537
    outer loop
      vertex 0 1.32 10.8
      vertex 0 0.719999 10
      vertex -0.0490084 1.32241 10.8
    endloop
  endfacet
  facet normal 0.11744 0.791682 -0.599539
    outer loop
      vertex -0.0490084 1.32241 10.8
      vertex -0.107819 0.725296 10
      vertex -0.214599 0.741136 10
    endloop
  endfacet
  facet normal 0.476768 0.642845 -0.599535
    outer loop
      vertex -0.317196 1.43349 10.8
      vertex -0.277784 1.40426 10.8
      vertex -0.697832 0.969688 10
    endloop
  endfacet
  facet normal 0.194465 0.776362 -0.599538
    outer loop
      vertex -0.145142 1.34153 10.8
      vertex -0.214599 0.741136 10
      vertex -0.319313 0.767365 10
    endloop
  endfacet
  facet normal 0.269631 0.753561 -0.599538
    outer loop
      vertex -0.145142 1.34153 10.8
      vertex -0.319313 0.767365 10
      vertex -0.420951 0.803732 10
    endloop
  endfacet
  facet normal 0.342202 0.723501 -0.599537
    outer loop
      vertex -0.235698 1.37904 10.8
      vertex -0.191341 1.35806 10.8
      vertex -0.420951 0.803732 10
    endloop
  endfacet
  facet normal -0.269585 -0.753577 -0.599537
    outer loop
      vertex 0.319313 2.87263 10
      vertex 0.420951 2.83627 10
      vertex 0.191341 2.28194 10.8
    endloop
  endfacet
  facet normal -0.269626 -0.753565 -0.599535
    outer loop
      vertex 0.319313 2.87263 10
      vertex 0.191341 2.28194 10.8
      vertex 0.145142 2.29847 10.8
    endloop
  endfacet
  facet normal -0.592965 -0.537534 -0.599541
    outer loop
      vertex 0.777817 2.59782 10
      vertex 0.386505 2.1372 10.8
      vertex 0.353553 2.17355 10.8
    endloop
  endfacet
  facet normal -0.537461 -0.593033 -0.599539
    outer loop
      vertex 0.777817 2.59782 10
      vertex 0.353553 2.17355 10.8
      vertex 0.317196 2.2065 10.8
    endloop
  endfacet
  facet normal -0.776367 -0.19445 -0.599537
    outer loop
      vertex 1.07886 2.0346 10
      vertex 0.490392 1.91754 10.8
      vertex 0.47847 1.96514 10.8
    endloop
  endfacet
  facet normal -0.342191 0.723505 -0.599538
    outer loop
      vertex 0.518536 0.849886 10
      vertex 0.420951 0.803732 10
      vertex 0.235698 1.37904 10.8
    endloop
  endfacet
  facet normal -0.411395 0.686518 -0.59954
    outer loop
      vertex 0.277784 1.40426 10.8
      vertex 0.518536 0.849886 10
      vertex 0.235698 1.37904 10.8
    endloop
  endfacet
  facet normal -0.537553 0.592956 -0.599533
    outer loop
      vertex 0.353553 1.46645 10.8
      vertex 0.697832 0.969688 10
      vertex 0.317196 1.43349 10.8
    endloop
  endfacet
  facet normal -0.753558 0.269634 -0.599539
    outer loop
      vertex 0.47847 1.67486 10.8
      vertex 1.01627 1.39905 10
      vertex 0.461939 1.62866 10.8
    endloop
  endfacet
  facet normal -0.776359 0.194489 -0.599534
    outer loop
      vertex 0.490392 1.72245 10.8
      vertex 1.07886 1.6054 10
      vertex 0.47847 1.67486 10.8
    endloop
  endfacet
  facet normal -0.791687 0.117432 -0.599535
    outer loop
      vertex 0.497592 1.77099 10.8
      vertex 1.07886 1.6054 10
      vertex 0.490392 1.72245 10.8
    endloop
  endfacet
  facet normal 0.342201 -0.7235 -0.599538
    outer loop
      vertex -0.191341 2.28194 10.8
      vertex -0.235698 2.26096 10.8
      vertex -0.420951 2.83627 10
    endloop
  endfacet
  facet normal 0.342227 -0.723489 -0.599536
    outer loop
      vertex -0.420951 2.83627 10
      vertex -0.235698 2.26096 10.8
      vertex -0.518536 2.79011 10
    endloop
  endfacet
  facet normal 0.194431 -0.776374 -0.599534
    outer loop
      vertex -0.0975447 2.31039 10.8
      vertex -0.145142 2.29847 10.8
      vertex -0.319313 2.87263 10
    endloop
  endfacet
  facet normal -0.0393097 -0.799381 -0.599538
    outer loop
      vertex 0.107819 2.9147 10
      vertex 0.0490084 2.31759 10.8
      vertex 0 2.32 10.8
    endloop
  endfacet
  facet normal 0.642841 0.476772 -0.599536
    outer loop
      vertex -0.415734 1.54221 10.8
      vertex -0.386505 1.5028 10.8
      vertex -0.914616 1.20887 10
    endloop
  endfacet
  facet normal -0.194465 0.776362 -0.599538
    outer loop
      vertex 0.319313 0.767365 10
      vertex 0.214599 0.741136 10
      vertex 0.145142 1.34153 10.8
    endloop
  endfacet
  facet normal -0.11744 0.791682 -0.599539
    outer loop
      vertex 0.0975447 1.32961 10.8
      vertex 0.214599 0.741136 10
      vertex 0.0490084 1.32241 10.8
    endloop
  endfacet
  facet normal -0.19443 0.776369 -0.59954
    outer loop
      vertex 0.145142 1.34153 10.8
      vertex 0.214599 0.741136 10
      vertex 0.0975447 1.32961 10.8
    endloop
  endfacet
  facet normal -0.998794 -0.0490967 0
    outer loop
      vertex -1.1 1.82 0
      vertex -1.1053 1.92782 10
      vertex -1.1053 1.92782 0
    endloop
  endfacet
  facet normal -0.998794 -0.0490967 0
    outer loop
      vertex -1.1053 1.92782 10
      vertex -1.1 1.82 0
      vertex -1.1 1.82 10
    endloop
  endfacet
  facet normal 0.998794 -0.0490967 0
    outer loop
      vertex -3.3 1.82 10
      vertex -3.2947 1.92782 0
      vertex -3.2947 1.92782 10
    endloop
  endfacet
  facet normal 0.998794 -0.0490967 0
    outer loop
      vertex -3.2947 1.92782 0
      vertex -3.3 1.82 10
      vertex -3.3 1.82 0
    endloop
  endfacet
  facet normal 0.0490967 -0.998794 0
    outer loop
      vertex -2.30782 2.9147 0
      vertex -2.2 2.92 10
      vertex -2.30782 2.9147 10
    endloop
  endfacet
  facet normal 0.0490967 -0.998794 0
    outer loop
      vertex -2.2 2.92 10
      vertex -2.30782 2.9147 0
      vertex -2.2 2.92 0
    endloop
  endfacet
  facet normal -0.049069 0.998795 0
    outer loop
      vertex -2.09218 0.725296 0
      vertex -2.2 0.719999 10
      vertex -2.09218 0.725296 10
    endloop
  endfacet
  facet normal -0.049069 0.998795 0
    outer loop
      vertex -2.2 0.719999 10
      vertex -2.09218 0.725296 0
      vertex -2.2 0.719999 0
    endloop
  endfacet
  facet normal -0.671515 -0.740991 0
    outer loop
      vertex -1.50217 2.67031 0
      vertex -1.42218 2.59782 10
      vertex -1.50217 2.67031 10
    endloop
  endfacet
  facet normal -0.671515 -0.740991 -0
    outer loop
      vertex -1.42218 2.59782 10
      vertex -1.50217 2.67031 0
      vertex -1.42218 2.59782 0
    endloop
  endfacet
  facet normal 0.671515 -0.740991 0
    outer loop
      vertex -2.97782 2.59782 0
      vertex -2.89783 2.67031 10
      vertex -2.97782 2.59782 10
    endloop
  endfacet
  facet normal 0.671515 -0.740991 0
    outer loop
      vertex -2.89783 2.67031 10
      vertex -2.97782 2.59782 0
      vertex -2.89783 2.67031 0
    endloop
  endfacet
  facet normal 0.336829 -0.941566 0
    outer loop
      vertex -2.62095 2.83627 0
      vertex -2.51931 2.87263 10
      vertex -2.62095 2.83627 10
    endloop
  endfacet
  facet normal 0.336829 -0.941566 0
    outer loop
      vertex -2.51931 2.87263 10
      vertex -2.62095 2.83627 0
      vertex -2.51931 2.87263 0
    endloop
  endfacet
  facet normal -0.903977 -0.427581 0
    outer loop
      vertex -1.18373 2.24095 0
      vertex -1.22989 2.33854 10
      vertex -1.22989 2.33854 0
    endloop
  endfacet
  facet normal -0.903977 -0.427581 0
    outer loop
      vertex -1.22989 2.33854 10
      vertex -1.18373 2.24095 0
      vertex -1.18373 2.24095 10
    endloop
  endfacet
  facet normal -0.336829 -0.941566 0
    outer loop
      vertex -1.88069 2.87263 0
      vertex -1.77905 2.83627 10
      vertex -1.88069 2.87263 10
    endloop
  endfacet
  facet normal -0.336829 -0.941566 -0
    outer loop
      vertex -1.77905 2.83627 10
      vertex -1.88069 2.87263 0
      vertex -1.77905 2.83627 0
    endloop
  endfacet
  facet normal -0.51406 -0.857754 0
    outer loop
      vertex -1.68146 2.79011 0
      vertex -1.58887 2.73462 10
      vertex -1.68146 2.79011 10
    endloop
  endfacet
  facet normal -0.51406 -0.857754 -0
    outer loop
      vertex -1.58887 2.73462 10
      vertex -1.68146 2.79011 0
      vertex -1.58887 2.73462 0
    endloop
  endfacet
  facet normal 0.903977 -0.427581 0
    outer loop
      vertex -3.21627 2.24095 10
      vertex -3.17011 2.33854 0
      vertex -3.17011 2.33854 10
    endloop
  endfacet
  facet normal 0.903977 -0.427581 0
    outer loop
      vertex -3.17011 2.33854 0
      vertex -3.21627 2.24095 10
      vertex -3.21627 2.24095 0
    endloop
  endfacet
  facet normal 0.146737 -0.989176 0
    outer loop
      vertex -2.4146 2.89886 0
      vertex -2.30782 2.9147 10
      vertex -2.4146 2.89886 10
    endloop
  endfacet
  facet normal 0.146737 -0.989176 0
    outer loop
      vertex -2.30782 2.9147 10
      vertex -2.4146 2.89886 0
      vertex -2.30782 2.9147 0
    endloop
  endfacet
  facet normal -0.970028 0.242993 0
    outer loop
      vertex -1.14737 1.50069 0
      vertex -1.12114 1.6054 10
      vertex -1.12114 1.6054 0
    endloop
  endfacet
  facet normal -0.970028 0.242993 0
    outer loop
      vertex -1.12114 1.6054 10
      vertex -1.14737 1.50069 0
      vertex -1.14737 1.50069 10
    endloop
  endfacet
  facet normal -0.146737 0.989176 0
    outer loop
      vertex -1.9854 0.741136 0
      vertex -2.09218 0.725296 10
      vertex -1.9854 0.741136 10
    endloop
  endfacet
  facet normal -0.146737 0.989176 0
    outer loop
      vertex -2.09218 0.725296 10
      vertex -1.9854 0.741136 0
      vertex -2.09218 0.725296 0
    endloop
  endfacet
  facet normal -0.427535 0.903999 0
    outer loop
      vertex -1.68146 0.849886 0
      vertex -1.77905 0.803732 10
      vertex -1.68146 0.849886 10
    endloop
  endfacet
  facet normal -0.427535 0.903999 0
    outer loop
      vertex -1.77905 0.803732 10
      vertex -1.68146 0.849886 0
      vertex -1.77905 0.803732 0
    endloop
  endfacet
  facet normal -0.970028 -0.242993 0
    outer loop
      vertex -1.12114 2.0346 0
      vertex -1.14737 2.13931 10
      vertex -1.14737 2.13931 0
    endloop
  endfacet
  facet normal -0.970028 -0.242993 0
    outer loop
      vertex -1.14737 2.13931 10
      vertex -1.12114 2.0346 0
      vertex -1.12114 2.0346 10
    endloop
  endfacet
  facet normal -0.989176 -0.146737 0
    outer loop
      vertex -1.1053 1.92782 0
      vertex -1.12114 2.0346 10
      vertex -1.12114 2.0346 0
    endloop
  endfacet
  facet normal -0.989176 -0.146737 0
    outer loop
      vertex -1.12114 2.0346 10
      vertex -1.1053 1.92782 0
      vertex -1.1053 1.92782 10
    endloop
  endfacet
  facet normal -0.941566 -0.336829 0
    outer loop
      vertex -1.14737 2.13931 0
      vertex -1.18373 2.24095 10
      vertex -1.18373 2.24095 0
    endloop
  endfacet
  facet normal -0.941566 -0.336829 0
    outer loop
      vertex -1.18373 2.24095 10
      vertex -1.14737 2.13931 0
      vertex -1.14737 2.13931 10
    endloop
  endfacet
  facet normal -0.803168 -0.595752 0
    outer loop
      vertex -1.28538 2.43113 0
      vertex -1.34969 2.51783 10
      vertex -1.34969 2.51783 0
    endloop
  endfacet
  facet normal -0.803168 -0.595752 0
    outer loop
      vertex -1.34969 2.51783 10
      vertex -1.28538 2.43113 0
      vertex -1.28538 2.43113 10
    endloop
  endfacet
  facet normal -0.740991 -0.671515 0
    outer loop
      vertex -1.34969 2.51783 0
      vertex -1.42218 2.59782 10
      vertex -1.42218 2.59782 0
    endloop
  endfacet
  facet normal -0.740991 -0.671515 0
    outer loop
      vertex -1.42218 2.59782 10
      vertex -1.34969 2.51783 0
      vertex -1.34969 2.51783 10
    endloop
  endfacet
  facet normal -0.857754 -0.51406 0
    outer loop
      vertex -1.22989 2.33854 0
      vertex -1.28538 2.43113 10
      vertex -1.28538 2.43113 0
    endloop
  endfacet
  facet normal -0.857754 -0.51406 0
    outer loop
      vertex -1.28538 2.43113 10
      vertex -1.22989 2.33854 0
      vertex -1.22989 2.33854 10
    endloop
  endfacet
  facet normal -0.146737 -0.989176 0
    outer loop
      vertex -2.09218 2.9147 0
      vertex -1.9854 2.89886 10
      vertex -2.09218 2.9147 10
    endloop
  endfacet
  facet normal -0.146737 -0.989176 -0
    outer loop
      vertex -1.9854 2.89886 10
      vertex -2.09218 2.9147 0
      vertex -1.9854 2.89886 0
    endloop
  endfacet
  facet normal -0.242993 -0.970028 0
    outer loop
      vertex -1.9854 2.89886 0
      vertex -1.88069 2.87263 10
      vertex -1.9854 2.89886 10
    endloop
  endfacet
  facet normal -0.242993 -0.970028 -0
    outer loop
      vertex -1.88069 2.87263 10
      vertex -1.9854 2.89886 0
      vertex -1.88069 2.87263 0
    endloop
  endfacet
  facet normal -0.0490967 -0.998794 0
    outer loop
      vertex -2.2 2.92 0
      vertex -2.09218 2.9147 10
      vertex -2.2 2.92 10
    endloop
  endfacet
  facet normal -0.0490967 -0.998794 -0
    outer loop
      vertex -2.09218 2.9147 10
      vertex -2.2 2.92 0
      vertex -2.09218 2.9147 0
    endloop
  endfacet
  facet normal -0.427581 -0.903977 0
    outer loop
      vertex -1.77905 2.83627 0
      vertex -1.68146 2.79011 10
      vertex -1.77905 2.83627 10
    endloop
  endfacet
  facet normal -0.427581 -0.903977 -0
    outer loop
      vertex -1.68146 2.79011 10
      vertex -1.77905 2.83627 0
      vertex -1.68146 2.79011 0
    endloop
  endfacet
  facet normal -0.595752 -0.803168 0
    outer loop
      vertex -1.58887 2.73462 0
      vertex -1.50217 2.67031 10
      vertex -1.58887 2.73462 10
    endloop
  endfacet
  facet normal -0.595752 -0.803168 -0
    outer loop
      vertex -1.50217 2.67031 10
      vertex -1.58887 2.73462 0
      vertex -1.50217 2.67031 0
    endloop
  endfacet
  facet normal 0.970028 -0.242993 0
    outer loop
      vertex -3.27886 2.0346 10
      vertex -3.25263 2.13931 0
      vertex -3.25263 2.13931 10
    endloop
  endfacet
  facet normal 0.970028 -0.242993 0
    outer loop
      vertex -3.25263 2.13931 0
      vertex -3.27886 2.0346 10
      vertex -3.27886 2.0346 0
    endloop
  endfacet
  facet normal 0.803168 -0.595752 0
    outer loop
      vertex -3.11462 2.43113 10
      vertex -3.05031 2.51783 0
      vertex -3.05031 2.51783 10
    endloop
  endfacet
  facet normal 0.803168 -0.595752 0
    outer loop
      vertex -3.05031 2.51783 0
      vertex -3.11462 2.43113 10
      vertex -3.11462 2.43113 0
    endloop
  endfacet
  facet normal 0.740991 -0.671515 0
    outer loop
      vertex -3.05031 2.51783 10
      vertex -2.97782 2.59782 0
      vertex -2.97782 2.59782 10
    endloop
  endfacet
  facet normal 0.740991 -0.671515 0
    outer loop
      vertex -2.97782 2.59782 0
      vertex -3.05031 2.51783 10
      vertex -3.05031 2.51783 0
    endloop
  endfacet
  facet normal 0.857754 -0.51406 0
    outer loop
      vertex -3.17011 2.33854 10
      vertex -3.11462 2.43113 0
      vertex -3.11462 2.43113 10
    endloop
  endfacet
  facet normal 0.857754 -0.51406 0
    outer loop
      vertex -3.11462 2.43113 0
      vertex -3.17011 2.33854 10
      vertex -3.17011 2.33854 0
    endloop
  endfacet
  facet normal 0.941566 -0.336829 0
    outer loop
      vertex -3.25263 2.13931 10
      vertex -3.21627 2.24095 0
      vertex -3.21627 2.24095 10
    endloop
  endfacet
  facet normal 0.941566 -0.336829 0
    outer loop
      vertex -3.21627 2.24095 0
      vertex -3.25263 2.13931 10
      vertex -3.25263 2.13931 0
    endloop
  endfacet
  facet normal 0.989176 -0.146737 0
    outer loop
      vertex -3.2947 1.92782 10
      vertex -3.27886 2.0346 0
      vertex -3.27886 2.0346 10
    endloop
  endfacet
  facet normal 0.989176 -0.146737 0
    outer loop
      vertex -3.27886 2.0346 0
      vertex -3.2947 1.92782 10
      vertex -3.2947 1.92782 0
    endloop
  endfacet
  facet normal 0.51406 -0.857754 0
    outer loop
      vertex -2.81113 2.73462 0
      vertex -2.71854 2.79011 10
      vertex -2.81113 2.73462 10
    endloop
  endfacet
  facet normal 0.51406 -0.857754 0
    outer loop
      vertex -2.71854 2.79011 10
      vertex -2.81113 2.73462 0
      vertex -2.71854 2.79011 0
    endloop
  endfacet
  facet normal 0.427581 -0.903977 0
    outer loop
      vertex -2.71854 2.79011 0
      vertex -2.62095 2.83627 10
      vertex -2.71854 2.79011 10
    endloop
  endfacet
  facet normal 0.427581 -0.903977 0
    outer loop
      vertex -2.62095 2.83627 10
      vertex -2.71854 2.79011 0
      vertex -2.62095 2.83627 0
    endloop
  endfacet
  facet normal 0.595752 -0.803168 0
    outer loop
      vertex -2.89783 2.67031 0
      vertex -2.81113 2.73462 10
      vertex -2.89783 2.67031 10
    endloop
  endfacet
  facet normal 0.595752 -0.803168 0
    outer loop
      vertex -2.81113 2.73462 10
      vertex -2.89783 2.67031 0
      vertex -2.81113 2.73462 0
    endloop
  endfacet
  facet normal 0.242993 -0.970028 0
    outer loop
      vertex -2.51931 2.87263 0
      vertex -2.4146 2.89886 10
      vertex -2.51931 2.87263 10
    endloop
  endfacet
  facet normal 0.242993 -0.970028 0
    outer loop
      vertex -2.4146 2.89886 10
      vertex -2.51931 2.87263 0
      vertex -2.4146 2.89886 0
    endloop
  endfacet
  facet normal -0.998794 0.0490967 0
    outer loop
      vertex -1.1053 1.71218 0
      vertex -1.1 1.82 10
      vertex -1.1 1.82 0
    endloop
  endfacet
  facet normal -0.998794 0.0490967 0
    outer loop
      vertex -1.1 1.82 10
      vertex -1.1053 1.71218 0
      vertex -1.1053 1.71218 10
    endloop
  endfacet
  facet normal -0.740991 0.671515 0
    outer loop
      vertex -1.42218 1.04218 0
      vertex -1.34969 1.12217 10
      vertex -1.34969 1.12217 0
    endloop
  endfacet
  facet normal -0.740991 0.671515 0
    outer loop
      vertex -1.34969 1.12217 10
      vertex -1.42218 1.04218 0
      vertex -1.42218 1.04218 10
    endloop
  endfacet
  facet normal 0.903977 0.427581 0
    outer loop
      vertex -3.17011 1.30146 10
      vertex -3.21627 1.39905 0
      vertex -3.21627 1.39905 10
    endloop
  endfacet
  facet normal 0.903977 0.427581 0
    outer loop
      vertex -3.21627 1.39905 0
      vertex -3.17011 1.30146 10
      vertex -3.17011 1.30146 0
    endloop
  endfacet
  facet normal -0.903977 0.427581 0
    outer loop
      vertex -1.22989 1.30146 0
      vertex -1.18373 1.39905 10
      vertex -1.18373 1.39905 0
    endloop
  endfacet
  facet normal -0.903977 0.427581 0
    outer loop
      vertex -1.18373 1.39905 10
      vertex -1.22989 1.30146 0
      vertex -1.22989 1.30146 10
    endloop
  endfacet
  facet normal -0.941566 0.336829 0
    outer loop
      vertex -1.18373 1.39905 0
      vertex -1.14737 1.50069 10
      vertex -1.14737 1.50069 0
    endloop
  endfacet
  facet normal -0.941566 0.336829 0
    outer loop
      vertex -1.14737 1.50069 10
      vertex -1.18373 1.39905 0
      vertex -1.18373 1.39905 10
    endloop
  endfacet
  facet normal -0.989176 0.146737 0
    outer loop
      vertex -1.12114 1.6054 0
      vertex -1.1053 1.71218 10
      vertex -1.1053 1.71218 0
    endloop
  endfacet
  facet normal -0.989176 0.146737 0
    outer loop
      vertex -1.1053 1.71218 10
      vertex -1.12114 1.6054 0
      vertex -1.12114 1.6054 10
    endloop
  endfacet
  facet normal -0.514107 0.857726 0
    outer loop
      vertex -1.58887 0.905383 0
      vertex -1.68146 0.849886 10
      vertex -1.58887 0.905383 10
    endloop
  endfacet
  facet normal -0.514107 0.857726 0
    outer loop
      vertex -1.68146 0.849886 10
      vertex -1.58887 0.905383 0
      vertex -1.68146 0.849886 0
    endloop
  endfacet
  facet normal -0.803168 0.595752 0
    outer loop
      vertex -1.34969 1.12217 0
      vertex -1.28538 1.20887 10
      vertex -1.28538 1.20887 0
    endloop
  endfacet
  facet normal -0.803168 0.595752 0
    outer loop
      vertex -1.28538 1.20887 10
      vertex -1.34969 1.12217 0
      vertex -1.34969 1.12217 10
    endloop
  endfacet
  facet normal 0.336887 0.941545 -0
    outer loop
      vertex -2.51931 0.767365 0
      vertex -2.62095 0.803732 10
      vertex -2.51931 0.767365 10
    endloop
  endfacet
  facet normal 0.336887 0.941545 0
    outer loop
      vertex -2.62095 0.803732 10
      vertex -2.51931 0.767365 0
      vertex -2.62095 0.803732 0
    endloop
  endfacet
  facet normal 0.970028 0.242993 0
    outer loop
      vertex -3.25263 1.50069 10
      vertex -3.27886 1.6054 0
      vertex -3.27886 1.6054 10
    endloop
  endfacet
  facet normal 0.970028 0.242993 0
    outer loop
      vertex -3.27886 1.6054 0
      vertex -3.25263 1.50069 10
      vertex -3.25263 1.50069 0
    endloop
  endfacet
  facet normal -0.857754 0.51406 0
    outer loop
      vertex -1.28538 1.20887 0
      vertex -1.22989 1.30146 10
      vertex -1.22989 1.30146 0
    endloop
  endfacet
  facet normal -0.857754 0.51406 0
    outer loop
      vertex -1.22989 1.30146 10
      vertex -1.28538 1.20887 0
      vertex -1.28538 1.20887 10
    endloop
  endfacet
  facet normal 0.049069 0.998795 -0
    outer loop
      vertex -2.2 0.719999 0
      vertex -2.30782 0.725296 10
      vertex -2.2 0.719999 10
    endloop
  endfacet
  facet normal 0.049069 0.998795 0
    outer loop
      vertex -2.30782 0.725296 10
      vertex -2.2 0.719999 0
      vertex -2.30782 0.725296 0
    endloop
  endfacet
  facet normal 0.514107 0.857726 -0
    outer loop
      vertex -2.71854 0.849886 0
      vertex -2.81113 0.905383 10
      vertex -2.71854 0.849886 10
    endloop
  endfacet
  facet normal 0.514107 0.857726 0
    outer loop
      vertex -2.81113 0.905383 10
      vertex -2.71854 0.849886 0
      vertex -2.81113 0.905383 0
    endloop
  endfacet
  facet normal 0.671525 0.740982 -0
    outer loop
      vertex -2.89783 0.969688 0
      vertex -2.97782 1.04218 10
      vertex -2.89783 0.969688 10
    endloop
  endfacet
  facet normal 0.671525 0.740982 0
    outer loop
      vertex -2.97782 1.04218 10
      vertex -2.89783 0.969688 0
      vertex -2.97782 1.04218 0
    endloop
  endfacet
  facet normal 0.857754 0.51406 0
    outer loop
      vertex -3.11462 1.20887 10
      vertex -3.17011 1.30146 0
      vertex -3.17011 1.30146 10
    endloop
  endfacet
  facet normal 0.857754 0.51406 0
    outer loop
      vertex -3.17011 1.30146 0
      vertex -3.11462 1.20887 10
      vertex -3.11462 1.20887 0
    endloop
  endfacet
  facet normal 0.740991 0.671515 0
    outer loop
      vertex -2.97782 1.04218 10
      vertex -3.05031 1.12217 0
      vertex -3.05031 1.12217 10
    endloop
  endfacet
  facet normal 0.740991 0.671515 0
    outer loop
      vertex -3.05031 1.12217 0
      vertex -2.97782 1.04218 10
      vertex -2.97782 1.04218 0
    endloop
  endfacet
  facet normal 0.803168 0.595752 0
    outer loop
      vertex -3.05031 1.12217 10
      vertex -3.11462 1.20887 0
      vertex -3.11462 1.20887 10
    endloop
  endfacet
  facet normal 0.803168 0.595752 0
    outer loop
      vertex -3.11462 1.20887 0
      vertex -3.05031 1.12217 10
      vertex -3.05031 1.12217 0
    endloop
  endfacet
  facet normal 0.941566 0.336829 0
    outer loop
      vertex -3.21627 1.39905 10
      vertex -3.25263 1.50069 0
      vertex -3.25263 1.50069 10
    endloop
  endfacet
  facet normal 0.941566 0.336829 0
    outer loop
      vertex -3.25263 1.50069 0
      vertex -3.21627 1.39905 10
      vertex -3.21627 1.39905 0
    endloop
  endfacet
  facet normal 0.989176 0.146737 0
    outer loop
      vertex -3.27886 1.6054 10
      vertex -3.2947 1.71218 0
      vertex -3.2947 1.71218 10
    endloop
  endfacet
  facet normal 0.989176 0.146737 0
    outer loop
      vertex -3.2947 1.71218 0
      vertex -3.27886 1.6054 10
      vertex -3.27886 1.6054 0
    endloop
  endfacet
  facet normal 0.998794 0.0490967 0
    outer loop
      vertex -3.2947 1.71218 10
      vertex -3.3 1.82 0
      vertex -3.3 1.82 10
    endloop
  endfacet
  facet normal 0.998794 0.0490967 0
    outer loop
      vertex -3.3 1.82 0
      vertex -3.2947 1.71218 10
      vertex -3.2947 1.71218 0
    endloop
  endfacet
  facet normal -0.671525 0.740982 0
    outer loop
      vertex -1.42218 1.04218 0
      vertex -1.50217 0.969688 10
      vertex -1.42218 1.04218 10
    endloop
  endfacet
  facet normal -0.671525 0.740982 0
    outer loop
      vertex -1.50217 0.969688 10
      vertex -1.42218 1.04218 0
      vertex -1.50217 0.969688 0
    endloop
  endfacet
  facet normal -0.595723 0.80319 0
    outer loop
      vertex -1.50217 0.969688 0
      vertex -1.58887 0.905383 10
      vertex -1.50217 0.969688 10
    endloop
  endfacet
  facet normal -0.595723 0.80319 0
    outer loop
      vertex -1.58887 0.905383 10
      vertex -1.50217 0.969688 0
      vertex -1.58887 0.905383 0
    endloop
  endfacet
  facet normal 0.146737 0.989176 -0
    outer loop
      vertex -2.30782 0.725296 0
      vertex -2.4146 0.741136 10
      vertex -2.30782 0.725296 10
    endloop
  endfacet
  facet normal 0.146737 0.989176 0
    outer loop
      vertex -2.4146 0.741136 10
      vertex -2.30782 0.725296 0
      vertex -2.4146 0.741136 0
    endloop
  endfacet
  facet normal 0.595723 0.80319 -0
    outer loop
      vertex -2.81113 0.905383 0
      vertex -2.89783 0.969688 10
      vertex -2.81113 0.905383 10
    endloop
  endfacet
  facet normal 0.595723 0.80319 0
    outer loop
      vertex -2.89783 0.969688 10
      vertex -2.81113 0.905383 0
      vertex -2.89783 0.969688 0
    endloop
  endfacet
  facet normal 0.427535 0.903999 -0
    outer loop
      vertex -2.62095 0.803732 0
      vertex -2.71854 0.849886 10
      vertex -2.62095 0.803732 10
    endloop
  endfacet
  facet normal 0.427535 0.903999 0
    outer loop
      vertex -2.71854 0.849886 10
      vertex -2.62095 0.803732 0
      vertex -2.71854 0.849886 0
    endloop
  endfacet
  facet normal -0.336887 0.941545 0
    outer loop
      vertex -1.77905 0.803732 0
      vertex -1.88069 0.767365 10
      vertex -1.77905 0.803732 10
    endloop
  endfacet
  facet normal -0.336887 0.941545 0
    outer loop
      vertex -1.88069 0.767365 10
      vertex -1.77905 0.803732 0
      vertex -1.88069 0.767365 0
    endloop
  endfacet
  facet normal -0.242985 0.97003 0
    outer loop
      vertex -1.88069 0.767365 0
      vertex -1.9854 0.741136 10
      vertex -1.88069 0.767365 10
    endloop
  endfacet
  facet normal -0.242985 0.97003 0
    outer loop
      vertex -1.9854 0.741136 10
      vertex -1.88069 0.767365 0
      vertex -1.9854 0.741136 0
    endloop
  endfacet
  facet normal 0.242985 0.97003 -0
    outer loop
      vertex -2.4146 0.741136 0
      vertex -2.51931 0.767365 10
      vertex -2.4146 0.741136 10
    endloop
  endfacet
  facet normal 0.242985 0.97003 0
    outer loop
      vertex -2.51931 0.767365 10
      vertex -2.4146 0.741136 0
      vertex -2.51931 0.767365 0
    endloop
  endfacet
  facet normal -0.998793 -0.0491143 0
    outer loop
      vertex -1.7 1.82 10.8
      vertex -1.70241 1.86901 20
      vertex -1.70241 1.86901 10.8
    endloop
  endfacet
  facet normal -0.998793 -0.0491143 0
    outer loop
      vertex -1.70241 1.86901 20
      vertex -1.7 1.82 10.8
      vertex -1.7 1.82 20
    endloop
  endfacet
  facet normal 0.998793 -0.0491143 0
    outer loop
      vertex -2.7 1.82 20
      vertex -2.69759 1.86901 10.8
      vertex -2.69759 1.86901 20
    endloop
  endfacet
  facet normal 0.998793 -0.0491143 0
    outer loop
      vertex -2.69759 1.86901 10.8
      vertex -2.7 1.82 20
      vertex -2.7 1.82 10.8
    endloop
  endfacet
  facet normal -0.0491143 -0.998793 0
    outer loop
      vertex -2.2 2.32 10.8
      vertex -2.15099 2.31759 20
      vertex -2.2 2.32 20
    endloop
  endfacet
  facet normal -0.0491143 -0.998793 -0
    outer loop
      vertex -2.15099 2.31759 20
      vertex -2.2 2.32 10.8
      vertex -2.15099 2.31759 10.8
    endloop
  endfacet
  facet normal -0.0491143 0.998793 0
    outer loop
      vertex -2.15099 1.32241 10.8
      vertex -2.2 1.32 20
      vertex -2.15099 1.32241 20
    endloop
  endfacet
  facet normal -0.0491143 0.998793 0
    outer loop
      vertex -2.2 1.32 20
      vertex -2.15099 1.32241 10.8
      vertex -2.2 1.32 10.8
    endloop
  endfacet
  facet normal -0.671607 -0.740908 0
    outer loop
      vertex -1.8828 2.2065 10.8
      vertex -1.84645 2.17355 20
      vertex -1.8828 2.2065 20
    endloop
  endfacet
  facet normal -0.671607 -0.740908 -0
    outer loop
      vertex -1.84645 2.17355 20
      vertex -1.8828 2.2065 10.8
      vertex -1.84645 2.17355 10.8
    endloop
  endfacet
  facet normal 0.671607 -0.740908 0
    outer loop
      vertex -2.55355 2.17355 10.8
      vertex -2.5172 2.2065 20
      vertex -2.55355 2.17355 20
    endloop
  endfacet
  facet normal 0.671607 -0.740908 0
    outer loop
      vertex -2.5172 2.2065 20
      vertex -2.55355 2.17355 10.8
      vertex -2.5172 2.2065 10.8
    endloop
  endfacet
  facet normal 0.336879 -0.941548 0
    outer loop
      vertex -2.39134 2.28194 10.8
      vertex -2.34514 2.29847 20
      vertex -2.39134 2.28194 20
    endloop
  endfacet
  facet normal 0.336879 -0.941548 0
    outer loop
      vertex -2.34514 2.29847 20
      vertex -2.39134 2.28194 10.8
      vertex -2.34514 2.29847 10.8
    endloop
  endfacet
  facet normal -0.903995 -0.427543 0
    outer loop
      vertex -1.73806 2.01134 10.8
      vertex -1.75904 2.0557 20
      vertex -1.75904 2.0557 10.8
    endloop
  endfacet
  facet normal -0.903995 -0.427543 0
    outer loop
      vertex -1.75904 2.0557 20
      vertex -1.73806 2.01134 10.8
      vertex -1.73806 2.01134 20
    endloop
  endfacet
  facet normal -0.427543 -0.903995 0
    outer loop
      vertex -2.00866 2.28194 10.8
      vertex -1.9643 2.26096 20
      vertex -2.00866 2.28194 20
    endloop
  endfacet
  facet normal -0.427543 -0.903995 -0
    outer loop
      vertex -1.9643 2.26096 20
      vertex -2.00866 2.28194 10.8
      vertex -1.9643 2.26096 10.8
    endloop
  endfacet
  facet normal -0.514136 -0.857709 0
    outer loop
      vertex -1.9643 2.26096 10.8
      vertex -1.92221 2.23573 20
      vertex -1.9643 2.26096 20
    endloop
  endfacet
  facet normal -0.514136 -0.857709 -0
    outer loop
      vertex -1.92221 2.23573 20
      vertex -1.9643 2.26096 10.8
      vertex -1.92221 2.23573 10.8
    endloop
  endfacet
  facet normal 0.857655 -0.514226 0
    outer loop
      vertex -2.64096 2.0557 20
      vertex -2.61573 2.09778 10.8
      vertex -2.61573 2.09778 20
    endloop
  endfacet
  facet normal 0.857655 -0.514226 0
    outer loop
      vertex -2.61573 2.09778 10.8
      vertex -2.64096 2.0557 20
      vertex -2.64096 2.0557 10.8
    endloop
  endfacet
  facet normal 0.803265 -0.595622 0
    outer loop
      vertex -2.61573 2.09778 20
      vertex -2.5865 2.1372 10.8
      vertex -2.5865 2.1372 20
    endloop
  endfacet
  facet normal 0.803265 -0.595622 0
    outer loop
      vertex -2.5865 2.1372 10.8
      vertex -2.61573 2.09778 20
      vertex -2.61573 2.09778 10.8
    endloop
  endfacet
  facet normal 0.146755 -0.989173 0
    outer loop
      vertex -2.29754 2.31039 10.8
      vertex -2.24901 2.31759 20
      vertex -2.29754 2.31039 20
    endloop
  endfacet
  facet normal 0.146755 -0.989173 0
    outer loop
      vertex -2.24901 2.31759 20
      vertex -2.29754 2.31039 10.8
      vertex -2.24901 2.31759 10.8
    endloop
  endfacet
  facet normal -0.336879 0.941548 0
    outer loop
      vertex -2.00866 1.35806 10.8
      vertex -2.05486 1.34153 20
      vertex -2.00866 1.35806 20
    endloop
  endfacet
  facet normal -0.336879 0.941548 0
    outer loop
      vertex -2.05486 1.34153 20
      vertex -2.00866 1.35806 10.8
      vertex -2.05486 1.34153 10.8
    endloop
  endfacet
  facet normal -0.970047 -0.242919 0
    outer loop
      vertex -1.70961 1.91754 10.8
      vertex -1.72153 1.96514 20
      vertex -1.72153 1.96514 10.8
    endloop
  endfacet
  facet normal -0.970047 -0.242919 0
    outer loop
      vertex -1.72153 1.96514 20
      vertex -1.70961 1.91754 10.8
      vertex -1.70961 1.91754 20
    endloop
  endfacet
  facet normal -0.989173 -0.146755 0
    outer loop
      vertex -1.70241 1.86901 10.8
      vertex -1.70961 1.91754 20
      vertex -1.70961 1.91754 10.8
    endloop
  endfacet
  facet normal -0.989173 -0.146755 0
    outer loop
      vertex -1.70961 1.91754 20
      vertex -1.70241 1.86901 10.8
      vertex -1.70241 1.86901 20
    endloop
  endfacet
  facet normal -0.941548 -0.336879 0
    outer loop
      vertex -1.72153 1.96514 10.8
      vertex -1.73806 2.01134 20
      vertex -1.73806 2.01134 10.8
    endloop
  endfacet
  facet normal -0.941548 -0.336879 0
    outer loop
      vertex -1.73806 2.01134 20
      vertex -1.72153 1.96514 10.8
      vertex -1.72153 1.96514 20
    endloop
  endfacet
  facet normal -0.803265 -0.595622 0
    outer loop
      vertex -1.78426 2.09778 10.8
      vertex -1.81349 2.1372 20
      vertex -1.81349 2.1372 10.8
    endloop
  endfacet
  facet normal -0.803265 -0.595622 0
    outer loop
      vertex -1.81349 2.1372 20
      vertex -1.78426 2.09778 10.8
      vertex -1.78426 2.09778 20
    endloop
  endfacet
  facet normal -0.740806 -0.671719 0
    outer loop
      vertex -1.81349 2.1372 10.8
      vertex -1.84645 2.17355 20
      vertex -1.84645 2.17355 10.8
    endloop
  endfacet
  facet normal -0.740806 -0.671719 0
    outer loop
      vertex -1.84645 2.17355 20
      vertex -1.81349 2.1372 10.8
      vertex -1.81349 2.1372 20
    endloop
  endfacet
  facet normal -0.242967 -0.970034 0
    outer loop
      vertex -2.10245 2.31039 10.8
      vertex -2.05486 2.29847 20
      vertex -2.10245 2.31039 20
    endloop
  endfacet
  facet normal -0.242967 -0.970034 -0
    outer loop
      vertex -2.05486 2.29847 20
      vertex -2.10245 2.31039 10.8
      vertex -2.05486 2.29847 10.8
    endloop
  endfacet
  facet normal -0.146726 -0.989177 0
    outer loop
      vertex -2.15099 2.31759 10.8
      vertex -2.10245 2.31039 20
      vertex -2.15099 2.31759 20
    endloop
  endfacet
  facet normal -0.146726 -0.989177 -0
    outer loop
      vertex -2.10245 2.31039 20
      vertex -2.15099 2.31759 10.8
      vertex -2.10245 2.31039 10.8
    endloop
  endfacet
  facet normal -0.59572 -0.803192 0
    outer loop
      vertex -1.92221 2.23573 10.8
      vertex -1.8828 2.2065 20
      vertex -1.92221 2.23573 20
    endloop
  endfacet
  facet normal -0.59572 -0.803192 -0
    outer loop
      vertex -1.8828 2.2065 20
      vertex -1.92221 2.23573 10.8
      vertex -1.8828 2.2065 10.8
    endloop
  endfacet
  facet normal 0.970047 -0.242919 0
    outer loop
      vertex -2.69039 1.91754 20
      vertex -2.67847 1.96514 10.8
      vertex -2.67847 1.96514 20
    endloop
  endfacet
  facet normal 0.970047 -0.242919 0
    outer loop
      vertex -2.67847 1.96514 10.8
      vertex -2.69039 1.91754 20
      vertex -2.69039 1.91754 10.8
    endloop
  endfacet
  facet normal 0.903995 -0.427543 0
    outer loop
      vertex -2.66194 2.01134 20
      vertex -2.64096 2.0557 10.8
      vertex -2.64096 2.0557 20
    endloop
  endfacet
  facet normal 0.903995 -0.427543 0
    outer loop
      vertex -2.64096 2.0557 10.8
      vertex -2.66194 2.01134 20
      vertex -2.66194 2.01134 10.8
    endloop
  endfacet
  facet normal 0.989173 -0.146755 0
    outer loop
      vertex -2.69759 1.86901 20
      vertex -2.69039 1.91754 10.8
      vertex -2.69039 1.91754 20
    endloop
  endfacet
  facet normal 0.989173 -0.146755 0
    outer loop
      vertex -2.69039 1.91754 10.8
      vertex -2.69759 1.86901 20
      vertex -2.69759 1.86901 10.8
    endloop
  endfacet
  facet normal 0.427543 -0.903995 0
    outer loop
      vertex -2.4357 2.26096 10.8
      vertex -2.39134 2.28194 20
      vertex -2.4357 2.26096 20
    endloop
  endfacet
  facet normal 0.427543 -0.903995 0
    outer loop
      vertex -2.39134 2.28194 20
      vertex -2.4357 2.26096 10.8
      vertex -2.39134 2.28194 10.8
    endloop
  endfacet
  facet normal 0.514136 -0.857709 0
    outer loop
      vertex -2.47779 2.23573 10.8
      vertex -2.4357 2.26096 20
      vertex -2.47779 2.23573 20
    endloop
  endfacet
  facet normal 0.514136 -0.857709 0
    outer loop
      vertex -2.4357 2.26096 20
      vertex -2.47779 2.23573 10.8
      vertex -2.4357 2.26096 10.8
    endloop
  endfacet
  facet normal 0.0491143 -0.998793 0
    outer loop
      vertex -2.24901 2.31759 10.8
      vertex -2.2 2.32 20
      vertex -2.24901 2.31759 20
    endloop
  endfacet
  facet normal 0.0491143 -0.998793 0
    outer loop
      vertex -2.2 2.32 20
      vertex -2.24901 2.31759 10.8
      vertex -2.2 2.32 10.8
    endloop
  endfacet
  facet normal -0.998793 0.0491143 0
    outer loop
      vertex -1.70241 1.77099 10.8
      vertex -1.7 1.82 20
      vertex -1.7 1.82 10.8
    endloop
  endfacet
  facet normal -0.998793 0.0491143 0
    outer loop
      vertex -1.7 1.82 20
      vertex -1.70241 1.77099 10.8
      vertex -1.70241 1.77099 20
    endloop
  endfacet
  facet normal -0.740806 0.671719 0
    outer loop
      vertex -1.84645 1.46645 10.8
      vertex -1.81349 1.5028 20
      vertex -1.81349 1.5028 10.8
    endloop
  endfacet
  facet normal -0.740806 0.671719 0
    outer loop
      vertex -1.81349 1.5028 20
      vertex -1.84645 1.46645 10.8
      vertex -1.84645 1.46645 20
    endloop
  endfacet
  facet normal -0.427543 0.903995 0
    outer loop
      vertex -1.9643 1.37904 10.8
      vertex -2.00866 1.35806 20
      vertex -1.9643 1.37904 20
    endloop
  endfacet
  facet normal -0.427543 0.903995 0
    outer loop
      vertex -2.00866 1.35806 20
      vertex -1.9643 1.37904 10.8
      vertex -2.00866 1.35806 10.8
    endloop
  endfacet
  facet normal -0.857745 -0.514076 0
    outer loop
      vertex -1.75904 2.0557 10.8
      vertex -1.78426 2.09778 20
      vertex -1.78426 2.09778 10.8
    endloop
  endfacet
  facet normal -0.857745 -0.514076 0
    outer loop
      vertex -1.78426 2.09778 20
      vertex -1.75904 2.0557 10.8
      vertex -1.75904 2.0557 20
    endloop
  endfacet
  facet normal -0.336879 -0.941548 0
    outer loop
      vertex -2.05486 2.29847 10.8
      vertex -2.00866 2.28194 20
      vertex -2.05486 2.29847 20
    endloop
  endfacet
  facet normal -0.336879 -0.941548 -0
    outer loop
      vertex -2.00866 2.28194 20
      vertex -2.05486 2.29847 10.8
      vertex -2.00866 2.28194 10.8
    endloop
  endfacet
  facet normal 0.740908 -0.671607 0
    outer loop
      vertex -2.5865 2.1372 20
      vertex -2.55355 2.17355 10.8
      vertex -2.55355 2.17355 20
    endloop
  endfacet
  facet normal 0.740908 -0.671607 0
    outer loop
      vertex -2.55355 2.17355 10.8
      vertex -2.5865 2.1372 20
      vertex -2.5865 2.1372 10.8
    endloop
  endfacet
  facet normal 0.941548 -0.336879 0
    outer loop
      vertex -2.67847 1.96514 20
      vertex -2.66194 2.01134 10.8
      vertex -2.66194 2.01134 20
    endloop
  endfacet
  facet normal 0.941548 -0.336879 0
    outer loop
      vertex -2.66194 2.01134 10.8
      vertex -2.67847 1.96514 20
      vertex -2.67847 1.96514 10.8
    endloop
  endfacet
  facet normal 0.59572 -0.803192 0
    outer loop
      vertex -2.5172 2.2065 10.8
      vertex -2.47779 2.23573 20
      vertex -2.5172 2.2065 20
    endloop
  endfacet
  facet normal 0.59572 -0.803192 0
    outer loop
      vertex -2.47779 2.23573 20
      vertex -2.5172 2.2065 10.8
      vertex -2.47779 2.23573 10.8
    endloop
  endfacet
  facet normal 0.242919 -0.970047 0
    outer loop
      vertex -2.34514 2.29847 10.8
      vertex -2.29754 2.31039 20
      vertex -2.34514 2.29847 20
    endloop
  endfacet
  facet normal 0.242919 -0.970047 0
    outer loop
      vertex -2.29754 2.31039 20
      vertex -2.34514 2.29847 10.8
      vertex -2.29754 2.31039 10.8
    endloop
  endfacet
  facet normal -0.970034 0.242967 0
    outer loop
      vertex -1.72153 1.67486 10.8
      vertex -1.70961 1.72245 20
      vertex -1.70961 1.72245 10.8
    endloop
  endfacet
  facet normal -0.970034 0.242967 0
    outer loop
      vertex -1.70961 1.72245 20
      vertex -1.72153 1.67486 10.8
      vertex -1.72153 1.67486 20
    endloop
  endfacet
  facet normal -0.989177 0.146726 0
    outer loop
      vertex -1.70961 1.72245 10.8
      vertex -1.70241 1.77099 20
      vertex -1.70241 1.77099 10.8
    endloop
  endfacet
  facet normal -0.989177 0.146726 0
    outer loop
      vertex -1.70241 1.77099 20
      vertex -1.70961 1.72245 10.8
      vertex -1.70961 1.72245 20
    endloop
  endfacet
  facet normal -0.803192 0.59572 0
    outer loop
      vertex -1.81349 1.5028 10.8
      vertex -1.78426 1.54221 20
      vertex -1.78426 1.54221 10.8
    endloop
  endfacet
  facet normal -0.803192 0.59572 0
    outer loop
      vertex -1.78426 1.54221 20
      vertex -1.81349 1.5028 10.8
      vertex -1.81349 1.5028 20
    endloop
  endfacet
  facet normal -0.513986 0.857798 0
    outer loop
      vertex -1.92221 1.40426 10.8
      vertex -1.9643 1.37904 20
      vertex -1.92221 1.40426 20
    endloop
  endfacet
  facet normal -0.513986 0.857798 0
    outer loop
      vertex -1.9643 1.37904 20
      vertex -1.92221 1.40426 10.8
      vertex -1.9643 1.37904 10.8
    endloop
  endfacet
  facet normal -0.941548 0.336879 0
    outer loop
      vertex -1.73806 1.62866 10.8
      vertex -1.72153 1.67486 20
      vertex -1.72153 1.67486 10.8
    endloop
  endfacet
  facet normal -0.941548 0.336879 0
    outer loop
      vertex -1.72153 1.67486 20
      vertex -1.73806 1.62866 10.8
      vertex -1.73806 1.62866 20
    endloop
  endfacet
  facet normal -0.903995 0.427543 0
    outer loop
      vertex -1.75904 1.5843 10.8
      vertex -1.73806 1.62866 20
      vertex -1.73806 1.62866 10.8
    endloop
  endfacet
  facet normal -0.903995 0.427543 0
    outer loop
      vertex -1.73806 1.62866 20
      vertex -1.75904 1.5843 10.8
      vertex -1.75904 1.5843 20
    endloop
  endfacet
  facet normal 0.803192 0.59572 0
    outer loop
      vertex -2.5865 1.5028 20
      vertex -2.61573 1.54221 10.8
      vertex -2.61573 1.54221 20
    endloop
  endfacet
  facet normal 0.803192 0.59572 0
    outer loop
      vertex -2.61573 1.54221 10.8
      vertex -2.5865 1.5028 20
      vertex -2.5865 1.5028 10.8
    endloop
  endfacet
  facet normal 0.903995 0.427543 0
    outer loop
      vertex -2.64096 1.5843 20
      vertex -2.66194 1.62866 10.8
      vertex -2.66194 1.62866 20
    endloop
  endfacet
  facet normal 0.903995 0.427543 0
    outer loop
      vertex -2.66194 1.62866 10.8
      vertex -2.64096 1.5843 20
      vertex -2.64096 1.5843 10.8
    endloop
  endfacet
  facet normal 0.857709 0.514136 0
    outer loop
      vertex -2.61573 1.54221 20
      vertex -2.64096 1.5843 10.8
      vertex -2.64096 1.5843 20
    endloop
  endfacet
  facet normal 0.857709 0.514136 0
    outer loop
      vertex -2.64096 1.5843 10.8
      vertex -2.61573 1.54221 20
      vertex -2.61573 1.54221 10.8
    endloop
  endfacet
  facet normal 0.970034 0.242967 0
    outer loop
      vertex -2.67847 1.67486 20
      vertex -2.69039 1.72245 10.8
      vertex -2.69039 1.72245 20
    endloop
  endfacet
  facet normal 0.970034 0.242967 0
    outer loop
      vertex -2.69039 1.72245 10.8
      vertex -2.67847 1.67486 20
      vertex -2.67847 1.67486 10.8
    endloop
  endfacet
  facet normal 0.998793 0.0491143 0
    outer loop
      vertex -2.69759 1.77099 20
      vertex -2.7 1.82 10.8
      vertex -2.7 1.82 20
    endloop
  endfacet
  facet normal 0.998793 0.0491143 0
    outer loop
      vertex -2.7 1.82 10.8
      vertex -2.69759 1.77099 20
      vertex -2.69759 1.77099 10.8
    endloop
  endfacet
  facet normal -0.857798 0.513986 0
    outer loop
      vertex -1.78426 1.54221 10.8
      vertex -1.75904 1.5843 20
      vertex -1.75904 1.5843 10.8
    endloop
  endfacet
  facet normal -0.857798 0.513986 0
    outer loop
      vertex -1.75904 1.5843 20
      vertex -1.78426 1.54221 10.8
      vertex -1.78426 1.54221 20
    endloop
  endfacet
  facet normal -0.671719 0.740806 0
    outer loop
      vertex -1.84645 1.46645 10.8
      vertex -1.8828 1.43349 20
      vertex -1.84645 1.46645 20
    endloop
  endfacet
  facet normal -0.671719 0.740806 0
    outer loop
      vertex -1.8828 1.43349 20
      vertex -1.84645 1.46645 10.8
      vertex -1.8828 1.43349 10.8
    endloop
  endfacet
  facet normal -0.59572 0.803192 0
    outer loop
      vertex -1.8828 1.43349 10.8
      vertex -1.92221 1.40426 20
      vertex -1.8828 1.43349 20
    endloop
  endfacet
  facet normal -0.59572 0.803192 0
    outer loop
      vertex -1.92221 1.40426 20
      vertex -1.8828 1.43349 10.8
      vertex -1.92221 1.40426 10.8
    endloop
  endfacet
  facet normal 0.0491143 0.998793 -0
    outer loop
      vertex -2.2 1.32 10.8
      vertex -2.24901 1.32241 20
      vertex -2.2 1.32 20
    endloop
  endfacet
  facet normal 0.0491143 0.998793 0
    outer loop
      vertex -2.24901 1.32241 20
      vertex -2.2 1.32 10.8
      vertex -2.24901 1.32241 10.8
    endloop
  endfacet
  facet normal 0.146755 0.989173 -0
    outer loop
      vertex -2.24901 1.32241 10.8
      vertex -2.29754 1.32961 20
      vertex -2.24901 1.32241 20
    endloop
  endfacet
  facet normal 0.146755 0.989173 0
    outer loop
      vertex -2.29754 1.32961 20
      vertex -2.24901 1.32241 10.8
      vertex -2.29754 1.32961 10.8
    endloop
  endfacet
  facet normal 0.740908 0.671607 0
    outer loop
      vertex -2.55355 1.46645 20
      vertex -2.5865 1.5028 10.8
      vertex -2.5865 1.5028 20
    endloop
  endfacet
  facet normal 0.740908 0.671607 0
    outer loop
      vertex -2.5865 1.5028 10.8
      vertex -2.55355 1.46645 20
      vertex -2.55355 1.46645 10.8
    endloop
  endfacet
  facet normal 0.941548 0.336879 0
    outer loop
      vertex -2.66194 1.62866 20
      vertex -2.67847 1.67486 10.8
      vertex -2.67847 1.67486 20
    endloop
  endfacet
  facet normal 0.941548 0.336879 0
    outer loop
      vertex -2.67847 1.67486 10.8
      vertex -2.66194 1.62866 20
      vertex -2.66194 1.62866 10.8
    endloop
  endfacet
  facet normal 0.989177 0.146726 0
    outer loop
      vertex -2.69039 1.72245 20
      vertex -2.69759 1.77099 10.8
      vertex -2.69759 1.77099 20
    endloop
  endfacet
  facet normal 0.989177 0.146726 0
    outer loop
      vertex -2.69759 1.77099 10.8
      vertex -2.69039 1.72245 20
      vertex -2.69039 1.72245 10.8
    endloop
  endfacet
  facet normal -0.242967 0.970034 0
    outer loop
      vertex -2.05486 1.34153 10.8
      vertex -2.10245 1.32961 20
      vertex -2.05486 1.34153 20
    endloop
  endfacet
  facet normal -0.242967 0.970034 0
    outer loop
      vertex -2.10245 1.32961 20
      vertex -2.05486 1.34153 10.8
      vertex -2.10245 1.32961 10.8
    endloop
  endfacet
  facet normal -0.146726 0.989177 0
    outer loop
      vertex -2.10245 1.32961 10.8
      vertex -2.15099 1.32241 20
      vertex -2.10245 1.32961 20
    endloop
  endfacet
  facet normal -0.146726 0.989177 0
    outer loop
      vertex -2.15099 1.32241 20
      vertex -2.10245 1.32961 10.8
      vertex -2.15099 1.32241 10.8
    endloop
  endfacet
  facet normal 0.671719 0.740806 -0
    outer loop
      vertex -2.5172 1.43349 10.8
      vertex -2.55355 1.46645 20
      vertex -2.5172 1.43349 20
    endloop
  endfacet
  facet normal 0.671719 0.740806 0
    outer loop
      vertex -2.55355 1.46645 20
      vertex -2.5172 1.43349 10.8
      vertex -2.55355 1.46645 10.8
    endloop
  endfacet
  facet normal 0.513986 0.857798 -0
    outer loop
      vertex -2.4357 1.37904 10.8
      vertex -2.47779 1.40426 20
      vertex -2.4357 1.37904 20
    endloop
  endfacet
  facet normal 0.513986 0.857798 0
    outer loop
      vertex -2.47779 1.40426 20
      vertex -2.4357 1.37904 10.8
      vertex -2.47779 1.40426 10.8
    endloop
  endfacet
  facet normal 0.242919 0.970047 -0
    outer loop
      vertex -2.29754 1.32961 10.8
      vertex -2.34514 1.34153 20
      vertex -2.29754 1.32961 20
    endloop
  endfacet
  facet normal 0.242919 0.970047 0
    outer loop
      vertex -2.34514 1.34153 20
      vertex -2.29754 1.32961 10.8
      vertex -2.34514 1.34153 10.8
    endloop
  endfacet
  facet normal 0.59572 0.803192 -0
    outer loop
      vertex -2.47779 1.40426 10.8
      vertex -2.5172 1.43349 20
      vertex -2.47779 1.40426 20
    endloop
  endfacet
  facet normal 0.59572 0.803192 0
    outer loop
      vertex -2.5172 1.43349 20
      vertex -2.47779 1.40426 10.8
      vertex -2.5172 1.43349 10.8
    endloop
  endfacet
  facet normal 0.427543 0.903995 -0
    outer loop
      vertex -2.39134 1.35806 10.8
      vertex -2.4357 1.37904 20
      vertex -2.39134 1.35806 20
    endloop
  endfacet
  facet normal 0.427543 0.903995 0
    outer loop
      vertex -2.4357 1.37904 20
      vertex -2.39134 1.35806 10.8
      vertex -2.4357 1.37904 10.8
    endloop
  endfacet
  facet normal 0.336879 0.941548 -0
    outer loop
      vertex -2.34514 1.34153 10.8
      vertex -2.39134 1.35806 20
      vertex -2.34514 1.34153 20
    endloop
  endfacet
  facet normal 0.336879 0.941548 0
    outer loop
      vertex -2.39134 1.35806 20
      vertex -2.34514 1.34153 10.8
      vertex -2.39134 1.35806 10.8
    endloop
  endfacet
  facet normal -0.799382 -0.0393085 -0.599536
    outer loop
      vertex -1.1 1.82 10
      vertex -1.7 1.82 10.8
      vertex -1.70241 1.86901 10.8
    endloop
  endfacet
  facet normal -0.799382 -0.0392944 -0.599537
    outer loop
      vertex -1.1053 1.92782 10
      vertex -1.1 1.82 10
      vertex -1.70241 1.86901 10.8
    endloop
  endfacet
  facet normal 0.799382 0.0392944 -0.599537
    outer loop
      vertex -2.7 1.82 10.8
      vertex -3.2947 1.71218 10
      vertex -3.3 1.82 10
    endloop
  endfacet
  facet normal -0.791681 -0.117455 -0.599537
    outer loop
      vertex -1.12114 2.0346 10
      vertex -1.70241 1.86901 10.8
      vertex -1.70961 1.91754 10.8
    endloop
  endfacet
  facet normal -0.537445 -0.59305 -0.599537
    outer loop
      vertex -1.50217 2.67031 10
      vertex -1.42218 2.59782 10
      vertex -1.8828 2.2065 10.8
    endloop
  endfacet
  facet normal -0.0393085 0.799381 -0.599537
    outer loop
      vertex -2.2 1.32 10.8
      vertex -2.15099 1.32241 10.8
      vertex -2.2 0.719999 10
    endloop
  endfacet
  facet normal 0.0393085 -0.799381 -0.599537
    outer loop
      vertex -2.2 2.32 10.8
      vertex -2.24901 2.31759 10.8
      vertex -2.30782 2.9147 10
    endloop
  endfacet
  facet normal 0.59305 -0.537445 -0.599537
    outer loop
      vertex -2.97782 2.59782 10
      vertex -2.5865 2.1372 10.8
      vertex -3.05031 2.51783 10
    endloop
  endfacet
  facet normal 0.537451 0.59304 -0.599542
    outer loop
      vertex -2.55355 1.46645 10.8
      vertex -2.89783 0.969688 10
      vertex -2.97782 1.04218 10
    endloop
  endfacet
  facet normal -0.537451 0.59304 -0.599542
    outer loop
      vertex -1.42218 1.04218 10
      vertex -1.50217 0.969688 10
      vertex -1.84645 1.46645 10.8
    endloop
  endfacet
  facet normal -0.776361 0.194479 -0.599535
    outer loop
      vertex -1.12114 1.6054 10
      vertex -1.14737 1.50069 10
      vertex -1.72153 1.67486 10.8
    endloop
  endfacet
  facet normal -0.776361 -0.194479 -0.599535
    outer loop
      vertex -1.14737 2.13931 10
      vertex -1.12114 2.0346 10
      vertex -1.72153 1.96514 10.8
    endloop
  endfacet
  facet normal -0.593053 -0.537447 -0.599533
    outer loop
      vertex -1.42218 2.59782 10
      vertex -1.34969 2.51783 10
      vertex -1.81349 2.1372 10.8
    endloop
  endfacet
  facet normal 0.791685 0.117432 -0.599537
    outer loop
      vertex -2.69759 1.77099 10.8
      vertex -2.69039 1.72245 10.8
      vertex -3.2947 1.71218 10
    endloop
  endfacet
  facet normal -0.117431 0.791684 -0.599538
    outer loop
      vertex -2.10245 1.32961 10.8
      vertex -1.9854 0.741136 10
      vertex -2.15099 1.32241 10.8
    endloop
  endfacet
  facet normal -0.476786 0.642833 -0.599533
    outer loop
      vertex -1.50217 0.969688 10
      vertex -1.58887 0.905383 10
      vertex -1.92221 1.40426 10.8
    endloop
  endfacet
  facet normal -0.723509 0.342182 -0.599539
    outer loop
      vertex -1.73806 1.62866 10.8
      vertex -1.18373 1.39905 10
      vertex -1.75904 1.5843 10.8
    endloop
  endfacet
  facet normal -0.791684 0.11744 -0.599536
    outer loop
      vertex -1.1053 1.71218 10
      vertex -1.12114 1.6054 10
      vertex -1.70241 1.77099 10.8
    endloop
  endfacet
  facet normal -0.723496 -0.342213 -0.599537
    outer loop
      vertex -1.22989 2.33854 10
      vertex -1.18373 2.24095 10
      vertex -1.75904 2.0557 10.8
    endloop
  endfacet
  facet normal -0.791684 -0.11744 -0.599536
    outer loop
      vertex -1.12114 2.0346 10
      vertex -1.1053 1.92782 10
      vertex -1.70241 1.86901 10.8
    endloop
  endfacet
  facet normal 0.72351 -0.342183 -0.599536
    outer loop
      vertex -2.64096 2.0557 10.8
      vertex -2.66194 2.01134 10.8
      vertex -3.17011 2.33854 10
    endloop
  endfacet
  facet normal 0.799382 -0.0392944 -0.599537
    outer loop
      vertex -3.2947 1.92782 10
      vertex -2.7 1.82 10.8
      vertex -3.3 1.82 10
    endloop
  endfacet
  facet normal 0.537515 -0.59298 -0.599544
    outer loop
      vertex -2.5172 2.2065 10.8
      vertex -2.55355 2.17355 10.8
      vertex -2.97782 2.59782 10
    endloop
  endfacet
  facet normal -0.723509 -0.342182 -0.599539
    outer loop
      vertex -1.18373 2.24095 10
      vertex -1.73806 2.01134 10.8
      vertex -1.75904 2.0557 10.8
    endloop
  endfacet
  facet normal -0.642813 -0.476808 -0.599538
    outer loop
      vertex -1.34969 2.51783 10
      vertex -1.28538 2.43113 10
      vertex -1.78426 2.09778 10.8
    endloop
  endfacet
  facet normal -0.11744 -0.791684 -0.599536
    outer loop
      vertex -2.09218 2.9147 10
      vertex -1.9854 2.89886 10
      vertex -2.10245 2.31039 10.8
    endloop
  endfacet
  facet normal -0.26962 -0.753567 -0.599535
    outer loop
      vertex -1.88069 2.87263 10
      vertex -2.00866 2.28194 10.8
      vertex -2.05486 2.29847 10.8
    endloop
  endfacet
  facet normal 0.753579 0.26958 -0.599537
    outer loop
      vertex -2.66194 1.62866 10.8
      vertex -3.21627 1.39905 10
      vertex -3.25263 1.50069 10
    endloop
  endfacet
  facet normal 0.791684 0.11744 -0.599536
    outer loop
      vertex -2.69039 1.72245 10.8
      vertex -3.27886 1.6054 10
      vertex -3.2947 1.71218 10
    endloop
  endfacet
  facet normal 0.77636 0.194479 -0.599536
    outer loop
      vertex -2.69039 1.72245 10.8
      vertex -3.25263 1.50069 10
      vertex -3.27886 1.6054 10
    endloop
  endfacet
  facet normal 0.799381 0.0393085 -0.599537
    outer loop
      vertex -2.7 1.82 10.8
      vertex -2.69759 1.77099 10.8
      vertex -3.2947 1.71218 10
    endloop
  endfacet
  facet normal 0.0392721 0.799381 -0.599539
    outer loop
      vertex -2.24901 1.32241 10.8
      vertex -2.2 0.719999 10
      vertex -2.30782 0.725296 10
    endloop
  endfacet
  facet normal 0.342176 0.723512 -0.599538
    outer loop
      vertex -2.4357 1.37904 10.8
      vertex -2.62095 0.803732 10
      vertex -2.71854 0.849886 10
    endloop
  endfacet
  facet normal 0.686501 0.411426 -0.599537
    outer loop
      vertex -2.64096 1.5843 10.8
      vertex -3.11462 1.20887 10
      vertex -3.17011 1.30146 10
    endloop
  endfacet
  facet normal -0.269626 0.753563 -0.599538
    outer loop
      vertex -1.77905 0.803732 10
      vertex -1.88069 0.767365 10
      vertex -2.05486 1.34153 10.8
    endloop
  endfacet
  facet normal -0.194472 0.77636 -0.599538
    outer loop
      vertex -1.88069 0.767365 10
      vertex -1.9854 0.741136 10
      vertex -2.05486 1.34153 10.8
    endloop
  endfacet
  facet normal -0.11744 0.791682 -0.599539
    outer loop
      vertex -1.9854 0.741136 10
      vertex -2.09218 0.725296 10
      vertex -2.15099 1.32241 10.8
    endloop
  endfacet
  facet normal -0.0392721 0.799381 -0.599539
    outer loop
      vertex -2.15099 1.32241 10.8
      vertex -2.09218 0.725296 10
      vertex -2.2 0.719999 10
    endloop
  endfacet
  facet normal -0.411466 0.68648 -0.599534
    outer loop
      vertex -1.58887 0.905383 10
      vertex -1.68146 0.849886 10
      vertex -1.92221 1.40426 10.8
    endloop
  endfacet
  facet normal -0.642836 0.476785 -0.599532
    outer loop
      vertex -1.78426 1.54221 10.8
      vertex -1.34969 1.12217 10
      vertex -1.81349 1.5028 10.8
    endloop
  endfacet
  facet normal -0.593048 0.537443 -0.599541
    outer loop
      vertex -1.34969 1.12217 10
      vertex -1.42218 1.04218 10
      vertex -1.84645 1.46645 10.8
    endloop
  endfacet
  facet normal -0.642815 0.47681 -0.599534
    outer loop
      vertex -1.28538 1.20887 10
      vertex -1.34969 1.12217 10
      vertex -1.78426 1.54221 10.8
    endloop
  endfacet
  facet normal -0.75358 0.269581 -0.599536
    outer loop
      vertex -1.14737 1.50069 10
      vertex -1.18373 1.39905 10
      vertex -1.72153 1.67486 10.8
    endloop
  endfacet
  facet normal -0.776365 0.194458 -0.599536
    outer loop
      vertex -1.70961 1.72245 10.8
      vertex -1.12114 1.6054 10
      vertex -1.72153 1.67486 10.8
    endloop
  endfacet
  facet normal -0.791686 0.117432 -0.599536
    outer loop
      vertex -1.70241 1.77099 10.8
      vertex -1.12114 1.6054 10
      vertex -1.70961 1.72245 10.8
    endloop
  endfacet
  facet normal 0.791684 -0.11744 -0.599537
    outer loop
      vertex -3.27886 2.0346 10
      vertex -2.69039 1.91754 10.8
      vertex -3.2947 1.92782 10
    endloop
  endfacet
  facet normal 0.537445 -0.59305 -0.599537
    outer loop
      vertex -2.89783 2.67031 10
      vertex -2.5172 2.2065 10.8
      vertex -2.97782 2.59782 10
    endloop
  endfacet
  facet normal -0.776373 -0.194419 -0.599539
    outer loop
      vertex -1.12114 2.0346 10
      vertex -1.70961 1.91754 10.8
      vertex -1.72153 1.96514 10.8
    endloop
  endfacet
  facet normal -0.75358 -0.269581 -0.599536
    outer loop
      vertex -1.18373 2.24095 10
      vertex -1.14737 2.13931 10
      vertex -1.72153 1.96514 10.8
    endloop
  endfacet
  facet normal -0.642895 -0.476708 -0.59953
    outer loop
      vertex -1.34969 2.51783 10
      vertex -1.78426 2.09778 10.8
      vertex -1.81349 2.1372 10.8
    endloop
  endfacet
  facet normal -0.592897 -0.537603 -0.599547
    outer loop
      vertex -1.42218 2.59782 10
      vertex -1.81349 2.1372 10.8
      vertex -1.84645 2.17355 10.8
    endloop
  endfacet
  facet normal -0.537515 -0.59298 -0.599544
    outer loop
      vertex -1.42218 2.59782 10
      vertex -1.84645 2.17355 10.8
      vertex -1.8828 2.2065 10.8
    endloop
  endfacet
  facet normal -0.0393085 -0.799381 -0.599537
    outer loop
      vertex -2.09218 2.9147 10
      vertex -2.15099 2.31759 10.8
      vertex -2.2 2.32 10.8
    endloop
  endfacet
  facet normal -0.342213 -0.723496 -0.599537
    outer loop
      vertex -1.77905 2.83627 10
      vertex -1.68146 2.79011 10
      vertex -1.9643 2.26096 10.8
    endloop
  endfacet
  facet normal -0.26958 -0.753579 -0.599537
    outer loop
      vertex -1.88069 2.87263 10
      vertex -1.77905 2.83627 10
      vertex -2.00866 2.28194 10.8
    endloop
  endfacet
  facet normal 0.723495 0.342213 -0.599538
    outer loop
      vertex -2.66194 1.62866 10.8
      vertex -3.17011 1.30146 10
      vertex -3.21627 1.39905 10
    endloop
  endfacet
  facet normal 0.0393085 0.799381 -0.599537
    outer loop
      vertex -2.2 1.32 10.8
      vertex -2.2 0.719999 10
      vertex -2.24901 1.32241 10.8
    endloop
  endfacet
  facet normal 0.269626 0.753563 -0.599538
    outer loop
      vertex -2.34514 1.34153 10.8
      vertex -2.51931 0.767365 10
      vertex -2.62095 0.803732 10
    endloop
  endfacet
  facet normal 0.642831 0.476781 -0.59954
    outer loop
      vertex -2.61573 1.54221 10.8
      vertex -2.5865 1.5028 10.8
      vertex -3.11462 1.20887 10
    endloop
  endfacet
  facet normal 0.59305 0.537445 -0.599537
    outer loop
      vertex -2.5865 1.5028 10.8
      vertex -2.97782 1.04218 10
      vertex -3.05031 1.12217 10
    endloop
  endfacet
  facet normal 0.72351 0.342183 -0.599536
    outer loop
      vertex -2.66194 1.62866 10.8
      vertex -2.64096 1.5843 10.8
      vertex -3.17011 1.30146 10
    endloop
  endfacet
  facet normal -0.26962 0.753565 -0.599537
    outer loop
      vertex -2.00866 1.35806 10.8
      vertex -1.77905 0.803732 10
      vertex -2.05486 1.34153 10.8
    endloop
  endfacet
  facet normal -0.537612 0.592907 -0.599528
    outer loop
      vertex -1.84645 1.46645 10.8
      vertex -1.50217 0.969688 10
      vertex -1.8828 1.43349 10.8
    endloop
  endfacet
  facet normal -0.411366 0.686534 -0.599541
    outer loop
      vertex -1.92221 1.40426 10.8
      vertex -1.68146 0.849886 10
      vertex -1.9643 1.37904 10.8
    endloop
  endfacet
  facet normal -0.342176 0.723512 -0.599538
    outer loop
      vertex -1.68146 0.849886 10
      vertex -1.77905 0.803732 10
      vertex -1.9643 1.37904 10.8
    endloop
  endfacet
  facet normal -0.686503 0.411427 -0.599535
    outer loop
      vertex -1.22989 1.30146 10
      vertex -1.28538 1.20887 10
      vertex -1.78426 1.54221 10.8
    endloop
  endfacet
  facet normal -0.592907 0.537613 -0.599528
    outer loop
      vertex -1.81349 1.5028 10.8
      vertex -1.34969 1.12217 10
      vertex -1.84645 1.46645 10.8
    endloop
  endfacet
  facet normal -0.753564 0.269619 -0.599538
    outer loop
      vertex -1.72153 1.67486 10.8
      vertex -1.18373 1.39905 10
      vertex -1.73806 1.62866 10.8
    endloop
  endfacet
  facet normal -0.799382 0.0392944 -0.599537
    outer loop
      vertex -1.1 1.82 10
      vertex -1.1053 1.71218 10
      vertex -1.70241 1.77099 10.8
    endloop
  endfacet
  facet normal -0.799382 0.0393085 -0.599536
    outer loop
      vertex -1.7 1.82 10.8
      vertex -1.1 1.82 10
      vertex -1.70241 1.77099 10.8
    endloop
  endfacet
  facet normal 0.753567 -0.26962 -0.599535
    outer loop
      vertex -2.66194 2.01134 10.8
      vertex -2.67847 1.96514 10.8
      vertex -3.25263 2.13931 10
    endloop
  endfacet
  facet normal 0.642813 -0.476808 -0.599538
    outer loop
      vertex -3.05031 2.51783 10
      vertex -2.5865 2.1372 10.8
      vertex -3.11462 2.43113 10
    endloop
  endfacet
  facet normal 0.791682 -0.117455 -0.599536
    outer loop
      vertex -2.69039 1.91754 10.8
      vertex -2.69759 1.86901 10.8
      vertex -3.2947 1.92782 10
    endloop
  endfacet
  facet normal 0.799381 -0.0393085 -0.599537
    outer loop
      vertex -2.69759 1.86901 10.8
      vertex -2.7 1.82 10.8
      vertex -3.2947 1.92782 10
    endloop
  endfacet
  facet normal 0.776359 -0.194479 -0.599537
    outer loop
      vertex -3.25263 2.13931 10
      vertex -2.69039 1.91754 10.8
      vertex -3.27886 2.0346 10
    endloop
  endfacet
  facet normal 0.59298 -0.537515 -0.599544
    outer loop
      vertex -2.55355 2.17355 10.8
      vertex -2.5865 2.1372 10.8
      vertex -2.97782 2.59782 10
    endloop
  endfacet
  facet normal 0.11744 -0.791684 -0.599537
    outer loop
      vertex -2.30782 2.9147 10
      vertex -2.29754 2.31039 10.8
      vertex -2.4146 2.89886 10
    endloop
  endfacet
  facet normal 0.411426 -0.686501 -0.599537
    outer loop
      vertex -2.71854 2.79011 10
      vertex -2.4357 2.26096 10.8
      vertex -2.81113 2.73462 10
    endloop
  endfacet
  facet normal 0.476782 -0.642832 -0.599537
    outer loop
      vertex -2.47779 2.23573 10.8
      vertex -2.5172 2.2065 10.8
      vertex -2.89783 2.67031 10
    endloop
  endfacet
  facet normal -0.753564 -0.269619 -0.599538
    outer loop
      vertex -1.18373 2.24095 10
      vertex -1.72153 1.96514 10.8
      vertex -1.73806 2.01134 10.8
    endloop
  endfacet
  facet normal -0.686493 -0.411439 -0.599537
    outer loop
      vertex -1.22989 2.33854 10
      vertex -1.75904 2.0557 10.8
      vertex -1.78426 2.09778 10.8
    endloop
  endfacet
  facet normal -0.686501 -0.411426 -0.599538
    outer loop
      vertex -1.28538 2.43113 10
      vertex -1.22989 2.33854 10
      vertex -1.78426 2.09778 10.8
    endloop
  endfacet
  facet normal -0.0392944 -0.799382 -0.599537
    outer loop
      vertex -2.2 2.92 10
      vertex -2.09218 2.9147 10
      vertex -2.2 2.32 10.8
    endloop
  endfacet
  facet normal 0.0392944 -0.799382 -0.599537
    outer loop
      vertex -2.2 2.92 10
      vertex -2.2 2.32 10.8
      vertex -2.30782 2.9147 10
    endloop
  endfacet
  facet normal -0.342182 -0.723509 -0.599539
    outer loop
      vertex -1.77905 2.83627 10
      vertex -1.9643 2.26096 10.8
      vertex -2.00866 2.28194 10.8
    endloop
  endfacet
  facet normal -0.476781 -0.642831 -0.59954
    outer loop
      vertex -1.58887 2.73462 10
      vertex -1.8828 2.2065 10.8
      vertex -1.92221 2.23573 10.8
    endloop
  endfacet
  facet normal -0.476808 -0.642813 -0.599538
    outer loop
      vertex -1.58887 2.73462 10
      vertex -1.50217 2.67031 10
      vertex -1.8828 2.2065 10.8
    endloop
  endfacet
  facet normal 0.753567 0.26962 -0.599535
    outer loop
      vertex -2.67847 1.67486 10.8
      vertex -2.66194 1.62866 10.8
      vertex -3.25263 1.50069 10
    endloop
  endfacet
  facet normal 0.11744 0.791682 -0.599539
    outer loop
      vertex -2.24901 1.32241 10.8
      vertex -2.30782 0.725296 10
      vertex -2.4146 0.741136 10
    endloop
  endfacet
  facet normal 0.476786 0.642833 -0.599533
    outer loop
      vertex -2.47779 1.40426 10.8
      vertex -2.81113 0.905383 10
      vertex -2.89783 0.969688 10
    endloop
  endfacet
  facet normal 0.411466 0.68648 -0.599534
    outer loop
      vertex -2.47779 1.40426 10.8
      vertex -2.71854 0.849886 10
      vertex -2.81113 0.905383 10
    endloop
  endfacet
  facet normal 0.26962 0.753565 -0.599537
    outer loop
      vertex -2.39134 1.35806 10.8
      vertex -2.34514 1.34153 10.8
      vertex -2.62095 0.803732 10
    endloop
  endfacet
  facet normal 0.342183 0.723509 -0.599538
    outer loop
      vertex -2.4357 1.37904 10.8
      vertex -2.39134 1.35806 10.8
      vertex -2.62095 0.803732 10
    endloop
  endfacet
  facet normal 0.194472 0.77636 -0.599538
    outer loop
      vertex -2.34514 1.34153 10.8
      vertex -2.4146 0.741136 10
      vertex -2.51931 0.767365 10
    endloop
  endfacet
  facet normal 0.476784 0.642835 -0.599533
    outer loop
      vertex -2.5172 1.43349 10.8
      vertex -2.47779 1.40426 10.8
      vertex -2.89783 0.969688 10
    endloop
  endfacet
  facet normal 0.537612 0.592907 -0.599528
    outer loop
      vertex -2.55355 1.46645 10.8
      vertex -2.5172 1.43349 10.8
      vertex -2.89783 0.969688 10
    endloop
  endfacet
  facet normal 0.59298 0.537515 -0.599544
    outer loop
      vertex -2.5865 1.5028 10.8
      vertex -2.55355 1.46645 10.8
      vertex -2.97782 1.04218 10
    endloop
  endfacet
  facet normal 0.686462 0.411485 -0.599542
    outer loop
      vertex -2.64096 1.5843 10.8
      vertex -2.61573 1.54221 10.8
      vertex -3.11462 1.20887 10
    endloop
  endfacet
  facet normal 0.642813 0.476808 -0.599538
    outer loop
      vertex -2.5865 1.5028 10.8
      vertex -3.05031 1.12217 10
      vertex -3.11462 1.20887 10
    endloop
  endfacet
  facet normal -0.194458 0.776363 -0.599539
    outer loop
      vertex -2.05486 1.34153 10.8
      vertex -1.9854 0.741136 10
      vertex -2.10245 1.32961 10.8
    endloop
  endfacet
  facet normal -0.342183 0.723509 -0.599538
    outer loop
      vertex -1.9643 1.37904 10.8
      vertex -1.77905 0.803732 10
      vertex -2.00866 1.35806 10.8
    endloop
  endfacet
  facet normal -0.476784 0.642835 -0.599533
    outer loop
      vertex -1.8828 1.43349 10.8
      vertex -1.50217 0.969688 10
      vertex -1.92221 1.40426 10.8
    endloop
  endfacet
  facet normal -0.686535 0.411367 -0.599539
    outer loop
      vertex -1.75904 1.5843 10.8
      vertex -1.22989 1.30146 10
      vertex -1.78426 1.54221 10.8
    endloop
  endfacet
  facet normal -0.723496 0.342213 -0.599537
    outer loop
      vertex -1.18373 1.39905 10
      vertex -1.22989 1.30146 10
      vertex -1.75904 1.5843 10.8
    endloop
  endfacet
  facet normal 0.753579 -0.26958 -0.599537
    outer loop
      vertex -3.21627 2.24095 10
      vertex -2.66194 2.01134 10.8
      vertex -3.25263 2.13931 10
    endloop
  endfacet
  facet normal 0.723495 -0.342213 -0.599538
    outer loop
      vertex -3.17011 2.33854 10
      vertex -2.66194 2.01134 10.8
      vertex -3.21627 2.24095 10
    endloop
  endfacet
  facet normal 0.776377 -0.19442 -0.599533
    outer loop
      vertex -2.67847 1.96514 10.8
      vertex -2.69039 1.91754 10.8
      vertex -3.25263 2.13931 10
    endloop
  endfacet
  facet normal 0.642885 -0.4767 -0.599546
    outer loop
      vertex -2.5865 2.1372 10.8
      vertex -2.61573 2.09778 10.8
      vertex -3.11462 2.43113 10
    endloop
  endfacet
  facet normal 0.342213 -0.723496 -0.599537
    outer loop
      vertex -2.62095 2.83627 10
      vertex -2.4357 2.26096 10.8
      vertex -2.71854 2.79011 10
    endloop
  endfacet
  facet normal 0.26962 -0.753567 -0.599535
    outer loop
      vertex -2.34514 2.29847 10.8
      vertex -2.39134 2.28194 10.8
      vertex -2.51931 2.87263 10
    endloop
  endfacet
  facet normal 0.194479 -0.776359 -0.599537
    outer loop
      vertex -2.4146 2.89886 10
      vertex -2.29754 2.31039 10.8
      vertex -2.51931 2.87263 10
    endloop
  endfacet
  facet normal 0.19442 -0.776377 -0.599533
    outer loop
      vertex -2.29754 2.31039 10.8
      vertex -2.34514 2.29847 10.8
      vertex -2.51931 2.87263 10
    endloop
  endfacet
  facet normal 0.411485 -0.686462 -0.599542
    outer loop
      vertex -2.4357 2.26096 10.8
      vertex -2.47779 2.23573 10.8
      vertex -2.81113 2.73462 10
    endloop
  endfacet
  facet normal 0.476808 -0.642812 -0.599539
    outer loop
      vertex -2.81113 2.73462 10
      vertex -2.47779 2.23573 10.8
      vertex -2.89783 2.67031 10
    endloop
  endfacet
  facet normal -0.194459 -0.776366 -0.599534
    outer loop
      vertex -1.88069 2.87263 10
      vertex -2.05486 2.29847 10.8
      vertex -2.10245 2.31039 10.8
    endloop
  endfacet
  facet normal -0.194479 -0.77636 -0.599536
    outer loop
      vertex -1.9854 2.89886 10
      vertex -1.88069 2.87263 10
      vertex -2.10245 2.31039 10.8
    endloop
  endfacet
  facet normal -0.411485 -0.686462 -0.599542
    outer loop
      vertex -1.58887 2.73462 10
      vertex -1.92221 2.23573 10.8
      vertex -1.9643 2.26096 10.8
    endloop
  endfacet
  facet normal -0.411426 -0.686501 -0.599537
    outer loop
      vertex -1.68146 2.79011 10
      vertex -1.58887 2.73462 10
      vertex -1.9643 2.26096 10.8
    endloop
  endfacet
  facet normal 0.776366 0.194459 -0.599534
    outer loop
      vertex -2.69039 1.72245 10.8
      vertex -2.67847 1.67486 10.8
      vertex -3.25263 1.50069 10
    endloop
  endfacet
  facet normal 0.411366 0.686534 -0.599541
    outer loop
      vertex -2.47779 1.40426 10.8
      vertex -2.4357 1.37904 10.8
      vertex -2.71854 0.849886 10
    endloop
  endfacet
  facet normal 0.194419 0.776371 -0.599541
    outer loop
      vertex -2.34514 1.34153 10.8
      vertex -2.29754 1.32961 10.8
      vertex -2.4146 0.741136 10
    endloop
  endfacet
  facet normal 0.117455 0.791679 -0.59954
    outer loop
      vertex -2.29754 1.32961 10.8
      vertex -2.24901 1.32241 10.8
      vertex -2.4146 0.741136 10
    endloop
  endfacet
  facet normal 0.686497 -0.411424 -0.599543
    outer loop
      vertex -3.11462 2.43113 10
      vertex -2.61573 2.09778 10.8
      vertex -3.17011 2.33854 10
    endloop
  endfacet
  facet normal 0.686424 -0.411561 -0.599534
    outer loop
      vertex -2.61573 2.09778 10.8
      vertex -2.64096 2.0557 10.8
      vertex -3.17011 2.33854 10
    endloop
  endfacet
  facet normal 0.26958 -0.753579 -0.599537
    outer loop
      vertex -2.51931 2.87263 10
      vertex -2.39134 2.28194 10.8
      vertex -2.62095 2.83627 10
    endloop
  endfacet
  facet normal 0.342182 -0.723509 -0.599539
    outer loop
      vertex -2.39134 2.28194 10.8
      vertex -2.4357 2.26096 10.8
      vertex -2.62095 2.83627 10
    endloop
  endfacet
  facet normal 0.117455 -0.791682 -0.599536
    outer loop
      vertex -2.24901 2.31759 10.8
      vertex -2.29754 2.31039 10.8
      vertex -2.30782 2.9147 10
    endloop
  endfacet
  facet normal -0.117432 -0.791685 -0.599537
    outer loop
      vertex -2.09218 2.9147 10
      vertex -2.10245 2.31039 10.8
      vertex -2.15099 2.31759 10.8
    endloop
  endfacet
  facet normal -0.998794 -0.0490967 0
    outer loop
      vertex 3.85 -0.37 0
      vertex 3.8447 -0.26218 10
      vertex 3.8447 -0.26218 0
    endloop
  endfacet
  facet normal -0.998794 -0.0490967 0
    outer loop
      vertex 3.8447 -0.26218 10
      vertex 3.85 -0.37 0
      vertex 3.85 -0.37 10
    endloop
  endfacet
  facet normal 0.998794 -0.0490967 0
    outer loop
      vertex 1.65 -0.37 10
      vertex 1.6553 -0.26218 0
      vertex 1.6553 -0.26218 10
    endloop
  endfacet
  facet normal 0.998794 -0.0490967 0
    outer loop
      vertex 1.6553 -0.26218 0
      vertex 1.65 -0.37 10
      vertex 1.65 -0.37 0
    endloop
  endfacet
  facet normal 0.049069 -0.998795 0
    outer loop
      vertex 2.64218 0.724703 0
      vertex 2.75 0.73 10
      vertex 2.64218 0.724703 10
    endloop
  endfacet
  facet normal 0.049069 -0.998795 0
    outer loop
      vertex 2.75 0.73 10
      vertex 2.64218 0.724703 0
      vertex 2.75 0.73 0
    endloop
  endfacet
  facet normal -0.0490967 0.998794 0
    outer loop
      vertex 2.85782 -1.4647 0
      vertex 2.75 -1.47 10
      vertex 2.85782 -1.4647 10
    endloop
  endfacet
  facet normal -0.0490967 0.998794 0
    outer loop
      vertex 2.75 -1.47 10
      vertex 2.85782 -1.4647 0
      vertex 2.75 -1.47 0
    endloop
  endfacet
  facet normal -0.671535 -0.740973 0
    outer loop
      vertex 3.44783 0.480311 0
      vertex 3.52782 0.407817 10
      vertex 3.44783 0.480311 10
    endloop
  endfacet
  facet normal -0.671535 -0.740973 -0
    outer loop
      vertex 3.52782 0.407817 10
      vertex 3.44783 0.480311 0
      vertex 3.52782 0.407817 0
    endloop
  endfacet
  facet normal 0.74097 -0.671538 0
    outer loop
      vertex 1.89969 0.327832 10
      vertex 1.97218 0.407817 0
      vertex 1.97218 0.407817 10
    endloop
  endfacet
  facet normal 0.74097 -0.671538 0
    outer loop
      vertex 1.97218 0.407817 0
      vertex 1.89969 0.327832 10
      vertex 1.89969 0.327832 0
    endloop
  endfacet
  facet normal 0.427535 -0.903999 0
    outer loop
      vertex 2.23146 0.600113 0
      vertex 2.32905 0.646267 10
      vertex 2.23146 0.600113 10
    endloop
  endfacet
  facet normal 0.427535 -0.903999 0
    outer loop
      vertex 2.32905 0.646267 10
      vertex 2.23146 0.600113 0
      vertex 2.32905 0.646267 0
    endloop
  endfacet
  facet normal -0.903969 -0.427598 0
    outer loop
      vertex 3.76627 0.050951 0
      vertex 3.72011 0.148536 10
      vertex 3.72011 0.148536 0
    endloop
  endfacet
  facet normal -0.903969 -0.427598 0
    outer loop
      vertex 3.72011 0.148536 10
      vertex 3.76627 0.050951 0
      vertex 3.76627 0.050951 10
    endloop
  endfacet
  facet normal -0.336887 -0.941545 0
    outer loop
      vertex 3.06931 0.682634 0
      vertex 3.17095 0.646267 10
      vertex 3.06931 0.682634 10
    endloop
  endfacet
  facet normal -0.336887 -0.941545 -0
    outer loop
      vertex 3.17095 0.646267 10
      vertex 3.06931 0.682634 0
      vertex 3.17095 0.646267 0
    endloop
  endfacet
  facet normal -0.514107 -0.857726 0
    outer loop
      vertex 3.26854 0.600113 0
      vertex 3.36113 0.544616 10
      vertex 3.26854 0.600113 10
    endloop
  endfacet
  facet normal -0.514107 -0.857726 -0
    outer loop
      vertex 3.36113 0.544616 10
      vertex 3.26854 0.600113 0
      vertex 3.36113 0.544616 0
    endloop
  endfacet
  facet normal 0.903969 -0.427598 0
    outer loop
      vertex 1.73373 0.050951 10
      vertex 1.77989 0.148536 0
      vertex 1.77989 0.148536 10
    endloop
  endfacet
  facet normal 0.903969 -0.427598 0
    outer loop
      vertex 1.77989 0.148536 0
      vertex 1.73373 0.050951 10
      vertex 1.73373 0.050951 0
    endloop
  endfacet
  facet normal 0.857757 -0.514056 0
    outer loop
      vertex 1.77989 0.148536 10
      vertex 1.83538 0.241127 0
      vertex 1.83538 0.241127 10
    endloop
  endfacet
  facet normal 0.857757 -0.514056 0
    outer loop
      vertex 1.83538 0.241127 0
      vertex 1.77989 0.148536 10
      vertex 1.77989 0.148536 0
    endloop
  endfacet
  facet normal 0.242985 -0.97003 0
    outer loop
      vertex 2.43069 0.682634 0
      vertex 2.5354 0.708863 10
      vertex 2.43069 0.682634 10
    endloop
  endfacet
  facet normal 0.242985 -0.97003 0
    outer loop
      vertex 2.5354 0.708863 10
      vertex 2.43069 0.682634 0
      vertex 2.5354 0.708863 0
    endloop
  endfacet
  facet normal -0.336829 0.941566 0
    outer loop
      vertex 3.17095 -1.38627 0
      vertex 3.06931 -1.42263 10
      vertex 3.17095 -1.38627 10
    endloop
  endfacet
  facet normal -0.336829 0.941566 0
    outer loop
      vertex 3.06931 -1.42263 10
      vertex 3.17095 -1.38627 0
      vertex 3.06931 -1.42263 0
    endloop
  endfacet
  facet normal -0.97003 -0.242986 0
    outer loop
      vertex 3.82886 -0.1554 0
      vertex 3.80263 -0.0506868 10
      vertex 3.80263 -0.0506868 0
    endloop
  endfacet
  facet normal -0.97003 -0.242986 0
    outer loop
      vertex 3.80263 -0.0506868 10
      vertex 3.82886 -0.1554 0
      vertex 3.82886 -0.1554 10
    endloop
  endfacet
  facet normal -0.989176 -0.146737 0
    outer loop
      vertex 3.8447 -0.26218 0
      vertex 3.82886 -0.1554 10
      vertex 3.82886 -0.1554 0
    endloop
  endfacet
  facet normal -0.989176 -0.146737 0
    outer loop
      vertex 3.82886 -0.1554 10
      vertex 3.8447 -0.26218 0
      vertex 3.8447 -0.26218 10
    endloop
  endfacet
  facet normal -0.941563 -0.336836 0
    outer loop
      vertex 3.80263 -0.0506868 0
      vertex 3.76627 0.050951 10
      vertex 3.76627 0.050951 0
    endloop
  endfacet
  facet normal -0.941563 -0.336836 0
    outer loop
      vertex 3.76627 0.050951 10
      vertex 3.80263 -0.0506868 0
      vertex 3.80263 -0.0506868 10
    endloop
  endfacet
  facet normal -0.803185 -0.59573 0
    outer loop
      vertex 3.66462 0.241127 0
      vertex 3.60031 0.327832 10
      vertex 3.60031 0.327832 0
    endloop
  endfacet
  facet normal -0.803185 -0.59573 0
    outer loop
      vertex 3.60031 0.327832 10
      vertex 3.66462 0.241127 0
      vertex 3.66462 0.241127 10
    endloop
  endfacet
  facet normal -0.74097 -0.671538 0
    outer loop
      vertex 3.60031 0.327832 0
      vertex 3.52782 0.407817 10
      vertex 3.52782 0.407817 0
    endloop
  endfacet
  facet normal -0.74097 -0.671538 0
    outer loop
      vertex 3.52782 0.407817 10
      vertex 3.60031 0.327832 0
      vertex 3.60031 0.327832 10
    endloop
  endfacet
  facet normal -0.146737 -0.989176 0
    outer loop
      vertex 2.85782 0.724703 0
      vertex 2.9646 0.708863 10
      vertex 2.85782 0.724703 10
    endloop
  endfacet
  facet normal -0.146737 -0.989176 -0
    outer loop
      vertex 2.9646 0.708863 10
      vertex 2.85782 0.724703 0
      vertex 2.9646 0.708863 0
    endloop
  endfacet
  facet normal -0.049069 -0.998795 0
    outer loop
      vertex 2.75 0.73 0
      vertex 2.85782 0.724703 10
      vertex 2.75 0.73 10
    endloop
  endfacet
  facet normal -0.049069 -0.998795 -0
    outer loop
      vertex 2.85782 0.724703 10
      vertex 2.75 0.73 0
      vertex 2.85782 0.724703 0
    endloop
  endfacet
  facet normal -0.595723 -0.80319 0
    outer loop
      vertex 3.36113 0.544616 0
      vertex 3.44783 0.480311 10
      vertex 3.36113 0.544616 10
    endloop
  endfacet
  facet normal -0.595723 -0.80319 -0
    outer loop
      vertex 3.44783 0.480311 10
      vertex 3.36113 0.544616 0
      vertex 3.44783 0.480311 0
    endloop
  endfacet
  facet normal 0.941534 -0.336918 0
    outer loop
      vertex 1.69736 -0.0506868 10
      vertex 1.73373 0.050951 0
      vertex 1.73373 0.050951 10
    endloop
  endfacet
  facet normal 0.941534 -0.336918 0
    outer loop
      vertex 1.73373 0.050951 0
      vertex 1.69736 -0.0506868 10
      vertex 1.69736 -0.0506868 0
    endloop
  endfacet
  facet normal 0.989176 -0.146737 0
    outer loop
      vertex 1.6553 -0.26218 10
      vertex 1.67114 -0.1554 0
      vertex 1.67114 -0.1554 10
    endloop
  endfacet
  facet normal 0.989176 -0.146737 0
    outer loop
      vertex 1.67114 -0.1554 0
      vertex 1.6553 -0.26218 10
      vertex 1.6553 -0.26218 0
    endloop
  endfacet
  facet normal 0.595723 -0.80319 0
    outer loop
      vertex 2.05217 0.480311 0
      vertex 2.13887 0.544616 10
      vertex 2.05217 0.480311 10
    endloop
  endfacet
  facet normal 0.595723 -0.80319 0
    outer loop
      vertex 2.13887 0.544616 10
      vertex 2.05217 0.480311 0
      vertex 2.13887 0.544616 0
    endloop
  endfacet
  facet normal 0.146737 -0.989176 0
    outer loop
      vertex 2.5354 0.708863 0
      vertex 2.64218 0.724703 10
      vertex 2.5354 0.708863 10
    endloop
  endfacet
  facet normal 0.146737 -0.989176 0
    outer loop
      vertex 2.64218 0.724703 10
      vertex 2.5354 0.708863 0
      vertex 2.64218 0.724703 0
    endloop
  endfacet
  facet normal -0.998794 0.0490976 0
    outer loop
      vertex 3.8447 -0.477818 0
      vertex 3.85 -0.37 10
      vertex 3.85 -0.37 0
    endloop
  endfacet
  facet normal -0.998794 0.0490976 0
    outer loop
      vertex 3.85 -0.37 10
      vertex 3.8447 -0.477818 0
      vertex 3.8447 -0.477818 10
    endloop
  endfacet
  facet normal -0.740991 0.671515 0
    outer loop
      vertex 3.52782 -1.14782 0
      vertex 3.60031 -1.06783 10
      vertex 3.60031 -1.06783 0
    endloop
  endfacet
  facet normal -0.740991 0.671515 0
    outer loop
      vertex 3.60031 -1.06783 10
      vertex 3.52782 -1.14782 0
      vertex 3.52782 -1.14782 10
    endloop
  endfacet
  facet normal 0.336829 0.941566 -0
    outer loop
      vertex 2.43069 -1.42263 0
      vertex 2.32905 -1.38627 10
      vertex 2.43069 -1.42263 10
    endloop
  endfacet
  facet normal 0.336829 0.941566 0
    outer loop
      vertex 2.32905 -1.38627 10
      vertex 2.43069 -1.42263 0
      vertex 2.32905 -1.38627 0
    endloop
  endfacet
  facet normal 0.740991 0.671515 0
    outer loop
      vertex 1.97218 -1.14782 10
      vertex 1.89969 -1.06783 0
      vertex 1.89969 -1.06783 10
    endloop
  endfacet
  facet normal 0.740991 0.671515 0
    outer loop
      vertex 1.89969 -1.06783 0
      vertex 1.97218 -1.14782 10
      vertex 1.97218 -1.14782 0
    endloop
  endfacet
  facet normal -0.427581 0.903977 0
    outer loop
      vertex 3.26854 -1.34011 0
      vertex 3.17095 -1.38627 10
      vertex 3.26854 -1.34011 10
    endloop
  endfacet
  facet normal -0.427581 0.903977 0
    outer loop
      vertex 3.17095 -1.38627 10
      vertex 3.26854 -1.34011 0
      vertex 3.17095 -1.38627 0
    endloop
  endfacet
  facet normal -0.857757 -0.514056 0
    outer loop
      vertex 3.72011 0.148536 0
      vertex 3.66462 0.241127 10
      vertex 3.66462 0.241127 0
    endloop
  endfacet
  facet normal -0.857757 -0.514056 0
    outer loop
      vertex 3.66462 0.241127 10
      vertex 3.72011 0.148536 0
      vertex 3.72011 0.148536 10
    endloop
  endfacet
  facet normal -0.242985 -0.97003 0
    outer loop
      vertex 2.9646 0.708863 0
      vertex 3.06931 0.682634 10
      vertex 2.9646 0.708863 10
    endloop
  endfacet
  facet normal -0.242985 -0.97003 -0
    outer loop
      vertex 3.06931 0.682634 10
      vertex 2.9646 0.708863 0
      vertex 3.06931 0.682634 0
    endloop
  endfacet
  facet normal -0.427535 -0.903999 0
    outer loop
      vertex 3.17095 0.646267 0
      vertex 3.26854 0.600113 10
      vertex 3.17095 0.646267 10
    endloop
  endfacet
  facet normal -0.427535 -0.903999 -0
    outer loop
      vertex 3.26854 0.600113 10
      vertex 3.17095 0.646267 0
      vertex 3.26854 0.600113 0
    endloop
  endfacet
  facet normal 0.803185 -0.59573 0
    outer loop
      vertex 1.83538 0.241127 10
      vertex 1.89969 0.327832 0
      vertex 1.89969 0.327832 10
    endloop
  endfacet
  facet normal 0.803185 -0.59573 0
    outer loop
      vertex 1.89969 0.327832 0
      vertex 1.83538 0.241127 10
      vertex 1.83538 0.241127 0
    endloop
  endfacet
  facet normal 0.970052 -0.242899 0
    outer loop
      vertex 1.67114 -0.1554 10
      vertex 1.69736 -0.0506868 0
      vertex 1.69736 -0.0506868 10
    endloop
  endfacet
  facet normal 0.970052 -0.242899 0
    outer loop
      vertex 1.69736 -0.0506868 0
      vertex 1.67114 -0.1554 10
      vertex 1.67114 -0.1554 0
    endloop
  endfacet
  facet normal 0.671535 -0.740973 0
    outer loop
      vertex 1.97218 0.407817 0
      vertex 2.05217 0.480311 10
      vertex 1.97218 0.407817 10
    endloop
  endfacet
  facet normal 0.671535 -0.740973 0
    outer loop
      vertex 2.05217 0.480311 10
      vertex 1.97218 0.407817 0
      vertex 2.05217 0.480311 0
    endloop
  endfacet
  facet normal 0.514107 -0.857726 0
    outer loop
      vertex 2.13887 0.544616 0
      vertex 2.23146 0.600113 10
      vertex 2.13887 0.544616 10
    endloop
  endfacet
  facet normal 0.514107 -0.857726 0
    outer loop
      vertex 2.23146 0.600113 10
      vertex 2.13887 0.544616 0
      vertex 2.23146 0.600113 0
    endloop
  endfacet
  facet normal 0.336887 -0.941545 0
    outer loop
      vertex 2.32905 0.646267 0
      vertex 2.43069 0.682634 10
      vertex 2.32905 0.646267 10
    endloop
  endfacet
  facet normal 0.336887 -0.941545 0
    outer loop
      vertex 2.43069 0.682634 10
      vertex 2.32905 0.646267 0
      vertex 2.43069 0.682634 0
    endloop
  endfacet
  facet normal -0.97003 0.242985 0
    outer loop
      vertex 3.80263 -0.689313 0
      vertex 3.82886 -0.584599 10
      vertex 3.82886 -0.584599 0
    endloop
  endfacet
  facet normal -0.97003 0.242985 0
    outer loop
      vertex 3.82886 -0.584599 10
      vertex 3.80263 -0.689313 0
      vertex 3.80263 -0.689313 10
    endloop
  endfacet
  facet normal -0.989176 0.146735 0
    outer loop
      vertex 3.82886 -0.584599 0
      vertex 3.8447 -0.477818 10
      vertex 3.8447 -0.477818 0
    endloop
  endfacet
  facet normal -0.989176 0.146735 0
    outer loop
      vertex 3.8447 -0.477818 10
      vertex 3.82886 -0.584599 0
      vertex 3.82886 -0.584599 10
    endloop
  endfacet
  facet normal -0.51406 0.857754 0
    outer loop
      vertex 3.36113 -1.28462 0
      vertex 3.26854 -1.34011 10
      vertex 3.36113 -1.28462 10
    endloop
  endfacet
  facet normal -0.51406 0.857754 0
    outer loop
      vertex 3.26854 -1.34011 10
      vertex 3.36113 -1.28462 0
      vertex 3.26854 -1.34011 0
    endloop
  endfacet
  facet normal -0.903965 0.427606 0
    outer loop
      vertex 3.72011 -0.888535 0
      vertex 3.76627 -0.790952 10
      vertex 3.76627 -0.790952 0
    endloop
  endfacet
  facet normal -0.903965 0.427606 0
    outer loop
      vertex 3.76627 -0.790952 10
      vertex 3.72011 -0.888535 0
      vertex 3.72011 -0.888535 10
    endloop
  endfacet
  facet normal -0.803178 0.595739 0
    outer loop
      vertex 3.60031 -1.06783 0
      vertex 3.66462 -0.981127 10
      vertex 3.66462 -0.981127 0
    endloop
  endfacet
  facet normal -0.803178 0.595739 0
    outer loop
      vertex 3.66462 -0.981127 10
      vertex 3.60031 -1.06783 0
      vertex 3.60031 -1.06783 10
    endloop
  endfacet
  facet normal 0.970052 0.242897 0
    outer loop
      vertex 1.69736 -0.689313 10
      vertex 1.67114 -0.584599 0
      vertex 1.67114 -0.584599 10
    endloop
  endfacet
  facet normal 0.970052 0.242897 0
    outer loop
      vertex 1.67114 -0.584599 0
      vertex 1.69736 -0.689313 10
      vertex 1.69736 -0.689313 0
    endloop
  endfacet
  facet normal 0.941535 0.336914 0
    outer loop
      vertex 1.73373 -0.790952 10
      vertex 1.69736 -0.689313 0
      vertex 1.69736 -0.689313 10
    endloop
  endfacet
  facet normal 0.941535 0.336914 0
    outer loop
      vertex 1.69736 -0.689313 0
      vertex 1.73373 -0.790952 10
      vertex 1.73373 -0.790952 0
    endloop
  endfacet
  facet normal -0.941565 0.336832 0
    outer loop
      vertex 3.76627 -0.790952 0
      vertex 3.80263 -0.689313 10
      vertex 3.80263 -0.689313 0
    endloop
  endfacet
  facet normal -0.941565 0.336832 0
    outer loop
      vertex 3.80263 -0.689313 10
      vertex 3.76627 -0.790952 0
      vertex 3.76627 -0.790952 10
    endloop
  endfacet
  facet normal -0.857759 0.514052 0
    outer loop
      vertex 3.66462 -0.981127 0
      vertex 3.72011 -0.888535 10
      vertex 3.72011 -0.888535 0
    endloop
  endfacet
  facet normal -0.857759 0.514052 0
    outer loop
      vertex 3.72011 -0.888535 10
      vertex 3.66462 -0.981127 0
      vertex 3.66462 -0.981127 10
    endloop
  endfacet
  facet normal 0.0490967 0.998794 -0
    outer loop
      vertex 2.75 -1.47 0
      vertex 2.64218 -1.4647 10
      vertex 2.75 -1.47 10
    endloop
  endfacet
  facet normal 0.0490967 0.998794 0
    outer loop
      vertex 2.64218 -1.4647 10
      vertex 2.75 -1.47 0
      vertex 2.64218 -1.4647 0
    endloop
  endfacet
  facet normal 0.671515 0.740991 -0
    outer loop
      vertex 2.05217 -1.22031 0
      vertex 1.97218 -1.14782 10
      vertex 2.05217 -1.22031 10
    endloop
  endfacet
  facet normal 0.671515 0.740991 0
    outer loop
      vertex 1.97218 -1.14782 10
      vertex 2.05217 -1.22031 0
      vertex 1.97218 -1.14782 0
    endloop
  endfacet
  facet normal 0.803178 0.595739 0
    outer loop
      vertex 1.89969 -1.06783 10
      vertex 1.83538 -0.981127 0
      vertex 1.83538 -0.981127 10
    endloop
  endfacet
  facet normal 0.803178 0.595739 0
    outer loop
      vertex 1.83538 -0.981127 0
      vertex 1.89969 -1.06783 10
      vertex 1.89969 -1.06783 0
    endloop
  endfacet
  facet normal 0.989176 0.146735 0
    outer loop
      vertex 1.67114 -0.584599 10
      vertex 1.6553 -0.477818 0
      vertex 1.6553 -0.477818 10
    endloop
  endfacet
  facet normal 0.989176 0.146735 0
    outer loop
      vertex 1.6553 -0.477818 0
      vertex 1.67114 -0.584599 10
      vertex 1.67114 -0.584599 0
    endloop
  endfacet
  facet normal 0.998794 0.0490976 0
    outer loop
      vertex 1.6553 -0.477818 10
      vertex 1.65 -0.37 0
      vertex 1.65 -0.37 10
    endloop
  endfacet
  facet normal 0.998794 0.0490976 0
    outer loop
      vertex 1.65 -0.37 0
      vertex 1.6553 -0.477818 10
      vertex 1.6553 -0.477818 0
    endloop
  endfacet
  facet normal -0.242993 0.970028 0
    outer loop
      vertex 3.06931 -1.42263 0
      vertex 2.9646 -1.44886 10
      vertex 3.06931 -1.42263 10
    endloop
  endfacet
  facet normal -0.242993 0.970028 0
    outer loop
      vertex 2.9646 -1.44886 10
      vertex 3.06931 -1.42263 0
      vertex 2.9646 -1.44886 0
    endloop
  endfacet
  facet normal -0.146737 0.989176 0
    outer loop
      vertex 2.9646 -1.44886 0
      vertex 2.85782 -1.4647 10
      vertex 2.9646 -1.44886 10
    endloop
  endfacet
  facet normal -0.146737 0.989176 0
    outer loop
      vertex 2.85782 -1.4647 10
      vertex 2.9646 -1.44886 0
      vertex 2.85782 -1.4647 0
    endloop
  endfacet
  facet normal -0.671515 0.740991 0
    outer loop
      vertex 3.52782 -1.14782 0
      vertex 3.44783 -1.22031 10
      vertex 3.52782 -1.14782 10
    endloop
  endfacet
  facet normal -0.671515 0.740991 0
    outer loop
      vertex 3.44783 -1.22031 10
      vertex 3.52782 -1.14782 0
      vertex 3.44783 -1.22031 0
    endloop
  endfacet
  facet normal -0.595752 0.803168 0
    outer loop
      vertex 3.44783 -1.22031 0
      vertex 3.36113 -1.28462 10
      vertex 3.44783 -1.22031 10
    endloop
  endfacet
  facet normal -0.595752 0.803168 0
    outer loop
      vertex 3.36113 -1.28462 10
      vertex 3.44783 -1.22031 0
      vertex 3.36113 -1.28462 0
    endloop
  endfacet
  facet normal 0.242993 0.970028 -0
    outer loop
      vertex 2.5354 -1.44886 0
      vertex 2.43069 -1.42263 10
      vertex 2.5354 -1.44886 10
    endloop
  endfacet
  facet normal 0.242993 0.970028 0
    outer loop
      vertex 2.43069 -1.42263 10
      vertex 2.5354 -1.44886 0
      vertex 2.43069 -1.42263 0
    endloop
  endfacet
  facet normal 0.903965 0.427606 0
    outer loop
      vertex 1.77989 -0.888535 10
      vertex 1.73373 -0.790952 0
      vertex 1.73373 -0.790952 10
    endloop
  endfacet
  facet normal 0.903965 0.427606 0
    outer loop
      vertex 1.73373 -0.790952 0
      vertex 1.77989 -0.888535 10
      vertex 1.77989 -0.888535 0
    endloop
  endfacet
  facet normal 0.146737 0.989176 -0
    outer loop
      vertex 2.64218 -1.4647 0
      vertex 2.5354 -1.44886 10
      vertex 2.64218 -1.4647 10
    endloop
  endfacet
  facet normal 0.146737 0.989176 0
    outer loop
      vertex 2.5354 -1.44886 10
      vertex 2.64218 -1.4647 0
      vertex 2.5354 -1.44886 0
    endloop
  endfacet
  facet normal 0.427581 0.903977 -0
    outer loop
      vertex 2.32905 -1.38627 0
      vertex 2.23146 -1.34011 10
      vertex 2.32905 -1.38627 10
    endloop
  endfacet
  facet normal 0.427581 0.903977 0
    outer loop
      vertex 2.23146 -1.34011 10
      vertex 2.32905 -1.38627 0
      vertex 2.23146 -1.34011 0
    endloop
  endfacet
  facet normal 0.51406 0.857754 -0
    outer loop
      vertex 2.23146 -1.34011 0
      vertex 2.13887 -1.28462 10
      vertex 2.23146 -1.34011 10
    endloop
  endfacet
  facet normal 0.51406 0.857754 0
    outer loop
      vertex 2.13887 -1.28462 10
      vertex 2.23146 -1.34011 0
      vertex 2.13887 -1.28462 0
    endloop
  endfacet
  facet normal 0.595752 0.803168 -0
    outer loop
      vertex 2.13887 -1.28462 0
      vertex 2.05217 -1.22031 10
      vertex 2.13887 -1.28462 10
    endloop
  endfacet
  facet normal 0.595752 0.803168 0
    outer loop
      vertex 2.05217 -1.22031 10
      vertex 2.13887 -1.28462 0
      vertex 2.05217 -1.22031 0
    endloop
  endfacet
  facet normal 0.857759 0.514052 0
    outer loop
      vertex 1.83538 -0.981127 10
      vertex 1.77989 -0.888535 0
      vertex 1.77989 -0.888535 10
    endloop
  endfacet
  facet normal 0.857759 0.514052 0
    outer loop
      vertex 1.77989 -0.888535 0
      vertex 1.83538 -0.981127 10
      vertex 1.83538 -0.981127 0
    endloop
  endfacet
  facet normal -0.998793 -0.0491153 0
    outer loop
      vertex 3.25 -0.37 10.8
      vertex 3.24759 -0.320991 20
      vertex 3.24759 -0.320991 10.8
    endloop
  endfacet
  facet normal -0.998793 -0.0491153 0
    outer loop
      vertex 3.24759 -0.320991 20
      vertex 3.25 -0.37 10.8
      vertex 3.25 -0.37 20
    endloop
  endfacet
  facet normal 0.0490533 -0.998796 0
    outer loop
      vertex 2.70099 0.127592 10.8
      vertex 2.75 0.129999 20
      vertex 2.70099 0.127592 20
    endloop
  endfacet
  facet normal 0.0490533 -0.998796 0
    outer loop
      vertex 2.75 0.129999 20
      vertex 2.70099 0.127592 10.8
      vertex 2.75 0.129999 10.8
    endloop
  endfacet
  facet normal -0.0490736 0.998795 0
    outer loop
      vertex 2.79901 -0.867592 10.8
      vertex 2.75 -0.87 20
      vertex 2.79901 -0.867592 20
    endloop
  endfacet
  facet normal -0.0490736 0.998795 0
    outer loop
      vertex 2.75 -0.87 20
      vertex 2.79901 -0.867592 10.8
      vertex 2.75 -0.87 10.8
    endloop
  endfacet
  facet normal -0.671611 -0.740904 0
    outer loop
      vertex 3.0672 0.0165043 10.8
      vertex 3.10355 -0.0164461 20
      vertex 3.0672 0.0165043 20
    endloop
  endfacet
  facet normal -0.671611 -0.740904 -0
    outer loop
      vertex 3.10355 -0.0164461 20
      vertex 3.0672 0.0165043 10.8
      vertex 3.10355 -0.0164461 10.8
    endloop
  endfacet
  facet normal 0.74087 -0.671649 0
    outer loop
      vertex 2.36349 -0.052803 20
      vertex 2.39645 -0.0164461 10.8
      vertex 2.39645 -0.0164461 20
    endloop
  endfacet
  facet normal 0.74087 -0.671649 0
    outer loop
      vertex 2.39645 -0.0164461 10.8
      vertex 2.36349 -0.052803 20
      vertex 2.36349 -0.052803 10.8
    endloop
  endfacet
  facet normal 0.427526 -0.904003 0
    outer loop
      vertex 2.5143 0.07096 10.8
      vertex 2.55866 0.091939 20
      vertex 2.5143 0.07096 20
    endloop
  endfacet
  facet normal 0.427526 -0.904003 0
    outer loop
      vertex 2.55866 0.091939 20
      vertex 2.5143 0.07096 10.8
      vertex 2.55866 0.091939 10.8
    endloop
  endfacet
  facet normal -0.903984 -0.427567 0
    outer loop
      vertex 3.21194 -0.178658 10.8
      vertex 3.19096 -0.134301 20
      vertex 3.19096 -0.134301 10.8
    endloop
  endfacet
  facet normal -0.903984 -0.427567 0
    outer loop
      vertex 3.19096 -0.134301 20
      vertex 3.21194 -0.178658 10.8
      vertex 3.21194 -0.178658 20
    endloop
  endfacet
  facet normal -0.336897 -0.941542 0
    outer loop
      vertex 2.89514 0.10847 10.8
      vertex 2.94134 0.091939 20
      vertex 2.89514 0.10847 20
    endloop
  endfacet
  facet normal -0.336897 -0.941542 -0
    outer loop
      vertex 2.94134 0.091939 20
      vertex 2.89514 0.10847 10.8
      vertex 2.94134 0.091939 10.8
    endloop
  endfacet
  facet normal -0.51416 -0.857694 0
    outer loop
      vertex 2.9857 0.07096 10.8
      vertex 3.02778 0.0457344 20
      vertex 2.9857 0.07096 20
    endloop
  endfacet
  facet normal -0.51416 -0.857694 -0
    outer loop
      vertex 3.02778 0.0457344 20
      vertex 2.9857 0.07096 10.8
      vertex 3.02778 0.0457344 10.8
    endloop
  endfacet
  facet normal 0.941546 -0.336885 0
    outer loop
      vertex 2.27153 -0.224857 20
      vertex 2.28806 -0.178658 10.8
      vertex 2.28806 -0.178658 20
    endloop
  endfacet
  facet normal 0.941546 -0.336885 0
    outer loop
      vertex 2.28806 -0.178658 10.8
      vertex 2.27153 -0.224857 20
      vertex 2.27153 -0.224857 10.8
    endloop
  endfacet
  facet normal 0.243006 -0.970025 0
    outer loop
      vertex 2.60486 0.10847 10.8
      vertex 2.65245 0.120392 20
      vertex 2.60486 0.10847 20
    endloop
  endfacet
  facet normal 0.243006 -0.970025 0
    outer loop
      vertex 2.65245 0.120392 20
      vertex 2.60486 0.10847 10.8
      vertex 2.65245 0.120392 10.8
    endloop
  endfacet
  facet normal -0.146736 0.989176 0
    outer loop
      vertex 2.84754 -0.860393 10.8
      vertex 2.79901 -0.867592 20
      vertex 2.84754 -0.860393 20
    endloop
  endfacet
  facet normal -0.146736 0.989176 0
    outer loop
      vertex 2.79901 -0.867592 20
      vertex 2.84754 -0.860393 10.8
      vertex 2.79901 -0.867592 10.8
    endloop
  endfacet
  facet normal -0.970043 -0.242934 0
    outer loop
      vertex 3.24039 -0.272454 10.8
      vertex 3.22847 -0.224857 20
      vertex 3.22847 -0.224857 10.8
    endloop
  endfacet
  facet normal -0.970043 -0.242934 0
    outer loop
      vertex 3.22847 -0.224857 20
      vertex 3.24039 -0.272454 10.8
      vertex 3.24039 -0.272454 20
    endloop
  endfacet
  facet normal -0.989176 -0.146735 0
    outer loop
      vertex 3.24759 -0.320991 10.8
      vertex 3.24039 -0.272454 20
      vertex 3.24039 -0.272454 10.8
    endloop
  endfacet
  facet normal -0.989176 -0.146735 0
    outer loop
      vertex 3.24039 -0.272454 20
      vertex 3.24759 -0.320991 10.8
      vertex 3.24759 -0.320991 20
    endloop
  endfacet
  facet normal -0.941546 -0.336885 0
    outer loop
      vertex 3.22847 -0.224857 10.8
      vertex 3.21194 -0.178658 20
      vertex 3.21194 -0.178658 10.8
    endloop
  endfacet
  facet normal -0.941546 -0.336885 0
    outer loop
      vertex 3.21194 -0.178658 20
      vertex 3.22847 -0.224857 10.8
      vertex 3.22847 -0.224857 20
    endloop
  endfacet
  facet normal -0.803301 -0.595573 0
    outer loop
      vertex 3.16573 -0.0922146 10.8
      vertex 3.13651 -0.052803 20
      vertex 3.13651 -0.052803 10.8
    endloop
  endfacet
  facet normal -0.803301 -0.595573 0
    outer loop
      vertex 3.13651 -0.052803 20
      vertex 3.16573 -0.0922146 10.8
      vertex 3.16573 -0.0922146 20
    endloop
  endfacet
  facet normal -0.74087 -0.671649 0
    outer loop
      vertex 3.13651 -0.052803 10.8
      vertex 3.10355 -0.0164461 20
      vertex 3.10355 -0.0164461 10.8
    endloop
  endfacet
  facet normal -0.74087 -0.671649 0
    outer loop
      vertex 3.10355 -0.0164461 20
      vertex 3.13651 -0.052803 10.8
      vertex 3.13651 -0.052803 20
    endloop
  endfacet
  facet normal -0.857689 -0.514168 0
    outer loop
      vertex 3.19096 -0.134301 10.8
      vertex 3.16573 -0.0922146 20
      vertex 3.16573 -0.0922146 10.8
    endloop
  endfacet
  facet normal -0.857689 -0.514168 0
    outer loop
      vertex 3.16573 -0.0922146 20
      vertex 3.19096 -0.134301 10.8
      vertex 3.19096 -0.134301 20
    endloop
  endfacet
  facet normal -0.146755 -0.989173 0
    outer loop
      vertex 2.79901 0.127592 10.8
      vertex 2.84754 0.120392 20
      vertex 2.79901 0.127592 20
    endloop
  endfacet
  facet normal -0.146755 -0.989173 -0
    outer loop
      vertex 2.84754 0.120392 20
      vertex 2.79901 0.127592 10.8
      vertex 2.84754 0.120392 10.8
    endloop
  endfacet
  facet normal -0.242958 -0.970037 0
    outer loop
      vertex 2.84754 0.120392 10.8
      vertex 2.89514 0.10847 20
      vertex 2.84754 0.120392 20
    endloop
  endfacet
  facet normal -0.242958 -0.970037 -0
    outer loop
      vertex 2.89514 0.10847 20
      vertex 2.84754 0.120392 10.8
      vertex 2.89514 0.10847 10.8
    endloop
  endfacet
  facet normal -0.0490533 -0.998796 0
    outer loop
      vertex 2.75 0.129999 10.8
      vertex 2.79901 0.127592 20
      vertex 2.75 0.129999 20
    endloop
  endfacet
  facet normal -0.0490533 -0.998796 -0
    outer loop
      vertex 2.79901 0.127592 20
      vertex 2.75 0.129999 10.8
      vertex 2.79901 0.127592 10.8
    endloop
  endfacet
  facet normal -0.427526 -0.904003 0
    outer loop
      vertex 2.94134 0.091939 10.8
      vertex 2.9857 0.07096 20
      vertex 2.94134 0.091939 20
    endloop
  endfacet
  facet normal -0.427526 -0.904003 -0
    outer loop
      vertex 2.9857 0.07096 20
      vertex 2.94134 0.091939 10.8
      vertex 2.9857 0.07096 10.8
    endloop
  endfacet
  facet normal -0.595624 -0.803264 0
    outer loop
      vertex 3.02778 0.0457344 10.8
      vertex 3.0672 0.0165043 20
      vertex 3.02778 0.0457344 20
    endloop
  endfacet
  facet normal -0.595624 -0.803264 -0
    outer loop
      vertex 3.0672 0.0165043 20
      vertex 3.02778 0.0457344 10.8
      vertex 3.0672 0.0165043 10.8
    endloop
  endfacet
  facet normal 0.989176 -0.146735 0
    outer loop
      vertex 2.25241 -0.320991 20
      vertex 2.25961 -0.272454 10.8
      vertex 2.25961 -0.272454 20
    endloop
  endfacet
  facet normal 0.989176 -0.146735 0
    outer loop
      vertex 2.25961 -0.272454 10.8
      vertex 2.25241 -0.320991 20
      vertex 2.25241 -0.320991 10.8
    endloop
  endfacet
  facet normal 0.857779 -0.514019 0
    outer loop
      vertex 2.30904 -0.134301 20
      vertex 2.33426 -0.0922146 10.8
      vertex 2.33426 -0.0922146 20
    endloop
  endfacet
  facet normal 0.857779 -0.514019 0
    outer loop
      vertex 2.33426 -0.0922146 10.8
      vertex 2.30904 -0.134301 20
      vertex 2.30904 -0.134301 10.8
    endloop
  endfacet
  facet normal 0.803204 -0.595704 0
    outer loop
      vertex 2.33426 -0.0922146 20
      vertex 2.36349 -0.052803 10.8
      vertex 2.36349 -0.052803 20
    endloop
  endfacet
  facet normal 0.803204 -0.595704 0
    outer loop
      vertex 2.36349 -0.052803 10.8
      vertex 2.33426 -0.0922146 20
      vertex 2.33426 -0.0922146 10.8
    endloop
  endfacet
  facet normal 0.903984 -0.427567 0
    outer loop
      vertex 2.28806 -0.178658 20
      vertex 2.30904 -0.134301 10.8
      vertex 2.30904 -0.134301 20
    endloop
  endfacet
  facet normal 0.903984 -0.427567 0
    outer loop
      vertex 2.30904 -0.134301 10.8
      vertex 2.28806 -0.178658 20
      vertex 2.28806 -0.178658 10.8
    endloop
  endfacet
  facet normal 0.970043 -0.242934 0
    outer loop
      vertex 2.25961 -0.272454 20
      vertex 2.27153 -0.224857 10.8
      vertex 2.27153 -0.224857 20
    endloop
  endfacet
  facet normal 0.970043 -0.242934 0
    outer loop
      vertex 2.27153 -0.224857 10.8
      vertex 2.25961 -0.272454 20
      vertex 2.25961 -0.272454 10.8
    endloop
  endfacet
  facet normal 0.998793 -0.0491153 0
    outer loop
      vertex 2.25 -0.37 20
      vertex 2.25241 -0.320991 10.8
      vertex 2.25241 -0.320991 20
    endloop
  endfacet
  facet normal 0.998793 -0.0491153 0
    outer loop
      vertex 2.25241 -0.320991 10.8
      vertex 2.25 -0.37 20
      vertex 2.25 -0.37 10.8
    endloop
  endfacet
  facet normal 0.595721 -0.803191 0
    outer loop
      vertex 2.4328 0.0165043 10.8
      vertex 2.47221 0.0457344 20
      vertex 2.4328 0.0165043 20
    endloop
  endfacet
  facet normal 0.595721 -0.803191 0
    outer loop
      vertex 2.47221 0.0457344 20
      vertex 2.4328 0.0165043 10.8
      vertex 2.47221 0.0457344 10.8
    endloop
  endfacet
  facet normal 0.51407 -0.857748 0
    outer loop
      vertex 2.47221 0.0457344 10.8
      vertex 2.5143 0.07096 20
      vertex 2.47221 0.0457344 20
    endloop
  endfacet
  facet normal 0.51407 -0.857748 0
    outer loop
      vertex 2.5143 0.07096 20
      vertex 2.47221 0.0457344 10.8
      vertex 2.5143 0.07096 10.8
    endloop
  endfacet
  facet normal 0.671611 -0.740904 0
    outer loop
      vertex 2.39645 -0.0164461 10.8
      vertex 2.4328 0.0165043 20
      vertex 2.39645 -0.0164461 20
    endloop
  endfacet
  facet normal 0.671611 -0.740904 0
    outer loop
      vertex 2.4328 0.0165043 20
      vertex 2.39645 -0.0164461 10.8
      vertex 2.4328 0.0165043 10.8
    endloop
  endfacet
  facet normal 0.336897 -0.941542 0
    outer loop
      vertex 2.55866 0.091939 10.8
      vertex 2.60486 0.10847 20
      vertex 2.55866 0.091939 20
    endloop
  endfacet
  facet normal 0.336897 -0.941542 0
    outer loop
      vertex 2.60486 0.10847 20
      vertex 2.55866 0.091939 10.8
      vertex 2.60486 0.10847 10.8
    endloop
  endfacet
  facet normal 0.146726 -0.989177 0
    outer loop
      vertex 2.65245 0.120392 10.8
      vertex 2.70099 0.127592 20
      vertex 2.65245 0.120392 20
    endloop
  endfacet
  facet normal 0.146726 -0.989177 0
    outer loop
      vertex 2.70099 0.127592 20
      vertex 2.65245 0.120392 10.8
      vertex 2.70099 0.127592 10.8
    endloop
  endfacet
  facet normal -0.998793 0.0491163 0
    outer loop
      vertex 3.24759 -0.419008 10.8
      vertex 3.25 -0.37 20
      vertex 3.25 -0.37 10.8
    endloop
  endfacet
  facet normal -0.998793 0.0491163 0
    outer loop
      vertex 3.25 -0.37 20
      vertex 3.24759 -0.419008 10.8
      vertex 3.24759 -0.419008 20
    endloop
  endfacet
  facet normal -0.740871 0.671648 0
    outer loop
      vertex 3.10355 -0.723553 10.8
      vertex 3.13651 -0.687196 20
      vertex 3.13651 -0.687196 10.8
    endloop
  endfacet
  facet normal -0.740871 0.671648 0
    outer loop
      vertex 3.13651 -0.687196 20
      vertex 3.10355 -0.723553 10.8
      vertex 3.10355 -0.723553 20
    endloop
  endfacet
  facet normal 0.857777 0.514022 0
    outer loop
      vertex 2.33426 -0.647784 20
      vertex 2.30904 -0.605698 10.8
      vertex 2.30904 -0.605698 20
    endloop
  endfacet
  facet normal 0.857777 0.514022 0
    outer loop
      vertex 2.30904 -0.605698 10.8
      vertex 2.33426 -0.647784 20
      vertex 2.33426 -0.647784 10.8
    endloop
  endfacet
  facet normal 0.998793 0.0491163 0
    outer loop
      vertex 2.25241 -0.419008 20
      vertex 2.25 -0.37 10.8
      vertex 2.25 -0.37 20
    endloop
  endfacet
  facet normal 0.998793 0.0491163 0
    outer loop
      vertex 2.25 -0.37 10.8
      vertex 2.25241 -0.419008 20
      vertex 2.25241 -0.419008 10.8
    endloop
  endfacet
  facet normal -0.941548 0.336879 0
    outer loop
      vertex 3.21194 -0.561341 10.8
      vertex 3.22847 -0.515141 20
      vertex 3.22847 -0.515141 10.8
    endloop
  endfacet
  facet normal -0.941548 0.336879 0
    outer loop
      vertex 3.22847 -0.515141 20
      vertex 3.21194 -0.561341 10.8
      vertex 3.21194 -0.561341 20
    endloop
  endfacet
  facet normal -0.989176 0.146735 0
    outer loop
      vertex 3.24039 -0.467545 10.8
      vertex 3.24759 -0.419008 20
      vertex 3.24759 -0.419008 10.8
    endloop
  endfacet
  facet normal -0.989176 0.146735 0
    outer loop
      vertex 3.24759 -0.419008 20
      vertex 3.24039 -0.467545 10.8
      vertex 3.24039 -0.467545 20
    endloop
  endfacet
  facet normal -0.970042 0.242938 0
    outer loop
      vertex 3.22847 -0.515141 10.8
      vertex 3.24039 -0.467545 20
      vertex 3.24039 -0.467545 10.8
    endloop
  endfacet
  facet normal -0.970042 0.242938 0
    outer loop
      vertex 3.24039 -0.467545 20
      vertex 3.22847 -0.515141 10.8
      vertex 3.22847 -0.515141 20
    endloop
  endfacet
  facet normal -0.671629 0.740887 0
    outer loop
      vertex 3.10355 -0.723553 10.8
      vertex 3.0672 -0.756505 20
      vertex 3.10355 -0.723553 20
    endloop
  endfacet
  facet normal -0.671629 0.740887 0
    outer loop
      vertex 3.0672 -0.756505 20
      vertex 3.10355 -0.723553 10.8
      vertex 3.0672 -0.756505 10.8
    endloop
  endfacet
  facet normal -0.903984 0.427567 0
    outer loop
      vertex 3.19096 -0.605698 10.8
      vertex 3.21194 -0.561341 20
      vertex 3.21194 -0.561341 10.8
    endloop
  endfacet
  facet normal -0.903984 0.427567 0
    outer loop
      vertex 3.21194 -0.561341 20
      vertex 3.19096 -0.605698 10.8
      vertex 3.19096 -0.605698 20
    endloop
  endfacet
  facet normal -0.803304 0.595569 0
    outer loop
      vertex 3.13651 -0.687196 10.8
      vertex 3.16573 -0.647784 20
      vertex 3.16573 -0.647784 10.8
    endloop
  endfacet
  facet normal -0.803304 0.595569 0
    outer loop
      vertex 3.16573 -0.647784 20
      vertex 3.13651 -0.687196 10.8
      vertex 3.13651 -0.687196 20
    endloop
  endfacet
  facet normal 0.740871 0.671648 0
    outer loop
      vertex 2.39645 -0.723553 20
      vertex 2.36349 -0.687196 10.8
      vertex 2.36349 -0.687196 20
    endloop
  endfacet
  facet normal 0.740871 0.671648 0
    outer loop
      vertex 2.36349 -0.687196 10.8
      vertex 2.39645 -0.723553 20
      vertex 2.39645 -0.723553 10.8
    endloop
  endfacet
  facet normal 0.941548 0.336879 0
    outer loop
      vertex 2.28806 -0.561341 20
      vertex 2.27153 -0.515141 10.8
      vertex 2.27153 -0.515141 20
    endloop
  endfacet
  facet normal 0.941548 0.336879 0
    outer loop
      vertex 2.27153 -0.515141 10.8
      vertex 2.28806 -0.561341 20
      vertex 2.28806 -0.561341 10.8
    endloop
  endfacet
  facet normal 0.989176 0.146735 0
    outer loop
      vertex 2.25961 -0.467545 20
      vertex 2.25241 -0.419008 10.8
      vertex 2.25241 -0.419008 20
    endloop
  endfacet
  facet normal 0.989176 0.146735 0
    outer loop
      vertex 2.25241 -0.419008 10.8
      vertex 2.25961 -0.467545 20
      vertex 2.25961 -0.467545 10.8
    endloop
  endfacet
  facet normal -0.427543 0.903995 0
    outer loop
      vertex 2.9857 -0.81096 10.8
      vertex 2.94134 -0.83194 20
      vertex 2.9857 -0.81096 20
    endloop
  endfacet
  facet normal -0.427543 0.903995 0
    outer loop
      vertex 2.94134 -0.83194 20
      vertex 2.9857 -0.81096 10.8
      vertex 2.94134 -0.83194 10.8
    endloop
  endfacet
  facet normal -0.514166 0.857691 0
    outer loop
      vertex 3.02778 -0.785734 10.8
      vertex 2.9857 -0.81096 20
      vertex 3.02778 -0.785734 20
    endloop
  endfacet
  facet normal -0.514166 0.857691 0
    outer loop
      vertex 2.9857 -0.81096 20
      vertex 3.02778 -0.785734 10.8
      vertex 2.9857 -0.81096 10.8
    endloop
  endfacet
  facet normal -0.595609 0.803274 0
    outer loop
      vertex 3.0672 -0.756505 10.8
      vertex 3.02778 -0.785734 20
      vertex 3.0672 -0.756505 20
    endloop
  endfacet
  facet normal -0.595609 0.803274 0
    outer loop
      vertex 3.02778 -0.785734 20
      vertex 3.0672 -0.756505 10.8
      vertex 3.02778 -0.785734 10.8
    endloop
  endfacet
  facet normal -0.857687 0.514172 0
    outer loop
      vertex 3.16573 -0.647784 10.8
      vertex 3.19096 -0.605698 20
      vertex 3.19096 -0.605698 10.8
    endloop
  endfacet
  facet normal -0.857687 0.514172 0
    outer loop
      vertex 3.19096 -0.605698 20
      vertex 3.16573 -0.647784 10.8
      vertex 3.16573 -0.647784 20
    endloop
  endfacet
  facet normal 0.0490736 0.998795 -0
    outer loop
      vertex 2.75 -0.87 10.8
      vertex 2.70099 -0.867592 20
      vertex 2.75 -0.87 20
    endloop
  endfacet
  facet normal 0.0490736 0.998795 0
    outer loop
      vertex 2.70099 -0.867592 20
      vertex 2.75 -0.87 10.8
      vertex 2.70099 -0.867592 10.8
    endloop
  endfacet
  facet normal 0.595707 0.803202 -0
    outer loop
      vertex 2.47221 -0.785734 10.8
      vertex 2.4328 -0.756505 20
      vertex 2.47221 -0.785734 20
    endloop
  endfacet
  facet normal 0.595707 0.803202 0
    outer loop
      vertex 2.4328 -0.756505 20
      vertex 2.47221 -0.785734 10.8
      vertex 2.4328 -0.756505 10.8
    endloop
  endfacet
  facet normal 0.336879 0.941548 -0
    outer loop
      vertex 2.60486 -0.84847 10.8
      vertex 2.55866 -0.83194 20
      vertex 2.60486 -0.84847 20
    endloop
  endfacet
  facet normal 0.336879 0.941548 0
    outer loop
      vertex 2.55866 -0.83194 20
      vertex 2.60486 -0.84847 10.8
      vertex 2.55866 -0.83194 10.8
    endloop
  endfacet
  facet normal 0.146706 0.98918 -0
    outer loop
      vertex 2.70099 -0.867592 10.8
      vertex 2.65245 -0.860393 20
      vertex 2.70099 -0.867592 20
    endloop
  endfacet
  facet normal 0.146706 0.98918 0
    outer loop
      vertex 2.65245 -0.860393 20
      vertex 2.70099 -0.867592 10.8
      vertex 2.65245 -0.860393 10.8
    endloop
  endfacet
  facet normal 0.803207 0.5957 0
    outer loop
      vertex 2.36349 -0.687196 20
      vertex 2.33426 -0.647784 10.8
      vertex 2.33426 -0.647784 20
    endloop
  endfacet
  facet normal 0.803207 0.5957 0
    outer loop
      vertex 2.33426 -0.647784 10.8
      vertex 2.36349 -0.687196 20
      vertex 2.36349 -0.687196 10.8
    endloop
  endfacet
  facet normal 0.671629 0.740887 -0
    outer loop
      vertex 2.4328 -0.756505 10.8
      vertex 2.39645 -0.723553 20
      vertex 2.4328 -0.756505 20
    endloop
  endfacet
  facet normal 0.671629 0.740887 0
    outer loop
      vertex 2.39645 -0.723553 20
      vertex 2.4328 -0.756505 10.8
      vertex 2.39645 -0.723553 10.8
    endloop
  endfacet
  facet normal 0.903984 0.427567 0
    outer loop
      vertex 2.30904 -0.605698 20
      vertex 2.28806 -0.561341 10.8
      vertex 2.28806 -0.561341 20
    endloop
  endfacet
  facet normal 0.903984 0.427567 0
    outer loop
      vertex 2.28806 -0.561341 10.8
      vertex 2.30904 -0.605698 20
      vertex 2.30904 -0.605698 10.8
    endloop
  endfacet
  facet normal 0.970042 0.242938 0
    outer loop
      vertex 2.27153 -0.515141 20
      vertex 2.25961 -0.467545 10.8
      vertex 2.25961 -0.467545 20
    endloop
  endfacet
  facet normal 0.970042 0.242938 0
    outer loop
      vertex 2.25961 -0.467545 10.8
      vertex 2.27153 -0.515141 20
      vertex 2.27153 -0.515141 10.8
    endloop
  endfacet
  facet normal 0.427543 0.903995 -0
    outer loop
      vertex 2.55866 -0.83194 10.8
      vertex 2.5143 -0.81096 20
      vertex 2.55866 -0.83194 20
    endloop
  endfacet
  facet normal 0.427543 0.903995 0
    outer loop
      vertex 2.5143 -0.81096 20
      vertex 2.55866 -0.83194 10.8
      vertex 2.5143 -0.81096 10.8
    endloop
  endfacet
  facet normal 0.514076 0.857745 -0
    outer loop
      vertex 2.5143 -0.81096 10.8
      vertex 2.47221 -0.785734 20
      vertex 2.5143 -0.81096 20
    endloop
  endfacet
  facet normal 0.514076 0.857745 0
    outer loop
      vertex 2.47221 -0.785734 20
      vertex 2.5143 -0.81096 10.8
      vertex 2.47221 -0.785734 10.8
    endloop
  endfacet
  facet normal 0.243025 0.97002 -0
    outer loop
      vertex 2.65245 -0.860393 10.8
      vertex 2.60486 -0.84847 20
      vertex 2.65245 -0.860393 20
    endloop
  endfacet
  facet normal 0.243025 0.97002 0
    outer loop
      vertex 2.60486 -0.84847 20
      vertex 2.65245 -0.860393 10.8
      vertex 2.60486 -0.84847 10.8
    endloop
  endfacet
  facet normal -0.336879 0.941548 0
    outer loop
      vertex 2.94134 -0.83194 10.8
      vertex 2.89514 -0.84847 20
      vertex 2.94134 -0.83194 20
    endloop
  endfacet
  facet normal -0.336879 0.941548 0
    outer loop
      vertex 2.89514 -0.84847 20
      vertex 2.94134 -0.83194 10.8
      vertex 2.89514 -0.84847 10.8
    endloop
  endfacet
  facet normal -0.242977 0.970032 0
    outer loop
      vertex 2.89514 -0.84847 10.8
      vertex 2.84754 -0.860393 20
      vertex 2.89514 -0.84847 20
    endloop
  endfacet
  facet normal -0.242977 0.970032 0
    outer loop
      vertex 2.84754 -0.860393 20
      vertex 2.89514 -0.84847 10.8
      vertex 2.84754 -0.860393 10.8
    endloop
  endfacet
  facet normal -0.799382 -0.0392944 -0.599537
    outer loop
      vertex 3.8447 -0.26218 10
      vertex 3.85 -0.37 10
      vertex 3.25 -0.37 10.8
    endloop
  endfacet
  facet normal -0.791684 -0.11744 -0.599537
    outer loop
      vertex 3.82886 -0.1554 10
      vertex 3.8447 -0.26218 10
      vertex 3.24759 -0.320991 10.8
    endloop
  endfacet
  facet normal -0.0392944 0.799382 -0.599537
    outer loop
      vertex 2.75 -0.87 10.8
      vertex 2.85782 -1.4647 10
      vertex 2.75 -1.47 10
    endloop
  endfacet
  facet normal 0.642828 -0.476792 -0.599534
    outer loop
      vertex 1.89969 0.327832 10
      vertex 2.36349 -0.052803 10.8
      vertex 1.83538 0.241127 10
    endloop
  endfacet
  facet normal 0.342176 -0.723512 -0.599537
    outer loop
      vertex 2.32905 0.646267 10
      vertex 2.5143 0.07096 10.8
      vertex 2.23146 0.600113 10
    endloop
  endfacet
  facet normal 0.799382 0.0393101 -0.599536
    outer loop
      vertex 2.25 -0.37 10.8
      vertex 2.25241 -0.419008 10.8
      vertex 1.65 -0.37 10
    endloop
  endfacet
  facet normal 0.11744 -0.791684 -0.599537
    outer loop
      vertex 2.64218 0.724703 10
      vertex 2.70099 0.127592 10.8
      vertex 2.5354 0.708863 10
    endloop
  endfacet
  facet normal -0.642916 -0.476662 -0.599544
    outer loop
      vertex 3.66462 0.241127 10
      vertex 3.16573 -0.0922146 10.8
      vertex 3.13651 -0.052803 10.8
    endloop
  endfacet
  facet normal -0.77637 0.194435 -0.599537
    outer loop
      vertex 3.24039 -0.467545 10.8
      vertex 3.82886 -0.584599 10
      vertex 3.22847 -0.515141 10.8
    endloop
  endfacet
  facet normal 0.642843 -0.47677 -0.599536
    outer loop
      vertex 2.36349 -0.052803 10.8
      vertex 2.33426 -0.0922146 10.8
      vertex 1.83538 0.241127 10
    endloop
  endfacet
  facet normal 0.686504 -0.411424 -0.599535
    outer loop
      vertex 1.83538 0.241127 10
      vertex 2.33426 -0.0922146 10.8
      vertex 1.77989 0.148536 10
    endloop
  endfacet
  facet normal 0.537534 0.592964 -0.599543
    outer loop
      vertex 2.39645 -0.723553 10.8
      vertex 2.4328 -0.756505 10.8
      vertex 1.97218 -1.14782 10
    endloop
  endfacet
  facet normal -0.194472 -0.776361 -0.599537
    outer loop
      vertex 2.9646 0.708863 10
      vertex 3.06931 0.682634 10
      vertex 2.89514 0.10847 10.8
    endloop
  endfacet
  facet normal -0.411507 -0.686453 -0.599537
    outer loop
      vertex 3.26854 0.600113 10
      vertex 3.02778 0.0457344 10.8
      vertex 2.9857 0.07096 10.8
    endloop
  endfacet
  facet normal 0.411434 -0.686495 -0.599539
    outer loop
      vertex 2.5143 0.07096 10.8
      vertex 2.47221 0.0457344 10.8
      vertex 2.23146 0.600113 10
    endloop
  endfacet
  facet normal -0.19445 -0.776365 -0.599538
    outer loop
      vertex 2.9646 0.708863 10
      vertex 2.89514 0.10847 10.8
      vertex 2.84754 0.120392 10.8
    endloop
  endfacet
  facet normal 0.0392722 -0.799383 -0.599537
    outer loop
      vertex 2.75 0.73 10
      vertex 2.70099 0.127592 10.8
      vertex 2.64218 0.724703 10
    endloop
  endfacet
  facet normal -0.686501 -0.411422 -0.59954
    outer loop
      vertex 3.66462 0.241127 10
      vertex 3.72011 0.148536 10
      vertex 3.16573 -0.0922146 10.8
    endloop
  endfacet
  facet normal -0.776362 -0.194474 -0.599535
    outer loop
      vertex 3.80263 -0.0506868 10
      vertex 3.82886 -0.1554 10
      vertex 3.22847 -0.224857 10.8
    endloop
  endfacet
  facet normal -0.753563 -0.269625 -0.599538
    outer loop
      vertex 3.76627 0.050951 10
      vertex 3.22847 -0.224857 10.8
      vertex 3.21194 -0.178658 10.8
    endloop
  endfacet
  facet normal -0.26958 0.753579 -0.599537
    outer loop
      vertex 3.17095 -1.38627 10
      vertex 3.06931 -1.42263 10
      vertex 2.94134 -0.83194 10.8
    endloop
  endfacet
  facet normal -0.753579 0.269583 -0.599536
    outer loop
      vertex 3.80263 -0.689313 10
      vertex 3.76627 -0.790952 10
      vertex 3.22847 -0.515141 10.8
    endloop
  endfacet
  facet normal -0.799382 0.0392952 -0.599537
    outer loop
      vertex 3.85 -0.37 10
      vertex 3.8447 -0.477818 10
      vertex 3.25 -0.37 10.8
    endloop
  endfacet
  facet normal 0.723489 -0.342227 -0.599536
    outer loop
      vertex 1.77989 0.148536 10
      vertex 2.30904 -0.134301 10.8
      vertex 1.73373 0.050951 10
    endloop
  endfacet
  facet normal 0.593035 -0.537465 -0.599534
    outer loop
      vertex 1.97218 0.407817 10
      vertex 2.36349 -0.052803 10.8
      vertex 1.89969 0.327832 10
    endloop
  endfacet
  facet normal 0.799382 -0.0392944 -0.599537
    outer loop
      vertex 1.6553 -0.26218 10
      vertex 2.25241 -0.320991 10.8
      vertex 1.65 -0.37 10
    endloop
  endfacet
  facet normal 0.476809 0.642814 -0.599535
    outer loop
      vertex 2.4328 -0.756505 10.8
      vertex 2.13887 -1.28462 10
      vertex 2.05217 -1.22031 10
    endloop
  endfacet
  facet normal 0.642845 0.476767 -0.599537
    outer loop
      vertex 2.33426 -0.647784 10.8
      vertex 2.36349 -0.687196 10.8
      vertex 1.83538 -0.981127 10
    endloop
  endfacet
  facet normal 0.77637 0.194435 -0.599537
    outer loop
      vertex 2.25961 -0.467545 10.8
      vertex 2.27153 -0.515141 10.8
      vertex 1.67114 -0.584599 10
    endloop
  endfacet
  facet normal -0.11744 -0.791684 -0.599537
    outer loop
      vertex 2.85782 0.724703 10
      vertex 2.9646 0.708863 10
      vertex 2.79901 0.127592 10.8
    endloop
  endfacet
  facet normal -0.269626 -0.753563 -0.599537
    outer loop
      vertex 3.06931 0.682634 10
      vertex 3.17095 0.646267 10
      vertex 2.89514 0.10847 10.8
    endloop
  endfacet
  facet normal -0.476707 -0.642892 -0.599533
    outer loop
      vertex 3.44783 0.480311 10
      vertex 3.0672 0.0165043 10.8
      vertex 3.02778 0.0457344 10.8
    endloop
  endfacet
  facet normal 0.269626 -0.753563 -0.599537
    outer loop
      vertex 2.43069 0.682634 10
      vertex 2.60486 0.10847 10.8
      vertex 2.32905 0.646267 10
    endloop
  endfacet
  facet normal 0.194472 -0.776361 -0.599537
    outer loop
      vertex 2.5354 0.708863 10
      vertex 2.60486 0.10847 10.8
      vertex 2.43069 0.682634 10
    endloop
  endfacet
  facet normal 0.194489 -0.776357 -0.599536
    outer loop
      vertex 2.65245 0.120392 10.8
      vertex 2.60486 0.10847 10.8
      vertex 2.5354 0.708863 10
    endloop
  endfacet
  facet normal 0.342169 -0.723515 -0.599538
    outer loop
      vertex 2.55866 0.091939 10.8
      vertex 2.5143 0.07096 10.8
      vertex 2.32905 0.646267 10
    endloop
  endfacet
  facet normal 0.476785 -0.642832 -0.599536
    outer loop
      vertex 2.13887 0.544616 10
      vertex 2.47221 0.0457344 10.8
      vertex 2.05217 0.480311 10
    endloop
  endfacet
  facet normal 0.411465 -0.686479 -0.599536
    outer loop
      vertex 2.23146 0.600113 10
      vertex 2.47221 0.0457344 10.8
      vertex 2.13887 0.544616 10
    endloop
  endfacet
  facet normal 0.53746 -0.593035 -0.599539
    outer loop
      vertex 2.05217 0.480311 10
      vertex 2.39645 -0.0164461 10.8
      vertex 1.97218 0.407817 10
    endloop
  endfacet
  facet normal 0.59295 -0.53755 -0.599542
    outer loop
      vertex 2.39645 -0.0164461 10.8
      vertex 2.36349 -0.052803 10.8
      vertex 1.97218 0.407817 10
    endloop
  endfacet
  facet normal 0.0392596 -0.799383 -0.599538
    outer loop
      vertex 2.75 0.73 10
      vertex 2.75 0.129999 10.8
      vertex 2.70099 0.127592 10.8
    endloop
  endfacet
  facet normal -0.0392596 -0.799383 -0.599538
    outer loop
      vertex 2.75 0.73 10
      vertex 2.79901 0.127592 10.8
      vertex 2.75 0.129999 10.8
    endloop
  endfacet
  facet normal -0.0392722 -0.799383 -0.599537
    outer loop
      vertex 2.85782 0.724703 10
      vertex 2.79901 0.127592 10.8
      vertex 2.75 0.73 10
    endloop
  endfacet
  facet normal -0.593035 -0.537465 -0.599534
    outer loop
      vertex 3.52782 0.407817 10
      vertex 3.60031 0.327832 10
      vertex 3.13651 -0.052803 10.8
    endloop
  endfacet
  facet normal -0.642828 -0.476792 -0.599534
    outer loop
      vertex 3.60031 0.327832 10
      vertex 3.66462 0.241127 10
      vertex 3.13651 -0.052803 10.8
    endloop
  endfacet
  facet normal -0.753579 -0.269586 -0.599536
    outer loop
      vertex 3.76627 0.050951 10
      vertex 3.80263 -0.0506868 10
      vertex 3.22847 -0.224857 10.8
    endloop
  endfacet
  facet normal -0.7235 -0.342202 -0.599538
    outer loop
      vertex 3.76627 0.050951 10
      vertex 3.21194 -0.178658 10.8
      vertex 3.19096 -0.134301 10.8
    endloop
  endfacet
  facet normal -0.723489 -0.342227 -0.599536
    outer loop
      vertex 3.72011 0.148536 10
      vertex 3.76627 0.050951 10
      vertex 3.19096 -0.134301 10.8
    endloop
  endfacet
  facet normal -0.194479 0.77636 -0.599535
    outer loop
      vertex 3.06931 -1.42263 10
      vertex 2.9646 -1.44886 10
      vertex 2.84754 -0.860393 10.8
    endloop
  endfacet
  facet normal -0.11744 0.791685 -0.599535
    outer loop
      vertex 2.9646 -1.44886 10
      vertex 2.85782 -1.4647 10
      vertex 2.84754 -0.860393 10.8
    endloop
  endfacet
  facet normal -0.26962 0.753567 -0.599535
    outer loop
      vertex 2.94134 -0.83194 10.8
      vertex 3.06931 -1.42263 10
      vertex 2.89514 -0.84847 10.8
    endloop
  endfacet
  facet normal -0.476691 0.642894 -0.599544
    outer loop
      vertex 3.0672 -0.756505 10.8
      vertex 3.36113 -1.28462 10
      vertex 3.02778 -0.785734 10.8
    endloop
  endfacet
  facet normal -0.342213 0.723495 -0.599538
    outer loop
      vertex 3.26854 -1.34011 10
      vertex 3.17095 -1.38627 10
      vertex 2.94134 -0.83194 10.8
    endloop
  endfacet
  facet normal -0.411426 0.686501 -0.599537
    outer loop
      vertex 3.36113 -1.28462 10
      vertex 3.26854 -1.34011 10
      vertex 2.9857 -0.81096 10.8
    endloop
  endfacet
  facet normal -0.537446 0.593051 -0.599535
    outer loop
      vertex 3.52782 -1.14782 10
      vertex 3.44783 -1.22031 10
      vertex 3.0672 -0.756505 10.8
    endloop
  endfacet
  facet normal -0.642918 0.476658 -0.599545
    outer loop
      vertex 3.16573 -0.647784 10.8
      vertex 3.66462 -0.981127 10
      vertex 3.13651 -0.687196 10.8
    endloop
  endfacet
  facet normal -0.776362 0.194472 -0.599535
    outer loop
      vertex 3.82886 -0.584599 10
      vertex 3.80263 -0.689313 10
      vertex 3.22847 -0.515141 10.8
    endloop
  endfacet
  facet normal 0.799382 -0.0393093 -0.599536
    outer loop
      vertex 2.25241 -0.320991 10.8
      vertex 2.25 -0.37 10.8
      vertex 1.65 -0.37 10
    endloop
  endfacet
  facet normal 0.776376 -0.194403 -0.599539
    outer loop
      vertex 1.69736 -0.0506868 10
      vertex 2.27153 -0.224857 10.8
      vertex 1.67114 -0.1554 10
    endloop
  endfacet
  facet normal 0.686521 -0.411393 -0.599537
    outer loop
      vertex 2.33426 -0.0922146 10.8
      vertex 2.30904 -0.134301 10.8
      vertex 1.77989 0.148536 10
    endloop
  endfacet
  facet normal 0.753552 -0.26965 -0.59954
    outer loop
      vertex 1.73373 0.050951 10
      vertex 2.27153 -0.224857 10.8
      vertex 1.69736 -0.0506868 10
    endloop
  endfacet
  facet normal 0.7235 -0.342202 -0.599538
    outer loop
      vertex 2.30904 -0.134301 10.8
      vertex 2.28806 -0.178658 10.8
      vertex 1.73373 0.050951 10
    endloop
  endfacet
  facet normal 0.537446 0.593051 -0.599535
    outer loop
      vertex 2.4328 -0.756505 10.8
      vertex 2.05217 -1.22031 10
      vertex 1.97218 -1.14782 10
    endloop
  endfacet
  facet normal 0.342183 0.72351 -0.599536
    outer loop
      vertex 2.5143 -0.81096 10.8
      vertex 2.55866 -0.83194 10.8
      vertex 2.23146 -1.34011 10
    endloop
  endfacet
  facet normal 0.642823 0.476799 -0.599534
    outer loop
      vertex 2.36349 -0.687196 10.8
      vertex 1.89969 -1.06783 10
      vertex 1.83538 -0.981127 10
    endloop
  endfacet
  facet normal 0.7235 0.342201 -0.599538
    outer loop
      vertex 2.28806 -0.561341 10.8
      vertex 2.30904 -0.605698 10.8
      vertex 1.73373 -0.790952 10
    endloop
  endfacet
  facet normal 0.593052 0.537446 -0.599534
    outer loop
      vertex 2.36349 -0.687196 10.8
      vertex 1.97218 -1.14782 10
      vertex 1.89969 -1.06783 10
    endloop
  endfacet
  facet normal 0.59295 0.537548 -0.599543
    outer loop
      vertex 2.36349 -0.687196 10.8
      vertex 2.39645 -0.723553 10.8
      vertex 1.97218 -1.14782 10
    endloop
  endfacet
  facet normal 0.776377 0.194402 -0.599539
    outer loop
      vertex 2.27153 -0.515141 10.8
      vertex 1.69736 -0.689313 10
      vertex 1.67114 -0.584599 10
    endloop
  endfacet
  facet normal 0.791684 0.117439 -0.599537
    outer loop
      vertex 2.25241 -0.419008 10.8
      vertex 1.67114 -0.584599 10
      vertex 1.6553 -0.477818 10
    endloop
  endfacet
  facet normal 0.799382 0.0392951 -0.599537
    outer loop
      vertex 2.25241 -0.419008 10.8
      vertex 1.6553 -0.477818 10
      vertex 1.65 -0.37 10
    endloop
  endfacet
  facet normal -0.342176 -0.723512 -0.599537
    outer loop
      vertex 3.17095 0.646267 10
      vertex 3.26854 0.600113 10
      vertex 2.9857 0.07096 10.8
    endloop
  endfacet
  facet normal -0.411463 -0.686477 -0.59954
    outer loop
      vertex 3.26854 0.600113 10
      vertex 3.36113 0.544616 10
      vertex 3.02778 0.0457344 10.8
    endloop
  endfacet
  facet normal -0.476784 -0.642829 -0.59954
    outer loop
      vertex 3.36113 0.544616 10
      vertex 3.44783 0.480311 10
      vertex 3.02778 0.0457344 10.8
    endloop
  endfacet
  facet normal -0.59295 -0.53755 -0.599542
    outer loop
      vertex 3.52782 0.407817 10
      vertex 3.13651 -0.052803 10.8
      vertex 3.10355 -0.0164461 10.8
    endloop
  endfacet
  facet normal -0.53746 -0.593035 -0.599539
    outer loop
      vertex 3.44783 0.480311 10
      vertex 3.52782 0.407817 10
      vertex 3.10355 -0.0164461 10.8
    endloop
  endfacet
  facet normal 0.269634 -0.75356 -0.599537
    outer loop
      vertex 2.60486 0.10847 10.8
      vertex 2.55866 0.091939 10.8
      vertex 2.32905 0.646267 10
    endloop
  endfacet
  facet normal 0.476784 -0.642833 -0.599536
    outer loop
      vertex 2.47221 0.0457344 10.8
      vertex 2.4328 0.0165043 10.8
      vertex 2.05217 0.480311 10
    endloop
  endfacet
  facet normal 0.537524 -0.592982 -0.599533
    outer loop
      vertex 2.4328 0.0165043 10.8
      vertex 2.39645 -0.0164461 10.8
      vertex 2.05217 0.480311 10
    endloop
  endfacet
  facet normal 0.117432 -0.791685 -0.599537
    outer loop
      vertex 2.70099 0.127592 10.8
      vertex 2.65245 0.120392 10.8
      vertex 2.5354 0.708863 10
    endloop
  endfacet
  facet normal -0.117455 -0.791681 -0.599538
    outer loop
      vertex 2.9646 0.708863 10
      vertex 2.84754 0.120392 10.8
      vertex 2.79901 0.127592 10.8
    endloop
  endfacet
  facet normal -0.686451 -0.411514 -0.599534
    outer loop
      vertex 3.72011 0.148536 10
      vertex 3.19096 -0.134301 10.8
      vertex 3.16573 -0.0922146 10.8
    endloop
  endfacet
  facet normal -0.799381 -0.0393093 -0.599538
    outer loop
      vertex 3.8447 -0.26218 10
      vertex 3.25 -0.37 10.8
      vertex 3.24759 -0.320991 10.8
    endloop
  endfacet
  facet normal -0.11744 0.791685 -0.599535
    outer loop
      vertex 2.84754 -0.860393 10.8
      vertex 2.85782 -1.4647 10
      vertex 2.79901 -0.867592 10.8
    endloop
  endfacet
  facet normal -0.59295 0.537548 -0.599543
    outer loop
      vertex 3.13651 -0.687196 10.8
      vertex 3.52782 -1.14782 10
      vertex 3.10355 -0.723553 10.8
    endloop
  endfacet
  facet normal -0.411509 0.686446 -0.599543
    outer loop
      vertex 3.02778 -0.785734 10.8
      vertex 3.36113 -1.28462 10
      vertex 2.9857 -0.81096 10.8
    endloop
  endfacet
  facet normal -0.476809 0.642814 -0.599535
    outer loop
      vertex 3.44783 -1.22031 10
      vertex 3.36113 -1.28462 10
      vertex 3.0672 -0.756505 10.8
    endloop
  endfacet
  facet normal -0.686449 0.411517 -0.599534
    outer loop
      vertex 3.19096 -0.605698 10.8
      vertex 3.72011 -0.888535 10
      vertex 3.16573 -0.647784 10.8
    endloop
  endfacet
  facet normal -0.686503 0.411418 -0.599541
    outer loop
      vertex 3.72011 -0.888535 10
      vertex 3.66462 -0.981127 10
      vertex 3.16573 -0.647784 10.8
    endloop
  endfacet
  facet normal -0.723486 0.342233 -0.599536
    outer loop
      vertex 3.76627 -0.790952 10
      vertex 3.72011 -0.888535 10
      vertex 3.19096 -0.605698 10.8
    endloop
  endfacet
  facet normal -0.791684 0.117439 -0.599537
    outer loop
      vertex 3.8447 -0.477818 10
      vertex 3.82886 -0.584599 10
      vertex 3.24759 -0.419008 10.8
    endloop
  endfacet
  facet normal -0.799381 0.0393101 -0.599538
    outer loop
      vertex 3.25 -0.37 10.8
      vertex 3.8447 -0.477818 10
      vertex 3.24759 -0.419008 10.8
    endloop
  endfacet
  facet normal 0.791684 -0.11744 -0.599537
    outer loop
      vertex 1.67114 -0.1554 10
      vertex 2.25241 -0.320991 10.8
      vertex 1.6553 -0.26218 10
    endloop
  endfacet
  facet normal 0.776371 -0.194431 -0.599537
    outer loop
      vertex 2.27153 -0.224857 10.8
      vertex 2.25961 -0.272454 10.8
      vertex 1.67114 -0.1554 10
    endloop
  endfacet
  facet normal 0.791684 -0.117439 -0.599536
    outer loop
      vertex 2.25961 -0.272454 10.8
      vertex 2.25241 -0.320991 10.8
      vertex 1.67114 -0.1554 10
    endloop
  endfacet
  facet normal 0.753563 -0.269625 -0.599538
    outer loop
      vertex 2.28806 -0.178658 10.8
      vertex 2.27153 -0.224857 10.8
      vertex 1.73373 0.050951 10
    endloop
  endfacet
  facet normal 0.117441 0.791686 -0.599534
    outer loop
      vertex 2.65245 -0.860393 10.8
      vertex 2.64218 -1.4647 10
      vertex 2.5354 -1.44886 10
    endloop
  endfacet
  facet normal 0.19448 0.776361 -0.599534
    outer loop
      vertex 2.65245 -0.860393 10.8
      vertex 2.5354 -1.44886 10
      vertex 2.43069 -1.42263 10
    endloop
  endfacet
  facet normal 0.411439 0.686493 -0.599538
    outer loop
      vertex 2.47221 -0.785734 10.8
      vertex 2.5143 -0.81096 10.8
      vertex 2.13887 -1.28462 10
    endloop
  endfacet
  facet normal 0.342213 0.723495 -0.599538
    outer loop
      vertex 2.55866 -0.83194 10.8
      vertex 2.32905 -1.38627 10
      vertex 2.23146 -1.34011 10
    endloop
  endfacet
  facet normal 0.411426 0.686501 -0.599537
    outer loop
      vertex 2.5143 -0.81096 10.8
      vertex 2.23146 -1.34011 10
      vertex 2.13887 -1.28462 10
    endloop
  endfacet
  facet normal 0.723486 0.342233 -0.599536
    outer loop
      vertex 2.30904 -0.605698 10.8
      vertex 1.77989 -0.888535 10
      vertex 1.73373 -0.790952 10
    endloop
  endfacet
  facet normal 0.753553 0.269648 -0.59954
    outer loop
      vertex 2.27153 -0.515141 10.8
      vertex 1.73373 -0.790952 10
      vertex 1.69736 -0.689313 10
    endloop
  endfacet
  facet normal 0.753564 0.269619 -0.599539
    outer loop
      vertex 2.27153 -0.515141 10.8
      vertex 2.28806 -0.561341 10.8
      vertex 1.73373 -0.790952 10
    endloop
  endfacet
  facet normal -0.342169 -0.723515 -0.599538
    outer loop
      vertex 3.17095 0.646267 10
      vertex 2.9857 0.07096 10.8
      vertex 2.94134 0.091939 10.8
    endloop
  endfacet
  facet normal -0.269634 -0.75356 -0.599537
    outer loop
      vertex 3.17095 0.646267 10
      vertex 2.94134 0.091939 10.8
      vertex 2.89514 0.10847 10.8
    endloop
  endfacet
  facet normal -0.537524 -0.592982 -0.599533
    outer loop
      vertex 3.44783 0.480311 10
      vertex 3.10355 -0.0164461 10.8
      vertex 3.0672 0.0165043 10.8
    endloop
  endfacet
  facet normal -0.791684 -0.117439 -0.599536
    outer loop
      vertex 3.82886 -0.1554 10
      vertex 3.24759 -0.320991 10.8
      vertex 3.24039 -0.272454 10.8
    endloop
  endfacet
  facet normal -0.776371 -0.194431 -0.599537
    outer loop
      vertex 3.82886 -0.1554 10
      vertex 3.24039 -0.272454 10.8
      vertex 3.22847 -0.224857 10.8
    endloop
  endfacet
  facet normal 0.117416 0.791688 -0.599536
    outer loop
      vertex 2.65245 -0.860393 10.8
      vertex 2.70099 -0.867592 10.8
      vertex 2.64218 -1.4647 10
    endloop
  endfacet
  facet normal 0.0392944 0.799382 -0.599537
    outer loop
      vertex 2.75 -0.87 10.8
      vertex 2.75 -1.47 10
      vertex 2.64218 -1.4647 10
    endloop
  endfacet
  facet normal -0.194466 0.776364 -0.599534
    outer loop
      vertex 2.89514 -0.84847 10.8
      vertex 3.06931 -1.42263 10
      vertex 2.84754 -0.860393 10.8
    endloop
  endfacet
  facet normal -0.642823 0.476799 -0.599534
    outer loop
      vertex 3.66462 -0.981127 10
      vertex 3.60031 -1.06783 10
      vertex 3.13651 -0.687196 10.8
    endloop
  endfacet
  facet normal -0.593052 0.537446 -0.599534
    outer loop
      vertex 3.60031 -1.06783 10
      vertex 3.52782 -1.14782 10
      vertex 3.13651 -0.687196 10.8
    endloop
  endfacet
  facet normal -0.537534 0.592964 -0.599543
    outer loop
      vertex 3.10355 -0.723553 10.8
      vertex 3.52782 -1.14782 10
      vertex 3.0672 -0.756505 10.8
    endloop
  endfacet
  facet normal -0.342183 0.72351 -0.599536
    outer loop
      vertex 2.9857 -0.81096 10.8
      vertex 3.26854 -1.34011 10
      vertex 2.94134 -0.83194 10.8
    endloop
  endfacet
  facet normal -0.7235 0.342201 -0.599538
    outer loop
      vertex 3.21194 -0.561341 10.8
      vertex 3.76627 -0.790952 10
      vertex 3.19096 -0.605698 10.8
    endloop
  endfacet
  facet normal -0.753564 0.269619 -0.599539
    outer loop
      vertex 3.22847 -0.515141 10.8
      vertex 3.76627 -0.790952 10
      vertex 3.21194 -0.561341 10.8
    endloop
  endfacet
  facet normal -0.791684 0.117439 -0.599536
    outer loop
      vertex 3.24759 -0.419008 10.8
      vertex 3.82886 -0.584599 10
      vertex 3.24039 -0.467545 10.8
    endloop
  endfacet
  facet normal 0.26958 0.753579 -0.599537
    outer loop
      vertex 2.55866 -0.83194 10.8
      vertex 2.43069 -1.42263 10
      vertex 2.32905 -1.38627 10
    endloop
  endfacet
  facet normal 0.476771 0.64284 -0.599538
    outer loop
      vertex 2.4328 -0.756505 10.8
      vertex 2.47221 -0.785734 10.8
      vertex 2.13887 -1.28462 10
    endloop
  endfacet
  facet normal 0.686519 0.411396 -0.599537
    outer loop
      vertex 2.30904 -0.605698 10.8
      vertex 2.33426 -0.647784 10.8
      vertex 1.77989 -0.888535 10
    endloop
  endfacet
  facet normal 0.686506 0.41142 -0.599535
    outer loop
      vertex 2.33426 -0.647784 10.8
      vertex 1.83538 -0.981127 10
      vertex 1.77989 -0.888535 10
    endloop
  endfacet
  facet normal 0.791684 0.117439 -0.599536
    outer loop
      vertex 2.25241 -0.419008 10.8
      vertex 2.25961 -0.467545 10.8
      vertex 1.67114 -0.584599 10
    endloop
  endfacet
  facet normal -0.039276 0.799384 -0.599535
    outer loop
      vertex 2.79901 -0.867592 10.8
      vertex 2.85782 -1.4647 10
      vertex 2.75 -0.87 10.8
    endloop
  endfacet
  facet normal 0.039276 0.799384 -0.599535
    outer loop
      vertex 2.70099 -0.867592 10.8
      vertex 2.75 -0.87 10.8
      vertex 2.64218 -1.4647 10
    endloop
  endfacet
  facet normal 0.26962 0.753567 -0.599535
    outer loop
      vertex 2.55866 -0.83194 10.8
      vertex 2.60486 -0.84847 10.8
      vertex 2.43069 -1.42263 10
    endloop
  endfacet
  facet normal 0.194504 0.776354 -0.599535
    outer loop
      vertex 2.60486 -0.84847 10.8
      vertex 2.65245 -0.860393 10.8
      vertex 2.43069 -1.42263 10
    endloop
  endfacet
  facet normal -0.998794 -0.0490967 0
    outer loop
      vertex -1.65 -0.37 0
      vertex -1.6553 -0.26218 10
      vertex -1.6553 -0.26218 0
    endloop
  endfacet
  facet normal -0.998794 -0.0490967 0
    outer loop
      vertex -1.6553 -0.26218 10
      vertex -1.65 -0.37 0
      vertex -1.65 -0.37 10
    endloop
  endfacet
  facet normal 0.998794 -0.0490967 0
    outer loop
      vertex -3.85 -0.37 10
      vertex -3.8447 -0.26218 0
      vertex -3.8447 -0.26218 10
    endloop
  endfacet
  facet normal 0.998794 -0.0490967 0
    outer loop
      vertex -3.8447 -0.26218 0
      vertex -3.85 -0.37 10
      vertex -3.85 -0.37 0
    endloop
  endfacet
  facet normal 0.049069 -0.998795 0
    outer loop
      vertex -2.85782 0.724703 0
      vertex -2.75 0.73 10
      vertex -2.85782 0.724703 10
    endloop
  endfacet
  facet normal 0.049069 -0.998795 0
    outer loop
      vertex -2.75 0.73 10
      vertex -2.85782 0.724703 0
      vertex -2.75 0.73 0
    endloop
  endfacet
  facet normal -0.0490967 0.998794 0
    outer loop
      vertex -2.64218 -1.4647 0
      vertex -2.75 -1.47 10
      vertex -2.64218 -1.4647 10
    endloop
  endfacet
  facet normal -0.0490967 0.998794 0
    outer loop
      vertex -2.75 -1.47 10
      vertex -2.64218 -1.4647 0
      vertex -2.75 -1.47 0
    endloop
  endfacet
  facet normal -0.671535 -0.740973 0
    outer loop
      vertex -2.05217 0.480311 0
      vertex -1.97218 0.407817 10
      vertex -2.05217 0.480311 10
    endloop
  endfacet
  facet normal -0.671535 -0.740973 -0
    outer loop
      vertex -1.97218 0.407817 10
      vertex -2.05217 0.480311 0
      vertex -1.97218 0.407817 0
    endloop
  endfacet
  facet normal 0.74097 -0.671538 0
    outer loop
      vertex -3.60031 0.327832 10
      vertex -3.52782 0.407817 0
      vertex -3.52782 0.407817 10
    endloop
  endfacet
  facet normal 0.74097 -0.671538 0
    outer loop
      vertex -3.52782 0.407817 0
      vertex -3.60031 0.327832 10
      vertex -3.60031 0.327832 0
    endloop
  endfacet
  facet normal 0.427535 -0.903999 0
    outer loop
      vertex -3.26854 0.600113 0
      vertex -3.17095 0.646267 10
      vertex -3.26854 0.600113 10
    endloop
  endfacet
  facet normal 0.427535 -0.903999 0
    outer loop
      vertex -3.17095 0.646267 10
      vertex -3.26854 0.600113 0
      vertex -3.17095 0.646267 0
    endloop
  endfacet
  facet normal -0.903969 -0.427598 0
    outer loop
      vertex -1.73373 0.050951 0
      vertex -1.77989 0.148536 10
      vertex -1.77989 0.148536 0
    endloop
  endfacet
  facet normal -0.903969 -0.427598 0
    outer loop
      vertex -1.77989 0.148536 10
      vertex -1.73373 0.050951 0
      vertex -1.73373 0.050951 10
    endloop
  endfacet
  facet normal -0.336887 -0.941545 0
    outer loop
      vertex -2.43069 0.682634 0
      vertex -2.32905 0.646267 10
      vertex -2.43069 0.682634 10
    endloop
  endfacet
  facet normal -0.336887 -0.941545 -0
    outer loop
      vertex -2.32905 0.646267 10
      vertex -2.43069 0.682634 0
      vertex -2.32905 0.646267 0
    endloop
  endfacet
  facet normal -0.514107 -0.857726 0
    outer loop
      vertex -2.23146 0.600113 0
      vertex -2.13887 0.544616 10
      vertex -2.23146 0.600113 10
    endloop
  endfacet
  facet normal -0.514107 -0.857726 -0
    outer loop
      vertex -2.13887 0.544616 10
      vertex -2.23146 0.600113 0
      vertex -2.13887 0.544616 0
    endloop
  endfacet
  facet normal 0.903969 -0.427598 0
    outer loop
      vertex -3.76627 0.050951 10
      vertex -3.72011 0.148536 0
      vertex -3.72011 0.148536 10
    endloop
  endfacet
  facet normal 0.903969 -0.427598 0
    outer loop
      vertex -3.72011 0.148536 0
      vertex -3.76627 0.050951 10
      vertex -3.76627 0.050951 0
    endloop
  endfacet
  facet normal 0.857757 -0.514056 0
    outer loop
      vertex -3.72011 0.148536 10
      vertex -3.66462 0.241127 0
      vertex -3.66462 0.241127 10
    endloop
  endfacet
  facet normal 0.857757 -0.514056 0
    outer loop
      vertex -3.66462 0.241127 0
      vertex -3.72011 0.148536 10
      vertex -3.72011 0.148536 0
    endloop
  endfacet
  facet normal 0.242985 -0.97003 0
    outer loop
      vertex -3.06931 0.682634 0
      vertex -2.9646 0.708863 10
      vertex -3.06931 0.682634 10
    endloop
  endfacet
  facet normal 0.242985 -0.97003 0
    outer loop
      vertex -2.9646 0.708863 10
      vertex -3.06931 0.682634 0
      vertex -2.9646 0.708863 0
    endloop
  endfacet
  facet normal -0.336829 0.941566 0
    outer loop
      vertex -2.32905 -1.38627 0
      vertex -2.43069 -1.42263 10
      vertex -2.32905 -1.38627 10
    endloop
  endfacet
  facet normal -0.336829 0.941566 0
    outer loop
      vertex -2.43069 -1.42263 10
      vertex -2.32905 -1.38627 0
      vertex -2.43069 -1.42263 0
    endloop
  endfacet
  facet normal -0.970052 -0.242899 0
    outer loop
      vertex -1.67114 -0.1554 0
      vertex -1.69736 -0.0506868 10
      vertex -1.69736 -0.0506868 0
    endloop
  endfacet
  facet normal -0.970052 -0.242899 0
    outer loop
      vertex -1.69736 -0.0506868 10
      vertex -1.67114 -0.1554 0
      vertex -1.67114 -0.1554 10
    endloop
  endfacet
  facet normal -0.989176 -0.146737 0
    outer loop
      vertex -1.6553 -0.26218 0
      vertex -1.67114 -0.1554 10
      vertex -1.67114 -0.1554 0
    endloop
  endfacet
  facet normal -0.989176 -0.146737 0
    outer loop
      vertex -1.67114 -0.1554 10
      vertex -1.6553 -0.26218 0
      vertex -1.6553 -0.26218 10
    endloop
  endfacet
  facet normal -0.941534 -0.336918 0
    outer loop
      vertex -1.69736 -0.0506868 0
      vertex -1.73373 0.050951 10
      vertex -1.73373 0.050951 0
    endloop
  endfacet
  facet normal -0.941534 -0.336918 0
    outer loop
      vertex -1.73373 0.050951 10
      vertex -1.69736 -0.0506868 0
      vertex -1.69736 -0.0506868 10
    endloop
  endfacet
  facet normal -0.803185 -0.59573 0
    outer loop
      vertex -1.83538 0.241127 0
      vertex -1.89969 0.327832 10
      vertex -1.89969 0.327832 0
    endloop
  endfacet
  facet normal -0.803185 -0.59573 0
    outer loop
      vertex -1.89969 0.327832 10
      vertex -1.83538 0.241127 0
      vertex -1.83538 0.241127 10
    endloop
  endfacet
  facet normal -0.74097 -0.671538 0
    outer loop
      vertex -1.89969 0.327832 0
      vertex -1.97218 0.407817 10
      vertex -1.97218 0.407817 0
    endloop
  endfacet
  facet normal -0.74097 -0.671538 0
    outer loop
      vertex -1.97218 0.407817 10
      vertex -1.89969 0.327832 0
      vertex -1.89969 0.327832 10
    endloop
  endfacet
  facet normal -0.146737 -0.989176 0
    outer loop
      vertex -2.64218 0.724703 0
      vertex -2.5354 0.708863 10
      vertex -2.64218 0.724703 10
    endloop
  endfacet
  facet normal -0.146737 -0.989176 -0
    outer loop
      vertex -2.5354 0.708863 10
      vertex -2.64218 0.724703 0
      vertex -2.5354 0.708863 0
    endloop
  endfacet
  facet normal -0.049069 -0.998795 0
    outer loop
      vertex -2.75 0.73 0
      vertex -2.64218 0.724703 10
      vertex -2.75 0.73 10
    endloop
  endfacet
  facet normal -0.049069 -0.998795 -0
    outer loop
      vertex -2.64218 0.724703 10
      vertex -2.75 0.73 0
      vertex -2.64218 0.724703 0
    endloop
  endfacet
  facet normal -0.595723 -0.80319 0
    outer loop
      vertex -2.13887 0.544616 0
      vertex -2.05217 0.480311 10
      vertex -2.13887 0.544616 10
    endloop
  endfacet
  facet normal -0.595723 -0.80319 -0
    outer loop
      vertex -2.05217 0.480311 10
      vertex -2.13887 0.544616 0
      vertex -2.05217 0.480311 0
    endloop
  endfacet
  facet normal 0.803185 -0.59573 0
    outer loop
      vertex -3.66462 0.241127 10
      vertex -3.60031 0.327832 0
      vertex -3.60031 0.327832 10
    endloop
  endfacet
  facet normal 0.803185 -0.59573 0
    outer loop
      vertex -3.60031 0.327832 0
      vertex -3.66462 0.241127 10
      vertex -3.66462 0.241127 0
    endloop
  endfacet
  facet normal 0.941563 -0.336836 0
    outer loop
      vertex -3.80263 -0.0506868 10
      vertex -3.76627 0.050951 0
      vertex -3.76627 0.050951 10
    endloop
  endfacet
  facet normal 0.941563 -0.336836 0
    outer loop
      vertex -3.76627 0.050951 0
      vertex -3.80263 -0.0506868 10
      vertex -3.80263 -0.0506868 0
    endloop
  endfacet
  facet normal 0.97003 -0.242986 0
    outer loop
      vertex -3.82886 -0.1554 10
      vertex -3.80263 -0.0506868 0
      vertex -3.80263 -0.0506868 10
    endloop
  endfacet
  facet normal 0.97003 -0.242986 0
    outer loop
      vertex -3.80263 -0.0506868 0
      vertex -3.82886 -0.1554 10
      vertex -3.82886 -0.1554 0
    endloop
  endfacet
  facet normal 0.989176 -0.146737 0
    outer loop
      vertex -3.8447 -0.26218 10
      vertex -3.82886 -0.1554 0
      vertex -3.82886 -0.1554 10
    endloop
  endfacet
  facet normal 0.989176 -0.146737 0
    outer loop
      vertex -3.82886 -0.1554 0
      vertex -3.8447 -0.26218 10
      vertex -3.8447 -0.26218 0
    endloop
  endfacet
  facet normal 0.595723 -0.80319 0
    outer loop
      vertex -3.44783 0.480311 0
      vertex -3.36113 0.544616 10
      vertex -3.44783 0.480311 10
    endloop
  endfacet
  facet normal 0.595723 -0.80319 0
    outer loop
      vertex -3.36113 0.544616 10
      vertex -3.44783 0.480311 0
      vertex -3.36113 0.544616 0
    endloop
  endfacet
  facet normal 0.336887 -0.941545 0
    outer loop
      vertex -3.17095 0.646267 0
      vertex -3.06931 0.682634 10
      vertex -3.17095 0.646267 10
    endloop
  endfacet
  facet normal 0.336887 -0.941545 0
    outer loop
      vertex -3.06931 0.682634 10
      vertex -3.17095 0.646267 0
      vertex -3.06931 0.682634 0
    endloop
  endfacet
  facet normal 0.146737 -0.989176 0
    outer loop
      vertex -2.9646 0.708863 0
      vertex -2.85782 0.724703 10
      vertex -2.9646 0.708863 10
    endloop
  endfacet
  facet normal 0.146737 -0.989176 0
    outer loop
      vertex -2.85782 0.724703 10
      vertex -2.9646 0.708863 0
      vertex -2.85782 0.724703 0
    endloop
  endfacet
  facet normal -0.998794 0.0490976 0
    outer loop
      vertex -1.6553 -0.477818 0
      vertex -1.65 -0.37 10
      vertex -1.65 -0.37 0
    endloop
  endfacet
  facet normal -0.998794 0.0490976 0
    outer loop
      vertex -1.65 -0.37 10
      vertex -1.6553 -0.477818 0
      vertex -1.6553 -0.477818 10
    endloop
  endfacet
  facet normal -0.740991 0.671515 0
    outer loop
      vertex -1.97218 -1.14782 0
      vertex -1.89969 -1.06783 10
      vertex -1.89969 -1.06783 0
    endloop
  endfacet
  facet normal -0.740991 0.671515 0
    outer loop
      vertex -1.89969 -1.06783 10
      vertex -1.97218 -1.14782 0
      vertex -1.97218 -1.14782 10
    endloop
  endfacet
  facet normal 0.336829 0.941566 -0
    outer loop
      vertex -3.06931 -1.42263 0
      vertex -3.17095 -1.38627 10
      vertex -3.06931 -1.42263 10
    endloop
  endfacet
  facet normal 0.336829 0.941566 0
    outer loop
      vertex -3.17095 -1.38627 10
      vertex -3.06931 -1.42263 0
      vertex -3.17095 -1.38627 0
    endloop
  endfacet
  facet normal -0.427581 0.903977 0
    outer loop
      vertex -2.23146 -1.34011 0
      vertex -2.32905 -1.38627 10
      vertex -2.23146 -1.34011 10
    endloop
  endfacet
  facet normal -0.427581 0.903977 0
    outer loop
      vertex -2.32905 -1.38627 10
      vertex -2.23146 -1.34011 0
      vertex -2.32905 -1.38627 0
    endloop
  endfacet
  facet normal -0.857757 -0.514056 0
    outer loop
      vertex -1.77989 0.148536 0
      vertex -1.83538 0.241127 10
      vertex -1.83538 0.241127 0
    endloop
  endfacet
  facet normal -0.857757 -0.514056 0
    outer loop
      vertex -1.83538 0.241127 10
      vertex -1.77989 0.148536 0
      vertex -1.77989 0.148536 10
    endloop
  endfacet
  facet normal -0.242985 -0.97003 0
    outer loop
      vertex -2.5354 0.708863 0
      vertex -2.43069 0.682634 10
      vertex -2.5354 0.708863 10
    endloop
  endfacet
  facet normal -0.242985 -0.97003 -0
    outer loop
      vertex -2.43069 0.682634 10
      vertex -2.5354 0.708863 0
      vertex -2.43069 0.682634 0
    endloop
  endfacet
  facet normal -0.427535 -0.903999 0
    outer loop
      vertex -2.32905 0.646267 0
      vertex -2.23146 0.600113 10
      vertex -2.32905 0.646267 10
    endloop
  endfacet
  facet normal -0.427535 -0.903999 -0
    outer loop
      vertex -2.23146 0.600113 10
      vertex -2.32905 0.646267 0
      vertex -2.23146 0.600113 0
    endloop
  endfacet
  facet normal 0.671535 -0.740973 0
    outer loop
      vertex -3.52782 0.407817 0
      vertex -3.44783 0.480311 10
      vertex -3.52782 0.407817 10
    endloop
  endfacet
  facet normal 0.671535 -0.740973 0
    outer loop
      vertex -3.44783 0.480311 10
      vertex -3.52782 0.407817 0
      vertex -3.44783 0.480311 0
    endloop
  endfacet
  facet normal 0.514107 -0.857726 0
    outer loop
      vertex -3.36113 0.544616 0
      vertex -3.26854 0.600113 10
      vertex -3.36113 0.544616 10
    endloop
  endfacet
  facet normal 0.514107 -0.857726 0
    outer loop
      vertex -3.26854 0.600113 10
      vertex -3.36113 0.544616 0
      vertex -3.26854 0.600113 0
    endloop
  endfacet
  facet normal -0.970052 0.242897 0
    outer loop
      vertex -1.69736 -0.689313 0
      vertex -1.67114 -0.584599 10
      vertex -1.67114 -0.584599 0
    endloop
  endfacet
  facet normal -0.970052 0.242897 0
    outer loop
      vertex -1.67114 -0.584599 10
      vertex -1.69736 -0.689313 0
      vertex -1.69736 -0.689313 10
    endloop
  endfacet
  facet normal -0.989176 0.146735 0
    outer loop
      vertex -1.67114 -0.584599 0
      vertex -1.6553 -0.477818 10
      vertex -1.6553 -0.477818 0
    endloop
  endfacet
  facet normal -0.989176 0.146735 0
    outer loop
      vertex -1.6553 -0.477818 10
      vertex -1.67114 -0.584599 0
      vertex -1.67114 -0.584599 10
    endloop
  endfacet
  facet normal -0.51406 0.857754 0
    outer loop
      vertex -2.13887 -1.28462 0
      vertex -2.23146 -1.34011 10
      vertex -2.13887 -1.28462 10
    endloop
  endfacet
  facet normal -0.51406 0.857754 0
    outer loop
      vertex -2.23146 -1.34011 10
      vertex -2.13887 -1.28462 0
      vertex -2.23146 -1.34011 0
    endloop
  endfacet
  facet normal -0.903965 0.427606 0
    outer loop
      vertex -1.77989 -0.888535 0
      vertex -1.73373 -0.790952 10
      vertex -1.73373 -0.790952 0
    endloop
  endfacet
  facet normal -0.903965 0.427606 0
    outer loop
      vertex -1.73373 -0.790952 10
      vertex -1.77989 -0.888535 0
      vertex -1.77989 -0.888535 10
    endloop
  endfacet
  facet normal -0.803178 0.595739 0
    outer loop
      vertex -1.89969 -1.06783 0
      vertex -1.83538 -0.981127 10
      vertex -1.83538 -0.981127 0
    endloop
  endfacet
  facet normal -0.803178 0.595739 0
    outer loop
      vertex -1.83538 -0.981127 10
      vertex -1.89969 -1.06783 0
      vertex -1.89969 -1.06783 10
    endloop
  endfacet
  facet normal 0.740991 0.671515 0
    outer loop
      vertex -3.52782 -1.14782 10
      vertex -3.60031 -1.06783 0
      vertex -3.60031 -1.06783 10
    endloop
  endfacet
  facet normal 0.740991 0.671515 0
    outer loop
      vertex -3.60031 -1.06783 0
      vertex -3.52782 -1.14782 10
      vertex -3.52782 -1.14782 0
    endloop
  endfacet
  facet normal 0.97003 0.242985 0
    outer loop
      vertex -3.80263 -0.689313 10
      vertex -3.82886 -0.584599 0
      vertex -3.82886 -0.584599 10
    endloop
  endfacet
  facet normal 0.97003 0.242985 0
    outer loop
      vertex -3.82886 -0.584599 0
      vertex -3.80263 -0.689313 10
      vertex -3.80263 -0.689313 0
    endloop
  endfacet
  facet normal 0.941565 0.336832 0
    outer loop
      vertex -3.76627 -0.790952 10
      vertex -3.80263 -0.689313 0
      vertex -3.80263 -0.689313 10
    endloop
  endfacet
  facet normal 0.941565 0.336832 0
    outer loop
      vertex -3.80263 -0.689313 0
      vertex -3.76627 -0.790952 10
      vertex -3.76627 -0.790952 0
    endloop
  endfacet
  facet normal -0.941535 0.336914 0
    outer loop
      vertex -1.73373 -0.790952 0
      vertex -1.69736 -0.689313 10
      vertex -1.69736 -0.689313 0
    endloop
  endfacet
  facet normal -0.941535 0.336914 0
    outer loop
      vertex -1.69736 -0.689313 10
      vertex -1.73373 -0.790952 0
      vertex -1.73373 -0.790952 10
    endloop
  endfacet
  facet normal -0.857759 0.514052 0
    outer loop
      vertex -1.83538 -0.981127 0
      vertex -1.77989 -0.888535 10
      vertex -1.77989 -0.888535 0
    endloop
  endfacet
  facet normal -0.857759 0.514052 0
    outer loop
      vertex -1.77989 -0.888535 10
      vertex -1.83538 -0.981127 0
      vertex -1.83538 -0.981127 10
    endloop
  endfacet
  facet normal 0.0490967 0.998794 -0
    outer loop
      vertex -2.75 -1.47 0
      vertex -2.85782 -1.4647 10
      vertex -2.75 -1.47 10
    endloop
  endfacet
  facet normal 0.0490967 0.998794 0
    outer loop
      vertex -2.85782 -1.4647 10
      vertex -2.75 -1.47 0
      vertex -2.85782 -1.4647 0
    endloop
  endfacet
  facet normal 0.671515 0.740991 -0
    outer loop
      vertex -3.44783 -1.22031 0
      vertex -3.52782 -1.14782 10
      vertex -3.44783 -1.22031 10
    endloop
  endfacet
  facet normal 0.671515 0.740991 0
    outer loop
      vertex -3.52782 -1.14782 10
      vertex -3.44783 -1.22031 0
      vertex -3.52782 -1.14782 0
    endloop
  endfacet
  facet normal 0.803178 0.595739 0
    outer loop
      vertex -3.60031 -1.06783 10
      vertex -3.66462 -0.981127 0
      vertex -3.66462 -0.981127 10
    endloop
  endfacet
  facet normal 0.803178 0.595739 0
    outer loop
      vertex -3.66462 -0.981127 0
      vertex -3.60031 -1.06783 10
      vertex -3.60031 -1.06783 0
    endloop
  endfacet
  facet normal 0.989176 0.146735 0
    outer loop
      vertex -3.82886 -0.584599 10
      vertex -3.8447 -0.477818 0
      vertex -3.8447 -0.477818 10
    endloop
  endfacet
  facet normal 0.989176 0.146735 0
    outer loop
      vertex -3.8447 -0.477818 0
      vertex -3.82886 -0.584599 10
      vertex -3.82886 -0.584599 0
    endloop
  endfacet
  facet normal 0.998794 0.0490976 0
    outer loop
      vertex -3.8447 -0.477818 10
      vertex -3.85 -0.37 0
      vertex -3.85 -0.37 10
    endloop
  endfacet
  facet normal 0.998794 0.0490976 0
    outer loop
      vertex -3.85 -0.37 0
      vertex -3.8447 -0.477818 10
      vertex -3.8447 -0.477818 0
    endloop
  endfacet
  facet normal -0.242993 0.970028 0
    outer loop
      vertex -2.43069 -1.42263 0
      vertex -2.5354 -1.44886 10
      vertex -2.43069 -1.42263 10
    endloop
  endfacet
  facet normal -0.242993 0.970028 0
    outer loop
      vertex -2.5354 -1.44886 10
      vertex -2.43069 -1.42263 0
      vertex -2.5354 -1.44886 0
    endloop
  endfacet
  facet normal -0.146737 0.989176 0
    outer loop
      vertex -2.5354 -1.44886 0
      vertex -2.64218 -1.4647 10
      vertex -2.5354 -1.44886 10
    endloop
  endfacet
  facet normal -0.146737 0.989176 0
    outer loop
      vertex -2.64218 -1.4647 10
      vertex -2.5354 -1.44886 0
      vertex -2.64218 -1.4647 0
    endloop
  endfacet
  facet normal -0.671515 0.740991 0
    outer loop
      vertex -1.97218 -1.14782 0
      vertex -2.05217 -1.22031 10
      vertex -1.97218 -1.14782 10
    endloop
  endfacet
  facet normal -0.671515 0.740991 0
    outer loop
      vertex -2.05217 -1.22031 10
      vertex -1.97218 -1.14782 0
      vertex -2.05217 -1.22031 0
    endloop
  endfacet
  facet normal -0.595752 0.803168 0
    outer loop
      vertex -2.05217 -1.22031 0
      vertex -2.13887 -1.28462 10
      vertex -2.05217 -1.22031 10
    endloop
  endfacet
  facet normal -0.595752 0.803168 0
    outer loop
      vertex -2.13887 -1.28462 10
      vertex -2.05217 -1.22031 0
      vertex -2.13887 -1.28462 0
    endloop
  endfacet
  facet normal 0.242993 0.970028 -0
    outer loop
      vertex -2.9646 -1.44886 0
      vertex -3.06931 -1.42263 10
      vertex -2.9646 -1.44886 10
    endloop
  endfacet
  facet normal 0.242993 0.970028 0
    outer loop
      vertex -3.06931 -1.42263 10
      vertex -2.9646 -1.44886 0
      vertex -3.06931 -1.42263 0
    endloop
  endfacet
  facet normal 0.595752 0.803168 -0
    outer loop
      vertex -3.36113 -1.28462 0
      vertex -3.44783 -1.22031 10
      vertex -3.36113 -1.28462 10
    endloop
  endfacet
  facet normal 0.595752 0.803168 0
    outer loop
      vertex -3.44783 -1.22031 10
      vertex -3.36113 -1.28462 0
      vertex -3.44783 -1.22031 0
    endloop
  endfacet
  facet normal 0.903965 0.427606 0
    outer loop
      vertex -3.72011 -0.888535 10
      vertex -3.76627 -0.790952 0
      vertex -3.76627 -0.790952 10
    endloop
  endfacet
  facet normal 0.903965 0.427606 0
    outer loop
      vertex -3.76627 -0.790952 0
      vertex -3.72011 -0.888535 10
      vertex -3.72011 -0.888535 0
    endloop
  endfacet
  facet normal 0.146737 0.989176 -0
    outer loop
      vertex -2.85782 -1.4647 0
      vertex -2.9646 -1.44886 10
      vertex -2.85782 -1.4647 10
    endloop
  endfacet
  facet normal 0.146737 0.989176 0
    outer loop
      vertex -2.9646 -1.44886 10
      vertex -2.85782 -1.4647 0
      vertex -2.9646 -1.44886 0
    endloop
  endfacet
  facet normal 0.427581 0.903977 -0
    outer loop
      vertex -3.17095 -1.38627 0
      vertex -3.26854 -1.34011 10
      vertex -3.17095 -1.38627 10
    endloop
  endfacet
  facet normal 0.427581 0.903977 0
    outer loop
      vertex -3.26854 -1.34011 10
      vertex -3.17095 -1.38627 0
      vertex -3.26854 -1.34011 0
    endloop
  endfacet
  facet normal 0.51406 0.857754 -0
    outer loop
      vertex -3.26854 -1.34011 0
      vertex -3.36113 -1.28462 10
      vertex -3.26854 -1.34011 10
    endloop
  endfacet
  facet normal 0.51406 0.857754 0
    outer loop
      vertex -3.36113 -1.28462 10
      vertex -3.26854 -1.34011 0
      vertex -3.36113 -1.28462 0
    endloop
  endfacet
  facet normal 0.857759 0.514052 0
    outer loop
      vertex -3.66462 -0.981127 10
      vertex -3.72011 -0.888535 0
      vertex -3.72011 -0.888535 10
    endloop
  endfacet
  facet normal 0.857759 0.514052 0
    outer loop
      vertex -3.72011 -0.888535 0
      vertex -3.66462 -0.981127 10
      vertex -3.66462 -0.981127 0
    endloop
  endfacet
  facet normal -0.998793 -0.0491153 0
    outer loop
      vertex -2.25 -0.37 10.8
      vertex -2.25241 -0.320991 20
      vertex -2.25241 -0.320991 10.8
    endloop
  endfacet
  facet normal -0.998793 -0.0491153 0
    outer loop
      vertex -2.25241 -0.320991 20
      vertex -2.25 -0.37 10.8
      vertex -2.25 -0.37 20
    endloop
  endfacet
  facet normal 0.998793 -0.0491153 0
    outer loop
      vertex -3.25 -0.37 20
      vertex -3.24759 -0.320991 10.8
      vertex -3.24759 -0.320991 20
    endloop
  endfacet
  facet normal 0.998793 -0.0491153 0
    outer loop
      vertex -3.24759 -0.320991 10.8
      vertex -3.25 -0.37 20
      vertex -3.25 -0.37 10.8
    endloop
  endfacet
  facet normal 0.0490533 -0.998796 0
    outer loop
      vertex -2.79901 0.127592 10.8
      vertex -2.75 0.129999 20
      vertex -2.79901 0.127592 20
    endloop
  endfacet
  facet normal 0.0490533 -0.998796 0
    outer loop
      vertex -2.75 0.129999 20
      vertex -2.79901 0.127592 10.8
      vertex -2.75 0.129999 10.8
    endloop
  endfacet
  facet normal 0.0490736 0.998795 -0
    outer loop
      vertex -2.75 -0.87 10.8
      vertex -2.79901 -0.867592 20
      vertex -2.75 -0.87 20
    endloop
  endfacet
  facet normal 0.0490736 0.998795 0
    outer loop
      vertex -2.79901 -0.867592 20
      vertex -2.75 -0.87 10.8
      vertex -2.79901 -0.867592 10.8
    endloop
  endfacet
  facet normal -0.671611 -0.740904 0
    outer loop
      vertex -2.4328 0.0165043 10.8
      vertex -2.39645 -0.0164461 20
      vertex -2.4328 0.0165043 20
    endloop
  endfacet
  facet normal -0.671611 -0.740904 -0
    outer loop
      vertex -2.39645 -0.0164461 20
      vertex -2.4328 0.0165043 10.8
      vertex -2.39645 -0.0164461 10.8
    endloop
  endfacet
  facet normal 0.74087 -0.671649 0
    outer loop
      vertex -3.13651 -0.052803 20
      vertex -3.10355 -0.0164461 10.8
      vertex -3.10355 -0.0164461 20
    endloop
  endfacet
  facet normal 0.74087 -0.671649 0
    outer loop
      vertex -3.10355 -0.0164461 10.8
      vertex -3.13651 -0.052803 20
      vertex -3.13651 -0.052803 10.8
    endloop
  endfacet
  facet normal 0.427526 -0.904003 0
    outer loop
      vertex -2.9857 0.07096 10.8
      vertex -2.94134 0.091939 20
      vertex -2.9857 0.07096 20
    endloop
  endfacet
  facet normal 0.427526 -0.904003 0
    outer loop
      vertex -2.94134 0.091939 20
      vertex -2.9857 0.07096 10.8
      vertex -2.94134 0.091939 10.8
    endloop
  endfacet
  facet normal -0.903984 -0.427567 0
    outer loop
      vertex -2.28806 -0.178658 10.8
      vertex -2.30904 -0.134301 20
      vertex -2.30904 -0.134301 10.8
    endloop
  endfacet
  facet normal -0.903984 -0.427567 0
    outer loop
      vertex -2.30904 -0.134301 20
      vertex -2.28806 -0.178658 10.8
      vertex -2.28806 -0.178658 20
    endloop
  endfacet
  facet normal -0.336897 -0.941542 0
    outer loop
      vertex -2.60486 0.10847 10.8
      vertex -2.55866 0.091939 20
      vertex -2.60486 0.10847 20
    endloop
  endfacet
  facet normal -0.336897 -0.941542 -0
    outer loop
      vertex -2.55866 0.091939 20
      vertex -2.60486 0.10847 10.8
      vertex -2.55866 0.091939 10.8
    endloop
  endfacet
  facet normal -0.51407 -0.857748 0
    outer loop
      vertex -2.5143 0.07096 10.8
      vertex -2.47221 0.0457344 20
      vertex -2.5143 0.07096 20
    endloop
  endfacet
  facet normal -0.51407 -0.857748 -0
    outer loop
      vertex -2.47221 0.0457344 20
      vertex -2.5143 0.07096 10.8
      vertex -2.47221 0.0457344 10.8
    endloop
  endfacet
  facet normal 0.941546 -0.336885 0
    outer loop
      vertex -3.22847 -0.224857 20
      vertex -3.21194 -0.178658 10.8
      vertex -3.21194 -0.178658 20
    endloop
  endfacet
  facet normal 0.941546 -0.336885 0
    outer loop
      vertex -3.21194 -0.178658 10.8
      vertex -3.22847 -0.224857 20
      vertex -3.22847 -0.224857 10.8
    endloop
  endfacet
  facet normal 0.242958 -0.970037 0
    outer loop
      vertex -2.89514 0.10847 10.8
      vertex -2.84754 0.120392 20
      vertex -2.89514 0.10847 20
    endloop
  endfacet
  facet normal 0.242958 -0.970037 0
    outer loop
      vertex -2.84754 0.120392 20
      vertex -2.89514 0.10847 10.8
      vertex -2.84754 0.120392 10.8
    endloop
  endfacet
  facet normal -0.941548 0.336879 0
    outer loop
      vertex -2.28806 -0.561341 10.8
      vertex -2.27153 -0.515141 20
      vertex -2.27153 -0.515141 10.8
    endloop
  endfacet
  facet normal -0.941548 0.336879 0
    outer loop
      vertex -2.27153 -0.515141 20
      vertex -2.28806 -0.561341 10.8
      vertex -2.28806 -0.561341 20
    endloop
  endfacet
  facet normal -0.970043 -0.242934 0
    outer loop
      vertex -2.25961 -0.272454 10.8
      vertex -2.27153 -0.224857 20
      vertex -2.27153 -0.224857 10.8
    endloop
  endfacet
  facet normal -0.970043 -0.242934 0
    outer loop
      vertex -2.27153 -0.224857 20
      vertex -2.25961 -0.272454 10.8
      vertex -2.25961 -0.272454 20
    endloop
  endfacet
  facet normal -0.989176 -0.146735 0
    outer loop
      vertex -2.25241 -0.320991 10.8
      vertex -2.25961 -0.272454 20
      vertex -2.25961 -0.272454 10.8
    endloop
  endfacet
  facet normal -0.989176 -0.146735 0
    outer loop
      vertex -2.25961 -0.272454 20
      vertex -2.25241 -0.320991 10.8
      vertex -2.25241 -0.320991 20
    endloop
  endfacet
  facet normal -0.941546 -0.336885 0
    outer loop
      vertex -2.27153 -0.224857 10.8
      vertex -2.28806 -0.178658 20
      vertex -2.28806 -0.178658 10.8
    endloop
  endfacet
  facet normal -0.941546 -0.336885 0
    outer loop
      vertex -2.28806 -0.178658 20
      vertex -2.27153 -0.224857 10.8
      vertex -2.27153 -0.224857 20
    endloop
  endfacet
  facet normal -0.803204 -0.595704 0
    outer loop
      vertex -2.33426 -0.0922146 10.8
      vertex -2.36349 -0.052803 20
      vertex -2.36349 -0.052803 10.8
    endloop
  endfacet
  facet normal -0.803204 -0.595704 0
    outer loop
      vertex -2.36349 -0.052803 20
      vertex -2.33426 -0.0922146 10.8
      vertex -2.33426 -0.0922146 20
    endloop
  endfacet
  facet normal -0.74087 -0.671649 0
    outer loop
      vertex -2.36349 -0.052803 10.8
      vertex -2.39645 -0.0164461 20
      vertex -2.39645 -0.0164461 10.8
    endloop
  endfacet
  facet normal -0.74087 -0.671649 0
    outer loop
      vertex -2.39645 -0.0164461 20
      vertex -2.36349 -0.052803 10.8
      vertex -2.36349 -0.052803 20
    endloop
  endfacet
  facet normal -0.857779 -0.514019 0
    outer loop
      vertex -2.30904 -0.134301 10.8
      vertex -2.33426 -0.0922146 20
      vertex -2.33426 -0.0922146 10.8
    endloop
  endfacet
  facet normal -0.857779 -0.514019 0
    outer loop
      vertex -2.33426 -0.0922146 20
      vertex -2.30904 -0.134301 10.8
      vertex -2.30904 -0.134301 20
    endloop
  endfacet
  facet normal -0.146726 -0.989177 0
    outer loop
      vertex -2.70099 0.127592 10.8
      vertex -2.65245 0.120392 20
      vertex -2.70099 0.127592 20
    endloop
  endfacet
  facet normal -0.146726 -0.989177 -0
    outer loop
      vertex -2.65245 0.120392 20
      vertex -2.70099 0.127592 10.8
      vertex -2.65245 0.120392 10.8
    endloop
  endfacet
  facet normal -0.243006 -0.970025 0
    outer loop
      vertex -2.65245 0.120392 10.8
      vertex -2.60486 0.10847 20
      vertex -2.65245 0.120392 20
    endloop
  endfacet
  facet normal -0.243006 -0.970025 -0
    outer loop
      vertex -2.60486 0.10847 20
      vertex -2.65245 0.120392 10.8
      vertex -2.60486 0.10847 10.8
    endloop
  endfacet
  facet normal -0.0490533 -0.998796 0
    outer loop
      vertex -2.75 0.129999 10.8
      vertex -2.70099 0.127592 20
      vertex -2.75 0.129999 20
    endloop
  endfacet
  facet normal -0.0490533 -0.998796 -0
    outer loop
      vertex -2.70099 0.127592 20
      vertex -2.75 0.129999 10.8
      vertex -2.70099 0.127592 10.8
    endloop
  endfacet
  facet normal -0.427526 -0.904003 0
    outer loop
      vertex -2.55866 0.091939 10.8
      vertex -2.5143 0.07096 20
      vertex -2.55866 0.091939 20
    endloop
  endfacet
  facet normal -0.427526 -0.904003 -0
    outer loop
      vertex -2.5143 0.07096 20
      vertex -2.55866 0.091939 10.8
      vertex -2.5143 0.07096 10.8
    endloop
  endfacet
  facet normal -0.595721 -0.803191 0
    outer loop
      vertex -2.47221 0.0457344 10.8
      vertex -2.4328 0.0165043 20
      vertex -2.47221 0.0457344 20
    endloop
  endfacet
  facet normal -0.595721 -0.803191 -0
    outer loop
      vertex -2.4328 0.0165043 20
      vertex -2.47221 0.0457344 10.8
      vertex -2.4328 0.0165043 10.8
    endloop
  endfacet
  facet normal 0.857689 -0.514168 0
    outer loop
      vertex -3.19096 -0.134301 20
      vertex -3.16573 -0.0922146 10.8
      vertex -3.16573 -0.0922146 20
    endloop
  endfacet
  facet normal 0.857689 -0.514168 0
    outer loop
      vertex -3.16573 -0.0922146 10.8
      vertex -3.19096 -0.134301 20
      vertex -3.19096 -0.134301 10.8
    endloop
  endfacet
  facet normal 0.803301 -0.595573 0
    outer loop
      vertex -3.16573 -0.0922146 20
      vertex -3.13651 -0.052803 10.8
      vertex -3.13651 -0.052803 20
    endloop
  endfacet
  facet normal 0.803301 -0.595573 0
    outer loop
      vertex -3.13651 -0.052803 10.8
      vertex -3.16573 -0.0922146 20
      vertex -3.16573 -0.0922146 10.8
    endloop
  endfacet
  facet normal 0.903984 -0.427567 0
    outer loop
      vertex -3.21194 -0.178658 20
      vertex -3.19096 -0.134301 10.8
      vertex -3.19096 -0.134301 20
    endloop
  endfacet
  facet normal 0.903984 -0.427567 0
    outer loop
      vertex -3.19096 -0.134301 10.8
      vertex -3.21194 -0.178658 20
      vertex -3.21194 -0.178658 10.8
    endloop
  endfacet
  facet normal 0.970043 -0.242934 0
    outer loop
      vertex -3.24039 -0.272454 20
      vertex -3.22847 -0.224857 10.8
      vertex -3.22847 -0.224857 20
    endloop
  endfacet
  facet normal 0.970043 -0.242934 0
    outer loop
      vertex -3.22847 -0.224857 10.8
      vertex -3.24039 -0.272454 20
      vertex -3.24039 -0.272454 10.8
    endloop
  endfacet
  facet normal 0.989176 -0.146735 0
    outer loop
      vertex -3.24759 -0.320991 20
      vertex -3.24039 -0.272454 10.8
      vertex -3.24039 -0.272454 20
    endloop
  endfacet
  facet normal 0.989176 -0.146735 0
    outer loop
      vertex -3.24039 -0.272454 10.8
      vertex -3.24759 -0.320991 20
      vertex -3.24759 -0.320991 10.8
    endloop
  endfacet
  facet normal 0.595624 -0.803264 0
    outer loop
      vertex -3.0672 0.0165043 10.8
      vertex -3.02778 0.0457344 20
      vertex -3.0672 0.0165043 20
    endloop
  endfacet
  facet normal 0.595624 -0.803264 0
    outer loop
      vertex -3.02778 0.0457344 20
      vertex -3.0672 0.0165043 10.8
      vertex -3.02778 0.0457344 10.8
    endloop
  endfacet
  facet normal 0.51416 -0.857694 0
    outer loop
      vertex -3.02778 0.0457344 10.8
      vertex -2.9857 0.07096 20
      vertex -3.02778 0.0457344 20
    endloop
  endfacet
  facet normal 0.51416 -0.857694 0
    outer loop
      vertex -2.9857 0.07096 20
      vertex -3.02778 0.0457344 10.8
      vertex -2.9857 0.07096 10.8
    endloop
  endfacet
  facet normal 0.671611 -0.740904 0
    outer loop
      vertex -3.10355 -0.0164461 10.8
      vertex -3.0672 0.0165043 20
      vertex -3.10355 -0.0164461 20
    endloop
  endfacet
  facet normal 0.671611 -0.740904 0
    outer loop
      vertex -3.0672 0.0165043 20
      vertex -3.10355 -0.0164461 10.8
      vertex -3.0672 0.0165043 10.8
    endloop
  endfacet
  facet normal 0.336897 -0.941542 0
    outer loop
      vertex -2.94134 0.091939 10.8
      vertex -2.89514 0.10847 20
      vertex -2.94134 0.091939 20
    endloop
  endfacet
  facet normal 0.336897 -0.941542 0
    outer loop
      vertex -2.89514 0.10847 20
      vertex -2.94134 0.091939 10.8
      vertex -2.89514 0.10847 10.8
    endloop
  endfacet
  facet normal 0.146755 -0.989173 0
    outer loop
      vertex -2.84754 0.120392 10.8
      vertex -2.79901 0.127592 20
      vertex -2.84754 0.120392 20
    endloop
  endfacet
  facet normal 0.146755 -0.989173 0
    outer loop
      vertex -2.79901 0.127592 20
      vertex -2.84754 0.120392 10.8
      vertex -2.79901 0.127592 10.8
    endloop
  endfacet
  facet normal -0.0490736 0.998795 0
    outer loop
      vertex -2.70099 -0.867592 10.8
      vertex -2.75 -0.87 20
      vertex -2.70099 -0.867592 20
    endloop
  endfacet
  facet normal -0.0490736 0.998795 0
    outer loop
      vertex -2.75 -0.87 20
      vertex -2.70099 -0.867592 10.8
      vertex -2.75 -0.87 10.8
    endloop
  endfacet
  facet normal -0.243025 0.97002 0
    outer loop
      vertex -2.60486 -0.84847 10.8
      vertex -2.65245 -0.860393 20
      vertex -2.60486 -0.84847 20
    endloop
  endfacet
  facet normal -0.243025 0.97002 0
    outer loop
      vertex -2.65245 -0.860393 20
      vertex -2.60486 -0.84847 10.8
      vertex -2.65245 -0.860393 10.8
    endloop
  endfacet
  facet normal -0.671629 0.740887 0
    outer loop
      vertex -2.39645 -0.723553 10.8
      vertex -2.4328 -0.756505 20
      vertex -2.39645 -0.723553 20
    endloop
  endfacet
  facet normal -0.671629 0.740887 0
    outer loop
      vertex -2.4328 -0.756505 20
      vertex -2.39645 -0.723553 10.8
      vertex -2.4328 -0.756505 10.8
    endloop
  endfacet
  facet normal -0.427543 0.903995 0
    outer loop
      vertex -2.5143 -0.81096 10.8
      vertex -2.55866 -0.83194 20
      vertex -2.5143 -0.81096 20
    endloop
  endfacet
  facet normal -0.427543 0.903995 0
    outer loop
      vertex -2.55866 -0.83194 20
      vertex -2.5143 -0.81096 10.8
      vertex -2.55866 -0.83194 10.8
    endloop
  endfacet
  facet normal -0.803207 0.5957 0
    outer loop
      vertex -2.36349 -0.687196 10.8
      vertex -2.33426 -0.647784 20
      vertex -2.33426 -0.647784 10.8
    endloop
  endfacet
  facet normal -0.803207 0.5957 0
    outer loop
      vertex -2.33426 -0.647784 20
      vertex -2.36349 -0.687196 10.8
      vertex -2.36349 -0.687196 20
    endloop
  endfacet
  facet normal -0.903984 0.427567 0
    outer loop
      vertex -2.30904 -0.605698 10.8
      vertex -2.28806 -0.561341 20
      vertex -2.28806 -0.561341 10.8
    endloop
  endfacet
  facet normal -0.903984 0.427567 0
    outer loop
      vertex -2.28806 -0.561341 20
      vertex -2.30904 -0.605698 10.8
      vertex -2.30904 -0.605698 20
    endloop
  endfacet
  facet normal 0.671629 0.740887 -0
    outer loop
      vertex -3.0672 -0.756505 10.8
      vertex -3.10355 -0.723553 20
      vertex -3.0672 -0.756505 20
    endloop
  endfacet
  facet normal 0.671629 0.740887 0
    outer loop
      vertex -3.10355 -0.723553 20
      vertex -3.0672 -0.756505 10.8
      vertex -3.10355 -0.723553 10.8
    endloop
  endfacet
  facet normal 0.514166 0.857691 -0
    outer loop
      vertex -2.9857 -0.81096 10.8
      vertex -3.02778 -0.785734 20
      vertex -2.9857 -0.81096 20
    endloop
  endfacet
  facet normal 0.514166 0.857691 0
    outer loop
      vertex -3.02778 -0.785734 20
      vertex -2.9857 -0.81096 10.8
      vertex -3.02778 -0.785734 10.8
    endloop
  endfacet
  facet normal 0.336879 0.941548 -0
    outer loop
      vertex -2.89514 -0.84847 10.8
      vertex -2.94134 -0.83194 20
      vertex -2.89514 -0.84847 20
    endloop
  endfacet
  facet normal 0.336879 0.941548 0
    outer loop
      vertex -2.94134 -0.83194 20
      vertex -2.89514 -0.84847 10.8
      vertex -2.94134 -0.83194 10.8
    endloop
  endfacet
  facet normal 0.146736 0.989176 -0
    outer loop
      vertex -2.79901 -0.867592 10.8
      vertex -2.84754 -0.860393 20
      vertex -2.79901 -0.867592 20
    endloop
  endfacet
  facet normal 0.146736 0.989176 0
    outer loop
      vertex -2.84754 -0.860393 20
      vertex -2.79901 -0.867592 10.8
      vertex -2.84754 -0.860393 10.8
    endloop
  endfacet
  facet normal 0.803304 0.595569 0
    outer loop
      vertex -3.13651 -0.687196 20
      vertex -3.16573 -0.647784 10.8
      vertex -3.16573 -0.647784 20
    endloop
  endfacet
  facet normal 0.803304 0.595569 0
    outer loop
      vertex -3.16573 -0.647784 10.8
      vertex -3.13651 -0.687196 20
      vertex -3.13651 -0.687196 10.8
    endloop
  endfacet
  facet normal 0.903984 0.427567 0
    outer loop
      vertex -3.19096 -0.605698 20
      vertex -3.21194 -0.561341 10.8
      vertex -3.21194 -0.561341 20
    endloop
  endfacet
  facet normal 0.903984 0.427567 0
    outer loop
      vertex -3.21194 -0.561341 10.8
      vertex -3.19096 -0.605698 20
      vertex -3.19096 -0.605698 10.8
    endloop
  endfacet
  facet normal 0.857687 0.514172 0
    outer loop
      vertex -3.16573 -0.647784 20
      vertex -3.19096 -0.605698 10.8
      vertex -3.19096 -0.605698 20
    endloop
  endfacet
  facet normal 0.857687 0.514172 0
    outer loop
      vertex -3.19096 -0.605698 10.8
      vertex -3.16573 -0.647784 20
      vertex -3.16573 -0.647784 10.8
    endloop
  endfacet
  facet normal 0.970042 0.242938 0
    outer loop
      vertex -3.22847 -0.515141 20
      vertex -3.24039 -0.467545 10.8
      vertex -3.24039 -0.467545 20
    endloop
  endfacet
  facet normal 0.970042 0.242938 0
    outer loop
      vertex -3.24039 -0.467545 10.8
      vertex -3.22847 -0.515141 20
      vertex -3.22847 -0.515141 10.8
    endloop
  endfacet
  facet normal 0.941548 0.336879 0
    outer loop
      vertex -3.21194 -0.561341 20
      vertex -3.22847 -0.515141 10.8
      vertex -3.22847 -0.515141 20
    endloop
  endfacet
  facet normal 0.941548 0.336879 0
    outer loop
      vertex -3.22847 -0.515141 10.8
      vertex -3.21194 -0.561341 20
      vertex -3.21194 -0.561341 10.8
    endloop
  endfacet
  facet normal 0.998793 0.0491163 0
    outer loop
      vertex -3.24759 -0.419008 20
      vertex -3.25 -0.37 10.8
      vertex -3.25 -0.37 20
    endloop
  endfacet
  facet normal 0.998793 0.0491163 0
    outer loop
      vertex -3.25 -0.37 10.8
      vertex -3.24759 -0.419008 20
      vertex -3.24759 -0.419008 10.8
    endloop
  endfacet
  facet normal -0.146706 0.98918 0
    outer loop
      vertex -2.65245 -0.860393 10.8
      vertex -2.70099 -0.867592 20
      vertex -2.65245 -0.860393 20
    endloop
  endfacet
  facet normal -0.146706 0.98918 0
    outer loop
      vertex -2.70099 -0.867592 20
      vertex -2.65245 -0.860393 10.8
      vertex -2.70099 -0.867592 10.8
    endloop
  endfacet
  facet normal -0.336879 0.941548 0
    outer loop
      vertex -2.55866 -0.83194 10.8
      vertex -2.60486 -0.84847 20
      vertex -2.55866 -0.83194 20
    endloop
  endfacet
  facet normal -0.336879 0.941548 0
    outer loop
      vertex -2.60486 -0.84847 20
      vertex -2.55866 -0.83194 10.8
      vertex -2.60486 -0.84847 10.8
    endloop
  endfacet
  facet normal -0.740871 0.671648 0
    outer loop
      vertex -2.39645 -0.723553 10.8
      vertex -2.36349 -0.687196 20
      vertex -2.36349 -0.687196 10.8
    endloop
  endfacet
  facet normal -0.740871 0.671648 0
    outer loop
      vertex -2.36349 -0.687196 20
      vertex -2.39645 -0.723553 10.8
      vertex -2.39645 -0.723553 20
    endloop
  endfacet
  facet normal -0.595707 0.803202 0
    outer loop
      vertex -2.4328 -0.756505 10.8
      vertex -2.47221 -0.785734 20
      vertex -2.4328 -0.756505 20
    endloop
  endfacet
  facet normal -0.595707 0.803202 0
    outer loop
      vertex -2.47221 -0.785734 20
      vertex -2.4328 -0.756505 10.8
      vertex -2.47221 -0.785734 10.8
    endloop
  endfacet
  facet normal -0.514076 0.857745 0
    outer loop
      vertex -2.47221 -0.785734 10.8
      vertex -2.5143 -0.81096 20
      vertex -2.47221 -0.785734 20
    endloop
  endfacet
  facet normal -0.514076 0.857745 0
    outer loop
      vertex -2.5143 -0.81096 20
      vertex -2.47221 -0.785734 10.8
      vertex -2.5143 -0.81096 10.8
    endloop
  endfacet
  facet normal -0.857777 0.514022 0
    outer loop
      vertex -2.33426 -0.647784 10.8
      vertex -2.30904 -0.605698 20
      vertex -2.30904 -0.605698 10.8
    endloop
  endfacet
  facet normal -0.857777 0.514022 0
    outer loop
      vertex -2.30904 -0.605698 20
      vertex -2.33426 -0.647784 10.8
      vertex -2.33426 -0.647784 20
    endloop
  endfacet
  facet normal -0.989176 0.146735 0
    outer loop
      vertex -2.25961 -0.467545 10.8
      vertex -2.25241 -0.419008 20
      vertex -2.25241 -0.419008 10.8
    endloop
  endfacet
  facet normal -0.989176 0.146735 0
    outer loop
      vertex -2.25241 -0.419008 20
      vertex -2.25961 -0.467545 10.8
      vertex -2.25961 -0.467545 20
    endloop
  endfacet
  facet normal -0.970042 0.242938 0
    outer loop
      vertex -2.27153 -0.515141 10.8
      vertex -2.25961 -0.467545 20
      vertex -2.25961 -0.467545 10.8
    endloop
  endfacet
  facet normal -0.970042 0.242938 0
    outer loop
      vertex -2.25961 -0.467545 20
      vertex -2.27153 -0.515141 10.8
      vertex -2.27153 -0.515141 20
    endloop
  endfacet
  facet normal -0.998793 0.0491163 0
    outer loop
      vertex -2.25241 -0.419008 10.8
      vertex -2.25 -0.37 20
      vertex -2.25 -0.37 10.8
    endloop
  endfacet
  facet normal -0.998793 0.0491163 0
    outer loop
      vertex -2.25 -0.37 20
      vertex -2.25241 -0.419008 10.8
      vertex -2.25241 -0.419008 20
    endloop
  endfacet
  facet normal 0.595609 0.803274 -0
    outer loop
      vertex -3.02778 -0.785734 10.8
      vertex -3.0672 -0.756505 20
      vertex -3.02778 -0.785734 20
    endloop
  endfacet
  facet normal 0.595609 0.803274 0
    outer loop
      vertex -3.0672 -0.756505 20
      vertex -3.02778 -0.785734 10.8
      vertex -3.0672 -0.756505 10.8
    endloop
  endfacet
  facet normal 0.427543 0.903995 -0
    outer loop
      vertex -2.94134 -0.83194 10.8
      vertex -2.9857 -0.81096 20
      vertex -2.94134 -0.83194 20
    endloop
  endfacet
  facet normal 0.427543 0.903995 0
    outer loop
      vertex -2.9857 -0.81096 20
      vertex -2.94134 -0.83194 10.8
      vertex -2.9857 -0.81096 10.8
    endloop
  endfacet
  facet normal 0.242977 0.970032 -0
    outer loop
      vertex -2.84754 -0.860393 10.8
      vertex -2.89514 -0.84847 20
      vertex -2.84754 -0.860393 20
    endloop
  endfacet
  facet normal 0.242977 0.970032 0
    outer loop
      vertex -2.89514 -0.84847 20
      vertex -2.84754 -0.860393 10.8
      vertex -2.89514 -0.84847 10.8
    endloop
  endfacet
  facet normal 0.740871 0.671648 0
    outer loop
      vertex -3.10355 -0.723553 20
      vertex -3.13651 -0.687196 10.8
      vertex -3.13651 -0.687196 20
    endloop
  endfacet
  facet normal 0.740871 0.671648 0
    outer loop
      vertex -3.13651 -0.687196 10.8
      vertex -3.10355 -0.723553 20
      vertex -3.10355 -0.723553 10.8
    endloop
  endfacet
  facet normal 0.989176 0.146735 0
    outer loop
      vertex -3.24039 -0.467545 20
      vertex -3.24759 -0.419008 10.8
      vertex -3.24759 -0.419008 20
    endloop
  endfacet
  facet normal 0.989176 0.146735 0
    outer loop
      vertex -3.24759 -0.419008 10.8
      vertex -3.24039 -0.467545 20
      vertex -3.24039 -0.467545 10.8
    endloop
  endfacet
  facet normal 0.799382 -0.0392944 -0.599537
    outer loop
      vertex -3.8447 -0.26218 10
      vertex -3.25 -0.37 10.8
      vertex -3.85 -0.37 10
    endloop
  endfacet
  facet normal -0.799382 -0.0393093 -0.599536
    outer loop
      vertex -1.65 -0.37 10
      vertex -2.25 -0.37 10.8
      vertex -2.25241 -0.320991 10.8
    endloop
  endfacet
  facet normal -0.799382 -0.0392944 -0.599537
    outer loop
      vertex -1.6553 -0.26218 10
      vertex -1.65 -0.37 10
      vertex -2.25241 -0.320991 10.8
    endloop
  endfacet
  facet normal 0.0392944 0.799382 -0.599537
    outer loop
      vertex -2.75 -0.87 10.8
      vertex -2.75 -1.47 10
      vertex -2.85782 -1.4647 10
    endloop
  endfacet
  facet normal -0.791684 -0.117439 -0.599536
    outer loop
      vertex -1.67114 -0.1554 10
      vertex -2.25241 -0.320991 10.8
      vertex -2.25961 -0.272454 10.8
    endloop
  endfacet
  facet normal 0.0392722 -0.799383 -0.599537
    outer loop
      vertex -2.75 0.73 10
      vertex -2.79901 0.127592 10.8
      vertex -2.85782 0.724703 10
    endloop
  endfacet
  facet normal 0.799381 0.0393101 -0.599538
    outer loop
      vertex -3.25 -0.37 10.8
      vertex -3.24759 -0.419008 10.8
      vertex -3.8447 -0.477818 10
    endloop
  endfacet
  facet normal -0.686506 0.41142 -0.599535
    outer loop
      vertex -1.77989 -0.888535 10
      vertex -1.83538 -0.981127 10
      vertex -2.33426 -0.647784 10.8
    endloop
  endfacet
  facet normal -0.753552 -0.26965 -0.59954
    outer loop
      vertex -1.73373 0.050951 10
      vertex -1.69736 -0.0506868 10
      vertex -2.27153 -0.224857 10.8
    endloop
  endfacet
  facet normal 0.593035 -0.537465 -0.599534
    outer loop
      vertex -3.52782 0.407817 10
      vertex -3.13651 -0.052803 10.8
      vertex -3.60031 0.327832 10
    endloop
  endfacet
  facet normal 0.59295 0.537548 -0.599543
    outer loop
      vertex -3.13651 -0.687196 10.8
      vertex -3.10355 -0.723553 10.8
      vertex -3.52782 -1.14782 10
    endloop
  endfacet
  facet normal -0.537534 0.592964 -0.599543
    outer loop
      vertex -2.39645 -0.723553 10.8
      vertex -1.97218 -1.14782 10
      vertex -2.4328 -0.756505 10.8
    endloop
  endfacet
  facet normal -0.537524 -0.592982 -0.599533
    outer loop
      vertex -2.05217 0.480311 10
      vertex -2.39645 -0.0164461 10.8
      vertex -2.4328 0.0165043 10.8
    endloop
  endfacet
  facet normal -0.593035 -0.537465 -0.599534
    outer loop
      vertex -1.97218 0.407817 10
      vertex -1.89969 0.327832 10
      vertex -2.36349 -0.052803 10.8
    endloop
  endfacet
  facet normal 0.723489 -0.342227 -0.599536
    outer loop
      vertex -3.72011 0.148536 10
      vertex -3.19096 -0.134301 10.8
      vertex -3.76627 0.050951 10
    endloop
  endfacet
  facet normal 0.269626 -0.753563 -0.599537
    outer loop
      vertex -3.06931 0.682634 10
      vertex -2.89514 0.10847 10.8
      vertex -3.17095 0.646267 10
    endloop
  endfacet
  facet normal 0.686501 -0.411422 -0.59954
    outer loop
      vertex -3.66462 0.241127 10
      vertex -3.16573 -0.0922146 10.8
      vertex -3.72011 0.148536 10
    endloop
  endfacet
  facet normal 0.791684 -0.117439 -0.599536
    outer loop
      vertex -3.24039 -0.272454 10.8
      vertex -3.24759 -0.320991 10.8
      vertex -3.82886 -0.1554 10
    endloop
  endfacet
  facet normal 0.791684 0.117439 -0.599537
    outer loop
      vertex -3.24759 -0.419008 10.8
      vertex -3.82886 -0.584599 10
      vertex -3.8447 -0.477818 10
    endloop
  endfacet
  facet normal -0.039276 0.799384 -0.599535
    outer loop
      vertex -2.70099 -0.867592 10.8
      vertex -2.64218 -1.4647 10
      vertex -2.75 -0.87 10.8
    endloop
  endfacet
  facet normal -0.19448 0.776361 -0.599534
    outer loop
      vertex -2.43069 -1.42263 10
      vertex -2.5354 -1.44886 10
      vertex -2.65245 -0.860393 10.8
    endloop
  endfacet
  facet normal -0.476771 0.64284 -0.599538
    outer loop
      vertex -2.4328 -0.756505 10.8
      vertex -2.13887 -1.28462 10
      vertex -2.47221 -0.785734 10.8
    endloop
  endfacet
  facet normal -0.593052 0.537446 -0.599534
    outer loop
      vertex -1.89969 -1.06783 10
      vertex -1.97218 -1.14782 10
      vertex -2.36349 -0.687196 10.8
    endloop
  endfacet
  facet normal -0.791684 0.117439 -0.599537
    outer loop
      vertex -1.6553 -0.477818 10
      vertex -1.67114 -0.584599 10
      vertex -2.25241 -0.419008 10.8
    endloop
  endfacet
  facet normal -0.776376 -0.194403 -0.599539
    outer loop
      vertex -1.69736 -0.0506868 10
      vertex -1.67114 -0.1554 10
      vertex -2.27153 -0.224857 10.8
    endloop
  endfacet
  facet normal -0.791684 -0.11744 -0.599537
    outer loop
      vertex -1.67114 -0.1554 10
      vertex -1.6553 -0.26218 10
      vertex -2.25241 -0.320991 10.8
    endloop
  endfacet
  facet normal -0.723489 -0.342227 -0.599536
    outer loop
      vertex -1.77989 0.148536 10
      vertex -1.73373 0.050951 10
      vertex -2.30904 -0.134301 10.8
    endloop
  endfacet
  facet normal -0.753563 -0.269625 -0.599538
    outer loop
      vertex -1.73373 0.050951 10
      vertex -2.27153 -0.224857 10.8
      vertex -2.28806 -0.178658 10.8
    endloop
  endfacet
  facet normal -0.269634 -0.75356 -0.599537
    outer loop
      vertex -2.32905 0.646267 10
      vertex -2.55866 0.091939 10.8
      vertex -2.60486 0.10847 10.8
    endloop
  endfacet
  facet normal -0.0392596 -0.799383 -0.599538
    outer loop
      vertex -2.75 0.73 10
      vertex -2.70099 0.127592 10.8
      vertex -2.75 0.129999 10.8
    endloop
  endfacet
  facet normal -0.194472 -0.776361 -0.599537
    outer loop
      vertex -2.5354 0.708863 10
      vertex -2.43069 0.682634 10
      vertex -2.60486 0.10847 10.8
    endloop
  endfacet
  facet normal 0.59295 -0.53755 -0.599542
    outer loop
      vertex -3.10355 -0.0164461 10.8
      vertex -3.13651 -0.052803 10.8
      vertex -3.52782 0.407817 10
    endloop
  endfacet
  facet normal 0.53746 -0.593035 -0.599539
    outer loop
      vertex -3.44783 0.480311 10
      vertex -3.10355 -0.0164461 10.8
      vertex -3.52782 0.407817 10
    endloop
  endfacet
  facet normal 0.194472 -0.776361 -0.599537
    outer loop
      vertex -2.9646 0.708863 10
      vertex -2.89514 0.10847 10.8
      vertex -3.06931 0.682634 10
    endloop
  endfacet
  facet normal 0.642828 -0.476792 -0.599534
    outer loop
      vertex -3.60031 0.327832 10
      vertex -3.13651 -0.052803 10.8
      vertex -3.66462 0.241127 10
    endloop
  endfacet
  facet normal 0.686451 -0.411514 -0.599534
    outer loop
      vertex -3.16573 -0.0922146 10.8
      vertex -3.19096 -0.134301 10.8
      vertex -3.72011 0.148536 10
    endloop
  endfacet
  facet normal 0.776362 -0.194474 -0.599535
    outer loop
      vertex -3.80263 -0.0506868 10
      vertex -3.22847 -0.224857 10.8
      vertex -3.82886 -0.1554 10
    endloop
  endfacet
  facet normal 0.77637 0.194435 -0.599537
    outer loop
      vertex -3.24039 -0.467545 10.8
      vertex -3.22847 -0.515141 10.8
      vertex -3.82886 -0.584599 10
    endloop
  endfacet
  facet normal 0.799382 0.0392952 -0.599537
    outer loop
      vertex -3.25 -0.37 10.8
      vertex -3.8447 -0.477818 10
      vertex -3.85 -0.37 10
    endloop
  endfacet
  facet normal 0.7235 0.342201 -0.599538
    outer loop
      vertex -3.21194 -0.561341 10.8
      vertex -3.19096 -0.605698 10.8
      vertex -3.76627 -0.790952 10
    endloop
  endfacet
  facet normal 0.642918 0.476658 -0.599545
    outer loop
      vertex -3.16573 -0.647784 10.8
      vertex -3.13651 -0.687196 10.8
      vertex -3.66462 -0.981127 10
    endloop
  endfacet
  facet normal 0.411509 0.686446 -0.599543
    outer loop
      vertex -3.02778 -0.785734 10.8
      vertex -2.9857 -0.81096 10.8
      vertex -3.36113 -1.28462 10
    endloop
  endfacet
  facet normal 0.26962 0.753567 -0.599535
    outer loop
      vertex -2.94134 -0.83194 10.8
      vertex -2.89514 -0.84847 10.8
      vertex -3.06931 -1.42263 10
    endloop
  endfacet
  facet normal 0.26958 0.753579 -0.599537
    outer loop
      vertex -2.94134 -0.83194 10.8
      vertex -3.06931 -1.42263 10
      vertex -3.17095 -1.38627 10
    endloop
  endfacet
  facet normal -0.117441 0.791686 -0.599534
    outer loop
      vertex -2.5354 -1.44886 10
      vertex -2.64218 -1.4647 10
      vertex -2.65245 -0.860393 10.8
    endloop
  endfacet
  facet normal -0.0392944 0.799382 -0.599537
    outer loop
      vertex -2.75 -0.87 10.8
      vertex -2.64218 -1.4647 10
      vertex -2.75 -1.47 10
    endloop
  endfacet
  facet normal -0.411439 0.686493 -0.599538
    outer loop
      vertex -2.47221 -0.785734 10.8
      vertex -2.13887 -1.28462 10
      vertex -2.5143 -0.81096 10.8
    endloop
  endfacet
  facet normal -0.26958 0.753579 -0.599537
    outer loop
      vertex -2.32905 -1.38627 10
      vertex -2.43069 -1.42263 10
      vertex -2.55866 -0.83194 10.8
    endloop
  endfacet
  facet normal -0.194504 0.776354 -0.599535
    outer loop
      vertex -2.60486 -0.84847 10.8
      vertex -2.43069 -1.42263 10
      vertex -2.65245 -0.860393 10.8
    endloop
  endfacet
  facet normal -0.642845 0.476767 -0.599537
    outer loop
      vertex -2.33426 -0.647784 10.8
      vertex -1.83538 -0.981127 10
      vertex -2.36349 -0.687196 10.8
    endloop
  endfacet
  facet normal -0.642823 0.476799 -0.599534
    outer loop
      vertex -1.83538 -0.981127 10
      vertex -1.89969 -1.06783 10
      vertex -2.36349 -0.687196 10.8
    endloop
  endfacet
  facet normal -0.776377 0.194402 -0.599539
    outer loop
      vertex -1.67114 -0.584599 10
      vertex -1.69736 -0.689313 10
      vertex -2.27153 -0.515141 10.8
    endloop
  endfacet
  facet normal -0.799382 0.0392951 -0.599537
    outer loop
      vertex -1.65 -0.37 10
      vertex -1.6553 -0.477818 10
      vertex -2.25241 -0.419008 10.8
    endloop
  endfacet
  facet normal -0.799382 0.0393101 -0.599536
    outer loop
      vertex -2.25 -0.37 10.8
      vertex -1.65 -0.37 10
      vertex -2.25241 -0.419008 10.8
    endloop
  endfacet
  facet normal -0.776371 -0.194431 -0.599537
    outer loop
      vertex -1.67114 -0.1554 10
      vertex -2.25961 -0.272454 10.8
      vertex -2.27153 -0.224857 10.8
    endloop
  endfacet
  facet normal -0.7235 -0.342202 -0.599538
    outer loop
      vertex -1.73373 0.050951 10
      vertex -2.28806 -0.178658 10.8
      vertex -2.30904 -0.134301 10.8
    endloop
  endfacet
  facet normal -0.686521 -0.411393 -0.599537
    outer loop
      vertex -1.77989 0.148536 10
      vertex -2.30904 -0.134301 10.8
      vertex -2.33426 -0.0922146 10.8
    endloop
  endfacet
  facet normal -0.117432 -0.791685 -0.599537
    outer loop
      vertex -2.5354 0.708863 10
      vertex -2.65245 0.120392 10.8
      vertex -2.70099 0.127592 10.8
    endloop
  endfacet
  facet normal 0.0392596 -0.799383 -0.599538
    outer loop
      vertex -2.75 0.73 10
      vertex -2.75 0.129999 10.8
      vertex -2.79901 0.127592 10.8
    endloop
  endfacet
  facet normal -0.269626 -0.753563 -0.599537
    outer loop
      vertex -2.43069 0.682634 10
      vertex -2.32905 0.646267 10
      vertex -2.60486 0.10847 10.8
    endloop
  endfacet
  facet normal -0.342176 -0.723512 -0.599537
    outer loop
      vertex -2.32905 0.646267 10
      vertex -2.23146 0.600113 10
      vertex -2.5143 0.07096 10.8
    endloop
  endfacet
  facet normal -0.476784 -0.642833 -0.599536
    outer loop
      vertex -2.05217 0.480311 10
      vertex -2.4328 0.0165043 10.8
      vertex -2.47221 0.0457344 10.8
    endloop
  endfacet
  facet normal -0.11744 -0.791684 -0.599537
    outer loop
      vertex -2.64218 0.724703 10
      vertex -2.5354 0.708863 10
      vertex -2.70099 0.127592 10.8
    endloop
  endfacet
  facet normal -0.0392722 -0.799383 -0.599537
    outer loop
      vertex -2.64218 0.724703 10
      vertex -2.70099 0.127592 10.8
      vertex -2.75 0.73 10
    endloop
  endfacet
  facet normal 0.411507 -0.686453 -0.599537
    outer loop
      vertex -2.9857 0.07096 10.8
      vertex -3.02778 0.0457344 10.8
      vertex -3.26854 0.600113 10
    endloop
  endfacet
  facet normal 0.476707 -0.642892 -0.599533
    outer loop
      vertex -3.02778 0.0457344 10.8
      vertex -3.0672 0.0165043 10.8
      vertex -3.44783 0.480311 10
    endloop
  endfacet
  facet normal 0.342176 -0.723512 -0.599537
    outer loop
      vertex -3.17095 0.646267 10
      vertex -2.9857 0.07096 10.8
      vertex -3.26854 0.600113 10
    endloop
  endfacet
  facet normal 0.117455 -0.791681 -0.599538
    outer loop
      vertex -2.79901 0.127592 10.8
      vertex -2.84754 0.120392 10.8
      vertex -2.9646 0.708863 10
    endloop
  endfacet
  facet normal 0.11744 -0.791684 -0.599537
    outer loop
      vertex -2.85782 0.724703 10
      vertex -2.79901 0.127592 10.8
      vertex -2.9646 0.708863 10
    endloop
  endfacet
  facet normal 0.642916 -0.476662 -0.599544
    outer loop
      vertex -3.13651 -0.052803 10.8
      vertex -3.16573 -0.0922146 10.8
      vertex -3.66462 0.241127 10
    endloop
  endfacet
  facet normal 0.753579 -0.269586 -0.599536
    outer loop
      vertex -3.76627 0.050951 10
      vertex -3.22847 -0.224857 10.8
      vertex -3.80263 -0.0506868 10
    endloop
  endfacet
  facet normal 0.7235 -0.342202 -0.599538
    outer loop
      vertex -3.19096 -0.134301 10.8
      vertex -3.21194 -0.178658 10.8
      vertex -3.76627 0.050951 10
    endloop
  endfacet
  facet normal 0.791684 -0.11744 -0.599537
    outer loop
      vertex -3.82886 -0.1554 10
      vertex -3.24759 -0.320991 10.8
      vertex -3.8447 -0.26218 10
    endloop
  endfacet
  facet normal 0.799381 -0.0393093 -0.599538
    outer loop
      vertex -3.24759 -0.320991 10.8
      vertex -3.25 -0.37 10.8
      vertex -3.8447 -0.26218 10
    endloop
  endfacet
  facet normal 0.791684 0.117439 -0.599536
    outer loop
      vertex -3.24759 -0.419008 10.8
      vertex -3.24039 -0.467545 10.8
      vertex -3.82886 -0.584599 10
    endloop
  endfacet
  facet normal 0.753579 0.269583 -0.599536
    outer loop
      vertex -3.22847 -0.515141 10.8
      vertex -3.76627 -0.790952 10
      vertex -3.80263 -0.689313 10
    endloop
  endfacet
  facet normal 0.776362 0.194472 -0.599535
    outer loop
      vertex -3.22847 -0.515141 10.8
      vertex -3.80263 -0.689313 10
      vertex -3.82886 -0.584599 10
    endloop
  endfacet
  facet normal 0.642823 0.476799 -0.599534
    outer loop
      vertex -3.13651 -0.687196 10.8
      vertex -3.60031 -1.06783 10
      vertex -3.66462 -0.981127 10
    endloop
  endfacet
  facet normal 0.593052 0.537446 -0.599534
    outer loop
      vertex -3.13651 -0.687196 10.8
      vertex -3.52782 -1.14782 10
      vertex -3.60031 -1.06783 10
    endloop
  endfacet
  facet normal 0.686503 0.411418 -0.599541
    outer loop
      vertex -3.16573 -0.647784 10.8
      vertex -3.66462 -0.981127 10
      vertex -3.72011 -0.888535 10
    endloop
  endfacet
  facet normal 0.11744 0.791685 -0.599535
    outer loop
      vertex -2.84754 -0.860393 10.8
      vertex -2.85782 -1.4647 10
      vertex -2.9646 -1.44886 10
    endloop
  endfacet
  facet normal 0.342183 0.72351 -0.599536
    outer loop
      vertex -2.9857 -0.81096 10.8
      vertex -2.94134 -0.83194 10.8
      vertex -3.26854 -1.34011 10
    endloop
  endfacet
  facet normal 0.411426 0.686501 -0.599537
    outer loop
      vertex -2.9857 -0.81096 10.8
      vertex -3.26854 -1.34011 10
      vertex -3.36113 -1.28462 10
    endloop
  endfacet
  facet normal 0.537534 0.592964 -0.599543
    outer loop
      vertex -3.10355 -0.723553 10.8
      vertex -3.0672 -0.756505 10.8
      vertex -3.52782 -1.14782 10
    endloop
  endfacet
  facet normal 0.342213 0.723495 -0.599538
    outer loop
      vertex -2.94134 -0.83194 10.8
      vertex -3.17095 -1.38627 10
      vertex -3.26854 -1.34011 10
    endloop
  endfacet
  facet normal 0.194479 0.77636 -0.599535
    outer loop
      vertex -2.84754 -0.860393 10.8
      vertex -2.9646 -1.44886 10
      vertex -3.06931 -1.42263 10
    endloop
  endfacet
  facet normal 0.194466 0.776364 -0.599534
    outer loop
      vertex -2.89514 -0.84847 10.8
      vertex -2.84754 -0.860393 10.8
      vertex -3.06931 -1.42263 10
    endloop
  endfacet
  facet normal -0.342213 0.723495 -0.599538
    outer loop
      vertex -2.23146 -1.34011 10
      vertex -2.32905 -1.38627 10
      vertex -2.55866 -0.83194 10.8
    endloop
  endfacet
  facet normal -0.117416 0.791688 -0.599536
    outer loop
      vertex -2.65245 -0.860393 10.8
      vertex -2.64218 -1.4647 10
      vertex -2.70099 -0.867592 10.8
    endloop
  endfacet
  facet normal -0.26962 0.753567 -0.599535
    outer loop
      vertex -2.55866 -0.83194 10.8
      vertex -2.43069 -1.42263 10
      vertex -2.60486 -0.84847 10.8
    endloop
  endfacet
  facet normal -0.59295 0.537548 -0.599543
    outer loop
      vertex -2.36349 -0.687196 10.8
      vertex -1.97218 -1.14782 10
      vertex -2.39645 -0.723553 10.8
    endloop
  endfacet
  facet normal -0.686519 0.411396 -0.599537
    outer loop
      vertex -2.30904 -0.605698 10.8
      vertex -1.77989 -0.888535 10
      vertex -2.33426 -0.647784 10.8
    endloop
  endfacet
  facet normal -0.723486 0.342233 -0.599536
    outer loop
      vertex -1.73373 -0.790952 10
      vertex -1.77989 -0.888535 10
      vertex -2.30904 -0.605698 10.8
    endloop
  endfacet
  facet normal -0.753564 0.269619 -0.599539
    outer loop
      vertex -2.27153 -0.515141 10.8
      vertex -1.73373 -0.790952 10
      vertex -2.28806 -0.561341 10.8
    endloop
  endfacet
  facet normal -0.753553 0.269648 -0.59954
    outer loop
      vertex -1.69736 -0.689313 10
      vertex -1.73373 -0.790952 10
      vertex -2.27153 -0.515141 10.8
    endloop
  endfacet
  facet normal -0.59295 -0.53755 -0.599542
    outer loop
      vertex -1.97218 0.407817 10
      vertex -2.36349 -0.052803 10.8
      vertex -2.39645 -0.0164461 10.8
    endloop
  endfacet
  facet normal -0.53746 -0.593035 -0.599539
    outer loop
      vertex -2.05217 0.480311 10
      vertex -1.97218 0.407817 10
      vertex -2.39645 -0.0164461 10.8
    endloop
  endfacet
  facet normal -0.686504 -0.411424 -0.599535
    outer loop
      vertex -1.83538 0.241127 10
      vertex -1.77989 0.148536 10
      vertex -2.33426 -0.0922146 10.8
    endloop
  endfacet
  facet normal -0.411434 -0.686495 -0.599539
    outer loop
      vertex -2.23146 0.600113 10
      vertex -2.47221 0.0457344 10.8
      vertex -2.5143 0.07096 10.8
    endloop
  endfacet
  facet normal -0.411465 -0.686479 -0.599536
    outer loop
      vertex -2.23146 0.600113 10
      vertex -2.13887 0.544616 10
      vertex -2.47221 0.0457344 10.8
    endloop
  endfacet
  facet normal -0.476785 -0.642832 -0.599536
    outer loop
      vertex -2.13887 0.544616 10
      vertex -2.05217 0.480311 10
      vertex -2.47221 0.0457344 10.8
    endloop
  endfacet
  facet normal -0.194489 -0.776357 -0.599536
    outer loop
      vertex -2.5354 0.708863 10
      vertex -2.60486 0.10847 10.8
      vertex -2.65245 0.120392 10.8
    endloop
  endfacet
  facet normal 0.537524 -0.592982 -0.599533
    outer loop
      vertex -3.0672 0.0165043 10.8
      vertex -3.10355 -0.0164461 10.8
      vertex -3.44783 0.480311 10
    endloop
  endfacet
  facet normal 0.411463 -0.686477 -0.59954
    outer loop
      vertex -3.26854 0.600113 10
      vertex -3.02778 0.0457344 10.8
      vertex -3.36113 0.544616 10
    endloop
  endfacet
  facet normal 0.476784 -0.642829 -0.59954
    outer loop
      vertex -3.36113 0.544616 10
      vertex -3.02778 0.0457344 10.8
      vertex -3.44783 0.480311 10
    endloop
  endfacet
  facet normal 0.269634 -0.75356 -0.599537
    outer loop
      vertex -2.89514 0.10847 10.8
      vertex -2.94134 0.091939 10.8
      vertex -3.17095 0.646267 10
    endloop
  endfacet
  facet normal 0.342169 -0.723515 -0.599538
    outer loop
      vertex -2.94134 0.091939 10.8
      vertex -2.9857 0.07096 10.8
      vertex -3.17095 0.646267 10
    endloop
  endfacet
  facet normal 0.19445 -0.776365 -0.599538
    outer loop
      vertex -2.84754 0.120392 10.8
      vertex -2.89514 0.10847 10.8
      vertex -2.9646 0.708863 10
    endloop
  endfacet
  facet normal 0.753563 -0.269625 -0.599538
    outer loop
      vertex -3.21194 -0.178658 10.8
      vertex -3.22847 -0.224857 10.8
      vertex -3.76627 0.050951 10
    endloop
  endfacet
  facet normal 0.776371 -0.194431 -0.599537
    outer loop
      vertex -3.22847 -0.224857 10.8
      vertex -3.24039 -0.272454 10.8
      vertex -3.82886 -0.1554 10
    endloop
  endfacet
  facet normal 0.753564 0.269619 -0.599539
    outer loop
      vertex -3.22847 -0.515141 10.8
      vertex -3.21194 -0.561341 10.8
      vertex -3.76627 -0.790952 10
    endloop
  endfacet
  facet normal 0.723486 0.342233 -0.599536
    outer loop
      vertex -3.19096 -0.605698 10.8
      vertex -3.72011 -0.888535 10
      vertex -3.76627 -0.790952 10
    endloop
  endfacet
  facet normal 0.686449 0.411517 -0.599534
    outer loop
      vertex -3.19096 -0.605698 10.8
      vertex -3.16573 -0.647784 10.8
      vertex -3.72011 -0.888535 10
    endloop
  endfacet
  facet normal 0.11744 0.791685 -0.599535
    outer loop
      vertex -2.84754 -0.860393 10.8
      vertex -2.79901 -0.867592 10.8
      vertex -2.85782 -1.4647 10
    endloop
  endfacet
  facet normal 0.039276 0.799384 -0.599535
    outer loop
      vertex -2.79901 -0.867592 10.8
      vertex -2.75 -0.87 10.8
      vertex -2.85782 -1.4647 10
    endloop
  endfacet
  facet normal 0.476809 0.642814 -0.599535
    outer loop
      vertex -3.0672 -0.756505 10.8
      vertex -3.36113 -1.28462 10
      vertex -3.44783 -1.22031 10
    endloop
  endfacet
  facet normal 0.537446 0.593051 -0.599535
    outer loop
      vertex -3.0672 -0.756505 10.8
      vertex -3.44783 -1.22031 10
      vertex -3.52782 -1.14782 10
    endloop
  endfacet
  facet normal 0.476691 0.642894 -0.599544
    outer loop
      vertex -3.0672 -0.756505 10.8
      vertex -3.02778 -0.785734 10.8
      vertex -3.36113 -1.28462 10
    endloop
  endfacet
  facet normal -0.476809 0.642814 -0.599535
    outer loop
      vertex -2.05217 -1.22031 10
      vertex -2.13887 -1.28462 10
      vertex -2.4328 -0.756505 10.8
    endloop
  endfacet
  facet normal -0.537446 0.593051 -0.599535
    outer loop
      vertex -1.97218 -1.14782 10
      vertex -2.05217 -1.22031 10
      vertex -2.4328 -0.756505 10.8
    endloop
  endfacet
  facet normal -0.342183 0.72351 -0.599536
    outer loop
      vertex -2.5143 -0.81096 10.8
      vertex -2.23146 -1.34011 10
      vertex -2.55866 -0.83194 10.8
    endloop
  endfacet
  facet normal -0.411426 0.686501 -0.599537
    outer loop
      vertex -2.13887 -1.28462 10
      vertex -2.23146 -1.34011 10
      vertex -2.5143 -0.81096 10.8
    endloop
  endfacet
  facet normal -0.7235 0.342201 -0.599538
    outer loop
      vertex -2.28806 -0.561341 10.8
      vertex -1.73373 -0.790952 10
      vertex -2.30904 -0.605698 10.8
    endloop
  endfacet
  facet normal -0.77637 0.194435 -0.599537
    outer loop
      vertex -2.25961 -0.467545 10.8
      vertex -1.67114 -0.584599 10
      vertex -2.27153 -0.515141 10.8
    endloop
  endfacet
  facet normal -0.791684 0.117439 -0.599536
    outer loop
      vertex -2.25241 -0.419008 10.8
      vertex -1.67114 -0.584599 10
      vertex -2.25961 -0.467545 10.8
    endloop
  endfacet
  facet normal -0.642843 -0.47677 -0.599536
    outer loop
      vertex -1.83538 0.241127 10
      vertex -2.33426 -0.0922146 10.8
      vertex -2.36349 -0.052803 10.8
    endloop
  endfacet
  facet normal -0.642828 -0.476792 -0.599534
    outer loop
      vertex -1.89969 0.327832 10
      vertex -1.83538 0.241127 10
      vertex -2.36349 -0.052803 10.8
    endloop
  endfacet
  facet normal -0.342169 -0.723515 -0.599538
    outer loop
      vertex -2.32905 0.646267 10
      vertex -2.5143 0.07096 10.8
      vertex -2.55866 0.091939 10.8
    endloop
  endfacet
  facet normal -0.998794 -0.0490967 0
    outer loop
      vertex 2.22 -2.55 0
      vertex 2.2147 -2.44218 10
      vertex 2.2147 -2.44218 0
    endloop
  endfacet
  facet normal -0.998794 -0.0490967 0
    outer loop
      vertex 2.2147 -2.44218 10
      vertex 2.22 -2.55 0
      vertex 2.22 -2.55 10
    endloop
  endfacet
  facet normal 0.0490967 -0.998794 0
    outer loop
      vertex 1.01218 -1.4553 0
      vertex 1.12 -1.45 10
      vertex 1.01218 -1.4553 10
    endloop
  endfacet
  facet normal 0.0490967 -0.998794 0
    outer loop
      vertex 1.12 -1.45 10
      vertex 1.01218 -1.4553 0
      vertex 1.12 -1.45 0
    endloop
  endfacet
  facet normal -0.0490967 0.998794 0
    outer loop
      vertex 1.22782 -3.6447 0
      vertex 1.12 -3.65 10
      vertex 1.22782 -3.6447 10
    endloop
  endfacet
  facet normal -0.0490967 0.998794 0
    outer loop
      vertex 1.12 -3.65 10
      vertex 1.22782 -3.6447 0
      vertex 1.12 -3.65 0
    endloop
  endfacet
  facet normal 0.671538 0.74097 -0
    outer loop
      vertex 0.422167 -3.40031 0
      vertex 0.342182 -3.32782 10
      vertex 0.422167 -3.40031 10
    endloop
  endfacet
  facet normal 0.671538 0.74097 0
    outer loop
      vertex 0.342182 -3.32782 10
      vertex 0.422167 -3.40031 0
      vertex 0.342182 -3.32782 0
    endloop
  endfacet
  facet normal -0.671515 -0.740991 0
    outer loop
      vertex 1.81783 -1.69969 0
      vertex 1.89782 -1.77218 10
      vertex 1.81783 -1.69969 10
    endloop
  endfacet
  facet normal -0.671515 -0.740991 -0
    outer loop
      vertex 1.89782 -1.77218 10
      vertex 1.81783 -1.69969 0
      vertex 1.89782 -1.77218 0
    endloop
  endfacet
  facet normal 0.740973 -0.671535 0
    outer loop
      vertex 0.269688 -1.85217 10
      vertex 0.342182 -1.77218 0
      vertex 0.342182 -1.77218 10
    endloop
  endfacet
  facet normal 0.740973 -0.671535 0
    outer loop
      vertex 0.342182 -1.77218 0
      vertex 0.269688 -1.85217 10
      vertex 0.269688 -1.85217 0
    endloop
  endfacet
  facet normal 0.427598 -0.903969 0
    outer loop
      vertex 0.601463 -1.57989 0
      vertex 0.699048 -1.53373 10
      vertex 0.601463 -1.57989 10
    endloop
  endfacet
  facet normal 0.427598 -0.903969 0
    outer loop
      vertex 0.699048 -1.53373 10
      vertex 0.601463 -1.57989 0
      vertex 0.699048 -1.53373 0
    endloop
  endfacet
  facet normal 0.941544 0.336889 0
    outer loop
      vertex 0.103732 -2.97095 10
      vertex 0.0673647 -2.86931 0
      vertex 0.0673647 -2.86931 10
    endloop
  endfacet
  facet normal 0.941544 0.336889 0
    outer loop
      vertex 0.0673647 -2.86931 0
      vertex 0.103732 -2.97095 10
      vertex 0.103732 -2.97095 0
    endloop
  endfacet
  facet normal -0.903977 -0.427581 0
    outer loop
      vertex 2.13627 -2.12905 0
      vertex 2.09011 -2.03146 10
      vertex 2.09011 -2.03146 0
    endloop
  endfacet
  facet normal -0.903977 -0.427581 0
    outer loop
      vertex 2.09011 -2.03146 10
      vertex 2.13627 -2.12905 0
      vertex 2.13627 -2.12905 10
    endloop
  endfacet
  facet normal -0.336911 -0.941536 0
    outer loop
      vertex 1.43931 -1.49736 0
      vertex 1.54095 -1.53373 10
      vertex 1.43931 -1.49736 10
    endloop
  endfacet
  facet normal -0.336911 -0.941536 -0
    outer loop
      vertex 1.54095 -1.53373 10
      vertex 1.43931 -1.49736 0
      vertex 1.54095 -1.53373 0
    endloop
  endfacet
  facet normal 0.903999 -0.427535 0
    outer loop
      vertex 0.103732 -2.12905 10
      vertex 0.149886 -2.03146 0
      vertex 0.149886 -2.03146 10
    endloop
  endfacet
  facet normal 0.903999 -0.427535 0
    outer loop
      vertex 0.149886 -2.03146 0
      vertex 0.103732 -2.12905 10
      vertex 0.103732 -2.12905 0
    endloop
  endfacet
  facet normal 0.857726 -0.514107 0
    outer loop
      vertex 0.149886 -2.03146 10
      vertex 0.205383 -1.93887 0
      vertex 0.205383 -1.93887 10
    endloop
  endfacet
  facet normal 0.857726 -0.514107 0
    outer loop
      vertex 0.205383 -1.93887 0
      vertex 0.149886 -2.03146 10
      vertex 0.149886 -2.03146 0
    endloop
  endfacet
  facet normal 0.2429 -0.970051 0
    outer loop
      vertex 0.800687 -1.49736 0
      vertex 0.9054 -1.47114 10
      vertex 0.800687 -1.49736 10
    endloop
  endfacet
  facet normal 0.2429 -0.970051 0
    outer loop
      vertex 0.9054 -1.47114 10
      vertex 0.800687 -1.49736 0
      vertex 0.9054 -1.47114 0
    endloop
  endfacet
  facet normal -0.903977 0.427581 0
    outer loop
      vertex 2.09011 -3.06854 0
      vertex 2.13627 -2.97095 10
      vertex 2.13627 -2.97095 0
    endloop
  endfacet
  facet normal -0.903977 0.427581 0
    outer loop
      vertex 2.13627 -2.97095 10
      vertex 2.09011 -3.06854 0
      vertex 2.09011 -3.06854 10
    endloop
  endfacet
  facet normal -0.336829 0.941566 0
    outer loop
      vertex 1.54095 -3.56627 0
      vertex 1.43931 -3.60263 10
      vertex 1.54095 -3.56627 10
    endloop
  endfacet
  facet normal -0.336829 0.941566 0
    outer loop
      vertex 1.43931 -3.60263 10
      vertex 1.54095 -3.56627 0
      vertex 1.43931 -3.60263 0
    endloop
  endfacet
  facet normal -0.740991 0.671515 0
    outer loop
      vertex 1.89782 -3.32782 0
      vertex 1.97031 -3.24783 10
      vertex 1.97031 -3.24783 0
    endloop
  endfacet
  facet normal -0.740991 0.671515 0
    outer loop
      vertex 1.97031 -3.24783 10
      vertex 1.89782 -3.32782 0
      vertex 1.89782 -3.32782 10
    endloop
  endfacet
  facet normal -0.970028 0.242993 0
    outer loop
      vertex 2.17263 -2.86931 0
      vertex 2.19886 -2.7646 10
      vertex 2.19886 -2.7646 0
    endloop
  endfacet
  facet normal -0.970028 0.242993 0
    outer loop
      vertex 2.19886 -2.7646 10
      vertex 2.17263 -2.86931 0
      vertex 2.17263 -2.86931 10
    endloop
  endfacet
  facet normal 0.242987 0.97003 -0
    outer loop
      vertex 0.9054 -3.62886 0
      vertex 0.800687 -3.60263 10
      vertex 0.9054 -3.62886 10
    endloop
  endfacet
  facet normal 0.242987 0.97003 0
    outer loop
      vertex 0.800687 -3.60263 10
      vertex 0.9054 -3.62886 0
      vertex 0.800687 -3.60263 0
    endloop
  endfacet
  facet normal 0.740973 0.671535 0
    outer loop
      vertex 0.342182 -3.32782 10
      vertex 0.269688 -3.24783 0
      vertex 0.269688 -3.24783 10
    endloop
  endfacet
  facet normal 0.740973 0.671535 0
    outer loop
      vertex 0.269688 -3.24783 0
      vertex 0.342182 -3.32782 10
      vertex 0.342182 -3.32782 0
    endloop
  endfacet
  facet normal -0.970028 -0.242993 0
    outer loop
      vertex 2.19886 -2.3354 0
      vertex 2.17263 -2.23069 10
      vertex 2.17263 -2.23069 0
    endloop
  endfacet
  facet normal -0.970028 -0.242993 0
    outer loop
      vertex 2.17263 -2.23069 10
      vertex 2.19886 -2.3354 0
      vertex 2.19886 -2.3354 10
    endloop
  endfacet
  facet normal -0.989176 -0.146737 0
    outer loop
      vertex 2.2147 -2.44218 0
      vertex 2.19886 -2.3354 10
      vertex 2.19886 -2.3354 0
    endloop
  endfacet
  facet normal -0.989176 -0.146737 0
    outer loop
      vertex 2.19886 -2.3354 10
      vertex 2.2147 -2.44218 0
      vertex 2.2147 -2.44218 10
    endloop
  endfacet
  facet normal -0.941566 -0.336829 0
    outer loop
      vertex 2.17263 -2.23069 0
      vertex 2.13627 -2.12905 10
      vertex 2.13627 -2.12905 0
    endloop
  endfacet
  facet normal -0.941566 -0.336829 0
    outer loop
      vertex 2.13627 -2.12905 10
      vertex 2.17263 -2.23069 0
      vertex 2.17263 -2.23069 10
    endloop
  endfacet
  facet normal -0.803168 -0.595752 0
    outer loop
      vertex 2.03462 -1.93887 0
      vertex 1.97031 -1.85217 10
      vertex 1.97031 -1.85217 0
    endloop
  endfacet
  facet normal -0.803168 -0.595752 0
    outer loop
      vertex 1.97031 -1.85217 10
      vertex 2.03462 -1.93887 0
      vertex 2.03462 -1.93887 10
    endloop
  endfacet
  facet normal -0.857754 -0.51406 0
    outer loop
      vertex 2.09011 -2.03146 0
      vertex 2.03462 -1.93887 10
      vertex 2.03462 -1.93887 0
    endloop
  endfacet
  facet normal -0.857754 -0.51406 0
    outer loop
      vertex 2.03462 -1.93887 10
      vertex 2.09011 -2.03146 0
      vertex 2.09011 -2.03146 10
    endloop
  endfacet
  facet normal -0.146737 -0.989176 0
    outer loop
      vertex 1.22782 -1.4553 0
      vertex 1.3346 -1.47114 10
      vertex 1.22782 -1.4553 10
    endloop
  endfacet
  facet normal -0.146737 -0.989176 -0
    outer loop
      vertex 1.3346 -1.47114 10
      vertex 1.22782 -1.4553 0
      vertex 1.3346 -1.47114 0
    endloop
  endfacet
  facet normal -0.0490967 -0.998794 0
    outer loop
      vertex 1.12 -1.45 0
      vertex 1.22782 -1.4553 10
      vertex 1.12 -1.45 10
    endloop
  endfacet
  facet normal -0.0490967 -0.998794 -0
    outer loop
      vertex 1.22782 -1.4553 10
      vertex 1.12 -1.45 0
      vertex 1.22782 -1.4553 0
    endloop
  endfacet
  facet normal -0.51406 -0.857754 0
    outer loop
      vertex 1.63854 -1.57989 0
      vertex 1.73113 -1.63538 10
      vertex 1.63854 -1.57989 10
    endloop
  endfacet
  facet normal -0.51406 -0.857754 -0
    outer loop
      vertex 1.73113 -1.63538 10
      vertex 1.63854 -1.57989 0
      vertex 1.73113 -1.63538 0
    endloop
  endfacet
  facet normal -0.595752 -0.803168 0
    outer loop
      vertex 1.73113 -1.63538 0
      vertex 1.81783 -1.69969 10
      vertex 1.73113 -1.63538 10
    endloop
  endfacet
  facet normal -0.595752 -0.803168 -0
    outer loop
      vertex 1.81783 -1.69969 10
      vertex 1.73113 -1.63538 0
      vertex 1.81783 -1.69969 0
    endloop
  endfacet
  facet normal 0.989176 -0.146733 0
    outer loop
      vertex 0.0252962 -2.44218 10
      vertex 0.0411358 -2.3354 0
      vertex 0.0411358 -2.3354 10
    endloop
  endfacet
  facet normal 0.989176 -0.146733 0
    outer loop
      vertex 0.0411358 -2.3354 0
      vertex 0.0252962 -2.44218 10
      vertex 0.0252962 -2.44218 0
    endloop
  endfacet
  facet normal 0.941544 -0.336889 0
    outer loop
      vertex 0.0673647 -2.23069 10
      vertex 0.103732 -2.12905 0
      vertex 0.103732 -2.12905 10
    endloop
  endfacet
  facet normal 0.941544 -0.336889 0
    outer loop
      vertex 0.103732 -2.12905 0
      vertex 0.0673647 -2.23069 10
      vertex 0.0673647 -2.23069 0
    endloop
  endfacet
  facet normal 0.998796 -0.0490662 0
    outer loop
      vertex 0.0199995 -2.55 10
      vertex 0.0252962 -2.44218 0
      vertex 0.0252962 -2.44218 10
    endloop
  endfacet
  facet normal 0.998796 -0.0490662 0
    outer loop
      vertex 0.0252962 -2.44218 0
      vertex 0.0199995 -2.55 10
      vertex 0.0199995 -2.55 0
    endloop
  endfacet
  facet normal 0.59573 -0.803185 0
    outer loop
      vertex 0.422167 -1.69969 0
      vertex 0.508872 -1.63538 10
      vertex 0.422167 -1.69969 10
    endloop
  endfacet
  facet normal 0.59573 -0.803185 0
    outer loop
      vertex 0.508872 -1.63538 10
      vertex 0.422167 -1.69969 0
      vertex 0.508872 -1.63538 0
    endloop
  endfacet
  facet normal 0.146737 -0.989176 0
    outer loop
      vertex 0.9054 -1.47114 0
      vertex 1.01218 -1.4553 10
      vertex 0.9054 -1.47114 10
    endloop
  endfacet
  facet normal 0.146737 -0.989176 0
    outer loop
      vertex 1.01218 -1.4553 10
      vertex 0.9054 -1.47114 0
      vertex 1.01218 -1.4553 0
    endloop
  endfacet
  facet normal -0.998794 0.0490967 0
    outer loop
      vertex 2.2147 -2.65782 0
      vertex 2.22 -2.55 10
      vertex 2.22 -2.55 0
    endloop
  endfacet
  facet normal -0.998794 0.0490967 0
    outer loop
      vertex 2.22 -2.55 10
      vertex 2.2147 -2.65782 0
      vertex 2.2147 -2.65782 10
    endloop
  endfacet
  facet normal -0.146737 0.989176 0
    outer loop
      vertex 1.3346 -3.62886 0
      vertex 1.22782 -3.6447 10
      vertex 1.3346 -3.62886 10
    endloop
  endfacet
  facet normal -0.146737 0.989176 0
    outer loop
      vertex 1.22782 -3.6447 10
      vertex 1.3346 -3.62886 0
      vertex 1.22782 -3.6447 0
    endloop
  endfacet
  facet normal -0.51406 0.857754 0
    outer loop
      vertex 1.73113 -3.46462 0
      vertex 1.63854 -3.52011 10
      vertex 1.73113 -3.46462 10
    endloop
  endfacet
  facet normal -0.51406 0.857754 0
    outer loop
      vertex 1.63854 -3.52011 10
      vertex 1.73113 -3.46462 0
      vertex 1.63854 -3.52011 0
    endloop
  endfacet
  facet normal -0.671515 0.740991 0
    outer loop
      vertex 1.89782 -3.32782 0
      vertex 1.81783 -3.40031 10
      vertex 1.89782 -3.32782 10
    endloop
  endfacet
  facet normal -0.671515 0.740991 0
    outer loop
      vertex 1.81783 -3.40031 10
      vertex 1.89782 -3.32782 0
      vertex 1.81783 -3.40031 0
    endloop
  endfacet
  facet normal -0.595752 0.803168 0
    outer loop
      vertex 1.81783 -3.40031 0
      vertex 1.73113 -3.46462 10
      vertex 1.81783 -3.40031 10
    endloop
  endfacet
  facet normal -0.595752 0.803168 0
    outer loop
      vertex 1.73113 -3.46462 10
      vertex 1.81783 -3.40031 0
      vertex 1.73113 -3.46462 0
    endloop
  endfacet
  facet normal -0.803168 0.595752 0
    outer loop
      vertex 1.97031 -3.24783 0
      vertex 2.03462 -3.16113 10
      vertex 2.03462 -3.16113 0
    endloop
  endfacet
  facet normal -0.803168 0.595752 0
    outer loop
      vertex 2.03462 -3.16113 10
      vertex 1.97031 -3.24783 0
      vertex 1.97031 -3.24783 10
    endloop
  endfacet
  facet normal -0.857754 0.51406 0
    outer loop
      vertex 2.03462 -3.16113 0
      vertex 2.09011 -3.06854 10
      vertex 2.09011 -3.06854 0
    endloop
  endfacet
  facet normal -0.857754 0.51406 0
    outer loop
      vertex 2.09011 -3.06854 10
      vertex 2.03462 -3.16113 0
      vertex 2.03462 -3.16113 10
    endloop
  endfacet
  facet normal 0.59573 0.803185 -0
    outer loop
      vertex 0.508872 -3.46462 0
      vertex 0.422167 -3.40031 10
      vertex 0.508872 -3.46462 10
    endloop
  endfacet
  facet normal 0.59573 0.803185 0
    outer loop
      vertex 0.422167 -3.40031 10
      vertex 0.508872 -3.46462 0
      vertex 0.422167 -3.40031 0
    endloop
  endfacet
  facet normal 0.514056 0.857757 -0
    outer loop
      vertex 0.601463 -3.52011 0
      vertex 0.508872 -3.46462 10
      vertex 0.601463 -3.52011 10
    endloop
  endfacet
  facet normal 0.514056 0.857757 0
    outer loop
      vertex 0.508872 -3.46462 10
      vertex 0.601463 -3.52011 0
      vertex 0.508872 -3.46462 0
    endloop
  endfacet
  facet normal 0.427598 0.903969 -0
    outer loop
      vertex 0.699048 -3.56627 0
      vertex 0.601463 -3.52011 10
      vertex 0.699048 -3.56627 10
    endloop
  endfacet
  facet normal 0.427598 0.903969 0
    outer loop
      vertex 0.601463 -3.52011 10
      vertex 0.699048 -3.56627 0
      vertex 0.601463 -3.52011 0
    endloop
  endfacet
  facet normal 0.0490967 0.998794 -0
    outer loop
      vertex 1.12 -3.65 0
      vertex 1.01218 -3.6447 10
      vertex 1.12 -3.65 10
    endloop
  endfacet
  facet normal 0.0490967 0.998794 0
    outer loop
      vertex 1.01218 -3.6447 10
      vertex 1.12 -3.65 0
      vertex 1.01218 -3.6447 0
    endloop
  endfacet
  facet normal 0.857726 0.514107 0
    outer loop
      vertex 0.205383 -3.16113 10
      vertex 0.149886 -3.06854 0
      vertex 0.149886 -3.06854 10
    endloop
  endfacet
  facet normal 0.857726 0.514107 0
    outer loop
      vertex 0.149886 -3.06854 0
      vertex 0.205383 -3.16113 10
      vertex 0.205383 -3.16113 0
    endloop
  endfacet
  facet normal 0.989176 0.146733 0
    outer loop
      vertex 0.0411358 -2.7646 10
      vertex 0.0252962 -2.65782 0
      vertex 0.0252962 -2.65782 10
    endloop
  endfacet
  facet normal 0.989176 0.146733 0
    outer loop
      vertex 0.0252962 -2.65782 0
      vertex 0.0411358 -2.7646 10
      vertex 0.0411358 -2.7646 0
    endloop
  endfacet
  facet normal -0.740991 -0.671515 0
    outer loop
      vertex 1.97031 -1.85217 0
      vertex 1.89782 -1.77218 10
      vertex 1.89782 -1.77218 0
    endloop
  endfacet
  facet normal -0.740991 -0.671515 0
    outer loop
      vertex 1.89782 -1.77218 10
      vertex 1.97031 -1.85217 0
      vertex 1.97031 -1.85217 10
    endloop
  endfacet
  facet normal -0.242906 -0.97005 0
    outer loop
      vertex 1.3346 -1.47114 0
      vertex 1.43931 -1.49736 10
      vertex 1.3346 -1.47114 10
    endloop
  endfacet
  facet normal -0.242906 -0.97005 -0
    outer loop
      vertex 1.43931 -1.49736 10
      vertex 1.3346 -1.47114 0
      vertex 1.43931 -1.49736 0
    endloop
  endfacet
  facet normal -0.427581 -0.903977 0
    outer loop
      vertex 1.54095 -1.53373 0
      vertex 1.63854 -1.57989 10
      vertex 1.54095 -1.53373 10
    endloop
  endfacet
  facet normal -0.427581 -0.903977 -0
    outer loop
      vertex 1.63854 -1.57989 10
      vertex 1.54095 -1.53373 0
      vertex 1.63854 -1.57989 0
    endloop
  endfacet
  facet normal 0.80319 -0.595723 0
    outer loop
      vertex 0.205383 -1.93887 10
      vertex 0.269688 -1.85217 0
      vertex 0.269688 -1.85217 10
    endloop
  endfacet
  facet normal 0.80319 -0.595723 0
    outer loop
      vertex 0.269688 -1.85217 0
      vertex 0.205383 -1.93887 10
      vertex 0.205383 -1.93887 0
    endloop
  endfacet
  facet normal 0.97003 -0.242984 0
    outer loop
      vertex 0.0411358 -2.3354 10
      vertex 0.0673647 -2.23069 0
      vertex 0.0673647 -2.23069 10
    endloop
  endfacet
  facet normal 0.97003 -0.242984 0
    outer loop
      vertex 0.0673647 -2.23069 0
      vertex 0.0411358 -2.3354 10
      vertex 0.0411358 -2.3354 0
    endloop
  endfacet
  facet normal 0.998796 0.0490662 0
    outer loop
      vertex 0.0252962 -2.65782 10
      vertex 0.0199995 -2.55 0
      vertex 0.0199995 -2.55 10
    endloop
  endfacet
  facet normal 0.998796 0.0490662 0
    outer loop
      vertex 0.0199995 -2.55 0
      vertex 0.0252962 -2.65782 10
      vertex 0.0252962 -2.65782 0
    endloop
  endfacet
  facet normal 0.671538 -0.74097 0
    outer loop
      vertex 0.342182 -1.77218 0
      vertex 0.422167 -1.69969 10
      vertex 0.342182 -1.77218 10
    endloop
  endfacet
  facet normal 0.671538 -0.74097 0
    outer loop
      vertex 0.422167 -1.69969 10
      vertex 0.342182 -1.77218 0
      vertex 0.422167 -1.69969 0
    endloop
  endfacet
  facet normal 0.514056 -0.857757 0
    outer loop
      vertex 0.508872 -1.63538 0
      vertex 0.601463 -1.57989 10
      vertex 0.508872 -1.63538 10
    endloop
  endfacet
  facet normal 0.514056 -0.857757 0
    outer loop
      vertex 0.601463 -1.57989 10
      vertex 0.508872 -1.63538 0
      vertex 0.601463 -1.57989 0
    endloop
  endfacet
  facet normal 0.336914 -0.941535 0
    outer loop
      vertex 0.699048 -1.53373 0
      vertex 0.800687 -1.49736 10
      vertex 0.699048 -1.53373 10
    endloop
  endfacet
  facet normal 0.336914 -0.941535 0
    outer loop
      vertex 0.800687 -1.49736 10
      vertex 0.699048 -1.53373 0
      vertex 0.800687 -1.49736 0
    endloop
  endfacet
  facet normal -0.242993 0.970028 0
    outer loop
      vertex 1.43931 -3.60263 0
      vertex 1.3346 -3.62886 10
      vertex 1.43931 -3.60263 10
    endloop
  endfacet
  facet normal -0.242993 0.970028 0
    outer loop
      vertex 1.3346 -3.62886 10
      vertex 1.43931 -3.60263 0
      vertex 1.3346 -3.62886 0
    endloop
  endfacet
  facet normal -0.427581 0.903977 0
    outer loop
      vertex 1.63854 -3.52011 0
      vertex 1.54095 -3.56627 10
      vertex 1.63854 -3.52011 10
    endloop
  endfacet
  facet normal -0.427581 0.903977 0
    outer loop
      vertex 1.54095 -3.56627 10
      vertex 1.63854 -3.52011 0
      vertex 1.54095 -3.56627 0
    endloop
  endfacet
  facet normal -0.941566 0.336829 0
    outer loop
      vertex 2.13627 -2.97095 0
      vertex 2.17263 -2.86931 10
      vertex 2.17263 -2.86931 0
    endloop
  endfacet
  facet normal -0.941566 0.336829 0
    outer loop
      vertex 2.17263 -2.86931 10
      vertex 2.13627 -2.97095 0
      vertex 2.13627 -2.97095 10
    endloop
  endfacet
  facet normal -0.989176 0.146737 0
    outer loop
      vertex 2.19886 -2.7646 0
      vertex 2.2147 -2.65782 10
      vertex 2.2147 -2.65782 0
    endloop
  endfacet
  facet normal -0.989176 0.146737 0
    outer loop
      vertex 2.2147 -2.65782 10
      vertex 2.19886 -2.7646 0
      vertex 2.19886 -2.7646 10
    endloop
  endfacet
  facet normal 0.336832 0.941565 -0
    outer loop
      vertex 0.800687 -3.60263 0
      vertex 0.699048 -3.56627 10
      vertex 0.800687 -3.60263 10
    endloop
  endfacet
  facet normal 0.336832 0.941565 0
    outer loop
      vertex 0.699048 -3.56627 10
      vertex 0.800687 -3.60263 0
      vertex 0.699048 -3.56627 0
    endloop
  endfacet
  facet normal 0.146737 0.989176 -0
    outer loop
      vertex 1.01218 -3.6447 0
      vertex 0.9054 -3.62886 10
      vertex 1.01218 -3.6447 10
    endloop
  endfacet
  facet normal 0.146737 0.989176 0
    outer loop
      vertex 0.9054 -3.62886 10
      vertex 1.01218 -3.6447 0
      vertex 0.9054 -3.62886 0
    endloop
  endfacet
  facet normal 0.80319 0.595723 0
    outer loop
      vertex 0.269688 -3.24783 10
      vertex 0.205383 -3.16113 0
      vertex 0.205383 -3.16113 10
    endloop
  endfacet
  facet normal 0.80319 0.595723 0
    outer loop
      vertex 0.205383 -3.16113 0
      vertex 0.269688 -3.24783 10
      vertex 0.269688 -3.24783 0
    endloop
  endfacet
  facet normal 0.903999 0.427535 0
    outer loop
      vertex 0.149886 -3.06854 10
      vertex 0.103732 -2.97095 0
      vertex 0.103732 -2.97095 10
    endloop
  endfacet
  facet normal 0.903999 0.427535 0
    outer loop
      vertex 0.103732 -2.97095 0
      vertex 0.149886 -3.06854 10
      vertex 0.149886 -3.06854 0
    endloop
  endfacet
  facet normal 0.97003 0.242984 0
    outer loop
      vertex 0.0673647 -2.86931 10
      vertex 0.0411358 -2.7646 0
      vertex 0.0411358 -2.7646 10
    endloop
  endfacet
  facet normal 0.97003 0.242984 0
    outer loop
      vertex 0.0411358 -2.7646 0
      vertex 0.0673647 -2.86931 10
      vertex 0.0673647 -2.86931 0
    endloop
  endfacet
  facet normal -0.998793 -0.0491143 0
    outer loop
      vertex 1.62 -2.55 10.8
      vertex 1.61759 -2.50099 20
      vertex 1.61759 -2.50099 10.8
    endloop
  endfacet
  facet normal -0.998793 -0.0491143 0
    outer loop
      vertex 1.61759 -2.50099 20
      vertex 1.62 -2.55 10.8
      vertex 1.62 -2.55 20
    endloop
  endfacet
  facet normal 0.0491143 -0.998793 0
    outer loop
      vertex 1.07099 -2.05241 10.8
      vertex 1.12 -2.05 20
      vertex 1.07099 -2.05241 20
    endloop
  endfacet
  facet normal 0.0491143 -0.998793 0
    outer loop
      vertex 1.12 -2.05 20
      vertex 1.07099 -2.05241 10.8
      vertex 1.12 -2.05 10.8
    endloop
  endfacet
  facet normal -0.0491143 0.998793 0
    outer loop
      vertex 1.16901 -3.04759 10.8
      vertex 1.12 -3.05 20
      vertex 1.16901 -3.04759 20
    endloop
  endfacet
  facet normal -0.0491143 0.998793 0
    outer loop
      vertex 1.12 -3.05 20
      vertex 1.16901 -3.04759 10.8
      vertex 1.12 -3.05 10.8
    endloop
  endfacet
  facet normal -0.671719 -0.740806 0
    outer loop
      vertex 1.4372 -2.16349 10.8
      vertex 1.47355 -2.19645 20
      vertex 1.4372 -2.16349 20
    endloop
  endfacet
  facet normal -0.671719 -0.740806 -0
    outer loop
      vertex 1.47355 -2.19645 20
      vertex 1.4372 -2.16349 10.8
      vertex 1.47355 -2.19645 10.8
    endloop
  endfacet
  facet normal 0.740898 -0.671618 0
    outer loop
      vertex 0.733495 -2.2328 20
      vertex 0.766446 -2.19645 10.8
      vertex 0.766446 -2.19645 20
    endloop
  endfacet
  facet normal 0.740898 -0.671618 0
    outer loop
      vertex 0.766446 -2.19645 10.8
      vertex 0.733495 -2.2328 20
      vertex 0.733495 -2.2328 10.8
    endloop
  endfacet
  facet normal 0.427567 -0.903984 0
    outer loop
      vertex 0.884301 -2.10904 10.8
      vertex 0.928658 -2.08806 20
      vertex 0.884301 -2.10904 20
    endloop
  endfacet
  facet normal 0.427567 -0.903984 0
    outer loop
      vertex 0.928658 -2.08806 20
      vertex 0.884301 -2.10904 10.8
      vertex 0.928658 -2.08806 10.8
    endloop
  endfacet
  facet normal -0.903995 -0.427543 0
    outer loop
      vertex 1.58194 -2.35866 10.8
      vertex 1.56096 -2.3143 20
      vertex 1.56096 -2.3143 10.8
    endloop
  endfacet
  facet normal -0.903995 -0.427543 0
    outer loop
      vertex 1.56096 -2.3143 20
      vertex 1.58194 -2.35866 10.8
      vertex 1.58194 -2.35866 20
    endloop
  endfacet
  facet normal -0.336879 -0.941548 0
    outer loop
      vertex 1.26514 -2.07153 10.8
      vertex 1.31134 -2.08806 20
      vertex 1.26514 -2.07153 20
    endloop
  endfacet
  facet normal -0.336879 -0.941548 -0
    outer loop
      vertex 1.31134 -2.08806 20
      vertex 1.26514 -2.07153 10.8
      vertex 1.31134 -2.08806 10.8
    endloop
  endfacet
  facet normal -0.514076 -0.857745 0
    outer loop
      vertex 1.3557 -2.10904 10.8
      vertex 1.39778 -2.13426 20
      vertex 1.3557 -2.10904 20
    endloop
  endfacet
  facet normal -0.514076 -0.857745 -0
    outer loop
      vertex 1.39778 -2.13426 20
      vertex 1.3557 -2.10904 10.8
      vertex 1.39778 -2.13426 10.8
    endloop
  endfacet
  facet normal 0.941542 -0.336897 0
    outer loop
      vertex 0.641529 -2.40486 20
      vertex 0.65806 -2.35866 10.8
      vertex 0.65806 -2.35866 20
    endloop
  endfacet
  facet normal 0.941542 -0.336897 0
    outer loop
      vertex 0.65806 -2.35866 10.8
      vertex 0.641529 -2.40486 20
      vertex 0.641529 -2.40486 10.8
    endloop
  endfacet
  facet normal 0.242953 -0.970038 0
    outer loop
      vertex 0.974857 -2.07153 10.8
      vertex 1.02245 -2.05961 20
      vertex 0.974857 -2.07153 20
    endloop
  endfacet
  facet normal 0.242953 -0.970038 0
    outer loop
      vertex 1.02245 -2.05961 20
      vertex 0.974857 -2.07153 10.8
      vertex 1.02245 -2.05961 10.8
    endloop
  endfacet
  facet normal -0.941548 0.336879 0
    outer loop
      vertex 1.58194 -2.74134 10.8
      vertex 1.59847 -2.69514 20
      vertex 1.59847 -2.69514 10.8
    endloop
  endfacet
  facet normal -0.941548 0.336879 0
    outer loop
      vertex 1.59847 -2.69514 20
      vertex 1.58194 -2.74134 10.8
      vertex 1.58194 -2.74134 20
    endloop
  endfacet
  facet normal -0.970047 0.242919 0
    outer loop
      vertex 1.59847 -2.69514 10.8
      vertex 1.61039 -2.64754 20
      vertex 1.61039 -2.64754 10.8
    endloop
  endfacet
  facet normal -0.970047 0.242919 0
    outer loop
      vertex 1.61039 -2.64754 20
      vertex 1.59847 -2.69514 10.8
      vertex 1.59847 -2.69514 20
    endloop
  endfacet
  facet normal 0.671536 0.740972 -0
    outer loop
      vertex 0.802803 -2.9365 10.8
      vertex 0.766446 -2.90355 20
      vertex 0.802803 -2.9365 20
    endloop
  endfacet
  facet normal 0.671536 0.740972 0
    outer loop
      vertex 0.766446 -2.90355 20
      vertex 0.802803 -2.9365 10.8
      vertex 0.766446 -2.90355 10.8
    endloop
  endfacet
  facet normal -0.970034 -0.242967 0
    outer loop
      vertex 1.61039 -2.45245 10.8
      vertex 1.59847 -2.40486 20
      vertex 1.59847 -2.40486 10.8
    endloop
  endfacet
  facet normal -0.970034 -0.242967 0
    outer loop
      vertex 1.59847 -2.40486 20
      vertex 1.61039 -2.45245 10.8
      vertex 1.61039 -2.45245 20
    endloop
  endfacet
  facet normal -0.989177 -0.146726 0
    outer loop
      vertex 1.61759 -2.50099 10.8
      vertex 1.61039 -2.45245 20
      vertex 1.61039 -2.45245 10.8
    endloop
  endfacet
  facet normal -0.989177 -0.146726 0
    outer loop
      vertex 1.61039 -2.45245 20
      vertex 1.61759 -2.50099 10.8
      vertex 1.61759 -2.50099 20
    endloop
  endfacet
  facet normal -0.941548 -0.336879 0
    outer loop
      vertex 1.59847 -2.40486 10.8
      vertex 1.58194 -2.35866 20
      vertex 1.58194 -2.35866 10.8
    endloop
  endfacet
  facet normal -0.941548 -0.336879 0
    outer loop
      vertex 1.58194 -2.35866 20
      vertex 1.59847 -2.40486 10.8
      vertex 1.59847 -2.40486 20
    endloop
  endfacet
  facet normal -0.80329 -0.595588 0
    outer loop
      vertex 1.53573 -2.27221 10.8
      vertex 1.50651 -2.2328 20
      vertex 1.50651 -2.2328 10.8
    endloop
  endfacet
  facet normal -0.80329 -0.595588 0
    outer loop
      vertex 1.50651 -2.2328 20
      vertex 1.53573 -2.27221 10.8
      vertex 1.53573 -2.27221 20
    endloop
  endfacet
  facet normal -0.740806 -0.671719 0
    outer loop
      vertex 1.50651 -2.2328 10.8
      vertex 1.47355 -2.19645 20
      vertex 1.47355 -2.19645 10.8
    endloop
  endfacet
  facet normal -0.740806 -0.671719 0
    outer loop
      vertex 1.47355 -2.19645 20
      vertex 1.50651 -2.2328 10.8
      vertex 1.50651 -2.2328 20
    endloop
  endfacet
  facet normal -0.857709 -0.514136 0
    outer loop
      vertex 1.56096 -2.3143 10.8
      vertex 1.53573 -2.27221 20
      vertex 1.53573 -2.27221 10.8
    endloop
  endfacet
  facet normal -0.857709 -0.514136 0
    outer loop
      vertex 1.53573 -2.27221 20
      vertex 1.56096 -2.3143 10.8
      vertex 1.56096 -2.3143 20
    endloop
  endfacet
  facet normal -0.146755 -0.989173 0
    outer loop
      vertex 1.16901 -2.05241 10.8
      vertex 1.21754 -2.05961 20
      vertex 1.16901 -2.05241 20
    endloop
  endfacet
  facet normal -0.146755 -0.989173 -0
    outer loop
      vertex 1.21754 -2.05961 20
      vertex 1.16901 -2.05241 10.8
      vertex 1.21754 -2.05961 10.8
    endloop
  endfacet
  facet normal -0.242919 -0.970047 0
    outer loop
      vertex 1.21754 -2.05961 10.8
      vertex 1.26514 -2.07153 20
      vertex 1.21754 -2.05961 20
    endloop
  endfacet
  facet normal -0.242919 -0.970047 -0
    outer loop
      vertex 1.26514 -2.07153 20
      vertex 1.21754 -2.05961 10.8
      vertex 1.26514 -2.07153 10.8
    endloop
  endfacet
  facet normal -0.0491143 -0.998793 0
    outer loop
      vertex 1.12 -2.05 10.8
      vertex 1.16901 -2.05241 20
      vertex 1.12 -2.05 20
    endloop
  endfacet
  facet normal -0.0491143 -0.998793 -0
    outer loop
      vertex 1.16901 -2.05241 20
      vertex 1.12 -2.05 10.8
      vertex 1.16901 -2.05241 10.8
    endloop
  endfacet
  facet normal -0.427543 -0.903995 0
    outer loop
      vertex 1.31134 -2.08806 10.8
      vertex 1.3557 -2.10904 20
      vertex 1.31134 -2.08806 20
    endloop
  endfacet
  facet normal -0.427543 -0.903995 -0
    outer loop
      vertex 1.3557 -2.10904 20
      vertex 1.31134 -2.08806 10.8
      vertex 1.3557 -2.10904 10.8
    endloop
  endfacet
  facet normal -0.595622 -0.803265 0
    outer loop
      vertex 1.39778 -2.13426 10.8
      vertex 1.4372 -2.16349 20
      vertex 1.39778 -2.13426 20
    endloop
  endfacet
  facet normal -0.595622 -0.803265 -0
    outer loop
      vertex 1.4372 -2.16349 20
      vertex 1.39778 -2.13426 10.8
      vertex 1.4372 -2.16349 10.8
    endloop
  endfacet
  facet normal 0.989177 -0.146726 0
    outer loop
      vertex 0.622407 -2.50099 20
      vertex 0.629607 -2.45245 10.8
      vertex 0.629607 -2.45245 20
    endloop
  endfacet
  facet normal 0.989177 -0.146726 0
    outer loop
      vertex 0.629607 -2.45245 10.8
      vertex 0.622407 -2.50099 20
      vertex 0.622407 -2.50099 10.8
    endloop
  endfacet
  facet normal 0.857745 -0.514076 0
    outer loop
      vertex 0.679039 -2.3143 20
      vertex 0.704265 -2.27221 10.8
      vertex 0.704265 -2.27221 20
    endloop
  endfacet
  facet normal 0.857745 -0.514076 0
    outer loop
      vertex 0.704265 -2.27221 10.8
      vertex 0.679039 -2.3143 20
      vertex 0.679039 -2.3143 10.8
    endloop
  endfacet
  facet normal 0.803192 -0.59572 0
    outer loop
      vertex 0.704265 -2.27221 20
      vertex 0.733495 -2.2328 10.8
      vertex 0.733495 -2.2328 20
    endloop
  endfacet
  facet normal 0.803192 -0.59572 0
    outer loop
      vertex 0.733495 -2.2328 10.8
      vertex 0.704265 -2.27221 20
      vertex 0.704265 -2.27221 10.8
    endloop
  endfacet
  facet normal 0.904003 -0.427526 0
    outer loop
      vertex 0.65806 -2.35866 20
      vertex 0.679039 -2.3143 10.8
      vertex 0.679039 -2.3143 20
    endloop
  endfacet
  facet normal 0.904003 -0.427526 0
    outer loop
      vertex 0.679039 -2.3143 10.8
      vertex 0.65806 -2.35866 20
      vertex 0.65806 -2.35866 10.8
    endloop
  endfacet
  facet normal 0.970025 -0.243006 0
    outer loop
      vertex 0.629607 -2.45245 20
      vertex 0.641529 -2.40486 10.8
      vertex 0.641529 -2.40486 20
    endloop
  endfacet
  facet normal 0.970025 -0.243006 0
    outer loop
      vertex 0.641529 -2.40486 10.8
      vertex 0.629607 -2.45245 20
      vertex 0.629607 -2.45245 10.8
    endloop
  endfacet
  facet normal 0.998796 -0.0490533 0
    outer loop
      vertex 0.62 -2.55 20
      vertex 0.622407 -2.50099 10.8
      vertex 0.622407 -2.50099 20
    endloop
  endfacet
  facet normal 0.998796 -0.0490533 0
    outer loop
      vertex 0.622407 -2.50099 10.8
      vertex 0.62 -2.55 20
      vertex 0.62 -2.55 10.8
    endloop
  endfacet
  facet normal 0.5957 -0.803207 0
    outer loop
      vertex 0.802803 -2.16349 10.8
      vertex 0.842215 -2.13426 20
      vertex 0.802803 -2.16349 20
    endloop
  endfacet
  facet normal 0.5957 -0.803207 0
    outer loop
      vertex 0.842215 -2.13426 20
      vertex 0.802803 -2.16349 10.8
      vertex 0.842215 -2.13426 10.8
    endloop
  endfacet
  facet normal 0.514022 -0.857777 0
    outer loop
      vertex 0.842215 -2.13426 10.8
      vertex 0.884301 -2.10904 20
      vertex 0.842215 -2.13426 20
    endloop
  endfacet
  facet normal 0.514022 -0.857777 0
    outer loop
      vertex 0.884301 -2.10904 20
      vertex 0.842215 -2.13426 10.8
      vertex 0.884301 -2.10904 10.8
    endloop
  endfacet
  facet normal 0.671648 -0.740871 0
    outer loop
      vertex 0.766446 -2.19645 10.8
      vertex 0.802803 -2.16349 20
      vertex 0.766446 -2.19645 20
    endloop
  endfacet
  facet normal 0.671648 -0.740871 0
    outer loop
      vertex 0.802803 -2.16349 20
      vertex 0.766446 -2.19645 10.8
      vertex 0.802803 -2.16349 10.8
    endloop
  endfacet
  facet normal 0.336885 -0.941546 0
    outer loop
      vertex 0.928658 -2.08806 10.8
      vertex 0.974857 -2.07153 20
      vertex 0.928658 -2.08806 20
    endloop
  endfacet
  facet normal 0.336885 -0.941546 0
    outer loop
      vertex 0.974857 -2.07153 20
      vertex 0.928658 -2.08806 10.8
      vertex 0.974857 -2.07153 10.8
    endloop
  endfacet
  facet normal 0.146726 -0.989177 0
    outer loop
      vertex 1.02245 -2.05961 10.8
      vertex 1.07099 -2.05241 20
      vertex 1.02245 -2.05961 20
    endloop
  endfacet
  facet normal 0.146726 -0.989177 0
    outer loop
      vertex 1.07099 -2.05241 20
      vertex 1.02245 -2.05961 10.8
      vertex 1.07099 -2.05241 10.8
    endloop
  endfacet
  facet normal -0.998793 0.0491143 0
    outer loop
      vertex 1.61759 -2.59901 10.8
      vertex 1.62 -2.55 20
      vertex 1.62 -2.55 10.8
    endloop
  endfacet
  facet normal -0.998793 0.0491143 0
    outer loop
      vertex 1.62 -2.55 20
      vertex 1.61759 -2.59901 10.8
      vertex 1.61759 -2.59901 20
    endloop
  endfacet
  facet normal -0.146755 0.989173 0
    outer loop
      vertex 1.21754 -3.04039 10.8
      vertex 1.16901 -3.04759 20
      vertex 1.21754 -3.04039 20
    endloop
  endfacet
  facet normal -0.146755 0.989173 0
    outer loop
      vertex 1.16901 -3.04759 20
      vertex 1.21754 -3.04039 10.8
      vertex 1.16901 -3.04759 10.8
    endloop
  endfacet
  facet normal -0.336879 0.941548 0
    outer loop
      vertex 1.31134 -3.01194 10.8
      vertex 1.26514 -3.02847 20
      vertex 1.31134 -3.01194 20
    endloop
  endfacet
  facet normal -0.336879 0.941548 0
    outer loop
      vertex 1.26514 -3.02847 20
      vertex 1.31134 -3.01194 10.8
      vertex 1.26514 -3.02847 10.8
    endloop
  endfacet
  facet normal -0.671607 0.740908 0
    outer loop
      vertex 1.47355 -2.90355 10.8
      vertex 1.4372 -2.9365 20
      vertex 1.47355 -2.90355 20
    endloop
  endfacet
  facet normal -0.671607 0.740908 0
    outer loop
      vertex 1.4372 -2.9365 20
      vertex 1.47355 -2.90355 10.8
      vertex 1.4372 -2.9365 10.8
    endloop
  endfacet
  facet normal -0.514226 0.857655 0
    outer loop
      vertex 1.39778 -2.96573 10.8
      vertex 1.3557 -2.99096 20
      vertex 1.39778 -2.96573 20
    endloop
  endfacet
  facet normal -0.514226 0.857655 0
    outer loop
      vertex 1.3557 -2.99096 20
      vertex 1.39778 -2.96573 10.8
      vertex 1.3557 -2.99096 10.8
    endloop
  endfacet
  facet normal -0.803362 0.595491 0
    outer loop
      vertex 1.50651 -2.8672 10.8
      vertex 1.53573 -2.82778 20
      vertex 1.53573 -2.82778 10.8
    endloop
  endfacet
  facet normal -0.803362 0.595491 0
    outer loop
      vertex 1.53573 -2.82778 20
      vertex 1.50651 -2.8672 10.8
      vertex 1.50651 -2.8672 20
    endloop
  endfacet
  facet normal -0.903995 0.427543 0
    outer loop
      vertex 1.56096 -2.7857 10.8
      vertex 1.58194 -2.74134 20
      vertex 1.58194 -2.74134 10.8
    endloop
  endfacet
  facet normal -0.903995 0.427543 0
    outer loop
      vertex 1.58194 -2.74134 20
      vertex 1.56096 -2.7857 10.8
      vertex 1.56096 -2.7857 20
    endloop
  endfacet
  facet normal 0.5957 0.803207 -0
    outer loop
      vertex 0.842215 -2.96573 10.8
      vertex 0.802803 -2.9365 20
      vertex 0.842215 -2.96573 20
    endloop
  endfacet
  facet normal 0.5957 0.803207 0
    outer loop
      vertex 0.802803 -2.9365 20
      vertex 0.842215 -2.96573 10.8
      vertex 0.802803 -2.9365 10.8
    endloop
  endfacet
  facet normal 0.427567 0.903984 -0
    outer loop
      vertex 0.928658 -3.01194 10.8
      vertex 0.884301 -2.99096 20
      vertex 0.928658 -3.01194 20
    endloop
  endfacet
  facet normal 0.427567 0.903984 0
    outer loop
      vertex 0.884301 -2.99096 20
      vertex 0.928658 -3.01194 10.8
      vertex 0.884301 -2.99096 10.8
    endloop
  endfacet
  facet normal 0.242953 0.970038 -0
    outer loop
      vertex 1.02245 -3.04039 10.8
      vertex 0.974857 -3.02847 20
      vertex 1.02245 -3.04039 20
    endloop
  endfacet
  facet normal 0.242953 0.970038 0
    outer loop
      vertex 0.974857 -3.02847 20
      vertex 1.02245 -3.04039 10.8
      vertex 0.974857 -3.02847 10.8
    endloop
  endfacet
  facet normal 0.0491143 0.998793 -0
    outer loop
      vertex 1.12 -3.05 10.8
      vertex 1.07099 -3.04759 20
      vertex 1.12 -3.05 20
    endloop
  endfacet
  facet normal 0.0491143 0.998793 0
    outer loop
      vertex 1.07099 -3.04759 20
      vertex 1.12 -3.05 10.8
      vertex 1.07099 -3.04759 10.8
    endloop
  endfacet
  facet normal 0.803265 0.595622 0
    outer loop
      vertex 0.733495 -2.8672 20
      vertex 0.704265 -2.82778 10.8
      vertex 0.704265 -2.82778 20
    endloop
  endfacet
  facet normal 0.803265 0.595622 0
    outer loop
      vertex 0.704265 -2.82778 10.8
      vertex 0.733495 -2.8672 20
      vertex 0.733495 -2.8672 10.8
    endloop
  endfacet
  facet normal 0.857691 0.514166 0
    outer loop
      vertex 0.704265 -2.82778 20
      vertex 0.679039 -2.7857 10.8
      vertex 0.679039 -2.7857 20
    endloop
  endfacet
  facet normal 0.857691 0.514166 0
    outer loop
      vertex 0.679039 -2.7857 10.8
      vertex 0.704265 -2.82778 20
      vertex 0.704265 -2.82778 10.8
    endloop
  endfacet
  facet normal 0.740898 0.671618 0
    outer loop
      vertex 0.766446 -2.90355 20
      vertex 0.733495 -2.8672 10.8
      vertex 0.733495 -2.8672 20
    endloop
  endfacet
  facet normal 0.740898 0.671618 0
    outer loop
      vertex 0.733495 -2.8672 10.8
      vertex 0.766446 -2.90355 20
      vertex 0.766446 -2.90355 10.8
    endloop
  endfacet
  facet normal 0.941542 0.336897 0
    outer loop
      vertex 0.65806 -2.74134 20
      vertex 0.641529 -2.69514 10.8
      vertex 0.641529 -2.69514 20
    endloop
  endfacet
  facet normal 0.941542 0.336897 0
    outer loop
      vertex 0.641529 -2.69514 10.8
      vertex 0.65806 -2.74134 20
      vertex 0.65806 -2.74134 10.8
    endloop
  endfacet
  facet normal 0.904003 0.427526 0
    outer loop
      vertex 0.679039 -2.7857 20
      vertex 0.65806 -2.74134 10.8
      vertex 0.65806 -2.74134 20
    endloop
  endfacet
  facet normal 0.904003 0.427526 0
    outer loop
      vertex 0.65806 -2.74134 10.8
      vertex 0.679039 -2.7857 20
      vertex 0.679039 -2.7857 10.8
    endloop
  endfacet
  facet normal 0.989173 0.146755 0
    outer loop
      vertex 0.629607 -2.64754 20
      vertex 0.622407 -2.59901 10.8
      vertex 0.622407 -2.59901 20
    endloop
  endfacet
  facet normal 0.989173 0.146755 0
    outer loop
      vertex 0.622407 -2.59901 10.8
      vertex 0.629607 -2.64754 20
      vertex 0.629607 -2.64754 10.8
    endloop
  endfacet
  facet normal 0.998796 0.0490533 0
    outer loop
      vertex 0.622407 -2.59901 20
      vertex 0.62 -2.55 10.8
      vertex 0.62 -2.55 20
    endloop
  endfacet
  facet normal 0.998796 0.0490533 0
    outer loop
      vertex 0.62 -2.55 10.8
      vertex 0.622407 -2.59901 20
      vertex 0.622407 -2.59901 10.8
    endloop
  endfacet
  facet normal -0.242919 0.970047 0
    outer loop
      vertex 1.26514 -3.02847 10.8
      vertex 1.21754 -3.04039 20
      vertex 1.26514 -3.02847 20
    endloop
  endfacet
  facet normal -0.242919 0.970047 0
    outer loop
      vertex 1.21754 -3.04039 20
      vertex 1.26514 -3.02847 10.8
      vertex 1.21754 -3.04039 10.8
    endloop
  endfacet
  facet normal -0.427543 0.903995 0
    outer loop
      vertex 1.3557 -2.99096 10.8
      vertex 1.31134 -3.01194 20
      vertex 1.3557 -2.99096 20
    endloop
  endfacet
  facet normal -0.427543 0.903995 0
    outer loop
      vertex 1.31134 -3.01194 20
      vertex 1.3557 -2.99096 10.8
      vertex 1.31134 -3.01194 10.8
    endloop
  endfacet
  facet normal -0.740806 0.671719 0
    outer loop
      vertex 1.47355 -2.90355 10.8
      vertex 1.50651 -2.8672 20
      vertex 1.50651 -2.8672 10.8
    endloop
  endfacet
  facet normal -0.740806 0.671719 0
    outer loop
      vertex 1.50651 -2.8672 20
      vertex 1.47355 -2.90355 10.8
      vertex 1.47355 -2.90355 20
    endloop
  endfacet
  facet normal -0.595622 0.803265 0
    outer loop
      vertex 1.4372 -2.9365 10.8
      vertex 1.39778 -2.96573 20
      vertex 1.4372 -2.9365 20
    endloop
  endfacet
  facet normal -0.595622 0.803265 0
    outer loop
      vertex 1.39778 -2.96573 20
      vertex 1.4372 -2.9365 10.8
      vertex 1.39778 -2.96573 10.8
    endloop
  endfacet
  facet normal -0.857655 0.514226 0
    outer loop
      vertex 1.53573 -2.82778 10.8
      vertex 1.56096 -2.7857 20
      vertex 1.56096 -2.7857 10.8
    endloop
  endfacet
  facet normal -0.857655 0.514226 0
    outer loop
      vertex 1.56096 -2.7857 20
      vertex 1.53573 -2.82778 10.8
      vertex 1.53573 -2.82778 20
    endloop
  endfacet
  facet normal -0.989173 0.146755 0
    outer loop
      vertex 1.61039 -2.64754 10.8
      vertex 1.61759 -2.59901 20
      vertex 1.61759 -2.59901 10.8
    endloop
  endfacet
  facet normal -0.989173 0.146755 0
    outer loop
      vertex 1.61759 -2.59901 20
      vertex 1.61039 -2.64754 10.8
      vertex 1.61039 -2.64754 20
    endloop
  endfacet
  facet normal 0.514172 0.857687 -0
    outer loop
      vertex 0.884301 -2.99096 10.8
      vertex 0.842215 -2.96573 20
      vertex 0.884301 -2.99096 20
    endloop
  endfacet
  facet normal 0.514172 0.857687 0
    outer loop
      vertex 0.842215 -2.96573 20
      vertex 0.884301 -2.99096 10.8
      vertex 0.842215 -2.96573 10.8
    endloop
  endfacet
  facet normal 0.336885 0.941546 -0
    outer loop
      vertex 0.974857 -3.02847 10.8
      vertex 0.928658 -3.01194 20
      vertex 0.974857 -3.02847 20
    endloop
  endfacet
  facet normal 0.336885 0.941546 0
    outer loop
      vertex 0.928658 -3.01194 20
      vertex 0.974857 -3.02847 10.8
      vertex 0.928658 -3.01194 10.8
    endloop
  endfacet
  facet normal 0.146726 0.989177 -0
    outer loop
      vertex 1.07099 -3.04759 10.8
      vertex 1.02245 -3.04039 20
      vertex 1.07099 -3.04759 20
    endloop
  endfacet
  facet normal 0.146726 0.989177 0
    outer loop
      vertex 1.02245 -3.04039 20
      vertex 1.07099 -3.04759 10.8
      vertex 1.02245 -3.04039 10.8
    endloop
  endfacet
  facet normal 0.970037 0.242958 0
    outer loop
      vertex 0.641529 -2.69514 20
      vertex 0.629607 -2.64754 10.8
      vertex 0.629607 -2.64754 20
    endloop
  endfacet
  facet normal 0.970037 0.242958 0
    outer loop
      vertex 0.629607 -2.64754 10.8
      vertex 0.641529 -2.69514 20
      vertex 0.641529 -2.69514 10.8
    endloop
  endfacet
  facet normal -0.799382 -0.0392944 -0.599537
    outer loop
      vertex 2.2147 -2.44218 10
      vertex 2.22 -2.55 10
      vertex 1.62 -2.55 10.8
    endloop
  endfacet
  facet normal -0.791684 -0.11744 -0.599536
    outer loop
      vertex 2.19886 -2.3354 10
      vertex 2.2147 -2.44218 10
      vertex 1.61039 -2.45245 10.8
    endloop
  endfacet
  facet normal 0.269648 -0.753554 -0.599539
    outer loop
      vertex 0.800687 -1.49736 10
      vertex 0.928658 -2.08806 10.8
      vertex 0.699048 -1.53373 10
    endloop
  endfacet
  facet normal -0.723495 0.342213 -0.599538
    outer loop
      vertex 2.13627 -2.97095 10
      vertex 2.09011 -3.06854 10
      vertex 1.58194 -2.74134 10.8
    endloop
  endfacet
  facet normal 0.686479 -0.411464 -0.599537
    outer loop
      vertex 0.205383 -1.93887 10
      vertex 0.704265 -2.27221 10.8
      vertex 0.149886 -2.03146 10
    endloop
  endfacet
  facet normal 0.642833 -0.476783 -0.599536
    outer loop
      vertex 0.733495 -2.2328 10.8
      vertex 0.704265 -2.27221 10.8
      vertex 0.269688 -1.85217 10
    endloop
  endfacet
  facet normal 0.799383 0.03927 -0.599537
    outer loop
      vertex 0.622407 -2.59901 10.8
      vertex 0.0252962 -2.65782 10
      vertex 0.0199995 -2.55 10
    endloop
  endfacet
  facet normal 0.723515 0.342169 -0.599538
    outer loop
      vertex 0.65806 -2.74134 10.8
      vertex 0.679039 -2.7857 10.8
      vertex 0.103732 -2.97095 10
    endloop
  endfacet
  facet normal -0.723495 -0.342213 -0.599538
    outer loop
      vertex 2.09011 -2.03146 10
      vertex 2.13627 -2.12905 10
      vertex 1.58194 -2.35866 10.8
    endloop
  endfacet
  facet normal -0.642816 0.476811 -0.599533
    outer loop
      vertex 2.03462 -3.16113 10
      vertex 1.97031 -3.24783 10
      vertex 1.50651 -2.8672 10.8
    endloop
  endfacet
  facet normal -0.799382 0.0392944 -0.599537
    outer loop
      vertex 2.22 -2.55 10
      vertex 2.2147 -2.65782 10
      vertex 1.62 -2.55 10.8
    endloop
  endfacet
  facet normal 0.723512 -0.342176 -0.599537
    outer loop
      vertex 0.149886 -2.03146 10
      vertex 0.679039 -2.3143 10.8
      vertex 0.103732 -2.12905 10
    endloop
  endfacet
  facet normal 0.476792 -0.642828 -0.599535
    outer loop
      vertex 0.508872 -1.63538 10
      vertex 0.802803 -2.16349 10.8
      vertex 0.422167 -1.69969 10
    endloop
  endfacet
  facet normal 0.11744 -0.791684 -0.599536
    outer loop
      vertex 1.01218 -1.4553 10
      vertex 1.02245 -2.05961 10.8
      vertex 0.9054 -1.47114 10
    endloop
  endfacet
  facet normal 0.799383 0.0392596 -0.599538
    outer loop
      vertex 0.62 -2.55 10.8
      vertex 0.622407 -2.59901 10.8
      vertex 0.0199995 -2.55 10
    endloop
  endfacet
  facet normal 0.476766 0.642843 -0.599539
    outer loop
      vertex 0.802803 -2.9365 10.8
      vertex 0.842215 -2.96573 10.8
      vertex 0.422167 -3.40031 10
    endloop
  endfacet
  facet normal -0.194419 -0.776372 -0.599539
    outer loop
      vertex 1.43931 -1.49736 10
      vertex 1.26514 -2.07153 10.8
      vertex 1.21754 -2.05961 10.8
    endloop
  endfacet
  facet normal -0.411426 -0.686501 -0.599537
    outer loop
      vertex 1.63854 -1.57989 10
      vertex 1.73113 -1.63538 10
      vertex 1.3557 -2.10904 10.8
    endloop
  endfacet
  facet normal -0.476811 -0.642816 -0.599533
    outer loop
      vertex 1.73113 -1.63538 10
      vertex 1.81783 -1.69969 10
      vertex 1.4372 -2.16349 10.8
    endloop
  endfacet
  facet normal -0.686499 -0.411425 -0.59954
    outer loop
      vertex 2.03462 -1.93887 10
      vertex 2.09011 -2.03146 10
      vertex 1.53573 -2.27221 10.8
    endloop
  endfacet
  facet normal -0.77636 -0.194479 -0.599536
    outer loop
      vertex 2.17263 -2.23069 10
      vertex 2.19886 -2.3354 10
      vertex 1.61039 -2.45245 10.8
    endloop
  endfacet
  facet normal -0.776366 -0.194459 -0.599534
    outer loop
      vertex 2.17263 -2.23069 10
      vertex 1.61039 -2.45245 10.8
      vertex 1.59847 -2.40486 10.8
    endloop
  endfacet
  facet normal -0.0392944 0.799382 -0.599537
    outer loop
      vertex 1.16901 -3.04759 10.8
      vertex 1.22782 -3.6447 10
      vertex 1.12 -3.65 10
    endloop
  endfacet
  facet normal -0.342213 0.723496 -0.599537
    outer loop
      vertex 1.63854 -3.52011 10
      vertex 1.54095 -3.56627 10
      vertex 1.3557 -2.99096 10.8
    endloop
  endfacet
  facet normal -0.194419 0.776373 -0.599539
    outer loop
      vertex 1.26514 -3.02847 10.8
      vertex 1.3346 -3.62886 10
      vertex 1.21754 -3.04039 10.8
    endloop
  endfacet
  facet normal -0.686501 0.411426 -0.599537
    outer loop
      vertex 2.09011 -3.06854 10
      vertex 2.03462 -3.16113 10
      vertex 1.56096 -2.7857 10.8
    endloop
  endfacet
  facet normal -0.776359 0.194479 -0.599537
    outer loop
      vertex 2.19886 -2.7646 10
      vertex 2.17263 -2.86931 10
      vertex 1.61039 -2.64754 10.8
    endloop
  endfacet
  facet normal 0.642832 -0.476785 -0.599536
    outer loop
      vertex 0.269688 -1.85217 10
      vertex 0.704265 -2.27221 10.8
      vertex 0.205383 -1.93887 10
    endloop
  endfacet
  facet normal 0.537549 -0.592951 -0.599542
    outer loop
      vertex 0.802803 -2.16349 10.8
      vertex 0.766446 -2.19645 10.8
      vertex 0.342182 -1.77218 10
    endloop
  endfacet
  facet normal 0.342202 -0.723502 -0.599536
    outer loop
      vertex 0.928658 -2.08806 10.8
      vertex 0.884301 -2.10904 10.8
      vertex 0.601463 -1.57989 10
    endloop
  endfacet
  facet normal 0.0392944 -0.799382 -0.599537
    outer loop
      vertex 1.12 -1.45 10
      vertex 1.12 -2.05 10.8
      vertex 1.01218 -1.4553 10
    endloop
  endfacet
  facet normal 0.753562 -0.269628 -0.599537
    outer loop
      vertex 0.103732 -2.12905 10
      vertex 0.641529 -2.40486 10.8
      vertex 0.0673647 -2.23069 10
    endloop
  endfacet
  facet normal 0.723515 -0.342169 -0.599538
    outer loop
      vertex 0.679039 -2.3143 10.8
      vertex 0.65806 -2.35866 10.8
      vertex 0.103732 -2.12905 10
    endloop
  endfacet
  facet normal 0.776361 -0.194471 -0.599537
    outer loop
      vertex 0.0673647 -2.23069 10
      vertex 0.641529 -2.40486 10.8
      vertex 0.0411358 -2.3354 10
    endloop
  endfacet
  facet normal 0.799383 -0.03927 -0.599537
    outer loop
      vertex 0.0252962 -2.44218 10
      vertex 0.622407 -2.50099 10.8
      vertex 0.0199995 -2.55 10
    endloop
  endfacet
  facet normal 0.476789 0.642824 -0.599541
    outer loop
      vertex 0.842215 -2.96573 10.8
      vertex 0.508872 -3.46462 10
      vertex 0.422167 -3.40031 10
    endloop
  endfacet
  facet normal 0.411421 0.686501 -0.599541
    outer loop
      vertex 0.842215 -2.96573 10.8
      vertex 0.601463 -3.52011 10
      vertex 0.508872 -3.46462 10
    endloop
  endfacet
  facet normal 0.592977 0.537529 -0.599533
    outer loop
      vertex 0.733495 -2.8672 10.8
      vertex 0.766446 -2.90355 10.8
      vertex 0.269688 -3.24783 10
    endloop
  endfacet
  facet normal 0.776361 0.194471 -0.599537
    outer loop
      vertex 0.641529 -2.69514 10.8
      vertex 0.0673647 -2.86931 10
      vertex 0.0411358 -2.7646 10
    endloop
  endfacet
  facet normal -0.11744 -0.791684 -0.599537
    outer loop
      vertex 1.22782 -1.4553 10
      vertex 1.3346 -1.47114 10
      vertex 1.21754 -2.05961 10.8
    endloop
  endfacet
  facet normal -0.194409 -0.776375 -0.599539
    outer loop
      vertex 1.3346 -1.47114 10
      vertex 1.43931 -1.49736 10
      vertex 1.21754 -2.05961 10.8
    endloop
  endfacet
  facet normal -0.342213 -0.723495 -0.599538
    outer loop
      vertex 1.54095 -1.53373 10
      vertex 1.63854 -1.57989 10
      vertex 1.31134 -2.08806 10.8
    endloop
  endfacet
  facet normal -0.593053 -0.537447 -0.599533
    outer loop
      vertex 1.89782 -1.77218 10
      vertex 1.97031 -1.85217 10
      vertex 1.50651 -2.2328 10.8
    endloop
  endfacet
  facet normal -0.642812 -0.476808 -0.599539
    outer loop
      vertex 1.97031 -1.85217 10
      vertex 2.03462 -1.93887 10
      vertex 1.53573 -2.27221 10.8
    endloop
  endfacet
  facet normal -0.642915 -0.476681 -0.599529
    outer loop
      vertex 1.97031 -1.85217 10
      vertex 1.53573 -2.27221 10.8
      vertex 1.50651 -2.2328 10.8
    endloop
  endfacet
  facet normal -0.342183 -0.72351 -0.599536
    outer loop
      vertex 1.63854 -1.57989 10
      vertex 1.3557 -2.10904 10.8
      vertex 1.31134 -2.08806 10.8
    endloop
  endfacet
  facet normal -0.476703 -0.642888 -0.599541
    outer loop
      vertex 1.73113 -1.63538 10
      vertex 1.4372 -2.16349 10.8
      vertex 1.39778 -2.13426 10.8
    endloop
  endfacet
  facet normal -0.537603 -0.592897 -0.599547
    outer loop
      vertex 1.89782 -1.77218 10
      vertex 1.47355 -2.19645 10.8
      vertex 1.4372 -2.16349 10.8
    endloop
  endfacet
  facet normal -0.537447 -0.593053 -0.599533
    outer loop
      vertex 1.81783 -1.69969 10
      vertex 1.89782 -1.77218 10
      vertex 1.4372 -2.16349 10.8
    endloop
  endfacet
  facet normal -0.753579 -0.26958 -0.599537
    outer loop
      vertex 2.13627 -2.12905 10
      vertex 2.17263 -2.23069 10
      vertex 1.58194 -2.35866 10.8
    endloop
  endfacet
  facet normal -0.791685 -0.117432 -0.599537
    outer loop
      vertex 2.2147 -2.44218 10
      vertex 1.61759 -2.50099 10.8
      vertex 1.61039 -2.45245 10.8
    endloop
  endfacet
  facet normal -0.11744 0.791684 -0.599536
    outer loop
      vertex 1.3346 -3.62886 10
      vertex 1.22782 -3.6447 10
      vertex 1.16901 -3.04759 10.8
    endloop
  endfacet
  facet normal 0.11744 0.791684 -0.599536
    outer loop
      vertex 1.07099 -3.04759 10.8
      vertex 1.01218 -3.6447 10
      vertex 0.9054 -3.62886 10
    endloop
  endfacet
  facet normal -0.194479 0.776361 -0.599535
    outer loop
      vertex 1.43931 -3.60263 10
      vertex 1.3346 -3.62886 10
      vertex 1.26514 -3.02847 10.8
    endloop
  endfacet
  facet normal -0.476806 0.64281 -0.599543
    outer loop
      vertex 1.81783 -3.40031 10
      vertex 1.73113 -3.46462 10
      vertex 1.39778 -2.96573 10.8
    endloop
  endfacet
  facet normal -0.411424 0.686497 -0.599543
    outer loop
      vertex 1.73113 -3.46462 10
      vertex 1.63854 -3.52011 10
      vertex 1.39778 -2.96573 10.8
    endloop
  endfacet
  facet normal -0.593053 0.537447 -0.599533
    outer loop
      vertex 1.97031 -3.24783 10
      vertex 1.89782 -3.32782 10
      vertex 1.50651 -2.8672 10.8
    endloop
  endfacet
  facet normal -0.72351 0.342183 -0.599536
    outer loop
      vertex 1.58194 -2.74134 10.8
      vertex 2.09011 -3.06854 10
      vertex 1.56096 -2.7857 10.8
    endloop
  endfacet
  facet normal -0.642961 0.476594 -0.599549
    outer loop
      vertex 1.53573 -2.82778 10.8
      vertex 2.03462 -3.16113 10
      vertex 1.50651 -2.8672 10.8
    endloop
  endfacet
  facet normal -0.753567 0.26962 -0.599535
    outer loop
      vertex 1.59847 -2.69514 10.8
      vertex 2.17263 -2.86931 10
      vertex 1.58194 -2.74134 10.8
    endloop
  endfacet
  facet normal 0.342227 -0.723488 -0.599538
    outer loop
      vertex 0.699048 -1.53373 10
      vertex 0.928658 -2.08806 10.8
      vertex 0.601463 -1.57989 10
    endloop
  endfacet
  facet normal 0.194446 -0.776365 -0.59954
    outer loop
      vertex 1.02245 -2.05961 10.8
      vertex 0.974857 -2.07153 10.8
      vertex 0.800687 -1.49736 10
    endloop
  endfacet
  facet normal 0.194404 -0.776378 -0.599537
    outer loop
      vertex 0.9054 -1.47114 10
      vertex 1.02245 -2.05961 10.8
      vertex 0.800687 -1.49736 10
    endloop
  endfacet
  facet normal 0.269624 -0.753561 -0.599541
    outer loop
      vertex 0.974857 -2.07153 10.8
      vertex 0.928658 -2.08806 10.8
      vertex 0.800687 -1.49736 10
    endloop
  endfacet
  facet normal 0.476767 -0.642845 -0.599537
    outer loop
      vertex 0.842215 -2.13426 10.8
      vertex 0.802803 -2.16349 10.8
      vertex 0.508872 -1.63538 10
    endloop
  endfacet
  facet normal 0.537464 -0.593035 -0.599535
    outer loop
      vertex 0.422167 -1.69969 10
      vertex 0.802803 -2.16349 10.8
      vertex 0.342182 -1.77218 10
    endloop
  endfacet
  facet normal 0.117432 -0.791685 -0.599537
    outer loop
      vertex 1.07099 -2.05241 10.8
      vertex 1.02245 -2.05961 10.8
      vertex 1.01218 -1.4553 10
    endloop
  endfacet
  facet normal -0.0392944 -0.799382 -0.599537
    outer loop
      vertex 1.12 -1.45 10
      vertex 1.22782 -1.4553 10
      vertex 1.12 -2.05 10.8
    endloop
  endfacet
  facet normal 0.686492 -0.411439 -0.599539
    outer loop
      vertex 0.704265 -2.27221 10.8
      vertex 0.679039 -2.3143 10.8
      vertex 0.149886 -2.03146 10
    endloop
  endfacet
  facet normal 0.75356 -0.269634 -0.599537
    outer loop
      vertex 0.65806 -2.35866 10.8
      vertex 0.641529 -2.40486 10.8
      vertex 0.103732 -2.12905 10
    endloop
  endfacet
  facet normal 0.799383 -0.0392596 -0.599538
    outer loop
      vertex 0.622407 -2.50099 10.8
      vertex 0.62 -2.55 10.8
      vertex 0.0199995 -2.55 10
    endloop
  endfacet
  facet normal 0.791684 -0.117437 -0.599537
    outer loop
      vertex 0.0411358 -2.3354 10
      vertex 0.622407 -2.50099 10.8
      vertex 0.0252962 -2.44218 10
    endloop
  endfacet
  facet normal 0.269625 0.753562 -0.599538
    outer loop
      vertex 0.928658 -3.01194 10.8
      vertex 0.974857 -3.02847 10.8
      vertex 0.699048 -3.56627 10
    endloop
  endfacet
  facet normal 0.593034 0.53746 -0.599539
    outer loop
      vertex 0.766446 -2.90355 10.8
      vertex 0.342182 -3.32782 10
      vertex 0.269688 -3.24783 10
    endloop
  endfacet
  facet normal 0.642829 0.476784 -0.59954
    outer loop
      vertex 0.704265 -2.82778 10.8
      vertex 0.269688 -3.24783 10
      vertex 0.205383 -3.16113 10
    endloop
  endfacet
  facet normal -0.269646 -0.753554 -0.599539
    outer loop
      vertex 1.43931 -1.49736 10
      vertex 1.54095 -1.53373 10
      vertex 1.31134 -2.08806 10.8
    endloop
  endfacet
  facet normal -0.269619 -0.753563 -0.599541
    outer loop
      vertex 1.43931 -1.49736 10
      vertex 1.31134 -2.08806 10.8
      vertex 1.26514 -2.07153 10.8
    endloop
  endfacet
  facet normal -0.686465 -0.411488 -0.599536
    outer loop
      vertex 2.09011 -2.03146 10
      vertex 1.56096 -2.3143 10.8
      vertex 1.53573 -2.27221 10.8
    endloop
  endfacet
  facet normal -0.592897 -0.537603 -0.599547
    outer loop
      vertex 1.89782 -1.77218 10
      vertex 1.50651 -2.2328 10.8
      vertex 1.47355 -2.19645 10.8
    endloop
  endfacet
  facet normal -0.753567 -0.26962 -0.599535
    outer loop
      vertex 2.17263 -2.23069 10
      vertex 1.59847 -2.40486 10.8
      vertex 1.58194 -2.35866 10.8
    endloop
  endfacet
  facet normal -0.799381 -0.0393085 -0.599537
    outer loop
      vertex 2.2147 -2.44218 10
      vertex 1.62 -2.55 10.8
      vertex 1.61759 -2.50099 10.8
    endloop
  endfacet
  facet normal -0.269581 0.75358 -0.599536
    outer loop
      vertex 1.54095 -3.56627 10
      vertex 1.43931 -3.60263 10
      vertex 1.26514 -3.02847 10.8
    endloop
  endfacet
  facet normal -0.117455 0.791681 -0.599537
    outer loop
      vertex 1.21754 -3.04039 10.8
      vertex 1.3346 -3.62886 10
      vertex 1.16901 -3.04759 10.8
    endloop
  endfacet
  facet normal 0.0392944 0.799382 -0.599537
    outer loop
      vertex 1.07099 -3.04759 10.8
      vertex 1.12 -3.65 10
      vertex 1.01218 -3.6447 10
    endloop
  endfacet
  facet normal 0.269583 0.753579 -0.599536
    outer loop
      vertex 0.974857 -3.02847 10.8
      vertex 0.800687 -3.60263 10
      vertex 0.699048 -3.56627 10
    endloop
  endfacet
  facet normal -0.342182 0.723509 -0.599539
    outer loop
      vertex 1.3557 -2.99096 10.8
      vertex 1.54095 -3.56627 10
      vertex 1.31134 -3.01194 10.8
    endloop
  endfacet
  facet normal -0.592897 0.537603 -0.599547
    outer loop
      vertex 1.50651 -2.8672 10.8
      vertex 1.89782 -3.32782 10
      vertex 1.47355 -2.90355 10.8
    endloop
  endfacet
  facet normal -0.411561 0.686424 -0.599534
    outer loop
      vertex 1.39778 -2.96573 10.8
      vertex 1.63854 -3.52011 10
      vertex 1.3557 -2.99096 10.8
    endloop
  endfacet
  facet normal -0.537443 0.593048 -0.599541
    outer loop
      vertex 1.89782 -3.32782 10
      vertex 1.81783 -3.40031 10
      vertex 1.47355 -2.90355 10.8
    endloop
  endfacet
  facet normal -0.686415 0.411555 -0.599547
    outer loop
      vertex 1.56096 -2.7857 10.8
      vertex 2.03462 -3.16113 10
      vertex 1.53573 -2.82778 10.8
    endloop
  endfacet
  facet normal -0.753579 0.26958 -0.599537
    outer loop
      vertex 2.17263 -2.86931 10
      vertex 2.13627 -2.97095 10
      vertex 1.58194 -2.74134 10.8
    endloop
  endfacet
  facet normal -0.791684 0.11744 -0.599537
    outer loop
      vertex 2.2147 -2.65782 10
      vertex 2.19886 -2.7646 10
      vertex 1.61039 -2.64754 10.8
    endloop
  endfacet
  facet normal 0.411423 -0.686503 -0.599537
    outer loop
      vertex 0.601463 -1.57989 10
      vertex 0.884301 -2.10904 10.8
      vertex 0.508872 -1.63538 10
    endloop
  endfacet
  facet normal 0.411397 -0.686521 -0.599535
    outer loop
      vertex 0.884301 -2.10904 10.8
      vertex 0.842215 -2.13426 10.8
      vertex 0.508872 -1.63538 10
    endloop
  endfacet
  facet normal 0.593034 -0.53746 -0.599539
    outer loop
      vertex 0.342182 -1.77218 10
      vertex 0.766446 -2.19645 10.8
      vertex 0.269688 -1.85217 10
    endloop
  endfacet
  facet normal 0.592977 -0.537529 -0.599533
    outer loop
      vertex 0.766446 -2.19645 10.8
      vertex 0.733495 -2.2328 10.8
      vertex 0.269688 -1.85217 10
    endloop
  endfacet
  facet normal 0.0393085 -0.799381 -0.599537
    outer loop
      vertex 1.12 -2.05 10.8
      vertex 1.07099 -2.05241 10.8
      vertex 1.01218 -1.4553 10
    endloop
  endfacet
  facet normal 0.776357 -0.194489 -0.599536
    outer loop
      vertex 0.641529 -2.40486 10.8
      vertex 0.629607 -2.45245 10.8
      vertex 0.0411358 -2.3354 10
    endloop
  endfacet
  facet normal 0.791685 -0.117432 -0.599537
    outer loop
      vertex 0.629607 -2.45245 10.8
      vertex 0.622407 -2.50099 10.8
      vertex 0.0411358 -2.3354 10
    endloop
  endfacet
  facet normal 0.342227 0.723489 -0.599536
    outer loop
      vertex 0.884301 -2.99096 10.8
      vertex 0.699048 -3.56627 10
      vertex 0.601463 -3.52011 10
    endloop
  endfacet
  facet normal 0.194474 0.776362 -0.599535
    outer loop
      vertex 0.974857 -3.02847 10.8
      vertex 0.9054 -3.62886 10
      vertex 0.800687 -3.60263 10
    endloop
  endfacet
  facet normal 0.342201 0.7235 -0.599538
    outer loop
      vertex 0.884301 -2.99096 10.8
      vertex 0.928658 -3.01194 10.8
      vertex 0.699048 -3.56627 10
    endloop
  endfacet
  facet normal 0.723512 0.342176 -0.599537
    outer loop
      vertex 0.679039 -2.7857 10.8
      vertex 0.149886 -3.06854 10
      vertex 0.103732 -2.97095 10
    endloop
  endfacet
  facet normal 0.753562 0.269628 -0.599537
    outer loop
      vertex 0.641529 -2.69514 10.8
      vertex 0.103732 -2.97095 10
      vertex 0.0673647 -2.86931 10
    endloop
  endfacet
  facet normal 0.75356 0.269634 -0.599537
    outer loop
      vertex 0.641529 -2.69514 10.8
      vertex 0.65806 -2.74134 10.8
      vertex 0.103732 -2.97095 10
    endloop
  endfacet
  facet normal 0.791684 0.117437 -0.599537
    outer loop
      vertex 0.622407 -2.59901 10.8
      vertex 0.0411358 -2.7646 10
      vertex 0.0252962 -2.65782 10
    endloop
  endfacet
  facet normal 0.686451 0.411511 -0.599537
    outer loop
      vertex 0.679039 -2.7857 10.8
      vertex 0.704265 -2.82778 10.8
      vertex 0.149886 -3.06854 10
    endloop
  endfacet
  facet normal 0.686476 0.411463 -0.59954
    outer loop
      vertex 0.704265 -2.82778 10.8
      vertex 0.205383 -3.16113 10
      vertex 0.149886 -3.06854 10
    endloop
  endfacet
  facet normal 0.537462 0.593032 -0.599539
    outer loop
      vertex 0.766446 -2.90355 10.8
      vertex 0.422167 -3.40031 10
      vertex 0.342182 -3.32782 10
    endloop
  endfacet
  facet normal 0.53746 0.593033 -0.59954
    outer loop
      vertex 0.766446 -2.90355 10.8
      vertex 0.802803 -2.9365 10.8
      vertex 0.422167 -3.40031 10
    endloop
  endfacet
  facet normal -0.117455 -0.791682 -0.599536
    outer loop
      vertex 1.22782 -1.4553 10
      vertex 1.21754 -2.05961 10.8
      vertex 1.16901 -2.05241 10.8
    endloop
  endfacet
  facet normal -0.0393085 -0.799381 -0.599537
    outer loop
      vertex 1.22782 -1.4553 10
      vertex 1.16901 -2.05241 10.8
      vertex 1.12 -2.05 10.8
    endloop
  endfacet
  facet normal -0.411439 -0.686493 -0.599538
    outer loop
      vertex 1.73113 -1.63538 10
      vertex 1.39778 -2.13426 10.8
      vertex 1.3557 -2.10904 10.8
    endloop
  endfacet
  facet normal -0.72351 -0.342183 -0.599536
    outer loop
      vertex 2.09011 -2.03146 10
      vertex 1.58194 -2.35866 10.8
      vertex 1.56096 -2.3143 10.8
    endloop
  endfacet
  facet normal 0.0393085 0.799382 -0.599536
    outer loop
      vertex 1.12 -3.05 10.8
      vertex 1.12 -3.65 10
      vertex 1.07099 -3.04759 10.8
    endloop
  endfacet
  facet normal -0.0393085 0.799382 -0.599536
    outer loop
      vertex 1.12 -3.05 10.8
      vertex 1.16901 -3.04759 10.8
      vertex 1.12 -3.65 10
    endloop
  endfacet
  facet normal 0.117432 0.791686 -0.599536
    outer loop
      vertex 1.02245 -3.04039 10.8
      vertex 1.07099 -3.04759 10.8
      vertex 0.9054 -3.62886 10
    endloop
  endfacet
  facet normal -0.269619 0.753564 -0.599538
    outer loop
      vertex 1.31134 -3.01194 10.8
      vertex 1.54095 -3.56627 10
      vertex 1.26514 -3.02847 10.8
    endloop
  endfacet
  facet normal -0.476705 0.642892 -0.599535
    outer loop
      vertex 1.4372 -2.9365 10.8
      vertex 1.81783 -3.40031 10
      vertex 1.39778 -2.96573 10.8
    endloop
  endfacet
  facet normal -0.537519 0.592984 -0.599535
    outer loop
      vertex 1.47355 -2.90355 10.8
      vertex 1.81783 -3.40031 10
      vertex 1.4372 -2.9365 10.8
    endloop
  endfacet
  facet normal -0.776377 0.19442 -0.599533
    outer loop
      vertex 1.61039 -2.64754 10.8
      vertex 2.17263 -2.86931 10
      vertex 1.59847 -2.69514 10.8
    endloop
  endfacet
  facet normal -0.791682 0.117455 -0.599536
    outer loop
      vertex 1.61759 -2.59901 10.8
      vertex 2.2147 -2.65782 10
      vertex 1.61039 -2.64754 10.8
    endloop
  endfacet
  facet normal -0.799381 0.0393085 -0.599537
    outer loop
      vertex 1.62 -2.55 10.8
      vertex 2.2147 -2.65782 10
      vertex 1.61759 -2.59901 10.8
    endloop
  endfacet
  facet normal 0.411517 0.686449 -0.599534
    outer loop
      vertex 0.842215 -2.96573 10.8
      vertex 0.884301 -2.99096 10.8
      vertex 0.601463 -3.52011 10
    endloop
  endfacet
  facet normal 0.791681 0.117455 -0.599538
    outer loop
      vertex 0.622407 -2.59901 10.8
      vertex 0.629607 -2.64754 10.8
      vertex 0.0411358 -2.7646 10
    endloop
  endfacet
  facet normal 0.776365 0.19445 -0.599539
    outer loop
      vertex 0.629607 -2.64754 10.8
      vertex 0.641529 -2.69514 10.8
      vertex 0.0411358 -2.7646 10
    endloop
  endfacet
  facet normal 0.642893 0.476706 -0.599533
    outer loop
      vertex 0.704265 -2.82778 10.8
      vertex 0.733495 -2.8672 10.8
      vertex 0.269688 -3.24783 10
    endloop
  endfacet
  facet normal 0.194447 0.776368 -0.599536
    outer loop
      vertex 0.974857 -3.02847 10.8
      vertex 1.02245 -3.04039 10.8
      vertex 0.9054 -3.62886 10
    endloop
  endfacet
  facet normal -0.97003 -0.242984 0
    outer loop
      vertex -0.0411358 -2.3354 0
      vertex -0.0673647 -2.23069 10
      vertex -0.0673647 -2.23069 0
    endloop
  endfacet
  facet normal -0.97003 -0.242984 0
    outer loop
      vertex -0.0673647 -2.23069 10
      vertex -0.0411358 -2.3354 0
      vertex -0.0411358 -2.3354 10
    endloop
  endfacet
  facet normal -0.998796 -0.0490662 0
    outer loop
      vertex -0.0199995 -2.55 0
      vertex -0.0252962 -2.44218 10
      vertex -0.0252962 -2.44218 0
    endloop
  endfacet
  facet normal -0.998796 -0.0490662 0
    outer loop
      vertex -0.0252962 -2.44218 10
      vertex -0.0199995 -2.55 0
      vertex -0.0199995 -2.55 10
    endloop
  endfacet
  facet normal 0.0490967 -0.998794 0
    outer loop
      vertex -1.22782 -1.4553 0
      vertex -1.12 -1.45 10
      vertex -1.22782 -1.4553 10
    endloop
  endfacet
  facet normal 0.0490967 -0.998794 0
    outer loop
      vertex -1.12 -1.45 10
      vertex -1.22782 -1.4553 0
      vertex -1.12 -1.45 0
    endloop
  endfacet
  facet normal -0.671538 -0.74097 0
    outer loop
      vertex -0.422167 -1.69969 0
      vertex -0.342182 -1.77218 10
      vertex -0.422167 -1.69969 10
    endloop
  endfacet
  facet normal -0.671538 -0.74097 -0
    outer loop
      vertex -0.342182 -1.77218 10
      vertex -0.422167 -1.69969 0
      vertex -0.342182 -1.77218 0
    endloop
  endfacet
  facet normal 0.740991 -0.671515 0
    outer loop
      vertex -1.97031 -1.85217 10
      vertex -1.89782 -1.77218 0
      vertex -1.89782 -1.77218 10
    endloop
  endfacet
  facet normal 0.740991 -0.671515 0
    outer loop
      vertex -1.89782 -1.77218 0
      vertex -1.97031 -1.85217 10
      vertex -1.97031 -1.85217 0
    endloop
  endfacet
  facet normal 0.427581 -0.903977 0
    outer loop
      vertex -1.63854 -1.57989 0
      vertex -1.54095 -1.53373 10
      vertex -1.63854 -1.57989 10
    endloop
  endfacet
  facet normal 0.427581 -0.903977 0
    outer loop
      vertex -1.54095 -1.53373 10
      vertex -1.63854 -1.57989 0
      vertex -1.54095 -1.53373 0
    endloop
  endfacet
  facet normal 0.740991 0.671515 0
    outer loop
      vertex -1.89782 -3.32782 10
      vertex -1.97031 -3.24783 0
      vertex -1.97031 -3.24783 10
    endloop
  endfacet
  facet normal 0.740991 0.671515 0
    outer loop
      vertex -1.97031 -3.24783 0
      vertex -1.89782 -3.32782 10
      vertex -1.89782 -3.32782 0
    endloop
  endfacet
  facet normal -0.941544 -0.336889 0
    outer loop
      vertex -0.0673647 -2.23069 0
      vertex -0.103732 -2.12905 10
      vertex -0.103732 -2.12905 0
    endloop
  endfacet
  facet normal -0.941544 -0.336889 0
    outer loop
      vertex -0.103732 -2.12905 10
      vertex -0.0673647 -2.23069 0
      vertex -0.0673647 -2.23069 10
    endloop
  endfacet
  facet normal -0.336914 -0.941535 0
    outer loop
      vertex -0.800687 -1.49736 0
      vertex -0.699048 -1.53373 10
      vertex -0.800687 -1.49736 10
    endloop
  endfacet
  facet normal -0.336914 -0.941535 -0
    outer loop
      vertex -0.699048 -1.53373 10
      vertex -0.800687 -1.49736 0
      vertex -0.699048 -1.53373 0
    endloop
  endfacet
  facet normal 0.903977 -0.427581 0
    outer loop
      vertex -2.13627 -2.12905 10
      vertex -2.09011 -2.03146 0
      vertex -2.09011 -2.03146 10
    endloop
  endfacet
  facet normal 0.903977 -0.427581 0
    outer loop
      vertex -2.09011 -2.03146 0
      vertex -2.13627 -2.12905 10
      vertex -2.13627 -2.12905 0
    endloop
  endfacet
  facet normal 0.857754 -0.51406 0
    outer loop
      vertex -2.09011 -2.03146 10
      vertex -2.03462 -1.93887 0
      vertex -2.03462 -1.93887 10
    endloop
  endfacet
  facet normal 0.857754 -0.51406 0
    outer loop
      vertex -2.03462 -1.93887 0
      vertex -2.09011 -2.03146 10
      vertex -2.09011 -2.03146 0
    endloop
  endfacet
  facet normal 0.998794 0.0490967 0
    outer loop
      vertex -2.2147 -2.65782 10
      vertex -2.22 -2.55 0
      vertex -2.22 -2.55 10
    endloop
  endfacet
  facet normal 0.998794 0.0490967 0
    outer loop
      vertex -2.22 -2.55 0
      vertex -2.2147 -2.65782 10
      vertex -2.2147 -2.65782 0
    endloop
  endfacet
  facet normal -0.903999 0.427535 0
    outer loop
      vertex -0.149886 -3.06854 0
      vertex -0.103732 -2.97095 10
      vertex -0.103732 -2.97095 0
    endloop
  endfacet
  facet normal -0.903999 0.427535 0
    outer loop
      vertex -0.103732 -2.97095 10
      vertex -0.149886 -3.06854 0
      vertex -0.149886 -3.06854 10
    endloop
  endfacet
  facet normal -0.336832 0.941565 0
    outer loop
      vertex -0.699048 -3.56627 0
      vertex -0.800687 -3.60263 10
      vertex -0.699048 -3.56627 10
    endloop
  endfacet
  facet normal -0.336832 0.941565 0
    outer loop
      vertex -0.800687 -3.60263 10
      vertex -0.699048 -3.56627 0
      vertex -0.800687 -3.60263 0
    endloop
  endfacet
  facet normal -0.740973 0.671535 0
    outer loop
      vertex -0.342182 -3.32782 0
      vertex -0.269688 -3.24783 10
      vertex -0.269688 -3.24783 0
    endloop
  endfacet
  facet normal -0.740973 0.671535 0
    outer loop
      vertex -0.269688 -3.24783 10
      vertex -0.342182 -3.32782 0
      vertex -0.342182 -3.32782 10
    endloop
  endfacet
  facet normal -0.97003 0.242984 0
    outer loop
      vertex -0.0673647 -2.86931 0
      vertex -0.0411358 -2.7646 10
      vertex -0.0411358 -2.7646 0
    endloop
  endfacet
  facet normal -0.97003 0.242984 0
    outer loop
      vertex -0.0411358 -2.7646 10
      vertex -0.0673647 -2.86931 0
      vertex -0.0673647 -2.86931 10
    endloop
  endfacet
  facet normal 0.242993 0.970028 -0
    outer loop
      vertex -1.3346 -3.62886 0
      vertex -1.43931 -3.60263 10
      vertex -1.3346 -3.62886 10
    endloop
  endfacet
  facet normal 0.242993 0.970028 0
    outer loop
      vertex -1.43931 -3.60263 10
      vertex -1.3346 -3.62886 0
      vertex -1.43931 -3.60263 0
    endloop
  endfacet
  facet normal 0.427581 0.903977 -0
    outer loop
      vertex -1.54095 -3.56627 0
      vertex -1.63854 -3.52011 10
      vertex -1.54095 -3.56627 10
    endloop
  endfacet
  facet normal 0.427581 0.903977 0
    outer loop
      vertex -1.63854 -3.52011 10
      vertex -1.54095 -3.56627 0
      vertex -1.63854 -3.52011 0
    endloop
  endfacet
  facet normal -0.903999 -0.427535 0
    outer loop
      vertex -0.103732 -2.12905 0
      vertex -0.149886 -2.03146 10
      vertex -0.149886 -2.03146 0
    endloop
  endfacet
  facet normal -0.903999 -0.427535 0
    outer loop
      vertex -0.149886 -2.03146 10
      vertex -0.103732 -2.12905 0
      vertex -0.103732 -2.12905 10
    endloop
  endfacet
  facet normal -0.857726 -0.514107 0
    outer loop
      vertex -0.149886 -2.03146 0
      vertex -0.205383 -1.93887 10
      vertex -0.205383 -1.93887 0
    endloop
  endfacet
  facet normal -0.857726 -0.514107 0
    outer loop
      vertex -0.205383 -1.93887 10
      vertex -0.149886 -2.03146 0
      vertex -0.149886 -2.03146 10
    endloop
  endfacet
  facet normal -0.80319 -0.595723 0
    outer loop
      vertex -0.205383 -1.93887 0
      vertex -0.269688 -1.85217 10
      vertex -0.269688 -1.85217 0
    endloop
  endfacet
  facet normal -0.80319 -0.595723 0
    outer loop
      vertex -0.269688 -1.85217 10
      vertex -0.205383 -1.93887 0
      vertex -0.205383 -1.93887 10
    endloop
  endfacet
  facet normal -0.146737 -0.989176 0
    outer loop
      vertex -1.01218 -1.4553 0
      vertex -0.9054 -1.47114 10
      vertex -1.01218 -1.4553 10
    endloop
  endfacet
  facet normal -0.146737 -0.989176 -0
    outer loop
      vertex -0.9054 -1.47114 10
      vertex -1.01218 -1.4553 0
      vertex -0.9054 -1.47114 0
    endloop
  endfacet
  facet normal -0.59573 -0.803185 0
    outer loop
      vertex -0.508872 -1.63538 0
      vertex -0.422167 -1.69969 10
      vertex -0.508872 -1.63538 10
    endloop
  endfacet
  facet normal -0.59573 -0.803185 -0
    outer loop
      vertex -0.422167 -1.69969 10
      vertex -0.508872 -1.63538 0
      vertex -0.422167 -1.69969 0
    endloop
  endfacet
  facet normal -0.514056 -0.857757 0
    outer loop
      vertex -0.601463 -1.57989 0
      vertex -0.508872 -1.63538 10
      vertex -0.601463 -1.57989 10
    endloop
  endfacet
  facet normal -0.514056 -0.857757 -0
    outer loop
      vertex -0.508872 -1.63538 10
      vertex -0.601463 -1.57989 0
      vertex -0.508872 -1.63538 0
    endloop
  endfacet
  facet normal 0.803168 -0.595752 0
    outer loop
      vertex -2.03462 -1.93887 10
      vertex -1.97031 -1.85217 0
      vertex -1.97031 -1.85217 10
    endloop
  endfacet
  facet normal 0.803168 -0.595752 0
    outer loop
      vertex -1.97031 -1.85217 0
      vertex -2.03462 -1.93887 10
      vertex -2.03462 -1.93887 0
    endloop
  endfacet
  facet normal 0.941566 -0.336829 0
    outer loop
      vertex -2.17263 -2.23069 10
      vertex -2.13627 -2.12905 0
      vertex -2.13627 -2.12905 10
    endloop
  endfacet
  facet normal 0.941566 -0.336829 0
    outer loop
      vertex -2.13627 -2.12905 0
      vertex -2.17263 -2.23069 10
      vertex -2.17263 -2.23069 0
    endloop
  endfacet
  facet normal 0.970028 -0.242993 0
    outer loop
      vertex -2.19886 -2.3354 10
      vertex -2.17263 -2.23069 0
      vertex -2.17263 -2.23069 10
    endloop
  endfacet
  facet normal 0.970028 -0.242993 0
    outer loop
      vertex -2.17263 -2.23069 0
      vertex -2.19886 -2.3354 10
      vertex -2.19886 -2.3354 0
    endloop
  endfacet
  facet normal 0.989176 -0.146737 0
    outer loop
      vertex -2.2147 -2.44218 10
      vertex -2.19886 -2.3354 0
      vertex -2.19886 -2.3354 10
    endloop
  endfacet
  facet normal 0.989176 -0.146737 0
    outer loop
      vertex -2.19886 -2.3354 0
      vertex -2.2147 -2.44218 10
      vertex -2.2147 -2.44218 0
    endloop
  endfacet
  facet normal 0.595752 -0.803168 0
    outer loop
      vertex -1.81783 -1.69969 0
      vertex -1.73113 -1.63538 10
      vertex -1.81783 -1.69969 10
    endloop
  endfacet
  facet normal 0.595752 -0.803168 0
    outer loop
      vertex -1.73113 -1.63538 10
      vertex -1.81783 -1.69969 0
      vertex -1.73113 -1.63538 0
    endloop
  endfacet
  facet normal 0.146737 -0.989176 0
    outer loop
      vertex -1.3346 -1.47114 0
      vertex -1.22782 -1.4553 10
      vertex -1.3346 -1.47114 10
    endloop
  endfacet
  facet normal 0.146737 -0.989176 0
    outer loop
      vertex -1.22782 -1.4553 10
      vertex -1.3346 -1.47114 0
      vertex -1.22782 -1.4553 0
    endloop
  endfacet
  facet normal 0.242906 -0.97005 0
    outer loop
      vertex -1.43931 -1.49736 0
      vertex -1.3346 -1.47114 10
      vertex -1.43931 -1.49736 10
    endloop
  endfacet
  facet normal 0.242906 -0.97005 0
    outer loop
      vertex -1.3346 -1.47114 10
      vertex -1.43931 -1.49736 0
      vertex -1.3346 -1.47114 0
    endloop
  endfacet
  facet normal -0.146737 0.989176 0
    outer loop
      vertex -0.9054 -3.62886 0
      vertex -1.01218 -3.6447 10
      vertex -0.9054 -3.62886 10
    endloop
  endfacet
  facet normal -0.146737 0.989176 0
    outer loop
      vertex -1.01218 -3.6447 10
      vertex -0.9054 -3.62886 0
      vertex -1.01218 -3.6447 0
    endloop
  endfacet
  facet normal -0.242987 0.97003 0
    outer loop
      vertex -0.800687 -3.60263 0
      vertex -0.9054 -3.62886 10
      vertex -0.800687 -3.60263 10
    endloop
  endfacet
  facet normal -0.242987 0.97003 0
    outer loop
      vertex -0.9054 -3.62886 10
      vertex -0.800687 -3.60263 0
      vertex -0.9054 -3.62886 0
    endloop
  endfacet
  facet normal -0.514056 0.857757 0
    outer loop
      vertex -0.508872 -3.46462 0
      vertex -0.601463 -3.52011 10
      vertex -0.508872 -3.46462 10
    endloop
  endfacet
  facet normal -0.514056 0.857757 0
    outer loop
      vertex -0.601463 -3.52011 10
      vertex -0.508872 -3.46462 0
      vertex -0.601463 -3.52011 0
    endloop
  endfacet
  facet normal -0.671538 0.74097 0
    outer loop
      vertex -0.342182 -3.32782 0
      vertex -0.422167 -3.40031 10
      vertex -0.342182 -3.32782 10
    endloop
  endfacet
  facet normal -0.671538 0.74097 0
    outer loop
      vertex -0.422167 -3.40031 10
      vertex -0.342182 -3.32782 0
      vertex -0.422167 -3.40031 0
    endloop
  endfacet
  facet normal -0.59573 0.803185 0
    outer loop
      vertex -0.422167 -3.40031 0
      vertex -0.508872 -3.46462 10
      vertex -0.422167 -3.40031 10
    endloop
  endfacet
  facet normal -0.59573 0.803185 0
    outer loop
      vertex -0.508872 -3.46462 10
      vertex -0.422167 -3.40031 0
      vertex -0.508872 -3.46462 0
    endloop
  endfacet
  facet normal -0.80319 0.595723 0
    outer loop
      vertex -0.269688 -3.24783 0
      vertex -0.205383 -3.16113 10
      vertex -0.205383 -3.16113 0
    endloop
  endfacet
  facet normal -0.80319 0.595723 0
    outer loop
      vertex -0.205383 -3.16113 10
      vertex -0.269688 -3.24783 0
      vertex -0.269688 -3.24783 10
    endloop
  endfacet
  facet normal -0.857726 0.514107 0
    outer loop
      vertex -0.205383 -3.16113 0
      vertex -0.149886 -3.06854 10
      vertex -0.149886 -3.06854 0
    endloop
  endfacet
  facet normal -0.857726 0.514107 0
    outer loop
      vertex -0.149886 -3.06854 10
      vertex -0.205383 -3.16113 0
      vertex -0.205383 -3.16113 10
    endloop
  endfacet
  facet normal 0.0490967 0.998794 -0
    outer loop
      vertex -1.12 -3.65 0
      vertex -1.22782 -3.6447 10
      vertex -1.12 -3.65 10
    endloop
  endfacet
  facet normal 0.0490967 0.998794 0
    outer loop
      vertex -1.22782 -3.6447 10
      vertex -1.12 -3.65 0
      vertex -1.22782 -3.6447 0
    endloop
  endfacet
  facet normal 0.595752 0.803168 -0
    outer loop
      vertex -1.73113 -3.46462 0
      vertex -1.81783 -3.40031 10
      vertex -1.73113 -3.46462 10
    endloop
  endfacet
  facet normal 0.595752 0.803168 0
    outer loop
      vertex -1.81783 -3.40031 10
      vertex -1.73113 -3.46462 0
      vertex -1.81783 -3.40031 0
    endloop
  endfacet
  facet normal -0.0490967 0.998794 0
    outer loop
      vertex -1.01218 -3.6447 0
      vertex -1.12 -3.65 10
      vertex -1.01218 -3.6447 10
    endloop
  endfacet
  facet normal -0.0490967 0.998794 0
    outer loop
      vertex -1.12 -3.65 10
      vertex -1.01218 -3.6447 0
      vertex -1.12 -3.65 0
    endloop
  endfacet
  facet normal 0.51406 0.857754 -0
    outer loop
      vertex -1.63854 -3.52011 0
      vertex -1.73113 -3.46462 10
      vertex -1.63854 -3.52011 10
    endloop
  endfacet
  facet normal 0.51406 0.857754 0
    outer loop
      vertex -1.73113 -3.46462 10
      vertex -1.63854 -3.52011 0
      vertex -1.73113 -3.46462 0
    endloop
  endfacet
  facet normal 0.671515 0.740991 -0
    outer loop
      vertex -1.81783 -3.40031 0
      vertex -1.89782 -3.32782 10
      vertex -1.81783 -3.40031 10
    endloop
  endfacet
  facet normal 0.671515 0.740991 0
    outer loop
      vertex -1.89782 -3.32782 10
      vertex -1.81783 -3.40031 0
      vertex -1.89782 -3.32782 0
    endloop
  endfacet
  facet normal 0.857754 0.51406 0
    outer loop
      vertex -2.03462 -3.16113 10
      vertex -2.09011 -3.06854 0
      vertex -2.09011 -3.06854 10
    endloop
  endfacet
  facet normal 0.857754 0.51406 0
    outer loop
      vertex -2.09011 -3.06854 0
      vertex -2.03462 -3.16113 10
      vertex -2.03462 -3.16113 0
    endloop
  endfacet
  facet normal 0.941566 0.336829 0
    outer loop
      vertex -2.13627 -2.97095 10
      vertex -2.17263 -2.86931 0
      vertex -2.17263 -2.86931 10
    endloop
  endfacet
  facet normal 0.941566 0.336829 0
    outer loop
      vertex -2.17263 -2.86931 0
      vertex -2.13627 -2.97095 10
      vertex -2.13627 -2.97095 0
    endloop
  endfacet
  facet normal 0.989176 0.146737 0
    outer loop
      vertex -2.19886 -2.7646 10
      vertex -2.2147 -2.65782 0
      vertex -2.2147 -2.65782 10
    endloop
  endfacet
  facet normal 0.989176 0.146737 0
    outer loop
      vertex -2.2147 -2.65782 0
      vertex -2.19886 -2.7646 10
      vertex -2.19886 -2.7646 0
    endloop
  endfacet
  facet normal 0.903977 0.427581 0
    outer loop
      vertex -2.09011 -3.06854 10
      vertex -2.13627 -2.97095 0
      vertex -2.13627 -2.97095 10
    endloop
  endfacet
  facet normal 0.903977 0.427581 0
    outer loop
      vertex -2.13627 -2.97095 0
      vertex -2.09011 -3.06854 10
      vertex -2.09011 -3.06854 0
    endloop
  endfacet
  facet normal -0.989176 -0.146733 0
    outer loop
      vertex -0.0252962 -2.44218 0
      vertex -0.0411358 -2.3354 10
      vertex -0.0411358 -2.3354 0
    endloop
  endfacet
  facet normal -0.989176 -0.146733 0
    outer loop
      vertex -0.0411358 -2.3354 10
      vertex -0.0252962 -2.44218 0
      vertex -0.0252962 -2.44218 10
    endloop
  endfacet
  facet normal -0.740973 -0.671535 0
    outer loop
      vertex -0.269688 -1.85217 0
      vertex -0.342182 -1.77218 10
      vertex -0.342182 -1.77218 0
    endloop
  endfacet
  facet normal -0.740973 -0.671535 0
    outer loop
      vertex -0.342182 -1.77218 10
      vertex -0.269688 -1.85217 0
      vertex -0.269688 -1.85217 10
    endloop
  endfacet
  facet normal -0.0490967 -0.998794 0
    outer loop
      vertex -1.12 -1.45 0
      vertex -1.01218 -1.4553 10
      vertex -1.12 -1.45 10
    endloop
  endfacet
  facet normal -0.0490967 -0.998794 -0
    outer loop
      vertex -1.01218 -1.4553 10
      vertex -1.12 -1.45 0
      vertex -1.01218 -1.4553 0
    endloop
  endfacet
  facet normal -0.2429 -0.970051 0
    outer loop
      vertex -0.9054 -1.47114 0
      vertex -0.800687 -1.49736 10
      vertex -0.9054 -1.47114 10
    endloop
  endfacet
  facet normal -0.2429 -0.970051 -0
    outer loop
      vertex -0.800687 -1.49736 10
      vertex -0.9054 -1.47114 0
      vertex -0.800687 -1.49736 0
    endloop
  endfacet
  facet normal -0.427598 -0.903969 0
    outer loop
      vertex -0.699048 -1.53373 0
      vertex -0.601463 -1.57989 10
      vertex -0.699048 -1.53373 10
    endloop
  endfacet
  facet normal -0.427598 -0.903969 -0
    outer loop
      vertex -0.601463 -1.57989 10
      vertex -0.699048 -1.53373 0
      vertex -0.601463 -1.57989 0
    endloop
  endfacet
  facet normal 0.998794 -0.0490967 0
    outer loop
      vertex -2.22 -2.55 10
      vertex -2.2147 -2.44218 0
      vertex -2.2147 -2.44218 10
    endloop
  endfacet
  facet normal 0.998794 -0.0490967 0
    outer loop
      vertex -2.2147 -2.44218 0
      vertex -2.22 -2.55 10
      vertex -2.22 -2.55 0
    endloop
  endfacet
  facet normal 0.671515 -0.740991 0
    outer loop
      vertex -1.89782 -1.77218 0
      vertex -1.81783 -1.69969 10
      vertex -1.89782 -1.77218 10
    endloop
  endfacet
  facet normal 0.671515 -0.740991 0
    outer loop
      vertex -1.81783 -1.69969 10
      vertex -1.89782 -1.77218 0
      vertex -1.81783 -1.69969 0
    endloop
  endfacet
  facet normal 0.51406 -0.857754 0
    outer loop
      vertex -1.73113 -1.63538 0
      vertex -1.63854 -1.57989 10
      vertex -1.73113 -1.63538 10
    endloop
  endfacet
  facet normal 0.51406 -0.857754 0
    outer loop
      vertex -1.63854 -1.57989 10
      vertex -1.73113 -1.63538 0
      vertex -1.63854 -1.57989 0
    endloop
  endfacet
  facet normal 0.336911 -0.941536 0
    outer loop
      vertex -1.54095 -1.53373 0
      vertex -1.43931 -1.49736 10
      vertex -1.54095 -1.53373 10
    endloop
  endfacet
  facet normal 0.336911 -0.941536 0
    outer loop
      vertex -1.43931 -1.49736 10
      vertex -1.54095 -1.53373 0
      vertex -1.43931 -1.49736 0
    endloop
  endfacet
  facet normal -0.427598 0.903969 0
    outer loop
      vertex -0.601463 -3.52011 0
      vertex -0.699048 -3.56627 10
      vertex -0.601463 -3.52011 10
    endloop
  endfacet
  facet normal -0.427598 0.903969 0
    outer loop
      vertex -0.699048 -3.56627 10
      vertex -0.601463 -3.52011 0
      vertex -0.699048 -3.56627 0
    endloop
  endfacet
  facet normal -0.941544 0.336889 0
    outer loop
      vertex -0.103732 -2.97095 0
      vertex -0.0673647 -2.86931 10
      vertex -0.0673647 -2.86931 0
    endloop
  endfacet
  facet normal -0.941544 0.336889 0
    outer loop
      vertex -0.0673647 -2.86931 10
      vertex -0.103732 -2.97095 0
      vertex -0.103732 -2.97095 10
    endloop
  endfacet
  facet normal -0.989176 0.146733 0
    outer loop
      vertex -0.0411358 -2.7646 0
      vertex -0.0252962 -2.65782 10
      vertex -0.0252962 -2.65782 0
    endloop
  endfacet
  facet normal -0.989176 0.146733 0
    outer loop
      vertex -0.0252962 -2.65782 10
      vertex -0.0411358 -2.7646 0
      vertex -0.0411358 -2.7646 10
    endloop
  endfacet
  facet normal -0.998796 0.0490662 0
    outer loop
      vertex -0.0252962 -2.65782 0
      vertex -0.0199995 -2.55 10
      vertex -0.0199995 -2.55 0
    endloop
  endfacet
  facet normal -0.998796 0.0490662 0
    outer loop
      vertex -0.0199995 -2.55 10
      vertex -0.0252962 -2.65782 0
      vertex -0.0252962 -2.65782 10
    endloop
  endfacet
  facet normal 0.146737 0.989176 -0
    outer loop
      vertex -1.22782 -3.6447 0
      vertex -1.3346 -3.62886 10
      vertex -1.22782 -3.6447 10
    endloop
  endfacet
  facet normal 0.146737 0.989176 0
    outer loop
      vertex -1.3346 -3.62886 10
      vertex -1.22782 -3.6447 0
      vertex -1.3346 -3.62886 0
    endloop
  endfacet
  facet normal 0.336829 0.941566 -0
    outer loop
      vertex -1.43931 -3.60263 0
      vertex -1.54095 -3.56627 10
      vertex -1.43931 -3.60263 10
    endloop
  endfacet
  facet normal 0.336829 0.941566 0
    outer loop
      vertex -1.54095 -3.56627 10
      vertex -1.43931 -3.60263 0
      vertex -1.54095 -3.56627 0
    endloop
  endfacet
  facet normal 0.803168 0.595752 0
    outer loop
      vertex -1.97031 -3.24783 10
      vertex -2.03462 -3.16113 0
      vertex -2.03462 -3.16113 10
    endloop
  endfacet
  facet normal 0.803168 0.595752 0
    outer loop
      vertex -2.03462 -3.16113 0
      vertex -1.97031 -3.24783 10
      vertex -1.97031 -3.24783 0
    endloop
  endfacet
  facet normal 0.970028 0.242993 0
    outer loop
      vertex -2.17263 -2.86931 10
      vertex -2.19886 -2.7646 0
      vertex -2.19886 -2.7646 10
    endloop
  endfacet
  facet normal 0.970028 0.242993 0
    outer loop
      vertex -2.19886 -2.7646 0
      vertex -2.17263 -2.86931 10
      vertex -2.17263 -2.86931 0
    endloop
  endfacet
  facet normal -0.998796 -0.0490533 0
    outer loop
      vertex -0.62 -2.55 10.8
      vertex -0.622407 -2.50099 20
      vertex -0.622407 -2.50099 10.8
    endloop
  endfacet
  facet normal -0.998796 -0.0490533 0
    outer loop
      vertex -0.622407 -2.50099 20
      vertex -0.62 -2.55 10.8
      vertex -0.62 -2.55 20
    endloop
  endfacet
  facet normal 0.998793 -0.0491143 0
    outer loop
      vertex -1.62 -2.55 20
      vertex -1.61759 -2.50099 10.8
      vertex -1.61759 -2.50099 20
    endloop
  endfacet
  facet normal 0.998793 -0.0491143 0
    outer loop
      vertex -1.61759 -2.50099 10.8
      vertex -1.62 -2.55 20
      vertex -1.62 -2.55 10.8
    endloop
  endfacet
  facet normal -0.0491143 -0.998793 0
    outer loop
      vertex -1.12 -2.05 10.8
      vertex -1.07099 -2.05241 20
      vertex -1.12 -2.05 20
    endloop
  endfacet
  facet normal -0.0491143 -0.998793 -0
    outer loop
      vertex -1.07099 -2.05241 20
      vertex -1.12 -2.05 10.8
      vertex -1.07099 -2.05241 10.8
    endloop
  endfacet
  facet normal -0.0491143 0.998793 0
    outer loop
      vertex -1.07099 -3.04759 10.8
      vertex -1.12 -3.05 20
      vertex -1.07099 -3.04759 20
    endloop
  endfacet
  facet normal -0.0491143 0.998793 0
    outer loop
      vertex -1.12 -3.05 20
      vertex -1.07099 -3.04759 10.8
      vertex -1.12 -3.05 10.8
    endloop
  endfacet
  facet normal -0.671648 -0.740871 0
    outer loop
      vertex -0.802803 -2.16349 10.8
      vertex -0.766446 -2.19645 20
      vertex -0.802803 -2.16349 20
    endloop
  endfacet
  facet normal -0.671648 -0.740871 -0
    outer loop
      vertex -0.766446 -2.19645 20
      vertex -0.802803 -2.16349 10.8
      vertex -0.766446 -2.19645 10.8
    endloop
  endfacet
  facet normal 0.671719 -0.740806 0
    outer loop
      vertex -1.47355 -2.19645 10.8
      vertex -1.4372 -2.16349 20
      vertex -1.47355 -2.19645 20
    endloop
  endfacet
  facet normal 0.671719 -0.740806 0
    outer loop
      vertex -1.4372 -2.16349 20
      vertex -1.47355 -2.19645 10.8
      vertex -1.4372 -2.16349 10.8
    endloop
  endfacet
  facet normal 0.336879 -0.941548 0
    outer loop
      vertex -1.31134 -2.08806 10.8
      vertex -1.26514 -2.07153 20
      vertex -1.31134 -2.08806 20
    endloop
  endfacet
  facet normal 0.336879 -0.941548 0
    outer loop
      vertex -1.26514 -2.07153 20
      vertex -1.31134 -2.08806 10.8
      vertex -1.26514 -2.07153 10.8
    endloop
  endfacet
  facet normal -0.904003 -0.427526 0
    outer loop
      vertex -0.65806 -2.35866 10.8
      vertex -0.679039 -2.3143 20
      vertex -0.679039 -2.3143 10.8
    endloop
  endfacet
  facet normal -0.904003 -0.427526 0
    outer loop
      vertex -0.679039 -2.3143 20
      vertex -0.65806 -2.35866 10.8
      vertex -0.65806 -2.35866 20
    endloop
  endfacet
  facet normal -0.427567 -0.903984 0
    outer loop
      vertex -0.928658 -2.08806 10.8
      vertex -0.884301 -2.10904 20
      vertex -0.928658 -2.08806 20
    endloop
  endfacet
  facet normal -0.427567 -0.903984 -0
    outer loop
      vertex -0.884301 -2.10904 20
      vertex -0.928658 -2.08806 10.8
      vertex -0.884301 -2.10904 10.8
    endloop
  endfacet
  facet normal -0.5957 -0.803207 0
    outer loop
      vertex -0.842215 -2.13426 10.8
      vertex -0.802803 -2.16349 20
      vertex -0.842215 -2.13426 20
    endloop
  endfacet
  facet normal -0.5957 -0.803207 -0
    outer loop
      vertex -0.802803 -2.16349 20
      vertex -0.842215 -2.13426 10.8
      vertex -0.802803 -2.16349 10.8
    endloop
  endfacet
  facet normal 0.857709 -0.514136 0
    outer loop
      vertex -1.56096 -2.3143 20
      vertex -1.53573 -2.27221 10.8
      vertex -1.53573 -2.27221 20
    endloop
  endfacet
  facet normal 0.857709 -0.514136 0
    outer loop
      vertex -1.53573 -2.27221 10.8
      vertex -1.56096 -2.3143 20
      vertex -1.56096 -2.3143 10.8
    endloop
  endfacet
  facet normal 0.80329 -0.595588 0
    outer loop
      vertex -1.53573 -2.27221 20
      vertex -1.50651 -2.2328 10.8
      vertex -1.50651 -2.2328 20
    endloop
  endfacet
  facet normal 0.80329 -0.595588 0
    outer loop
      vertex -1.50651 -2.2328 10.8
      vertex -1.53573 -2.27221 20
      vertex -1.53573 -2.27221 10.8
    endloop
  endfacet
  facet normal 0.146755 -0.989173 0
    outer loop
      vertex -1.21754 -2.05961 10.8
      vertex -1.16901 -2.05241 20
      vertex -1.21754 -2.05961 20
    endloop
  endfacet
  facet normal 0.146755 -0.989173 0
    outer loop
      vertex -1.16901 -2.05241 20
      vertex -1.21754 -2.05961 10.8
      vertex -1.16901 -2.05241 10.8
    endloop
  endfacet
  facet normal -0.336885 0.941546 0
    outer loop
      vertex -0.928658 -3.01194 10.8
      vertex -0.974857 -3.02847 20
      vertex -0.928658 -3.01194 20
    endloop
  endfacet
  facet normal -0.336885 0.941546 0
    outer loop
      vertex -0.974857 -3.02847 20
      vertex -0.928658 -3.01194 10.8
      vertex -0.974857 -3.02847 10.8
    endloop
  endfacet
  facet normal -0.970025 -0.243006 0
    outer loop
      vertex -0.629607 -2.45245 10.8
      vertex -0.641529 -2.40486 20
      vertex -0.641529 -2.40486 10.8
    endloop
  endfacet
  facet normal -0.970025 -0.243006 0
    outer loop
      vertex -0.641529 -2.40486 20
      vertex -0.629607 -2.45245 10.8
      vertex -0.629607 -2.45245 20
    endloop
  endfacet
  facet normal -0.989177 -0.146726 0
    outer loop
      vertex -0.622407 -2.50099 10.8
      vertex -0.629607 -2.45245 20
      vertex -0.629607 -2.45245 10.8
    endloop
  endfacet
  facet normal -0.989177 -0.146726 0
    outer loop
      vertex -0.629607 -2.45245 20
      vertex -0.622407 -2.50099 10.8
      vertex -0.622407 -2.50099 20
    endloop
  endfacet
  facet normal -0.941542 -0.336897 0
    outer loop
      vertex -0.641529 -2.40486 10.8
      vertex -0.65806 -2.35866 20
      vertex -0.65806 -2.35866 10.8
    endloop
  endfacet
  facet normal -0.941542 -0.336897 0
    outer loop
      vertex -0.65806 -2.35866 20
      vertex -0.641529 -2.40486 10.8
      vertex -0.641529 -2.40486 20
    endloop
  endfacet
  facet normal -0.803192 -0.59572 0
    outer loop
      vertex -0.704265 -2.27221 10.8
      vertex -0.733495 -2.2328 20
      vertex -0.733495 -2.2328 10.8
    endloop
  endfacet
  facet normal -0.803192 -0.59572 0
    outer loop
      vertex -0.733495 -2.2328 20
      vertex -0.704265 -2.27221 10.8
      vertex -0.704265 -2.27221 20
    endloop
  endfacet
  facet normal -0.740898 -0.671618 0
    outer loop
      vertex -0.733495 -2.2328 10.8
      vertex -0.766446 -2.19645 20
      vertex -0.766446 -2.19645 10.8
    endloop
  endfacet
  facet normal -0.740898 -0.671618 0
    outer loop
      vertex -0.766446 -2.19645 20
      vertex -0.733495 -2.2328 10.8
      vertex -0.733495 -2.2328 20
    endloop
  endfacet
  facet normal -0.242953 -0.970038 0
    outer loop
      vertex -1.02245 -2.05961 10.8
      vertex -0.974857 -2.07153 20
      vertex -1.02245 -2.05961 20
    endloop
  endfacet
  facet normal -0.242953 -0.970038 -0
    outer loop
      vertex -0.974857 -2.07153 20
      vertex -1.02245 -2.05961 10.8
      vertex -0.974857 -2.07153 10.8
    endloop
  endfacet
  facet normal -0.146726 -0.989177 0
    outer loop
      vertex -1.07099 -2.05241 10.8
      vertex -1.02245 -2.05961 20
      vertex -1.07099 -2.05241 20
    endloop
  endfacet
  facet normal -0.146726 -0.989177 -0
    outer loop
      vertex -1.02245 -2.05961 20
      vertex -1.07099 -2.05241 10.8
      vertex -1.02245 -2.05961 10.8
    endloop
  endfacet
  facet normal 0.970034 -0.242967 0
    outer loop
      vertex -1.61039 -2.45245 20
      vertex -1.59847 -2.40486 10.8
      vertex -1.59847 -2.40486 20
    endloop
  endfacet
  facet normal 0.970034 -0.242967 0
    outer loop
      vertex -1.59847 -2.40486 10.8
      vertex -1.61039 -2.45245 20
      vertex -1.61039 -2.45245 10.8
    endloop
  endfacet
  facet normal 0.740806 -0.671719 0
    outer loop
      vertex -1.50651 -2.2328 20
      vertex -1.47355 -2.19645 10.8
      vertex -1.47355 -2.19645 20
    endloop
  endfacet
  facet normal 0.740806 -0.671719 0
    outer loop
      vertex -1.47355 -2.19645 10.8
      vertex -1.50651 -2.2328 20
      vertex -1.50651 -2.2328 10.8
    endloop
  endfacet
  facet normal 0.903995 -0.427543 0
    outer loop
      vertex -1.58194 -2.35866 20
      vertex -1.56096 -2.3143 10.8
      vertex -1.56096 -2.3143 20
    endloop
  endfacet
  facet normal 0.903995 -0.427543 0
    outer loop
      vertex -1.56096 -2.3143 10.8
      vertex -1.58194 -2.35866 20
      vertex -1.58194 -2.35866 10.8
    endloop
  endfacet
  facet normal 0.989177 -0.146726 0
    outer loop
      vertex -1.61759 -2.50099 20
      vertex -1.61039 -2.45245 10.8
      vertex -1.61039 -2.45245 20
    endloop
  endfacet
  facet normal 0.989177 -0.146726 0
    outer loop
      vertex -1.61039 -2.45245 10.8
      vertex -1.61759 -2.50099 20
      vertex -1.61759 -2.50099 10.8
    endloop
  endfacet
  facet normal 0.514076 -0.857745 0
    outer loop
      vertex -1.39778 -2.13426 10.8
      vertex -1.3557 -2.10904 20
      vertex -1.39778 -2.13426 20
    endloop
  endfacet
  facet normal 0.514076 -0.857745 0
    outer loop
      vertex -1.3557 -2.10904 20
      vertex -1.39778 -2.13426 10.8
      vertex -1.3557 -2.10904 10.8
    endloop
  endfacet
  facet normal 0.595622 -0.803265 0
    outer loop
      vertex -1.4372 -2.16349 10.8
      vertex -1.39778 -2.13426 20
      vertex -1.4372 -2.16349 20
    endloop
  endfacet
  facet normal 0.595622 -0.803265 0
    outer loop
      vertex -1.39778 -2.13426 20
      vertex -1.4372 -2.16349 10.8
      vertex -1.39778 -2.13426 10.8
    endloop
  endfacet
  facet normal 0.0491143 -0.998793 0
    outer loop
      vertex -1.16901 -2.05241 10.8
      vertex -1.12 -2.05 20
      vertex -1.16901 -2.05241 20
    endloop
  endfacet
  facet normal 0.0491143 -0.998793 0
    outer loop
      vertex -1.12 -2.05 20
      vertex -1.16901 -2.05241 10.8
      vertex -1.12 -2.05 10.8
    endloop
  endfacet
  facet normal -0.998796 0.0490533 0
    outer loop
      vertex -0.622407 -2.59901 10.8
      vertex -0.62 -2.55 20
      vertex -0.62 -2.55 10.8
    endloop
  endfacet
  facet normal -0.998796 0.0490533 0
    outer loop
      vertex -0.62 -2.55 20
      vertex -0.622407 -2.59901 10.8
      vertex -0.622407 -2.59901 20
    endloop
  endfacet
  facet normal -0.740898 0.671618 0
    outer loop
      vertex -0.766446 -2.90355 10.8
      vertex -0.733495 -2.8672 20
      vertex -0.733495 -2.8672 10.8
    endloop
  endfacet
  facet normal -0.740898 0.671618 0
    outer loop
      vertex -0.733495 -2.8672 20
      vertex -0.766446 -2.90355 10.8
      vertex -0.766446 -2.90355 20
    endloop
  endfacet
  facet normal 0.336879 0.941548 -0
    outer loop
      vertex -1.26514 -3.02847 10.8
      vertex -1.31134 -3.01194 20
      vertex -1.26514 -3.02847 20
    endloop
  endfacet
  facet normal 0.336879 0.941548 0
    outer loop
      vertex -1.31134 -3.01194 20
      vertex -1.26514 -3.02847 10.8
      vertex -1.31134 -3.01194 10.8
    endloop
  endfacet
  facet normal 0.803362 0.595491 0
    outer loop
      vertex -1.50651 -2.8672 20
      vertex -1.53573 -2.82778 10.8
      vertex -1.53573 -2.82778 20
    endloop
  endfacet
  facet normal 0.803362 0.595491 0
    outer loop
      vertex -1.53573 -2.82778 10.8
      vertex -1.50651 -2.8672 20
      vertex -1.50651 -2.8672 10.8
    endloop
  endfacet
  facet normal -0.427567 0.903984 0
    outer loop
      vertex -0.884301 -2.99096 10.8
      vertex -0.928658 -3.01194 20
      vertex -0.884301 -2.99096 20
    endloop
  endfacet
  facet normal -0.427567 0.903984 0
    outer loop
      vertex -0.928658 -3.01194 20
      vertex -0.884301 -2.99096 10.8
      vertex -0.928658 -3.01194 10.8
    endloop
  endfacet
  facet normal -0.857745 -0.514076 0
    outer loop
      vertex -0.679039 -2.3143 10.8
      vertex -0.704265 -2.27221 20
      vertex -0.704265 -2.27221 10.8
    endloop
  endfacet
  facet normal -0.857745 -0.514076 0
    outer loop
      vertex -0.704265 -2.27221 20
      vertex -0.679039 -2.3143 10.8
      vertex -0.679039 -2.3143 20
    endloop
  endfacet
  facet normal -0.336885 -0.941546 0
    outer loop
      vertex -0.974857 -2.07153 10.8
      vertex -0.928658 -2.08806 20
      vertex -0.974857 -2.07153 20
    endloop
  endfacet
  facet normal -0.336885 -0.941546 -0
    outer loop
      vertex -0.928658 -2.08806 20
      vertex -0.974857 -2.07153 10.8
      vertex -0.928658 -2.08806 10.8
    endloop
  endfacet
  facet normal -0.514022 -0.857777 0
    outer loop
      vertex -0.884301 -2.10904 10.8
      vertex -0.842215 -2.13426 20
      vertex -0.884301 -2.10904 20
    endloop
  endfacet
  facet normal -0.514022 -0.857777 -0
    outer loop
      vertex -0.842215 -2.13426 20
      vertex -0.884301 -2.10904 10.8
      vertex -0.842215 -2.13426 10.8
    endloop
  endfacet
  facet normal 0.941548 -0.336879 0
    outer loop
      vertex -1.59847 -2.40486 20
      vertex -1.58194 -2.35866 10.8
      vertex -1.58194 -2.35866 20
    endloop
  endfacet
  facet normal 0.941548 -0.336879 0
    outer loop
      vertex -1.58194 -2.35866 10.8
      vertex -1.59847 -2.40486 20
      vertex -1.59847 -2.40486 10.8
    endloop
  endfacet
  facet normal 0.427543 -0.903995 0
    outer loop
      vertex -1.3557 -2.10904 10.8
      vertex -1.31134 -2.08806 20
      vertex -1.3557 -2.10904 20
    endloop
  endfacet
  facet normal 0.427543 -0.903995 0
    outer loop
      vertex -1.31134 -2.08806 20
      vertex -1.3557 -2.10904 10.8
      vertex -1.31134 -2.08806 10.8
    endloop
  endfacet
  facet normal 0.242919 -0.970047 0
    outer loop
      vertex -1.26514 -2.07153 10.8
      vertex -1.21754 -2.05961 20
      vertex -1.26514 -2.07153 20
    endloop
  endfacet
  facet normal 0.242919 -0.970047 0
    outer loop
      vertex -1.21754 -2.05961 20
      vertex -1.26514 -2.07153 10.8
      vertex -1.21754 -2.05961 10.8
    endloop
  endfacet
  facet normal -0.941542 0.336897 0
    outer loop
      vertex -0.65806 -2.74134 10.8
      vertex -0.641529 -2.69514 20
      vertex -0.641529 -2.69514 10.8
    endloop
  endfacet
  facet normal -0.941542 0.336897 0
    outer loop
      vertex -0.641529 -2.69514 20
      vertex -0.65806 -2.74134 10.8
      vertex -0.65806 -2.74134 20
    endloop
  endfacet
  facet normal -0.970037 0.242958 0
    outer loop
      vertex -0.641529 -2.69514 10.8
      vertex -0.629607 -2.64754 20
      vertex -0.629607 -2.64754 10.8
    endloop
  endfacet
  facet normal -0.970037 0.242958 0
    outer loop
      vertex -0.629607 -2.64754 20
      vertex -0.641529 -2.69514 10.8
      vertex -0.641529 -2.69514 20
    endloop
  endfacet
  facet normal -0.989173 0.146755 0
    outer loop
      vertex -0.629607 -2.64754 10.8
      vertex -0.622407 -2.59901 20
      vertex -0.622407 -2.59901 10.8
    endloop
  endfacet
  facet normal -0.989173 0.146755 0
    outer loop
      vertex -0.622407 -2.59901 20
      vertex -0.629607 -2.64754 10.8
      vertex -0.629607 -2.64754 20
    endloop
  endfacet
  facet normal -0.803265 0.595622 0
    outer loop
      vertex -0.733495 -2.8672 10.8
      vertex -0.704265 -2.82778 20
      vertex -0.704265 -2.82778 10.8
    endloop
  endfacet
  facet normal -0.803265 0.595622 0
    outer loop
      vertex -0.704265 -2.82778 20
      vertex -0.733495 -2.8672 10.8
      vertex -0.733495 -2.8672 20
    endloop
  endfacet
  facet normal -0.514172 0.857687 0
    outer loop
      vertex -0.842215 -2.96573 10.8
      vertex -0.884301 -2.99096 20
      vertex -0.842215 -2.96573 20
    endloop
  endfacet
  facet normal -0.514172 0.857687 0
    outer loop
      vertex -0.884301 -2.99096 20
      vertex -0.842215 -2.96573 10.8
      vertex -0.884301 -2.99096 10.8
    endloop
  endfacet
  facet normal -0.904003 0.427526 0
    outer loop
      vertex -0.679039 -2.7857 10.8
      vertex -0.65806 -2.74134 20
      vertex -0.65806 -2.74134 10.8
    endloop
  endfacet
  facet normal -0.904003 0.427526 0
    outer loop
      vertex -0.65806 -2.74134 20
      vertex -0.679039 -2.7857 10.8
      vertex -0.679039 -2.7857 20
    endloop
  endfacet
  facet normal 0.242919 0.970047 -0
    outer loop
      vertex -1.21754 -3.04039 10.8
      vertex -1.26514 -3.02847 20
      vertex -1.21754 -3.04039 20
    endloop
  endfacet
  facet normal 0.242919 0.970047 0
    outer loop
      vertex -1.26514 -3.02847 20
      vertex -1.21754 -3.04039 10.8
      vertex -1.26514 -3.02847 10.8
    endloop
  endfacet
  facet normal 0.903995 0.427543 0
    outer loop
      vertex -1.56096 -2.7857 20
      vertex -1.58194 -2.74134 10.8
      vertex -1.58194 -2.74134 20
    endloop
  endfacet
  facet normal 0.903995 0.427543 0
    outer loop
      vertex -1.58194 -2.74134 10.8
      vertex -1.56096 -2.7857 20
      vertex -1.56096 -2.7857 10.8
    endloop
  endfacet
  facet normal 0.970047 0.242919 0
    outer loop
      vertex -1.59847 -2.69514 20
      vertex -1.61039 -2.64754 10.8
      vertex -1.61039 -2.64754 20
    endloop
  endfacet
  facet normal 0.970047 0.242919 0
    outer loop
      vertex -1.61039 -2.64754 10.8
      vertex -1.59847 -2.69514 20
      vertex -1.59847 -2.69514 10.8
    endloop
  endfacet
  facet normal 0.941548 0.336879 0
    outer loop
      vertex -1.58194 -2.74134 20
      vertex -1.59847 -2.69514 10.8
      vertex -1.59847 -2.69514 20
    endloop
  endfacet
  facet normal 0.941548 0.336879 0
    outer loop
      vertex -1.59847 -2.69514 10.8
      vertex -1.58194 -2.74134 20
      vertex -1.58194 -2.74134 10.8
    endloop
  endfacet
  facet normal 0.998793 0.0491143 0
    outer loop
      vertex -1.61759 -2.59901 20
      vertex -1.62 -2.55 10.8
      vertex -1.62 -2.55 20
    endloop
  endfacet
  facet normal 0.998793 0.0491143 0
    outer loop
      vertex -1.62 -2.55 10.8
      vertex -1.61759 -2.59901 20
      vertex -1.61759 -2.59901 10.8
    endloop
  endfacet
  facet normal -0.146726 0.989177 0
    outer loop
      vertex -1.02245 -3.04039 10.8
      vertex -1.07099 -3.04759 20
      vertex -1.02245 -3.04039 20
    endloop
  endfacet
  facet normal -0.146726 0.989177 0
    outer loop
      vertex -1.07099 -3.04759 20
      vertex -1.02245 -3.04039 10.8
      vertex -1.07099 -3.04759 10.8
    endloop
  endfacet
  facet normal -0.857691 0.514166 0
    outer loop
      vertex -0.704265 -2.82778 10.8
      vertex -0.679039 -2.7857 20
      vertex -0.679039 -2.7857 10.8
    endloop
  endfacet
  facet normal -0.857691 0.514166 0
    outer loop
      vertex -0.679039 -2.7857 20
      vertex -0.704265 -2.82778 10.8
      vertex -0.704265 -2.82778 20
    endloop
  endfacet
  facet normal -0.671536 0.740972 0
    outer loop
      vertex -0.766446 -2.90355 10.8
      vertex -0.802803 -2.9365 20
      vertex -0.766446 -2.90355 20
    endloop
  endfacet
  facet normal -0.671536 0.740972 0
    outer loop
      vertex -0.802803 -2.9365 20
      vertex -0.766446 -2.90355 10.8
      vertex -0.802803 -2.9365 10.8
    endloop
  endfacet
  facet normal -0.5957 0.803207 0
    outer loop
      vertex -0.802803 -2.9365 10.8
      vertex -0.842215 -2.96573 20
      vertex -0.802803 -2.9365 20
    endloop
  endfacet
  facet normal -0.5957 0.803207 0
    outer loop
      vertex -0.842215 -2.96573 20
      vertex -0.802803 -2.9365 10.8
      vertex -0.842215 -2.96573 10.8
    endloop
  endfacet
  facet normal 0.0491143 0.998793 -0
    outer loop
      vertex -1.12 -3.05 10.8
      vertex -1.16901 -3.04759 20
      vertex -1.12 -3.05 20
    endloop
  endfacet
  facet normal 0.0491143 0.998793 0
    outer loop
      vertex -1.16901 -3.04759 20
      vertex -1.12 -3.05 10.8
      vertex -1.16901 -3.04759 10.8
    endloop
  endfacet
  facet normal 0.740806 0.671719 0
    outer loop
      vertex -1.47355 -2.90355 20
      vertex -1.50651 -2.8672 10.8
      vertex -1.50651 -2.8672 20
    endloop
  endfacet
  facet normal 0.740806 0.671719 0
    outer loop
      vertex -1.50651 -2.8672 10.8
      vertex -1.47355 -2.90355 20
      vertex -1.47355 -2.90355 10.8
    endloop
  endfacet
  facet normal 0.857655 0.514226 0
    outer loop
      vertex -1.53573 -2.82778 20
      vertex -1.56096 -2.7857 10.8
      vertex -1.56096 -2.7857 20
    endloop
  endfacet
  facet normal 0.857655 0.514226 0
    outer loop
      vertex -1.56096 -2.7857 10.8
      vertex -1.53573 -2.82778 20
      vertex -1.53573 -2.82778 10.8
    endloop
  endfacet
  facet normal 0.989173 0.146755 0
    outer loop
      vertex -1.61039 -2.64754 20
      vertex -1.61759 -2.59901 10.8
      vertex -1.61759 -2.59901 20
    endloop
  endfacet
  facet normal 0.989173 0.146755 0
    outer loop
      vertex -1.61759 -2.59901 10.8
      vertex -1.61039 -2.64754 20
      vertex -1.61039 -2.64754 10.8
    endloop
  endfacet
  facet normal -0.242953 0.970038 0
    outer loop
      vertex -0.974857 -3.02847 10.8
      vertex -1.02245 -3.04039 20
      vertex -0.974857 -3.02847 20
    endloop
  endfacet
  facet normal -0.242953 0.970038 0
    outer loop
      vertex -1.02245 -3.04039 20
      vertex -0.974857 -3.02847 10.8
      vertex -1.02245 -3.04039 10.8
    endloop
  endfacet
  facet normal 0.671607 0.740908 -0
    outer loop
      vertex -1.4372 -2.9365 10.8
      vertex -1.47355 -2.90355 20
      vertex -1.4372 -2.9365 20
    endloop
  endfacet
  facet normal 0.671607 0.740908 0
    outer loop
      vertex -1.47355 -2.90355 20
      vertex -1.4372 -2.9365 10.8
      vertex -1.47355 -2.90355 10.8
    endloop
  endfacet
  facet normal 0.146755 0.989173 -0
    outer loop
      vertex -1.16901 -3.04759 10.8
      vertex -1.21754 -3.04039 20
      vertex -1.16901 -3.04759 20
    endloop
  endfacet
  facet normal 0.146755 0.989173 0
    outer loop
      vertex -1.21754 -3.04039 20
      vertex -1.16901 -3.04759 10.8
      vertex -1.21754 -3.04039 10.8
    endloop
  endfacet
  facet normal 0.427543 0.903995 -0
    outer loop
      vertex -1.31134 -3.01194 10.8
      vertex -1.3557 -2.99096 20
      vertex -1.31134 -3.01194 20
    endloop
  endfacet
  facet normal 0.427543 0.903995 0
    outer loop
      vertex -1.3557 -2.99096 20
      vertex -1.31134 -3.01194 10.8
      vertex -1.3557 -2.99096 10.8
    endloop
  endfacet
  facet normal 0.514226 0.857655 -0
    outer loop
      vertex -1.3557 -2.99096 10.8
      vertex -1.39778 -2.96573 20
      vertex -1.3557 -2.99096 20
    endloop
  endfacet
  facet normal 0.514226 0.857655 0
    outer loop
      vertex -1.39778 -2.96573 20
      vertex -1.3557 -2.99096 10.8
      vertex -1.39778 -2.96573 10.8
    endloop
  endfacet
  facet normal 0.595622 0.803265 -0
    outer loop
      vertex -1.39778 -2.96573 10.8
      vertex -1.4372 -2.9365 20
      vertex -1.39778 -2.96573 20
    endloop
  endfacet
  facet normal 0.595622 0.803265 0
    outer loop
      vertex -1.4372 -2.9365 20
      vertex -1.39778 -2.96573 10.8
      vertex -1.4372 -2.9365 10.8
    endloop
  endfacet
  facet normal -0.799383 -0.0392596 -0.599538
    outer loop
      vertex -0.0199995 -2.55 10
      vertex -0.62 -2.55 10.8
      vertex -0.622407 -2.50099 10.8
    endloop
  endfacet
  facet normal -0.799383 -0.03927 -0.599537
    outer loop
      vertex -0.0252962 -2.44218 10
      vertex -0.0199995 -2.55 10
      vertex -0.622407 -2.50099 10.8
    endloop
  endfacet
  facet normal -0.0392944 0.799382 -0.599537
    outer loop
      vertex -1.07099 -3.04759 10.8
      vertex -1.01218 -3.6447 10
      vertex -1.12 -3.65 10
    endloop
  endfacet
  facet normal 0.799381 0.0393085 -0.599537
    outer loop
      vertex -1.62 -2.55 10.8
      vertex -1.61759 -2.59901 10.8
      vertex -2.2147 -2.65782 10
    endloop
  endfacet
  facet normal -0.791685 -0.117432 -0.599537
    outer loop
      vertex -0.0411358 -2.3354 10
      vertex -0.622407 -2.50099 10.8
      vertex -0.629607 -2.45245 10.8
    endloop
  endfacet
  facet normal -0.537464 -0.593035 -0.599535
    outer loop
      vertex -0.422167 -1.69969 10
      vertex -0.342182 -1.77218 10
      vertex -0.802803 -2.16349 10.8
    endloop
  endfacet
  facet normal 0.791684 0.11744 -0.599537
    outer loop
      vertex -1.61039 -2.64754 10.8
      vertex -2.19886 -2.7646 10
      vertex -2.2147 -2.65782 10
    endloop
  endfacet
  facet normal 0.0393085 -0.799381 -0.599537
    outer loop
      vertex -1.12 -2.05 10.8
      vertex -1.16901 -2.05241 10.8
      vertex -1.22782 -1.4553 10
    endloop
  endfacet
  facet normal 0.776359 0.194479 -0.599537
    outer loop
      vertex -1.61039 -2.64754 10.8
      vertex -2.17263 -2.86931 10
      vertex -2.19886 -2.7646 10
    endloop
  endfacet
  facet normal -0.592977 0.537529 -0.599533
    outer loop
      vertex -0.733495 -2.8672 10.8
      vertex -0.269688 -3.24783 10
      vertex -0.766446 -2.90355 10.8
    endloop
  endfacet
  facet normal -0.791684 0.117437 -0.599537
    outer loop
      vertex -0.0252962 -2.65782 10
      vertex -0.0411358 -2.7646 10
      vertex -0.622407 -2.59901 10.8
    endloop
  endfacet
  facet normal -0.776361 -0.194471 -0.599537
    outer loop
      vertex -0.0673647 -2.23069 10
      vertex -0.0411358 -2.3354 10
      vertex -0.641529 -2.40486 10.8
    endloop
  endfacet
  facet normal 0.537519 0.592984 -0.599535
    outer loop
      vertex -1.47355 -2.90355 10.8
      vertex -1.4372 -2.9365 10.8
      vertex -1.81783 -3.40031 10
    endloop
  endfacet
  facet normal -0.117432 0.791686 -0.599536
    outer loop
      vertex -1.02245 -3.04039 10.8
      vertex -0.9054 -3.62886 10
      vertex -1.07099 -3.04759 10.8
    endloop
  endfacet
  facet normal -0.194474 0.776362 -0.599535
    outer loop
      vertex -0.800687 -3.60263 10
      vertex -0.9054 -3.62886 10
      vertex -0.974857 -3.02847 10.8
    endloop
  endfacet
  facet normal -0.776361 0.194471 -0.599537
    outer loop
      vertex -0.0411358 -2.7646 10
      vertex -0.0673647 -2.86931 10
      vertex -0.641529 -2.69514 10.8
    endloop
  endfacet
  facet normal -0.723512 -0.342176 -0.599537
    outer loop
      vertex -0.149886 -2.03146 10
      vertex -0.103732 -2.12905 10
      vertex -0.679039 -2.3143 10.8
    endloop
  endfacet
  facet normal -0.791684 -0.117437 -0.599537
    outer loop
      vertex -0.0411358 -2.3354 10
      vertex -0.0252962 -2.44218 10
      vertex -0.622407 -2.50099 10.8
    endloop
  endfacet
  facet normal -0.686479 -0.411464 -0.599537
    outer loop
      vertex -0.205383 -1.93887 10
      vertex -0.149886 -2.03146 10
      vertex -0.704265 -2.27221 10.8
    endloop
  endfacet
  facet normal -0.592977 -0.537529 -0.599533
    outer loop
      vertex -0.269688 -1.85217 10
      vertex -0.733495 -2.2328 10.8
      vertex -0.766446 -2.19645 10.8
    endloop
  endfacet
  facet normal -0.642832 -0.476785 -0.599536
    outer loop
      vertex -0.269688 -1.85217 10
      vertex -0.205383 -1.93887 10
      vertex -0.704265 -2.27221 10.8
    endloop
  endfacet
  facet normal -0.642833 -0.476783 -0.599536
    outer loop
      vertex -0.269688 -1.85217 10
      vertex -0.704265 -2.27221 10.8
      vertex -0.733495 -2.2328 10.8
    endloop
  endfacet
  facet normal -0.269624 -0.753561 -0.599541
    outer loop
      vertex -0.800687 -1.49736 10
      vertex -0.928658 -2.08806 10.8
      vertex -0.974857 -2.07153 10.8
    endloop
  endfacet
  facet normal -0.0393085 -0.799381 -0.599537
    outer loop
      vertex -1.01218 -1.4553 10
      vertex -1.07099 -2.05241 10.8
      vertex -1.12 -2.05 10.8
    endloop
  endfacet
  facet normal -0.411423 -0.686503 -0.599537
    outer loop
      vertex -0.601463 -1.57989 10
      vertex -0.508872 -1.63538 10
      vertex -0.884301 -2.10904 10.8
    endloop
  endfacet
  facet normal 0.72351 0.342183 -0.599536
    outer loop
      vertex -1.58194 -2.74134 10.8
      vertex -1.56096 -2.7857 10.8
      vertex -2.09011 -3.06854 10
    endloop
  endfacet
  facet normal 0.776377 0.19442 -0.599533
    outer loop
      vertex -1.61039 -2.64754 10.8
      vertex -1.59847 -2.69514 10.8
      vertex -2.17263 -2.86931 10
    endloop
  endfacet
  facet normal 0.593053 0.537447 -0.599533
    outer loop
      vertex -1.50651 -2.8672 10.8
      vertex -1.89782 -3.32782 10
      vertex -1.97031 -3.24783 10
    endloop
  endfacet
  facet normal 0.0392944 0.799382 -0.599537
    outer loop
      vertex -1.16901 -3.04759 10.8
      vertex -1.12 -3.65 10
      vertex -1.22782 -3.6447 10
    endloop
  endfacet
  facet normal -0.342227 0.723489 -0.599536
    outer loop
      vertex -0.601463 -3.52011 10
      vertex -0.699048 -3.56627 10
      vertex -0.884301 -2.99096 10.8
    endloop
  endfacet
  facet normal -0.11744 0.791684 -0.599536
    outer loop
      vertex -0.9054 -3.62886 10
      vertex -1.01218 -3.6447 10
      vertex -1.07099 -3.04759 10.8
    endloop
  endfacet
  facet normal -0.642829 0.476784 -0.59954
    outer loop
      vertex -0.205383 -3.16113 10
      vertex -0.269688 -3.24783 10
      vertex -0.704265 -2.82778 10.8
    endloop
  endfacet
  facet normal -0.686451 0.411511 -0.599537
    outer loop
      vertex -0.679039 -2.7857 10.8
      vertex -0.149886 -3.06854 10
      vertex -0.704265 -2.82778 10.8
    endloop
  endfacet
  facet normal -0.686476 0.411463 -0.59954
    outer loop
      vertex -0.149886 -3.06854 10
      vertex -0.205383 -3.16113 10
      vertex -0.704265 -2.82778 10.8
    endloop
  endfacet
  facet normal -0.776365 0.19445 -0.599539
    outer loop
      vertex -0.629607 -2.64754 10.8
      vertex -0.0411358 -2.7646 10
      vertex -0.641529 -2.69514 10.8
    endloop
  endfacet
  facet normal -0.791681 0.117455 -0.599538
    outer loop
      vertex -0.622407 -2.59901 10.8
      vertex -0.0411358 -2.7646 10
      vertex -0.629607 -2.64754 10.8
    endloop
  endfacet
  facet normal -0.799383 0.03927 -0.599537
    outer loop
      vertex -0.0199995 -2.55 10
      vertex -0.0252962 -2.65782 10
      vertex -0.622407 -2.59901 10.8
    endloop
  endfacet
  facet normal -0.799383 0.0392596 -0.599538
    outer loop
      vertex -0.62 -2.55 10.8
      vertex -0.0199995 -2.55 10
      vertex -0.622407 -2.59901 10.8
    endloop
  endfacet
  facet normal 0.776366 -0.194459 -0.599534
    outer loop
      vertex -1.59847 -2.40486 10.8
      vertex -1.61039 -2.45245 10.8
      vertex -2.17263 -2.23069 10
    endloop
  endfacet
  facet normal 0.799381 -0.0393085 -0.599537
    outer loop
      vertex -1.61759 -2.50099 10.8
      vertex -1.62 -2.55 10.8
      vertex -2.2147 -2.44218 10
    endloop
  endfacet
  facet normal 0.476703 -0.642888 -0.599541
    outer loop
      vertex -1.39778 -2.13426 10.8
      vertex -1.4372 -2.16349 10.8
      vertex -1.73113 -1.63538 10
    endloop
  endfacet
  facet normal 0.342213 -0.723495 -0.599538
    outer loop
      vertex -1.54095 -1.53373 10
      vertex -1.31134 -2.08806 10.8
      vertex -1.63854 -1.57989 10
    endloop
  endfacet
  facet normal 0.642915 -0.476681 -0.599529
    outer loop
      vertex -1.50651 -2.2328 10.8
      vertex -1.53573 -2.27221 10.8
      vertex -1.97031 -1.85217 10
    endloop
  endfacet
  facet normal 0.686465 -0.411488 -0.599536
    outer loop
      vertex -1.53573 -2.27221 10.8
      vertex -1.56096 -2.3143 10.8
      vertex -2.09011 -2.03146 10
    endloop
  endfacet
  facet normal -0.776357 -0.194489 -0.599536
    outer loop
      vertex -0.0411358 -2.3354 10
      vertex -0.629607 -2.45245 10.8
      vertex -0.641529 -2.40486 10.8
    endloop
  endfacet
  facet normal -0.753562 -0.269628 -0.599537
    outer loop
      vertex -0.103732 -2.12905 10
      vertex -0.0673647 -2.23069 10
      vertex -0.641529 -2.40486 10.8
    endloop
  endfacet
  facet normal -0.593034 -0.53746 -0.599539
    outer loop
      vertex -0.342182 -1.77218 10
      vertex -0.269688 -1.85217 10
      vertex -0.766446 -2.19645 10.8
    endloop
  endfacet
  facet normal -0.537549 -0.592951 -0.599542
    outer loop
      vertex -0.342182 -1.77218 10
      vertex -0.766446 -2.19645 10.8
      vertex -0.802803 -2.16349 10.8
    endloop
  endfacet
  facet normal -0.686492 -0.411439 -0.599539
    outer loop
      vertex -0.149886 -2.03146 10
      vertex -0.679039 -2.3143 10.8
      vertex -0.704265 -2.27221 10.8
    endloop
  endfacet
  facet normal -0.194404 -0.776378 -0.599537
    outer loop
      vertex -0.9054 -1.47114 10
      vertex -0.800687 -1.49736 10
      vertex -1.02245 -2.05961 10.8
    endloop
  endfacet
  facet normal -0.11744 -0.791684 -0.599536
    outer loop
      vertex -1.01218 -1.4553 10
      vertex -0.9054 -1.47114 10
      vertex -1.02245 -2.05961 10.8
    endloop
  endfacet
  facet normal -0.342202 -0.723502 -0.599536
    outer loop
      vertex -0.601463 -1.57989 10
      vertex -0.884301 -2.10904 10.8
      vertex -0.928658 -2.08806 10.8
    endloop
  endfacet
  facet normal -0.476767 -0.642845 -0.599537
    outer loop
      vertex -0.508872 -1.63538 10
      vertex -0.802803 -2.16349 10.8
      vertex -0.842215 -2.13426 10.8
    endloop
  endfacet
  facet normal -0.476792 -0.642828 -0.599535
    outer loop
      vertex -0.508872 -1.63538 10
      vertex -0.422167 -1.69969 10
      vertex -0.802803 -2.16349 10.8
    endloop
  endfacet
  facet normal 0.791682 0.117455 -0.599536
    outer loop
      vertex -1.61759 -2.59901 10.8
      vertex -1.61039 -2.64754 10.8
      vertex -2.2147 -2.65782 10
    endloop
  endfacet
  facet normal 0.753567 0.26962 -0.599535
    outer loop
      vertex -1.59847 -2.69514 10.8
      vertex -1.58194 -2.74134 10.8
      vertex -2.17263 -2.86931 10
    endloop
  endfacet
  facet normal 0.0393085 0.799382 -0.599536
    outer loop
      vertex -1.12 -3.05 10.8
      vertex -1.12 -3.65 10
      vertex -1.16901 -3.04759 10.8
    endloop
  endfacet
  facet normal -0.0393085 0.799382 -0.599536
    outer loop
      vertex -1.12 -3.05 10.8
      vertex -1.07099 -3.04759 10.8
      vertex -1.12 -3.65 10
    endloop
  endfacet
  facet normal 0.411561 0.686424 -0.599534
    outer loop
      vertex -1.39778 -2.96573 10.8
      vertex -1.3557 -2.99096 10.8
      vertex -1.63854 -3.52011 10
    endloop
  endfacet
  facet normal 0.476705 0.642892 -0.599535
    outer loop
      vertex -1.4372 -2.9365 10.8
      vertex -1.39778 -2.96573 10.8
      vertex -1.81783 -3.40031 10
    endloop
  endfacet
  facet normal 0.269619 0.753564 -0.599538
    outer loop
      vertex -1.31134 -3.01194 10.8
      vertex -1.26514 -3.02847 10.8
      vertex -1.54095 -3.56627 10
    endloop
  endfacet
  facet normal 0.269581 0.75358 -0.599536
    outer loop
      vertex -1.26514 -3.02847 10.8
      vertex -1.43931 -3.60263 10
      vertex -1.54095 -3.56627 10
    endloop
  endfacet
  facet normal 0.194419 0.776373 -0.599539
    outer loop
      vertex -1.26514 -3.02847 10.8
      vertex -1.21754 -3.04039 10.8
      vertex -1.3346 -3.62886 10
    endloop
  endfacet
  facet normal 0.194479 0.776361 -0.599535
    outer loop
      vertex -1.26514 -3.02847 10.8
      vertex -1.3346 -3.62886 10
      vertex -1.43931 -3.60263 10
    endloop
  endfacet
  facet normal -0.411421 0.686501 -0.599541
    outer loop
      vertex -0.508872 -3.46462 10
      vertex -0.601463 -3.52011 10
      vertex -0.842215 -2.96573 10.8
    endloop
  endfacet
  facet normal -0.53746 0.593033 -0.59954
    outer loop
      vertex -0.766446 -2.90355 10.8
      vertex -0.422167 -3.40031 10
      vertex -0.802803 -2.9365 10.8
    endloop
  endfacet
  facet normal -0.476789 0.642824 -0.599541
    outer loop
      vertex -0.422167 -3.40031 10
      vertex -0.508872 -3.46462 10
      vertex -0.842215 -2.96573 10.8
    endloop
  endfacet
  facet normal -0.476766 0.642843 -0.599539
    outer loop
      vertex -0.802803 -2.9365 10.8
      vertex -0.422167 -3.40031 10
      vertex -0.842215 -2.96573 10.8
    endloop
  endfacet
  facet normal -0.194447 0.776368 -0.599536
    outer loop
      vertex -0.974857 -3.02847 10.8
      vertex -0.9054 -3.62886 10
      vertex -1.02245 -3.04039 10.8
    endloop
  endfacet
  facet normal -0.269583 0.753579 -0.599536
    outer loop
      vertex -0.699048 -3.56627 10
      vertex -0.800687 -3.60263 10
      vertex -0.974857 -3.02847 10.8
    endloop
  endfacet
  facet normal -0.753562 0.269628 -0.599537
    outer loop
      vertex -0.0673647 -2.86931 10
      vertex -0.103732 -2.97095 10
      vertex -0.641529 -2.69514 10.8
    endloop
  endfacet
  facet normal -0.723515 0.342169 -0.599538
    outer loop
      vertex -0.65806 -2.74134 10.8
      vertex -0.103732 -2.97095 10
      vertex -0.679039 -2.7857 10.8
    endloop
  endfacet
  facet normal -0.642893 0.476706 -0.599533
    outer loop
      vertex -0.704265 -2.82778 10.8
      vertex -0.269688 -3.24783 10
      vertex -0.733495 -2.8672 10.8
    endloop
  endfacet
  facet normal 0.799382 -0.0392944 -0.599537
    outer loop
      vertex -2.2147 -2.44218 10
      vertex -1.62 -2.55 10.8
      vertex -2.22 -2.55 10
    endloop
  endfacet
  facet normal 0.799382 0.0392944 -0.599537
    outer loop
      vertex -1.62 -2.55 10.8
      vertex -2.2147 -2.65782 10
      vertex -2.22 -2.55 10
    endloop
  endfacet
  facet normal 0.72351 -0.342183 -0.599536
    outer loop
      vertex -1.56096 -2.3143 10.8
      vertex -1.58194 -2.35866 10.8
      vertex -2.09011 -2.03146 10
    endloop
  endfacet
  facet normal 0.753579 -0.26958 -0.599537
    outer loop
      vertex -2.13627 -2.12905 10
      vertex -1.58194 -2.35866 10.8
      vertex -2.17263 -2.23069 10
    endloop
  endfacet
  facet normal 0.791684 -0.11744 -0.599536
    outer loop
      vertex -2.19886 -2.3354 10
      vertex -1.61039 -2.45245 10.8
      vertex -2.2147 -2.44218 10
    endloop
  endfacet
  facet normal 0.77636 -0.194479 -0.599536
    outer loop
      vertex -2.17263 -2.23069 10
      vertex -1.61039 -2.45245 10.8
      vertex -2.19886 -2.3354 10
    endloop
  endfacet
  facet normal 0.476811 -0.642816 -0.599533
    outer loop
      vertex -1.73113 -1.63538 10
      vertex -1.4372 -2.16349 10.8
      vertex -1.81783 -1.69969 10
    endloop
  endfacet
  facet normal 0.592897 -0.537603 -0.599547
    outer loop
      vertex -1.47355 -2.19645 10.8
      vertex -1.50651 -2.2328 10.8
      vertex -1.89782 -1.77218 10
    endloop
  endfacet
  facet normal 0.593053 -0.537447 -0.599533
    outer loop
      vertex -1.89782 -1.77218 10
      vertex -1.50651 -2.2328 10.8
      vertex -1.97031 -1.85217 10
    endloop
  endfacet
  facet normal 0.686499 -0.411425 -0.59954
    outer loop
      vertex -2.03462 -1.93887 10
      vertex -1.53573 -2.27221 10.8
      vertex -2.09011 -2.03146 10
    endloop
  endfacet
  facet normal 0.642812 -0.476808 -0.599539
    outer loop
      vertex -1.97031 -1.85217 10
      vertex -1.53573 -2.27221 10.8
      vertex -2.03462 -1.93887 10
    endloop
  endfacet
  facet normal -0.75356 -0.269634 -0.599537
    outer loop
      vertex -0.103732 -2.12905 10
      vertex -0.641529 -2.40486 10.8
      vertex -0.65806 -2.35866 10.8
    endloop
  endfacet
  facet normal -0.723515 -0.342169 -0.599538
    outer loop
      vertex -0.103732 -2.12905 10
      vertex -0.65806 -2.35866 10.8
      vertex -0.679039 -2.3143 10.8
    endloop
  endfacet
  facet normal -0.0392944 -0.799382 -0.599537
    outer loop
      vertex -1.12 -1.45 10
      vertex -1.01218 -1.4553 10
      vertex -1.12 -2.05 10.8
    endloop
  endfacet
  facet normal 0.0392944 -0.799382 -0.599537
    outer loop
      vertex -1.12 -1.45 10
      vertex -1.12 -2.05 10.8
      vertex -1.22782 -1.4553 10
    endloop
  endfacet
  facet normal -0.194446 -0.776365 -0.59954
    outer loop
      vertex -0.800687 -1.49736 10
      vertex -0.974857 -2.07153 10.8
      vertex -1.02245 -2.05961 10.8
    endloop
  endfacet
  facet normal -0.342227 -0.723488 -0.599538
    outer loop
      vertex -0.699048 -1.53373 10
      vertex -0.601463 -1.57989 10
      vertex -0.928658 -2.08806 10.8
    endloop
  endfacet
  facet normal -0.269648 -0.753554 -0.599539
    outer loop
      vertex -0.800687 -1.49736 10
      vertex -0.699048 -1.53373 10
      vertex -0.928658 -2.08806 10.8
    endloop
  endfacet
  facet normal -0.411397 -0.686521 -0.599535
    outer loop
      vertex -0.508872 -1.63538 10
      vertex -0.842215 -2.13426 10.8
      vertex -0.884301 -2.10904 10.8
    endloop
  endfacet
  facet normal 0.753579 0.26958 -0.599537
    outer loop
      vertex -1.58194 -2.74134 10.8
      vertex -2.13627 -2.97095 10
      vertex -2.17263 -2.86931 10
    endloop
  endfacet
  facet normal 0.723495 0.342213 -0.599538
    outer loop
      vertex -1.58194 -2.74134 10.8
      vertex -2.09011 -3.06854 10
      vertex -2.13627 -2.97095 10
    endloop
  endfacet
  facet normal 0.592897 0.537603 -0.599547
    outer loop
      vertex -1.50651 -2.8672 10.8
      vertex -1.47355 -2.90355 10.8
      vertex -1.89782 -3.32782 10
    endloop
  endfacet
  facet normal 0.537443 0.593048 -0.599541
    outer loop
      vertex -1.47355 -2.90355 10.8
      vertex -1.81783 -3.40031 10
      vertex -1.89782 -3.32782 10
    endloop
  endfacet
  facet normal 0.686415 0.411555 -0.599547
    outer loop
      vertex -1.56096 -2.7857 10.8
      vertex -1.53573 -2.82778 10.8
      vertex -2.03462 -3.16113 10
    endloop
  endfacet
  facet normal 0.686501 0.411426 -0.599537
    outer loop
      vertex -1.56096 -2.7857 10.8
      vertex -2.03462 -3.16113 10
      vertex -2.09011 -3.06854 10
    endloop
  endfacet
  facet normal 0.117455 0.791681 -0.599537
    outer loop
      vertex -1.21754 -3.04039 10.8
      vertex -1.16901 -3.04759 10.8
      vertex -1.3346 -3.62886 10
    endloop
  endfacet
  facet normal 0.11744 0.791684 -0.599536
    outer loop
      vertex -1.16901 -3.04759 10.8
      vertex -1.22782 -3.6447 10
      vertex -1.3346 -3.62886 10
    endloop
  endfacet
  facet normal 0.411424 0.686497 -0.599543
    outer loop
      vertex -1.39778 -2.96573 10.8
      vertex -1.63854 -3.52011 10
      vertex -1.73113 -3.46462 10
    endloop
  endfacet
  facet normal 0.476806 0.64281 -0.599543
    outer loop
      vertex -1.39778 -2.96573 10.8
      vertex -1.73113 -3.46462 10
      vertex -1.81783 -3.40031 10
    endloop
  endfacet
  facet normal 0.342213 0.723496 -0.599537
    outer loop
      vertex -1.3557 -2.99096 10.8
      vertex -1.54095 -3.56627 10
      vertex -1.63854 -3.52011 10
    endloop
  endfacet
  facet normal 0.342182 0.723509 -0.599539
    outer loop
      vertex -1.3557 -2.99096 10.8
      vertex -1.31134 -3.01194 10.8
      vertex -1.54095 -3.56627 10
    endloop
  endfacet
  facet normal -0.537462 0.593032 -0.599539
    outer loop
      vertex -0.342182 -3.32782 10
      vertex -0.422167 -3.40031 10
      vertex -0.766446 -2.90355 10.8
    endloop
  endfacet
  facet normal -0.593034 0.53746 -0.599539
    outer loop
      vertex -0.269688 -3.24783 10
      vertex -0.342182 -3.32782 10
      vertex -0.766446 -2.90355 10.8
    endloop
  endfacet
  facet normal -0.411517 0.686449 -0.599534
    outer loop
      vertex -0.842215 -2.96573 10.8
      vertex -0.601463 -3.52011 10
      vertex -0.884301 -2.99096 10.8
    endloop
  endfacet
  facet normal -0.269625 0.753562 -0.599538
    outer loop
      vertex -0.928658 -3.01194 10.8
      vertex -0.699048 -3.56627 10
      vertex -0.974857 -3.02847 10.8
    endloop
  endfacet
  facet normal -0.342201 0.7235 -0.599538
    outer loop
      vertex -0.884301 -2.99096 10.8
      vertex -0.699048 -3.56627 10
      vertex -0.928658 -3.01194 10.8
    endloop
  endfacet
  facet normal -0.723512 0.342176 -0.599537
    outer loop
      vertex -0.103732 -2.97095 10
      vertex -0.149886 -3.06854 10
      vertex -0.679039 -2.7857 10.8
    endloop
  endfacet
  facet normal 0.791685 -0.117432 -0.599537
    outer loop
      vertex -1.61039 -2.45245 10.8
      vertex -1.61759 -2.50099 10.8
      vertex -2.2147 -2.44218 10
    endloop
  endfacet
  facet normal 0.753567 -0.26962 -0.599535
    outer loop
      vertex -1.58194 -2.35866 10.8
      vertex -1.59847 -2.40486 10.8
      vertex -2.17263 -2.23069 10
    endloop
  endfacet
  facet normal 0.723495 -0.342213 -0.599538
    outer loop
      vertex -2.09011 -2.03146 10
      vertex -1.58194 -2.35866 10.8
      vertex -2.13627 -2.12905 10
    endloop
  endfacet
  facet normal 0.269646 -0.753554 -0.599539
    outer loop
      vertex -1.43931 -1.49736 10
      vertex -1.31134 -2.08806 10.8
      vertex -1.54095 -1.53373 10
    endloop
  endfacet
  facet normal 0.117455 -0.791682 -0.599536
    outer loop
      vertex -1.16901 -2.05241 10.8
      vertex -1.21754 -2.05961 10.8
      vertex -1.22782 -1.4553 10
    endloop
  endfacet
  facet normal 0.342183 -0.72351 -0.599536
    outer loop
      vertex -1.31134 -2.08806 10.8
      vertex -1.3557 -2.10904 10.8
      vertex -1.63854 -1.57989 10
    endloop
  endfacet
  facet normal 0.411439 -0.686493 -0.599538
    outer loop
      vertex -1.3557 -2.10904 10.8
      vertex -1.39778 -2.13426 10.8
      vertex -1.73113 -1.63538 10
    endloop
  endfacet
  facet normal 0.411426 -0.686501 -0.599537
    outer loop
      vertex -1.63854 -1.57989 10
      vertex -1.3557 -2.10904 10.8
      vertex -1.73113 -1.63538 10
    endloop
  endfacet
  facet normal 0.537447 -0.593053 -0.599533
    outer loop
      vertex -1.81783 -1.69969 10
      vertex -1.4372 -2.16349 10.8
      vertex -1.89782 -1.77218 10
    endloop
  endfacet
  facet normal 0.537603 -0.592897 -0.599547
    outer loop
      vertex -1.4372 -2.16349 10.8
      vertex -1.47355 -2.19645 10.8
      vertex -1.89782 -1.77218 10
    endloop
  endfacet
  facet normal -0.117432 -0.791685 -0.599537
    outer loop
      vertex -1.01218 -1.4553 10
      vertex -1.02245 -2.05961 10.8
      vertex -1.07099 -2.05241 10.8
    endloop
  endfacet
  facet normal 0.642961 0.476594 -0.599549
    outer loop
      vertex -1.53573 -2.82778 10.8
      vertex -1.50651 -2.8672 10.8
      vertex -2.03462 -3.16113 10
    endloop
  endfacet
  facet normal 0.642816 0.476811 -0.599533
    outer loop
      vertex -1.50651 -2.8672 10.8
      vertex -1.97031 -3.24783 10
      vertex -2.03462 -3.16113 10
    endloop
  endfacet
  facet normal -0.75356 0.269634 -0.599537
    outer loop
      vertex -0.641529 -2.69514 10.8
      vertex -0.103732 -2.97095 10
      vertex -0.65806 -2.74134 10.8
    endloop
  endfacet
  facet normal 0.194409 -0.776375 -0.599539
    outer loop
      vertex -1.3346 -1.47114 10
      vertex -1.21754 -2.05961 10.8
      vertex -1.43931 -1.49736 10
    endloop
  endfacet
  facet normal 0.11744 -0.791684 -0.599537
    outer loop
      vertex -1.22782 -1.4553 10
      vertex -1.21754 -2.05961 10.8
      vertex -1.3346 -1.47114 10
    endloop
  endfacet
  facet normal 0.194419 -0.776372 -0.599539
    outer loop
      vertex -1.21754 -2.05961 10.8
      vertex -1.26514 -2.07153 10.8
      vertex -1.43931 -1.49736 10
    endloop
  endfacet
  facet normal 0.269619 -0.753563 -0.599541
    outer loop
      vertex -1.26514 -2.07153 10.8
      vertex -1.31134 -2.08806 10.8
      vertex -1.43931 -1.49736 10
    endloop
  endfacet
  facet normal 1 0 0
    outer loop
      vertex -0.799999 4.52606 20
      vertex -0.799999 3.8 20
      vertex -0.799999 4.52606 12
    endloop
  endfacet
  facet normal 1 -0 0
    outer loop
      vertex -0.799999 4.52606 12
      vertex -0.799999 5.6 11
      vertex -0.799999 5.6 12
    endloop
  endfacet
  facet normal 1 0 0
    outer loop
      vertex -0.799999 4.52606 12
      vertex -0.799999 3.8 11
      vertex -0.799999 5.6 11
    endloop
  endfacet
  facet normal 1 0 0
    outer loop
      vertex -0.799999 3.8 11
      vertex -0.799999 4.52606 12
      vertex -0.799999 3.8 20
    endloop
  endfacet
  facet normal -1 0 0
    outer loop
      vertex 0.799999 5.6 11
      vertex 0.799999 4.52606 12
      vertex 0.799999 5.6 12
    endloop
  endfacet
  facet normal -1 0 0
    outer loop
      vertex 0.799999 3.8 11
      vertex 0.799999 4.52606 12
      vertex 0.799999 5.6 11
    endloop
  endfacet
  facet normal -1 0 0
    outer loop
      vertex 0.799999 3.8 20
      vertex 0.799999 4.52606 12
      vertex 0.799999 3.8 11
    endloop
  endfacet
  facet normal -1 0 0
    outer loop
      vertex 0.799999 4.52606 12
      vertex 0.799999 3.8 20
      vertex 0.799999 4.52606 20
    endloop
  endfacet
  facet normal 0 -1 0
    outer loop
      vertex -0.799999 5.6 11
      vertex 0.799999 5.6 12
      vertex -0.799999 5.6 12
    endloop
  endfacet
  facet normal 0 -1 -0
    outer loop
      vertex 0.799999 5.6 12
      vertex -0.799999 5.6 11
      vertex 0.799999 5.6 11
    endloop
  endfacet
  facet normal -0 0 1
    outer loop
      vertex -0.799999 5.6 11
      vertex 0.799999 3.8 11
      vertex 0.799999 5.6 11
    endloop
  endfacet
  facet normal 0 0 1
    outer loop
      vertex 0.799999 3.8 11
      vertex -0.799999 5.6 11
      vertex -0.799999 3.8 11
    endloop
  endfacet
  facet normal 0 1 -0
    outer loop
      vertex 0.799999 3.8 11
      vertex -0.799999 3.8 20
      vertex 0.799999 3.8 20
    endloop
  endfacet
  facet normal 0 1 0
    outer loop
      vertex -0.799999 3.8 20
      vertex 0.799999 3.8 11
      vertex -0.799999 3.8 11
    endloop
  endfacet
endsolid OpenSCAD_Model
