; HEADER_BLOCK_START
; generated by OrcaSlicer 2.4.2 on 2026-09-29 at 03:28:15
; total layer number: 20
; filament_density: 1.27
; filament_diameter: 1.75
; max_z_height: 4.00
; filament: 1
; HEADER_BLOCK_END

; external perimeters extrusion width = 0.42mm
; perimeters extrusion width = 0.45mm
; infill extrusion width = 0.45mm
; solid infill extrusion width = 0.42mm
; top infill extrusion width = 0.42mm
; support material extrusion width = 0.42mm
; first layer extrusion width = 0.50mm

; EXECUTABLE_BLOCK_START
M73 P0 R20
;TYPE:Custom
M104 S140
M190 S60
M109 S80
G28;
G1 X230 Y300 Z10 F5000
SET_KINEMATIC_POSITION Y=0
G1 Y20  F4000
G1 X230 F4000
G1 Z-1  F600 
G1 X270 F4000
G1 Y25  F4000
G1 X230 F4000
G92 E0
G1 Z10 F1200
G1 Y0 F5000
G1 E-1 F3000
M73 P1 R20
M400
SET_KINEMATIC_POSITION Y=300
G92 E-1
M140 S60;
M109 S255;
G1 X0 Y0.8 Z0.8 F18000
G92 E0
G1 X0 Y0.8 Z0.3 E8 F600
G92 E0
G1 X200 Y0.8 Z0.3 F1800.0 E20.0;draw line
G92 E0
G1 X200 Y0 Z0.3 F1800.0 E0.08;draw line
G92 E0
G1 X100 Y0 Z0.3 F1800.0 E10.0;draw line
G92 E0
G1 X100 Y1.6 Z0.3 F1800.0 E0.16;draw line
G92 E0
G1 X180 Y1.6 Z0.3 F1800.0 E8;draw line
G92 E0
G1 X180 Y0 Z0.3 F1800.0 E0.16;draw line
M73 P2 R20
G92 E0
G1 E-1 Z5 F18000
G92 E0
G90
G21
M83 ; use relative distances for extrusion
; filament start gcode
M106 S0
;LAYER_CHANGE
;Z:0.2
;HEIGHT:0.2

G1 E-1.3 F1800
G92 E0
;_SET_FAN_SPEED_CHANGING_LAYER
G1 Z.6 F18000
G1 X165.85 Y115.354
G1 Z.2
G1 E1.3 F1800
SET_VELOCITY_LIMIT ACCEL=5000 ACCEL_TO_DECEL=2500
;TYPE:Inner wall
;WIDTH:0.499999
G1 X166.11 Y115.944 E.02327
G1 X166.263 Y116.57 E.02327
G1 X166.293 Y117.135 E.02042
G1 X166.293 Y193.026 E2.7401
G1 X166.221 Y193.641 E.02235
G1 X166.041 Y194.26 E.02327
G1 X165.731 Y194.825 E.02328
G1 X165.327 Y195.327 E.02327
G1 X164.825 Y195.731 E.02327
G1 X164.26 Y196.041 E.02328
G1 X163.641 Y196.221 E.02327
G1 X162.977 Y196.293 E.02411
G1 X136.974 Y196.293 E.93885
G1 X136.359 Y196.221 E.02235
G1 X135.74 Y196.041 E.02327
G1 X135.175 Y195.731 E.02328
G1 X134.673 Y195.327 E.02327
G1 X134.269 Y194.825 E.02327
G1 X133.959 Y194.26 E.02328
G1 X133.779 Y193.641 E.02327
G1 X133.707 Y192.977 E.02411
G1 X133.707 Y116.974 E2.74415
G1 X133.779 Y116.359 E.02235
G1 X133.959 Y115.74 E.02327
G1 X134.269 Y115.175 E.02328
G1 X134.673 Y114.673 E.02327
G1 X135.175 Y114.269 E.02327
G1 X135.74 Y113.959 E.02328
G1 X136.359 Y113.779 E.02327
G1 X137.023 Y113.707 E.02411
G1 X163.109 Y113.707 E.94185
G1 X163.853 Y113.821 E.02718
G1 X164.453 Y114.055 E.02326
G1 X165.004 Y114.389 E.02324
G1 X165.47 Y114.835 E.02329
G1 X165.827 Y115.322 E.02182
G1 X166.247 Y115.125 F18000
;TYPE:Outer wall
G1 F1800
G1 X166.543 Y115.797 E.02651
G1 X166.717 Y116.511 E.02651
G1 X166.75 Y117.135 E.02259
G1 X166.75 Y193.048 E2.74091
G1 X166.67 Y193.73 E.02478
M73 P3 R20
G1 X166.464 Y194.435 E.02651
G1 X166.111 Y195.079 E.02652
G1 X165.651 Y195.651 E.02651
G1 X165.079 Y196.111 E.02651
G1 X164.435 Y196.464 E.02652
G1 X163.73 Y196.67 E.02651
G1 X162.992 Y196.75 E.02681
G1 X136.952 Y196.75 E.9402
G1 X136.27 Y196.67 E.02478
G1 X135.565 Y196.464 E.02651
G1 X134.921 Y196.111 E.02652
G1 X134.349 Y195.651 E.02651
G1 X133.889 Y195.079 E.02651
G1 X133.536 Y194.435 E.02652
G1 X133.33 Y193.73 E.02651
G1 X133.25 Y192.992 E.02681
G1 X133.25 Y116.952 E2.7455
G1 X133.33 Y116.27 E.02478
M73 P3 R19
G1 X133.536 Y115.565 E.02651
G1 X133.889 Y114.921 E.02652
G1 X134.349 Y114.349 E.02651
G1 X134.921 Y113.889 E.02651
G1 X135.565 Y113.536 E.02652
G1 X136.27 Y113.33 E.02651
G1 X137.008 Y113.25 E.02681
G1 X162.865 Y113.25 E.93358
G1 X163.477 Y113.282 E.02213
G1 X163.971 Y113.378 E.01818
G1 X164.656 Y113.645 E.02653
G1 X165.282 Y114.025 E.02648
G1 X165.813 Y114.533 E.02653
G1 X166.223 Y115.093 E.02506
G1 E-1.3
G1 Z.6 F18000
G1 X148.533 Y119.45 Z.6
G1 Z.2
G1 E1.3 F1800
;TYPE:Inner wall
G1 X148.447 Y119.489 E.00343
G1 X147.85 Y119.976 E.02783
G1 X147.399 Y120.602 E.02783
G1 X147.126 Y121.325 E.02793
G1 X147.043 Y121.999 E.02451
G1 X147.043 Y124.049 E.07399
G1 X147.172 Y124.85 E.02932
G1 X147.489 Y125.553 E.02783
G1 X147.976 Y126.15 E.02783
G1 X148.561 Y126.582 E.02625
G1 X149.15 Y126.828 E.02303
G1 X149.375 Y126.881 E.00834
G1 X150.09 Y126.951 E.02594
G1 X150.85 Y126.828 E.02783
G1 X151.553 Y126.511 E.02783
G1 X152.15 Y126.024 E.02783
G1 X152.601 Y125.398 E.02783
G1 X152.874 Y124.677 E.02783
G1 X152.957 Y124.001 E.02462
G1 X152.957 Y121.946 E.07419
G1 X152.828 Y121.15 E.02912
G1 X152.511 Y120.447 E.02783
G1 X152.024 Y119.85 E.02783
G1 X151.398 Y119.399 E.02784
G1 X150.677 Y119.126 E.02782
G1 X149.91 Y119.049 E.02783
G1 X149.15 Y119.172 E.02782
G1 X148.57 Y119.433 E.02296
G1 X148.732 Y119.848 F18000
;TYPE:Outer wall
G1 F1800
G1 X148.725 Y119.851 E.00029
G1 X148.212 Y120.255 E.02355
G1 X147.834 Y120.751 E.02253
G1 X147.585 Y121.354 E.02358
G1 X147.502 Y121.969 E.02241
G1 X147.5 Y124.001 E.07334
G1 X147.595 Y124.675 E.0246
G1 X147.84 Y125.259 E.02286
G1 X148.24 Y125.775 E.02357
G1 X148.763 Y126.172 E.02372
G1 X149.368 Y126.418 E.02358
G1 X150.01 Y126.5 E.02337
G1 X150.659 Y126.411 E.02367
G1 X151.263 Y126.157 E.02363
G1 X151.774 Y125.761 E.02336
G1 X152.17 Y125.242 E.02357
G1 X152.415 Y124.647 E.02322
G1 X152.498 Y124.031 E.02247
G1 X152.498 Y121.969 E.07442
G1 X152.405 Y121.325 E.02352
G1 X152.148 Y120.725 E.02355
G1 X151.745 Y120.212 E.02355
G1 X151.223 Y119.822 E.02355
G1 X150.618 Y119.579 E.02354
G1 X149.97 Y119.502 E.02355
G1 X149.325 Y119.595 E.02354
G1 X148.769 Y119.833 E.02182
G1 E-1.3
G1 Z.6 F18000
G1 X153.859 Y144.954 Z.6
G1 Z.2
G1 E1.3 F1800
;TYPE:Inner wall
G1 X153.774 Y144.85 E.00488
G1 X153.148 Y144.399 E.02783
G1 X152.478 Y144.135 E.02603
G1 X151.798 Y144.045 E.02475
G1 X148.245 Y144.043 E.12826
G1 X147.573 Y144.126 E.02448
G1 X147.34 Y144.197 E.00876
G1 X146.696 Y144.49 E.02557
G1 X146.095 Y144.982 E.02806
G1 X145.649 Y145.602 E.02754
G1 X145.376 Y146.324 E.02789
G1 X145.299 Y147.097 E.02805
G1 X145.422 Y147.85 E.02754
G1 X145.739 Y148.553 E.02783
G1 X146.226 Y149.15 E.02783
G1 X146.852 Y149.601 E.02783
G1 X147.574 Y149.865 E.02775
;WIDTH:0.481897
G1 X148.249 Y149.927 E.02352
;WIDTH:0.43938
G1 X151.781 Y149.927 E.1106
;WIDTH:0.469505
G1 X152.104 Y149.9 E.01093
;WIDTH:0.499629
G1 X152.427 Y149.874 E.0117
;WIDTH:0.499999
G1 X152.62 Y149.819 E.00722
G1 X153.303 Y149.511 E.02706
G1 X153.774 Y149.15 E.02141
G1 X154.043 Y148.837 E.01492
G1 X154.351 Y148.398 E.01935
G1 X154.624 Y147.676 E.02789
G1 X154.701 Y146.903 E.02805
G1 X154.578 Y146.15 E.02754
G1 X154.261 Y145.447 E.02783
G1 X153.884 Y144.985 E.02151
G1 X153.537 Y145.256 F18000
;TYPE:Outer wall
G1 F1800
G1 X153.524 Y145.239 E.00078
G1 X153.008 Y144.84 E.02357
G1 X152.412 Y144.59 E.02332
G1 X151.781 Y144.502 E.02302
G1 X148.219 Y144.502 E.12858
G1 X147.515 Y144.619 E.02578
G1 X146.975 Y144.852 E.02125
G1 X146.458 Y145.26 E.0238
G1 X146.072 Y145.777 E.02328
G1 X145.829 Y146.383 E.02357
G1 X145.752 Y147.037 E.0238
G1 X145.845 Y147.675 E.02327
G1 X146.102 Y148.275 E.02355
G1 X146.505 Y148.788 E.02355
G1 X147.027 Y149.178 E.02355
G1 X147.632 Y149.421 E.02355
G1 X148.249 Y149.5 E.02246
G1 X151.766 Y149.5 E.12696
G1 X152.445 Y149.397 E.02481
G1 X153.025 Y149.149 E.02278
G1 X153.535 Y148.748 E.02342
G1 X153.916 Y148.249 E.02266
G1 X154.167 Y147.64 E.0238
G1 X154.25 Y146.993 E.02355
G1 X154.165 Y146.353 E.02331
G1 X153.915 Y145.75 E.02357
G1 X153.562 Y145.288 E.02099
G1 E-1.3
G1 Z.6 F18000
G1 X154.59 Y163.765 Z.6
G1 Z.2
G1 E1.3 F1800
;TYPE:Inner wall
G1 X154.624 Y163.676 E.00345
G1 X154.701 Y162.903 E.02805
G1 X154.578 Y162.15 E.02754
G1 X154.287 Y161.483 E.02624
G1 X153.9 Y160.976 E.02303
G1 X153.698 Y160.792 E.00987
G1 X153.148 Y160.399 E.0244
G1 X152.521 Y160.145 E.02443
G1 X151.751 Y160.073 E.02793
;WIDTH:0.43938
G1 X148.193 Y160.073 E.11143
;WIDTH:0.465925
G1 X147.797 Y160.125 E.01333
;WIDTH:0.49247
G1 X147.401 Y160.176 E.01417
;WIDTH:0.499999
G1 X146.696 Y160.49 E.02788
G1 X146.095 Y160.982 E.02805
G1 X145.649 Y161.602 E.02754
G1 X145.376 Y162.324 E.02789
G1 X145.299 Y162.92 E.02167
G1 X145.332 Y163.346 E.01544
G1 X145.422 Y163.85 E.0185
G1 X145.739 Y164.553 E.02783
G1 X146.226 Y165.15 E.02783
G1 X146.852 Y165.601 E.02783
G1 X147.522 Y165.865 E.02603
G1 X148.202 Y165.955 E.02475
G1 X151.755 Y165.957 E.12826
G1 X152.427 Y165.874 E.02448
G1 X152.66 Y165.803 E.00876
G1 X153.303 Y165.511 E.02552
G1 X153.9 Y165.024 E.02783
G1 X154.351 Y164.398 E.02783
G1 X154.576 Y163.803 E.02299
G1 X154.163 Y163.637 F18000
;TYPE:Outer wall
G1 F1800
G1 X154.171 Y163.617 E.00077
G1 X154.248 Y162.963 E.0238
G1 X154.155 Y162.325 E.02327
G1 X153.898 Y161.725 E.02355
G1 X153.495 Y161.212 E.02355
G1 X152.99 Y160.829 E.02291
G1 X152.433 Y160.598 E.02176
G1 X151.781 Y160.502 E.02381
G1 X148.219 Y160.502 E.12858
G1 X147.575 Y160.595 E.02352
G1 X146.975 Y160.852 E.02357
G1 X146.458 Y161.26 E.0238
G1 X146.072 Y161.777 E.02328
G1 X145.829 Y162.383 E.02357
G1 X145.75 Y163.007 E.02272
G1 X145.836 Y163.65 E.02343
G1 X146.085 Y164.25 E.02346
G1 X146.476 Y164.761 E.02321
G1 X146.992 Y165.16 E.02357
G1 X147.588 Y165.41 E.02332
G1 X148.219 Y165.498 E.02302
G1 X151.781 Y165.498 E.12858
G1 X152.485 Y165.381 E.02577
G1 X153.025 Y165.149 E.02123
G1 X153.538 Y164.745 E.02355
G1 X153.928 Y164.223 E.02355
G1 X154.148 Y163.674 E.02135
G1 E-1.3
G1 Z.6 F18000
G1 X156.329 Y156.834 Z.6
G1 Z.2
G1 E1.3 F1800
;TYPE:Inner wall
G1 X156.365 Y156.759 E.00299
G1 X156.557 Y156.175 E.02222
G1 X156.671 Y155.57 E.02223
G1 X156.706 Y154.955 E.02223
G1 X156.66 Y154.341 E.02223
G1 X156.534 Y153.739 E.02223
G1 X156.33 Y153.158 E.02222
G1 X156.053 Y152.608 E.02223
G1 X155.706 Y152.1 E.02223
G1 X155.296 Y151.641 E.02223
G1 X154.829 Y151.239 E.02223
G1 X154.314 Y150.902 E.02223
G1 X153.759 Y150.635 E.02223
G1 X153.175 Y150.443 E.02222
G1 X152.441 Y150.322 E.02683
;WIDTH:0.499629
G1 X152.096 Y150.323 E.01246
;WIDTH:0.469505
G1 X151.751 Y150.323 E.01164
;WIDTH:0.43938
G1 X148.199 Y150.323 E.11124
;WIDTH:0.466068
G1 X147.753 Y150.31 E.01491
;WIDTH:0.492756
G1 X147.307 Y150.297 E.01585
M73 P4 R19
;WIDTH:0.499999
G1 X141.954 Y150.294 E.19326
G1 X141.341 Y150.34 E.0222
G1 X140.739 Y150.466 E.02223
G1 X140.158 Y150.67 E.02222
G1 X139.608 Y150.947 E.02223
G1 X139.1 Y151.294 E.02222
G1 X138.652 Y151.694 E.02167
G1 X138.239 Y152.171 E.02277
G1 X137.902 Y152.686 E.02223
G1 X137.635 Y153.241 E.02222
G1 X137.443 Y153.825 E.02223
G1 X137.329 Y154.43 E.02223
G1 X137.294 Y155.045 E.02222
G1 X137.34 Y155.659 E.02223
G1 X137.466 Y156.261 E.02223
G1 X137.67 Y156.842 E.02222
G1 X137.947 Y157.392 E.02223
G1 X138.294 Y157.9 E.02223
G1 X138.704 Y158.359 E.02223
G1 X139.171 Y158.761 E.02222
G1 X139.686 Y159.098 E.02222
G1 X140.241 Y159.365 E.02223
G1 X140.825 Y159.557 E.02222
G1 X141.349 Y159.661 E.01926
G1 X141.952 Y159.705 E.02185
G1 X147.507 Y159.699 E.20055
;WIDTH:0.484818
G1 X148.249 Y159.677 E.02593
;WIDTH:0.43938
G1 X152.23 Y159.677 E.12467
;WIDTH:0.46969
G1 X152.444 Y159.668 E.00723
;WIDTH:0.499999
G1 X152.659 Y159.66 E.00774
G1 X153.261 Y159.534 E.02223
G1 X153.927 Y159.288 E.02563
G1 X154.392 Y159.053 E.0188
G1 X154.9 Y158.706 E.02223
G1 X155.359 Y158.296 E.02223
G1 X155.761 Y157.829 E.02223
G1 X156.098 Y157.314 E.02223
G1 X156.311 Y156.87 E.01779
G1 X155.922 Y156.636 F18000
;TYPE:Outer wall
G1 F1800
G1 X156.101 Y156.114 E.01992
G1 X156.211 Y155.569 E.02007
G1 X156.25 Y155.015 E.02007
G1 X156.215 Y154.46 E.02007
G1 X156.109 Y153.915 E.02007
G1 X155.932 Y153.388 E.02007
G1 X155.688 Y152.888 E.02007
G1 X155.38 Y152.425 E.02007
G1 X155.015 Y152.006 E.02007
G1 X154.599 Y151.638 E.02007
G1 X154.138 Y151.327 E.02007
G1 X153.64 Y151.08 E.02007
G1 X153.114 Y150.899 E.02007
G1 X152.582 Y150.791 E.0196
G1 X152.016 Y150.751 E.02049
G1 X141.999 Y150.75 E.36168
G1 X141.46 Y150.785 E.01951
G1 X140.916 Y150.891 E.02001
G1 X140.388 Y151.068 E.02013
G1 X139.888 Y151.312 E.02007
G1 X139.425 Y151.62 E.02007
G1 X139.016 Y151.976 E.0196
G1 X138.638 Y152.401 E.02051
G1 X138.327 Y152.862 E.0201
G1 X138.08 Y153.36 E.02007
G1 X137.899 Y153.886 E.02007
G1 X137.789 Y154.43 E.02007
G1 X137.75 Y154.985 E.02007
G1 X137.785 Y155.54 E.02007
G1 X137.891 Y156.085 E.02007
G1 X138.068 Y156.612 E.02007
G1 X138.312 Y157.112 E.02007
G1 X138.62 Y157.575 E.02007
G1 X138.985 Y157.994 E.02007
G1 X139.401 Y158.362 E.02007
G1 X139.862 Y158.673 E.02007
G1 X140.36 Y158.92 E.02007
G1 X140.886 Y159.101 E.02007
G1 X141.418 Y159.209 E.0196
G1 X141.984 Y159.249 E.02049
G1 X152.001 Y159.25 E.36168
G1 X152.54 Y159.215 E.01951
G1 X153.085 Y159.109 E.02007
G1 X153.612 Y158.932 E.02007
G1 X154.112 Y158.688 E.02007
G1 X154.575 Y158.38 E.02007
G1 X154.994 Y158.015 E.02007
G1 X155.362 Y157.599 E.02007
G1 X155.673 Y157.138 E.02007
G1 X155.904 Y156.672 E.01878
G1 E-1.3
G1 Z.6 F18000
G1 X150.737 Y183.146 Z.6
G1 Z.2
G1 E1.3 F1800
;TYPE:Inner wall
G1 X150.625 Y183.119 E.00415
G1 X149.91 Y183.049 E.02594
G1 X149.15 Y183.172 E.02782
G1 X148.447 Y183.489 E.02783
G1 X147.85 Y183.976 E.02783
G1 X147.399 Y184.602 E.02783
G1 X147.126 Y185.323 E.02783
G1 X147.043 Y185.999 E.02462
G1 X147.043 Y188.054 E.07419
G1 X147.172 Y188.85 E.02912
G1 X147.489 Y189.553 E.02783
G1 X147.976 Y190.15 E.02783
G1 X148.602 Y190.601 E.02784
G1 X149.323 Y190.874 E.02782
G1 X150.09 Y190.951 E.02783
G1 X150.85 Y190.828 E.02783
G1 X151.553 Y190.511 E.02783
G1 X152.15 Y190.024 E.02783
G1 X152.601 Y189.398 E.02783
G1 X152.874 Y188.675 E.02793
G1 X152.957 Y188.001 E.02451
G1 X152.957 Y185.946 E.07419
G1 X152.828 Y185.15 E.02912
G1 X152.511 Y184.447 E.02783
G1 X152.024 Y183.85 E.02783
G1 X151.439 Y183.418 E.02625
G1 X150.85 Y183.172 E.02303
G1 X150.776 Y183.155 E.00275
G1 X150.651 Y183.59 F18000
;TYPE:Outer wall
G1 F1800
G1 X150.632 Y183.582 E.00076
G1 X149.99 Y183.5 E.02337
G1 X149.341 Y183.589 E.02367
G1 X148.737 Y183.843 E.02363
G1 X148.226 Y184.239 E.02336
G1 X147.83 Y184.758 E.02357
G1 X147.585 Y185.353 E.02322
G1 X147.502 Y185.969 E.02247
G1 X147.502 Y188.031 E.07442
G1 X147.595 Y188.675 E.02352
G1 X147.852 Y189.275 E.02355
G1 X148.255 Y189.788 E.02355
G1 X148.777 Y190.178 E.02355
G1 X149.382 Y190.421 E.02354
G1 X150 Y190.5 E.02249
G1 X150.675 Y190.405 E.02462
G1 X151.275 Y190.149 E.02355
G1 X151.788 Y189.745 E.02355
G1 X152.166 Y189.249 E.02253
G1 X152.415 Y188.646 E.02358
G1 X152.498 Y188.031 E.02241
G1 X152.498 Y185.969 E.07442
G1 X152.405 Y185.325 E.02352
G1 X152.16 Y184.741 E.02286
G1 X151.76 Y184.225 E.02357
G1 X151.237 Y183.828 E.02372
G1 X150.688 Y183.605 E.02137
G1 E-1.3
G1 Z.6 F18000
G1 X164.274 Y114.17 Z.6
G1 Z.2
G1 E1.3 F1800
;TYPE:Bottom surface
;WIDTH:0.501323
G1 X165.054 Y114.95 E.03997
G1 X165.302 Y115.233 E.01363
G1 X165.513 Y115.549 E.01374
G1 X165.681 Y115.889 E.01375
G1 X165.803 Y116.249 E.01375
G1 X165.828 Y116.372 E.00455
G1 X163.629 Y114.173 E.11262
G1 X163.368 Y114.122 E.00963
G1 X162.903 Y114.096 E.01685
G1 X165.904 Y117.097 E.15371
G1 X165.904 Y117.745 E.02347
G1 X162.255 Y114.096 E.18691
G1 X161.606 Y114.096 E.02347
G1 X165.904 Y118.394 E.22011
G1 X165.904 Y119.042 E.02347
G1 X160.958 Y114.096 E.2533
G1 X160.31 Y114.096 E.02347
G1 X165.904 Y119.69 E.2865
G1 X165.904 Y120.339 E.02347
G1 X159.661 Y114.096 E.3197
G1 X159.013 Y114.096 E.02347
G1 X165.904 Y120.987 E.3529
G1 X165.904 Y121.635 E.02347
G1 X158.365 Y114.096 E.3861
G1 X157.717 Y114.096 E.02347
G1 X165.904 Y122.283 E.4193
G1 X165.904 Y122.932 E.02347
G1 X157.068 Y114.096 E.45249
G1 X156.42 Y114.096 E.02347
G1 X165.904 Y123.58 E.48569
G1 X165.904 Y124.228 E.02347
G1 X155.772 Y114.096 E.51889
G1 X155.123 Y114.096 E.02347
G1 X165.904 Y124.877 E.55209
G1 X165.904 Y125.525 E.02347
G1 X154.475 Y114.096 E.58529
G1 X153.827 Y114.096 E.02347
G1 X165.904 Y126.173 E.61848
G1 X165.904 Y126.821 E.02347
G1 X153.179 Y114.096 E.65168
G1 X152.53 Y114.096 E.02347
G1 X165.904 Y127.47 E.68488
G1 X165.904 Y128.118 E.02347
G1 X151.882 Y114.096 E.71808
G1 X151.234 Y114.096 E.02347
M73 P5 R19
G1 X165.904 Y128.766 E.75128
G1 X165.904 Y129.415 E.02347
G1 X150.585 Y114.096 E.78447
G1 X149.937 Y114.096 E.02347
G1 X165.904 Y130.063 E.81767
G1 X165.904 Y130.711 E.02347
G1 X149.289 Y114.096 E.85087
G1 X148.641 Y114.096 E.02347
G1 X165.904 Y131.359 E.88407
G1 X165.904 Y132.008 E.02347
G1 X147.992 Y114.096 E.91727
G1 X147.344 Y114.096 E.02347
G1 X165.904 Y132.656 E.95046
G1 X165.904 Y133.304 E.02347
G1 X146.696 Y114.096 E.98366
G1 X146.048 Y114.096 E.02347
G1 X150.688 Y118.736 E.23761
G1 X150.13 Y118.662 E.02037
G1 X149.966 Y118.662 E.00594
G1 X145.399 Y114.096 E.23385
G1 X144.751 Y114.096 E.02347
G1 X149.382 Y118.727 E.23717
G1 X149.221 Y118.749 E.00589
G1 X148.873 Y118.866 E.01329
G1 X144.103 Y114.096 E.24431
G1 X143.454 Y114.096 E.02347
G1 X148.418 Y119.059 E.25418
G1 X148.219 Y119.174 E.00833
G1 X148.03 Y119.319 E.00862
G1 X142.806 Y114.096 E.2675
G1 X142.158 Y114.096 E.02347
G1 X147.671 Y119.609 E.28232
G1 X147.547 Y119.732 E.00633
G1 X147.376 Y119.962 E.01038
G1 X141.51 Y114.096 E.3004
G1 X140.861 Y114.096 E.02347
G1 X147.098 Y120.333 E.31939
G1 X146.909 Y120.792 E.01798
G1 X140.213 Y114.096 E.3429
G1 X139.565 Y114.096 E.02347
G1 X146.746 Y121.277 E.36776
G1 X146.666 Y121.845 E.02076
G1 X138.916 Y114.096 E.39683
G1 X138.268 Y114.096 E.02347
G1 X146.66 Y122.487 E.42974
G1 X146.658 Y123.133 E.02339
G1 X137.62 Y114.096 E.46282
G1 X136.976 Y114.1 E.02333
G1 X146.655 Y123.779 E.49569
G1 X146.654 Y124.01 E.00836
G1 X146.712 Y124.485 E.01731
G1 X136.22 Y113.993 E.53728
G1 E-1.3
M73 P6 R19
G1 Z.6 F18000
G1 X152.96 Y121.008 Z.6
G1 Z.2
G1 E1.3 F1800
G1 X165.904 Y133.952 E.66287
G1 X165.904 Y134.601 E.02347
G1 X153.345 Y122.042 E.64314
G1 X153.343 Y122.688 E.02339
G1 X165.904 Y135.249 E.64326
G1 X165.904 Y135.897 E.02347
G1 X153.341 Y123.334 E.64338
G1 X153.338 Y123.979 E.02339
G1 X165.904 Y136.546 E.6435
G1 X165.904 Y137.194 E.02347
G1 X153.276 Y124.565 E.64671
G1 X153.232 Y124.867 E.01105
G1 X153.146 Y125.083 E.00844
G1 X165.904 Y137.842 E.65337
G1 X165.904 Y138.49 E.02347
G1 X152.96 Y125.546 E.66288
G1 X152.873 Y125.715 E.00687
G1 X152.703 Y125.938 E.01014
G1 X165.904 Y139.139 E.67602
G1 X165.904 Y139.787 E.02347
G1 X152.42 Y126.303 E.69052
G1 X152.33 Y126.401 E.00484
G1 X152.068 Y126.599 E.01188
G1 X165.904 Y140.435 E.70854
G1 X165.904 Y141.084 E.02347
G1 X151.699 Y126.878 E.72744
G1 X151.247 Y127.075 E.01784
G1 X165.904 Y141.732 E.75057
G1 X165.904 Y142.38 E.02347
G1 X150.77 Y127.246 E.775
G1 X150.197 Y127.321 E.02093
G1 X165.904 Y143.028 E.80436
G1 X165.904 Y143.677 E.02347
G1 X149.272 Y127.044 E.85174
G1 E-1.3
G1 Z.6 F18000
G1 X135.742 Y114.162 Z.6
G1 Z.2
G1 E1.3 F1800
G1 X146.996 Y125.416 E.5763
G1 X147.124 Y125.71 E.01163
G1 X147.607 Y126.339 E.02869
G1 X148.217 Y126.825 E.02826
G1 X148.444 Y126.956 E.00949
G1 X148.596 Y127.017 E.00593
G1 X165.904 Y144.325 E.88633
G1 X165.904 Y144.973 E.02347
M73 P7 R19
G1 X135.47 Y114.539 E1.55851
G1 X135.233 Y114.698 E.01032
G1 X135.099 Y114.816 E.00649
G1 X165.904 Y145.622 E1.57754
G1 X165.904 Y146.27 E.02347
G1 X134.777 Y115.143 E1.594
G1 X134.506 Y115.52 E.01682
G1 X165.904 Y146.918 E1.60788
G1 X165.904 Y147.566 E.02347
G1 X134.296 Y115.958 E1.61866
G1 X134.197 Y116.249 E.01114
G1 X134.154 Y116.464 E.00795
G1 X165.904 Y148.215 E1.62592
G1 X165.904 Y148.863 E.02347
G1 X134.096 Y117.054 E1.62891
G1 X134.096 Y117.702 E.02347
G1 X165.904 Y149.511 E1.62891
G1 X165.904 Y150.159 E.02347
M73 P8 R19
G1 X134.096 Y118.351 E1.62891
G1 X134.096 Y118.999 E.02347
G1 X165.904 Y150.808 E1.62891
G1 X165.904 Y151.456 E.02347
M73 P8 R18
G1 X134.096 Y119.647 E1.62891
G1 X134.096 Y120.296 E.02347
G1 X165.904 Y152.104 E1.62891
G1 X165.904 Y152.753 E.02347
G1 X134.096 Y120.944 E1.62891
G1 X134.096 Y121.592 E.02347
G1 X165.904 Y153.401 E1.62891
G1 X165.904 Y154.049 E.02347
G1 X134.096 Y122.24 E1.62891
G1 X134.096 Y122.889 E.02347
G1 X165.904 Y154.697 E1.62891
G1 X165.904 Y155.346 E.02347
G1 X134.096 Y123.537 E1.62891
G1 X134.096 Y124.185 E.02347
M73 P9 R18
G1 X165.904 Y155.994 E1.62891
G1 X165.904 Y156.642 E.02347
G1 X134.096 Y124.833 E1.62891
G1 X134.096 Y125.482 E.02347
G1 X152.337 Y143.723 E.93414
G1 X151.824 Y143.657 E.01874
G1 X151.622 Y143.656 E.00732
G1 X134.096 Y126.13 E.89751
G1 X134.096 Y126.778 E.02347
G1 X150.973 Y143.655 E.86426
G1 X150.323 Y143.654 E.0235
G1 X134.096 Y127.427 E.83102
G1 X134.096 Y128.075 E.02347
G1 X149.676 Y143.655 E.79786
G1 X149.028 Y143.656 E.02345
G1 X134.096 Y128.723 E.76469
G1 X134.096 Y129.371 E.02347
G1 X148.381 Y143.656 E.73152
G1 X148.176 Y143.657 E.00741
G1 X147.784 Y143.708 E.01433
G1 X134.096 Y130.02 E.70095
G1 X134.096 Y130.668 E.02347
G1 X147.246 Y143.818 E.6734
G1 X146.788 Y144.008 E.01795
G1 X134.096 Y131.316 E.64996
G1 X134.096 Y131.965 E.02347
G1 X146.383 Y144.252 E.62925
G1 X146.011 Y144.528 E.01678
M73 P10 R18
G1 X134.096 Y132.613 E.61017
G1 X134.096 Y133.261 E.02347
G1 X145.697 Y144.863 E.5941
G1 X145.417 Y145.231 E.01675
G1 X134.096 Y133.909 E.57977
G1 X134.096 Y134.558 E.02347
G1 X145.204 Y145.666 E.56887
G1 X145.019 Y146.13 E.01807
G1 X134.096 Y135.206 E.5594
G1 X134.096 Y135.854 E.02347
G1 X144.944 Y146.702 E.55552
G1 X144.904 Y147.004 E.01104
G1 X144.946 Y147.352 E.01269
G1 X134.096 Y136.502 E.55562
G1 X134.096 Y137.151 E.02347
G1 X145.148 Y148.203 E.566
G1 X145.294 Y148.556 E.01384
G1 X145.424 Y148.781 E.0094
G1 X145.798 Y149.268 E.02223
G1 X145.982 Y149.452 E.0094
G1 X146.469 Y149.826 E.02223
G1 X146.605 Y149.904 E.0057
G1 X146.201 Y149.905 E.01462
G1 X134.096 Y137.799 E.61992
G1 X134.096 Y138.447 E.02347
G1 X145.553 Y149.905 E.58673
G1 X144.905 Y149.905 E.02346
G1 X134.096 Y139.096 E.55355
G1 X134.096 Y139.744 E.02347
G1 X144.257 Y149.905 E.52037
G1 X143.609 Y149.906 E.02346
G1 X134.096 Y140.392 E.48718
G1 X134.096 Y141.04 E.02347
G1 X142.961 Y149.906 E.454
G1 X142.313 Y149.906 E.02346
G1 X134.096 Y141.689 E.42081
G1 X134.096 Y142.337 E.02347
G1 X141.682 Y149.924 E.38851
G1 X141.333 Y149.948 E.01268
G1 X141.103 Y149.993 E.00848
G1 X134.096 Y142.985 E.35885
G1 X134.096 Y143.634 E.02347
G1 X140.58 Y150.118 E.33207
G1 X140.096 Y150.282 E.01851
G1 X134.096 Y144.282 E.30728
G1 X134.096 Y144.93 E.02347
G1 X139.655 Y150.489 E.28469
G1 X139.399 Y150.619 E.01038
G1 X139.244 Y150.726 E.00685
G1 X134.096 Y145.578 E.26362
G1 X134.096 Y146.227 E.02347
G1 X138.859 Y150.99 E.24393
G1 X138.516 Y151.296 E.01663
G1 X134.096 Y146.875 E.22639
G1 X134.096 Y147.523 E.02347
G1 X138.198 Y151.626 E.21009
G1 X137.902 Y151.978 E.01666
G1 X134.096 Y148.172 E.19491
G1 X134.096 Y148.82 E.02347
G1 X137.646 Y152.37 E.18182
G1 X137.558 Y152.506 E.00588
G1 X137.421 Y152.793 E.0115
G1 X134.096 Y149.468 E.17027
G1 X134.096 Y150.116 E.02347
G1 X137.225 Y153.246 E.16026
G1 X137.066 Y153.735 E.01862
G1 X134.096 Y150.765 E.1521
G1 X134.096 Y151.413 E.02347
G1 X136.963 Y154.28 E.14684
G1 X136.912 Y154.877 E.02169
G1 X134.096 Y152.061 E.14421
G1 X134.096 Y152.709 E.02347
G1 X136.945 Y155.559 E.14593
G1 X136.958 Y155.726 E.00605
G1 X137.09 Y156.352 E.02318
G1 X133.89 Y153.152 E.16388
G1 E-1.3
M73 P11 R18
G1 Z.6 F18000
G1 X145.814 Y159.89 Z.6
G1 Z.2
G1 E1.3 F1800
G1 X146.26 Y160.335 E.02282
G1 X145.903 Y160.627 E.01668
G1 X145.371 Y160.096 E.02722
G1 X144.723 Y160.096 E.02347
G1 X145.607 Y160.98 E.04528
G1 X145.424 Y161.219 E.01093
G1 X145.341 Y161.362 E.00597
G1 X144.075 Y160.096 E.06486
G1 X143.427 Y160.096 E.02347
G1 X145.142 Y161.811 E.08786
G1 X145.059 Y162.011 E.00782
G1 X144.987 Y162.304 E.01094
G1 X142.778 Y160.096 E.1131
G1 X142.13 Y160.096 E.02347
G1 X144.913 Y162.878 E.1425
G1 X144.907 Y163.078 E.00722
G1 X144.98 Y163.594 E.01889
G1 X141.195 Y159.809 E.19382
G1 E-1.3
G1 Z.6 F18000
G1 X154.77 Y146.156 Z.6
G1 Z.2
G1 E1.3 F1800
G1 X165.904 Y157.291 E.5702
G1 X165.904 Y157.939 E.02347
G1 X155.081 Y147.115 E.55427
G1 X155.009 Y147.691 E.02103
G1 X165.904 Y158.587 E.55796
G1 X165.904 Y159.235 E.02347
G1 X154.853 Y148.184 E.56594
G1 X154.659 Y148.638 E.01788
G1 X165.904 Y159.884 E.57589
G1 X165.904 Y160.532 E.02347
G1 X154.392 Y149.02 E.58952
G1 X154.193 Y149.28 E.01188
G1 X154.098 Y149.374 E.00482
G1 X165.904 Y161.18 E.60461
G1 X165.904 Y161.829 E.02347
G1 X153.736 Y149.66 E.62314
G1 X153.359 Y149.931 E.01682
G1 X153.943 Y150.516 E.02995
G1 E-1.3
G1 Z.6 F18000
G1 X156.484 Y153.057 Z.6
G1 Z.2
G1 E1.3 F1800
G1 X165.904 Y162.477 E.4824
G1 X165.904 Y163.125 E.02347
G1 X157.03 Y154.25 E.45447
G1 X157.058 Y154.395 E.00533
G1 X157.094 Y154.963 E.0206
G1 X165.904 Y163.773 E.4512
G1 X165.904 Y164.422 E.02347
G1 X157.06 Y155.577 E.45291
G1 X156.961 Y156.127 E.02021
G1 X165.904 Y165.07 E.45798
G1 X165.904 Y165.718 E.02347
G1 X156.812 Y156.626 E.46562
G1 X156.637 Y157.099 E.01827
G1 X165.904 Y166.366 E.47458
G1 X165.904 Y167.015 E.02347
G1 X156.419 Y157.529 E.48574
G1 X156.163 Y157.922 E.01697
G1 X165.904 Y167.663 E.49883
G1 X165.904 Y168.311 E.02347
G1 X155.878 Y158.285 E.51344
G1 X155.574 Y158.629 E.01663
G1 X165.904 Y168.96 E.52903
G1 X165.904 Y169.608 E.02347
G1 X155.226 Y158.929 E.54685
G1 X155.052 Y159.079 E.00828
G1 X154.856 Y159.207 E.00852
G1 X165.904 Y170.256 E.5658
G1 X165.904 Y170.904 E.02347
M73 P12 R18
G1 X154.459 Y159.459 E.58611
G1 X154.025 Y159.673 E.01753
G1 X165.904 Y171.553 E.60834
G1 X165.904 Y172.201 E.02347
G1 X153.546 Y159.843 E.63287
G1 X153.308 Y159.925 E.00913
G1 X153.11 Y159.965 E.0073
G1 X153.38 Y160.078 E.0106
G1 X154.017 Y160.546 E.02861
G1 X154.193 Y160.72 E.00895
G1 X154.612 Y161.27 E.02504
G1 X154.707 Y161.446 E.00725
G1 X154.85 Y161.795 E.01365
G1 X165.904 Y172.849 E.56609
G1 X165.904 Y173.498 E.02347
G1 X155.054 Y162.648 E.55562
G1 X155.096 Y162.992 E.01256
G1 X155.057 Y163.298 E.01119
G1 X165.904 Y174.146 E.55551
G1 X165.904 Y174.794 E.02347
G1 X154.981 Y163.871 E.55938
G1 X154.791 Y164.329 E.01796
G1 X165.904 Y175.442 E.56911
G1 X165.904 Y176.091 E.02347
G1 X154.579 Y164.766 E.57994
G1 X154.301 Y165.136 E.01677
G1 X165.904 Y176.739 E.59418
G1 X165.904 Y177.387 E.02347
G1 X153.99 Y165.473 E.61011
G1 X153.622 Y165.753 E.01676
G1 X165.904 Y178.036 E.62899
G1 X165.904 Y178.684 E.02347
G1 X153.208 Y165.987 E.6502
G1 X152.756 Y166.183 E.01784
G1 X165.904 Y179.332 E.67333
G1 X165.904 Y179.98 E.02347
G1 X152.215 Y166.291 E.70102
G1 X151.783 Y166.345 E.01577
G1 X151.621 Y166.345 E.00587
G1 X165.904 Y180.629 E.73146
G1 X165.904 Y181.277 E.02347
G1 X150.971 Y166.344 E.76472
G1 X150.322 Y166.342 E.02352
G1 X165.904 Y181.925 E.79799
G1 X165.904 Y182.573 E.02347
G1 X149.672 Y166.341 E.83126
G1 X149.022 Y166.34 E.02352
G1 X165.904 Y183.222 E.86452
G1 X165.904 Y183.87 E.02347
M73 P13 R18
G1 X148.373 Y166.338 E.89779
G1 X148.118 Y166.338 E.00921
M73 P13 R17
G1 X147.658 Y166.272 E.01685
G1 X165.904 Y184.518 E.9344
G1 X165.904 Y185.167 E.02347
G1 X140.324 Y159.586 E1.30997
G1 E-1.3
G1 Z.6 F18000
G1 X133.89 Y153.8 Z.6
G1 Z.2
G1 E1.3 F1800
G1 X137.534 Y157.445 E.18662
G1 X137.921 Y158.052 E.02608
G1 X138.354 Y158.558 E.02413
G1 X138.851 Y159.004 E.02417
G1 X139.555 Y159.466 E.03049
G1 X165.904 Y185.815 E1.34932
G1 X165.904 Y186.463 E.02347
G1 X134.096 Y154.654 E1.62891
G1 X134.096 Y155.303 E.02347
G1 X165.904 Y187.111 E1.62891
G1 X165.904 Y187.76 E.02347
G1 X134.096 Y155.951 E1.62891
G1 X134.096 Y156.599 E.02347
G1 X165.904 Y188.408 E1.62891
G1 X165.904 Y189.056 E.02347
G1 X134.096 Y157.247 E1.62891
G1 X134.096 Y157.896 E.02347
M73 P14 R17
G1 X165.904 Y189.705 E1.62891
G1 X165.904 Y190.353 E.02347
G1 X134.096 Y158.544 E1.62891
G1 X134.096 Y159.192 E.02347
G1 X165.904 Y191.001 E1.62891
G1 X165.904 Y191.649 E.02347
G1 X134.096 Y159.841 E1.62891
G1 X134.096 Y160.489 E.02347
G1 X165.904 Y192.298 E1.62891
G1 X165.904 Y192.946 E.02347
G1 X134.096 Y161.137 E1.62891
G1 X134.096 Y161.785 E.02347
G1 X165.846 Y193.536 E1.62592
G1 X165.803 Y193.751 E.00795
G1 X165.704 Y194.042 E.01114
G1 X134.096 Y162.434 E1.61866
G1 X134.096 Y163.082 E.02347
M73 P15 R17
G1 X165.494 Y194.48 E1.60788
G1 X165.223 Y194.857 E.01682
G1 X134.096 Y163.73 E1.594
G1 X134.096 Y164.379 E.02347
G1 X164.901 Y195.184 E1.57754
G1 X164.767 Y195.302 E.00649
G1 X164.53 Y195.461 E.01032
G1 X134.096 Y165.027 E1.55851
G1 X134.096 Y165.675 E.02347
G1 X151.41 Y182.989 E.88664
G1 X151.676 Y183.103 E.01049
G1 X152.334 Y183.602 E.02993
G1 X152.825 Y184.217 E.02849
G1 X152.956 Y184.444 E.00949
G1 X153.017 Y184.597 E.00595
G1 X164.104 Y195.683 E.56774
G1 X163.751 Y195.803 E.01349
G1 X163.605 Y195.832 E.00541
G1 X153.282 Y185.51 E.52859
G1 X153.346 Y185.989 E.01749
G1 X153.345 Y186.221 E.00839
G1 X163.024 Y195.9 E.49569
G1 X162.38 Y195.904 E.02333
G1 X153.342 Y186.867 E.46281
G1 X153.34 Y187.513 E.02339
G1 X161.732 Y195.904 E.42974
G1 X161.084 Y195.904 E.02347
G1 X153.334 Y188.155 E.39683
G1 X153.254 Y188.723 E.02076
G1 X160.435 Y195.904 E.36776
G1 X159.787 Y195.904 E.02347
G1 X153.091 Y189.208 E.3429
G1 X152.902 Y189.667 E.01798
G1 X159.139 Y195.904 E.31939
G1 X158.49 Y195.904 E.02347
G1 X152.624 Y190.038 E.30039
G1 X152.453 Y190.268 E.01037
G1 X152.329 Y190.391 E.00633
G1 X157.842 Y195.904 E.28232
G1 X157.194 Y195.904 E.02347
G1 X151.97 Y190.681 E.2675
G1 X151.781 Y190.826 E.00862
G1 X151.582 Y190.941 E.00834
G1 X156.546 Y195.904 E.25418
G1 X155.897 Y195.904 E.02347
G1 X151.127 Y191.134 E.24431
G1 X150.778 Y191.252 E.01332
G1 X150.616 Y191.272 E.00591
G1 X155.249 Y195.904 E.23725
G1 X154.601 Y195.904 E.02347
G1 X150.038 Y191.342 E.23363
G1 X149.312 Y191.264 E.02646
M73 P16 R17
G1 X154.158 Y196.11 E.24817
G1 E-1.3
G1 Z.6 F18000
G1 X150.721 Y182.948 Z.6
G1 Z.2
G1 E1.3 F1800
G1 X134.096 Y166.323 E.85136
G1 X134.096 Y166.972 E.02347
G1 X149.8 Y182.676 E.80419
G1 X149.229 Y182.754 E.02085
G1 X134.096 Y167.62 E.77498
G1 X134.096 Y168.268 E.02347
G1 X148.753 Y182.925 E.75058
G1 X148.3 Y183.121 E.01785
G1 X134.096 Y168.916 E.72741
G1 X134.096 Y169.565 E.02347
G1 X147.932 Y183.401 E.70853
G1 X147.67 Y183.599 E.01188
G1 X147.58 Y183.697 E.00483
G1 X134.096 Y170.213 E.69052
G1 X134.096 Y170.861 E.02347
G1 X147.297 Y184.062 E.67602
G1 X147.127 Y184.285 E.01014
G1 X147.04 Y184.454 E.00687
G1 X134.096 Y171.51 E.66288
G1 X134.096 Y172.158 E.02347
G1 X146.854 Y184.917 E.65337
G1 X146.768 Y185.133 E.00843
G1 X146.724 Y185.435 E.01105
G1 X134.096 Y172.806 E.64671
G1 X134.096 Y173.454 E.02347
G1 X146.662 Y186.021 E.6435
G1 X146.659 Y186.666 E.02339
G1 X134.096 Y174.103 E.64338
G1 X134.096 Y174.751 E.02347
G1 X146.657 Y187.312 E.64326
G1 X146.655 Y187.958 E.02339
G1 X134.096 Y175.399 E.64314
G1 X134.096 Y176.048 E.02347
G1 X147.04 Y188.992 E.66287
G1 E-1.3
G1 Z.6 F18000
G1 X153.51 Y196.11 Z.6
G1 Z.2
G1 E1.3 F1800
G1 X134.096 Y176.696 E.99419
G1 X134.096 Y177.344 E.02347
M73 P17 R17
G1 X152.656 Y195.904 E.95046
G1 X152.008 Y195.904 E.02347
G1 X134.096 Y177.992 E.91726
G1 X134.096 Y178.641 E.02347
G1 X151.359 Y195.904 E.88407
G1 X150.711 Y195.904 E.02347
G1 X134.096 Y179.289 E.85087
G1 X134.096 Y179.937 E.02347
G1 X150.063 Y195.904 E.81767
G1 X149.414 Y195.904 E.02347
G1 X134.096 Y180.586 E.78447
G1 X134.096 Y181.234 E.02347
G1 X148.766 Y195.904 E.75127
G1 X148.118 Y195.904 E.02347
G1 X134.096 Y181.882 E.71808
G1 X134.096 Y182.53 E.02347
G1 X147.47 Y195.904 E.68488
G1 X146.821 Y195.904 E.02347
G1 X134.096 Y183.179 E.65168
G1 X134.096 Y183.827 E.02347
G1 X146.173 Y195.904 E.61848
G1 X145.525 Y195.904 E.02347
G1 X134.096 Y184.475 E.58528
G1 X134.096 Y185.123 E.02347
G1 X144.877 Y195.904 E.55209
G1 X144.228 Y195.904 E.02347
G1 X134.096 Y185.772 E.51889
G1 X134.096 Y186.42 E.02347
G1 X143.58 Y195.904 E.48569
G1 X142.932 Y195.904 E.02347
G1 X134.096 Y187.068 E.45249
G1 X134.096 Y187.717 E.02347
M73 P17 R16
G1 X142.283 Y195.904 E.41929
G1 X141.635 Y195.904 E.02347
G1 X134.096 Y188.365 E.38609
G1 X134.096 Y189.013 E.02347
G1 X140.987 Y195.904 E.3529
G1 X140.339 Y195.904 E.02347
G1 X134.096 Y189.661 E.3197
G1 X134.096 Y190.31 E.02347
M73 P18 R16
G1 X139.69 Y195.904 E.2865
G1 X139.042 Y195.904 E.02347
G1 X134.096 Y190.958 E.2533
G1 X134.096 Y191.606 E.02347
G1 X138.394 Y195.904 E.2201
G1 X137.745 Y195.904 E.02347
G1 X134.096 Y192.255 E.18691
G1 X134.096 Y192.903 E.02347
G1 X137.097 Y195.904 E.15371
G1 X136.621 Y195.877 E.01726
G1 X136.372 Y195.828 E.00919
G1 X134.172 Y193.628 E.11265
G1 X134.197 Y193.751 E.00455
G1 X134.319 Y194.111 E.01374
G1 X134.487 Y194.451 E.01375
G1 X134.698 Y194.767 E.01374
G1 X134.946 Y195.05 E.01364
G1 X135.726 Y195.83 E.03995
G1 E-1.3
G1 Z.6 F18000
G1 X153.214 Y185.289 Z.6
G1 Z.2
G1 E1.3 F1800
;TYPE:Gap infill
;WIDTH:0.20617
G1 X153.02 Y184.933 E.00522
G1 E-1.3
G1 Z.6 F18000
G1 X151.05 Y182.985 Z.6
G1 Z.2
G1 E1.3 F1800
;WIDTH:0.116554
G1 X150.828 Y182.841 E.00154
G1 E-1.3
G1 Z.6 F18000
G1 X156.584 Y152.957 Z.6
G1 Z.2
G1 E1.3 F1800
;WIDTH:0.169921
G1 X156.468 Y152.795 E.002
;WIDTH:0.14587
G1 X156.352 Y152.632 E.00162
G1 E-1.3
G1 Z.6 F18000
G1 X154.992 Y162.423 Z.6
G1 Z.2
G1 E1.3 F1800
;WIDTH:0.165293
G1 X154.837 Y162.128 E.00322
G1 E-1.3
G1 Z.6 F18000
G1 X147.49 Y166.094 Z.6
G1 Z.2
G1 E1.3 F1800
;WIDTH:0.158378
G1 X147.399 Y166.135 E.00091
;WIDTH:0.186577
G1 X147.376 Y166.144 E.00028
;WIDTH:0.235226
G1 X147.352 Y166.153 E.00038
G1 X147.039 Y165.946 E.00571
G1 E-1.3
G1 Z.6 F18000
G1 X140.221 Y159.688 Z.6
G1 Z.2
G1 E1.3 F1800
;WIDTH:0.175098
G1 X140.14 Y159.638 E.001
;WIDTH:0.153504
G1 X140.068 Y159.587 E.00077
;WIDTH:0.126517
G1 X139.947 Y159.501 E.00098
G1 E-1.3
G1 Z.6 F18000
G1 X137.499 Y157.053 Z.6
G1 Z.2
G1 E1.3 F1800
;WIDTH:0.11544
G1 X137.431 Y156.957 E.00068
;WIDTH:0.159487
G1 X137.17 Y156.57 E.0043
G1 E-1.3
G1 Z.6 F18000
G1 X145.168 Y147.879 Z.6
G1 Z.2
G1 E1.3 F1800
;WIDTH:0.173783
G1 X145.008 Y147.577 E.00353
G1 E-1.3
G1 Z.6 F18000
G1 X152.963 Y144.057 Z.6
G1 Z.2
G1 E1.3 F1800
;WIDTH:0.114468
G1 X152.882 Y144.001 E.00056
;WIDTH:0.147863
G1 X152.8 Y143.946 E.00082
;WIDTH:0.186452
G1 X152.56 Y143.79 E.00325
G1 E-1.3
G1 Z.6 F18000
G1 X154.871 Y146.055 Z.6
G1 Z.2
G1 E1.3 F1800
;WIDTH:0.164655
G1 X154.779 Y145.918 E.00159
;WIDTH:0.14236
G1 X154.687 Y145.781 E.00129
G1 E-1.3
G1 Z.6 F18000
G1 X154.368 Y150.649 Z.6
G1 Z.2
G1 E1.3 F1800
;WIDTH:0.121826
G1 X154.206 Y150.532 E.00125
;WIDTH:0.145881
G1 X154.043 Y150.416 E.00162
G1 X153.11 Y149.862 F18000
;WIDTH:0.227573
G1 F1800
G1 X153.055 Y149.945 E.00145
;WIDTH:0.267077
G1 X153.001 Y150.029 E.00177
G1 X153.008 Y150.062 E.00061
G1 X153.284 Y150.239 E.00581
G1 E-1.3
G1 Z.6 F18000
G1 X146.987 Y125.051 Z.6
G1 Z.2
G1 E1.3 F1800
;WIDTH:0.121295
G1 X146.767 Y124.713 E.0025
G1 E-1.3
G1 Z.6 F18000
G1 X164.176 Y114.268 Z.6
G1 Z.2
G1 E1.3 F1800
;WIDTH:0.117542
G1 X163.916 Y114.106 E.00181
;LAYER_CHANGE
;Z:0.4
;HEIGHT:0.2

G1 E-1.3 F1800
G92 E0
;_SET_FAN_SPEED_CHANGING_LAYER
M140 S60 ; set bed temperature
G1 Z.8 F18000
G1 X165.942 Y115.302 Z.8
G1 Z.4
G1 E1.3 F1800
;TYPE:Inner wall
;WIDTH:0.449999
G1 F7757.448
G1 X166.21 Y115.911 E.0214
G1 X166.368 Y116.557 E.02138
G1 X166.398 Y117.135 E.01863
G1 X166.398 Y193.031 E2.44053
G1 X166.324 Y193.661 E.0204
G1 X166.138 Y194.3 E.02139
G1 X165.818 Y194.883 E.02139
G1 X165.402 Y195.402 E.02139
G1 X164.883 Y195.818 E.02139
G1 X164.3 Y196.138 E.02139
G1 X163.661 Y196.324 E.02139
G1 X162.98 Y196.398 E.02202
G1 X136.969 Y196.398 E.83643
G1 X136.339 Y196.324 E.0204
G1 X135.7 Y196.138 E.02139
G1 X135.117 Y195.818 E.0214
G1 X134.598 Y195.402 E.02138
G1 X134.182 Y194.883 E.02139
G1 X133.862 Y194.3 E.02139
G1 X133.676 Y193.661 E.02139
G1 X133.602 Y192.98 E.02202
G1 X133.602 Y116.969 E2.44425
G1 X133.676 Y116.339 E.0204
G1 X133.862 Y115.7 E.02139
G1 X134.182 Y115.117 E.02139
G1 X134.598 Y114.598 E.02139
G1 X135.117 Y114.182 E.02139
G1 X135.7 Y113.862 E.02139
G1 X136.339 Y113.676 E.02139
G1 X137.02 Y113.602 E.02202
G1 X163.105 Y113.602 E.8388
G1 X163.882 Y113.72 E.02527
G1 X164.502 Y113.961 E.02139
G1 X165.068 Y114.305 E.0213
G1 X165.549 Y114.766 E.02142
G1 X165.918 Y115.269 E.02008
G1 X166.281 Y115.105 F18000
;TYPE:Outer wall
;WIDTH:0.419999
G1 F6000
G1 X166.282 Y115.105 E.00002
G1 X166.581 Y115.785 E.02211
G1 X166.757 Y116.505 E.0221
G1 X166.79 Y117.135 E.01879
G1 X166.79 Y193.139 E2.26389
G1 X166.66 Y193.981 E.02537
G1 X166.392 Y194.672 E.0221
G1 X166.006 Y195.307 E.02211
G1 X165.493 Y195.843 E.02211
G1 X164.895 Y196.282 E.0221
G1 X164.216 Y196.581 E.0221
G1 X163.495 Y196.757 E.02211
G1 X162.993 Y196.79 E.01497
G1 X136.861 Y196.79 E.77839
G1 X136.019 Y196.66 E.02537
G1 X135.328 Y196.392 E.0221
G1 X134.693 Y196.006 E.02211
G1 X134.157 Y195.493 E.02211
G1 X133.718 Y194.895 E.0221
G1 X133.419 Y194.216 E.0221
G1 X133.243 Y193.495 E.02211
G1 X133.21 Y192.993 E.01497
G1 X133.21 Y116.861 E2.26772
G1 X133.34 Y116.019 E.02537
G1 X133.608 Y115.328 E.0221
G1 X133.994 Y114.693 E.02211
G1 X134.507 Y114.157 E.02211
G1 X135.105 Y113.718 E.0221
G1 X135.784 Y113.419 E.0221
G1 X136.505 Y113.243 E.02211
G1 X137.007 Y113.21 E.01497
G1 X162.865 Y113.21 E.77022
G1 X163.456 Y113.24 E.01765
G1 X163.982 Y113.34 E.01593
G1 X164.675 Y113.61 E.02216
G1 X165.307 Y113.994 E.02202
G1 X165.844 Y114.507 E.02213
G1 X166.258 Y115.072 E.02087
G1 E-1.3 F1800
G1 Z.8 F18000
G1 X148.587 Y119.538 Z.8
G1 Z.4
G1 E1.3 F1800
;TYPE:Inner wall
;WIDTH:0.449999
G1 F7757.448
G1 X148.511 Y119.572 E.00268
G1 X147.933 Y120.04 E.02391
G1 X147.529 Y120.576 E.0216
G1 X147.23 Y121.336 E.02625
G1 X147.148 Y121.999 E.02148
G1 X147.153 Y124.077 E.0668
G1 X147.269 Y124.81 E.02388
G1 X147.572 Y125.489 E.02391
G1 X148.04 Y126.067 E.02391
G1 X148.573 Y126.469 E.02146
G1 X149.19 Y126.731 E.02155
G1 X149.388 Y126.777 E.00655
G1 X150.076 Y126.847 E.02222
G1 X150.81 Y126.731 E.02391
G1 X151.489 Y126.428 E.02391
G1 X152.067 Y125.96 E.02391
G1 X152.504 Y125.358 E.02391
G1 X152.766 Y124.688 E.02313
G1 X152.852 Y124.001 E.02228
G1 X152.847 Y121.923 E.0668
G1 X152.731 Y121.19 E.02388
G1 X152.428 Y120.511 E.02391
G1 X151.96 Y119.933 E.02391
G1 X151.358 Y119.496 E.02391
G1 X150.664 Y119.23 E.0239
G1 X149.924 Y119.153 E.02391
G1 X149.19 Y119.269 E.0239
G1 X148.624 Y119.522 E.01994
G1 X148.749 Y119.883 F18000
;TYPE:Outer wall
;WIDTH:0.419999
G1 F6000
G1 X148.244 Y120.279 E.01912
G1 X147.869 Y120.771 E.01842
G1 X147.623 Y121.365 E.01914
G1 X147.542 Y121.975 E.01834
G1 X147.54 Y124.001 E.06035
G1 X147.624 Y124.637 E.01911
G1 X147.866 Y125.223 E.01889
G1 X148.255 Y125.734 E.01913
G1 X148.759 Y126.124 E.01899
G1 X149.353 Y126.373 E.01918
G1 X149.992 Y126.46 E.0192
G1 X150.624 Y126.379 E.01899
G1 X151.219 Y126.136 E.01914
G1 X151.733 Y125.746 E.01923
G1 X152.126 Y125.237 E.01913
G1 X152.376 Y124.637 E.01938
G1 X152.458 Y124.025 E.01838
G1 X152.458 Y121.975 E.06108
G1 X152.368 Y121.34 E.01909
G1 X152.117 Y120.749 E.01912
G1 X151.721 Y120.244 E.01912
G1 X151.208 Y119.859 E.01912
G1 X150.613 Y119.619 E.01912
G1 X149.975 Y119.542 E.01912
G1 X149.34 Y119.632 E.01911
G1 X148.786 Y119.868 E.01793
G1 E-1.3 F1800
G1 Z.8 F18000
G1 X153.783 Y145.024 Z.8
G1 Z.4
G1 E1.3 F1800
;TYPE:Inner wall
;WIDTH:0.449999
G1 F7757.448
G1 X153.71 Y144.933 E.00374
G1 X153.108 Y144.496 E.02391
G1 X152.49 Y144.246 E.02144
G1 X151.827 Y144.153 E.02154
G1 X148.249 Y144.148 E.11503
G1 X147.586 Y144.23 E.02149
G1 X147.38 Y144.294 E.00693
G1 X146.761 Y144.572 E.02184
G1 X146.183 Y145.04 E.02391
G1 X145.746 Y145.642 E.02391
G1 X145.48 Y146.336 E.02391
G1 X145.403 Y147.076 E.02391
G1 X145.519 Y147.81 E.02391
G1 X145.822 Y148.489 E.02391
G1 X146.29 Y149.067 E.02391
G1 X146.892 Y149.504 E.02391
;WIDTH:0.487299
G1 F7106.32
G1 X147.121 Y149.611 E.00887
;WIDTH:0.524598
G1 F6556.033
G1 X147.35 Y149.718 E.00962
;WIDTH:0.561897
G1 F6084.846
G1 X147.579 Y149.825 E.01036
G1 X148.249 Y149.887 E.0276
;WIDTH:0.519381
G1 F6627.814
G1 X151.938 Y149.887 E.13884
G1 X152.253 Y149.807 E.01222
;WIDTH:0.48469
G1 F7148.278
G1 X152.568 Y149.727 E.01133
;WIDTH:0.449999
G1 F7757.448
G1 X153.239 Y149.428 E.02364
G1 X153.83 Y148.942 E.0246
G1 X154.254 Y148.358 E.0232
G1 X154.52 Y147.664 E.02391
G1 X154.597 Y146.924 E.02391
G1 X154.481 Y146.19 E.02391
G1 X154.178 Y145.511 E.02391
G1 X153.808 Y145.055 E.01888
G1 X153.508 Y145.283 F18000
;TYPE:Outer wall
;WIDTH:0.419999
G1 F6000
G1 X153.495 Y145.266 E.00064
G1 X152.986 Y144.873 E.01914
G1 X152.399 Y144.628 E.01896
G1 X151.775 Y144.542 E.01876
G1 X148.225 Y144.542 E.10576
G1 X147.53 Y144.656 E.02096
G1 X147 Y144.883 E.0172
G1 X146.494 Y145.279 E.01912
G1 X146.109 Y145.792 E.01912
G1 X145.869 Y146.387 E.01912
G1 X145.792 Y147.025 E.01912
G1 X145.882 Y147.66 E.01912
G1 X146.133 Y148.251 E.01912
G1 X146.529 Y148.756 E.01912
G1 X147.042 Y149.141 E.01912
G1 X147.637 Y149.381 E.01912
G1 X148.225 Y149.458 E.01764
G1 X151.751 Y149.46 E.10503
G1 X152.388 Y149.376 E.01916
M73 P19 R16
G1 X152.971 Y149.135 E.01879
G1 X153.506 Y148.721 E.02014
G1 X153.881 Y148.229 E.01843
G1 X154.128 Y147.631 E.01929
G1 X154.21 Y147 E.01894
G1 X154.126 Y146.363 E.01914
G1 X153.88 Y145.77 E.01914
G1 X153.532 Y145.315 E.01706
G1 E-1.3 F1800
G1 Z.8 F18000
G1 X154.484 Y163.769 Z.8
G1 Z.4
G1 E1.3 F1800
;TYPE:Inner wall
;WIDTH:0.449999
G1 F7757.448
G1 X154.516 Y163.688 E.00278
G1 X154.602 Y163 E.0223
G1 X154.487 Y162.207 E.02575
G1 X154.221 Y161.576 E.02202
G1 X153.817 Y161.04 E.0216
G1 X153.634 Y160.875 E.00791
G1 X153.149 Y160.516 E.01942
G1 X152.56 Y160.269 E.02054
;WIDTH:0.490352
G1 F7057.82
G1 X152.293 Y160.204 E.00974
;WIDTH:0.530705
G1 F6473.947
G1 X152.025 Y160.138 E.01061
G1 X151.751 Y160.113 E.01061
;WIDTH:0.519381
G1 F6627.814
G1 X148.204 Y160.113 E.1335
;WIDTH:0.561897
G1 F6084.846
G1 X147.579 Y160.175 E.02574
G1 X147.504 Y160.209 E.00338
;WIDTH:0.534422
G1 F6424.989
G1 X147.429 Y160.243 E.0032
;WIDTH:0.506947
G1 F6805.412
G1 X147.095 Y160.408 E.01365
;WIDTH:0.478473
G1 F7250.311
G1 X146.761 Y160.572 E.01281
;WIDTH:0.449999
G1 F7757.448
G1 X146.183 Y161.04 E.02391
G1 X145.746 Y161.642 E.02391
G1 X145.48 Y162.336 E.02391
G1 X145.403 Y162.924 E.01907
G1 X145.434 Y163.31 E.01243
G1 X145.519 Y163.81 E.01633
G1 X145.822 Y164.489 E.02391
G1 X146.29 Y165.067 E.02391
G1 X146.892 Y165.504 E.02391
G1 X147.51 Y165.754 E.02144
G1 X148.173 Y165.847 E.02154
G1 X151.751 Y165.852 E.11503
G1 X152.414 Y165.77 E.02149
G1 X152.619 Y165.706 E.00692
G1 X153.239 Y165.428 E.02185
G1 X153.817 Y164.96 E.02391
G1 X154.254 Y164.358 E.02391
G1 X154.47 Y163.806 E.01906
G1 X154.128 Y163.625 F18000
;TYPE:Outer wall
;WIDTH:0.419999
G1 F6000
G1 X154.21 Y163 E.01879
G1 X154.118 Y162.34 E.01985
G1 X153.867 Y161.749 E.01912
G1 X153.471 Y161.244 E.01912
G1 X152.971 Y160.865 E.01869
G1 X152.388 Y160.624 E.01879
G1 X151.775 Y160.542 E.01842
G1 X148.225 Y160.542 E.10576
G1 X147.59 Y160.632 E.0191
G1 X147 Y160.883 E.01911
G1 X146.494 Y161.279 E.01912
G1 X146.109 Y161.792 E.01912
G1 X145.869 Y162.387 E.01912
G1 X145.79 Y163 E.0184
G1 X145.875 Y163.639 E.01921
G1 X146.12 Y164.23 E.01906
G1 X146.505 Y164.734 E.01889
G1 X147.014 Y165.127 E.01914
G1 X147.601 Y165.372 E.01896
G1 X148.225 Y165.458 E.01876
G1 X151.751 Y165.46 E.10503
G1 X152.376 Y165.379 E.01879
G1 X152.972 Y165.135 E.01917
G1 X153.483 Y164.746 E.01913
G1 X153.88 Y164.23 E.01938
G1 X154.115 Y163.663 E.01829
G1 E-1.3 F1800
G1 Z.8 F18000
G1 X156.234 Y156.789 Z.8
G1 Z.4
G1 E1.3 F1800
;TYPE:Inner wall
;WIDTH:0.449999
G1 F7757.448
G1 X156.265 Y156.726 E.00227
G1 X156.454 Y156.154 E.01935
G1 X156.566 Y155.563 E.01935
G1 X156.601 Y154.962 E.01935
G1 X156.557 Y154.362 E.01935
G1 X156.434 Y153.773 E.01935
G1 X156.234 Y153.199 E.01952
G1 X155.944 Y152.634 E.02044
G1 X155.642 Y152.187 E.01736
G1 X155.226 Y151.72 E.02009
G1 X154.771 Y151.327 E.01935
G1 X154.305 Y151.021 E.01792
G1 X153.726 Y150.735 E.02077
G1 X153.154 Y150.546 E.01936
G1 X152.563 Y150.434 E.01935
;WIDTH:0.493385
G1 F7010.308
G1 X152.302 Y150.395 E.00938
;WIDTH:0.53677
G1 F6394.441
G1 X152.042 Y150.356 E.01028
G1 X151.751 Y150.363 E.01135
;WIDTH:0.519381
G1 F6627.814
G1 X148.193 Y150.363 E.13389
;WIDTH:0.561897
G1 F6084.846
G1 X147.545 Y150.342 E.02659
G1 X147.426 Y150.359 E.00492
;WIDTH:0.528332
G1 F6505.603
G1 X147.307 Y150.376 E.00461
;WIDTH:0.494766
G1 F6988.874
G1 X146.714 Y150.398 E.02118
;WIDTH:0.449999
G1 F7757.448
G1 X141.999 Y150.398 E.15161
G1 X141.437 Y150.434 E.01811
G1 X140.847 Y150.546 E.0193
G1 X140.274 Y150.735 E.01941
G1 X139.732 Y150.997 E.01935
G1 X139.229 Y151.327 E.01935
G1 X138.774 Y151.72 E.01935
G1 X138.373 Y152.169 E.01935
G1 X138.035 Y152.667 E.01935
G1 X137.764 Y153.204 E.01935
G1 X137.566 Y153.773 E.01935
G1 X137.443 Y154.362 E.01935
G1 X137.399 Y154.962 E.01935
G1 X137.434 Y155.563 E.01935
G1 X137.546 Y156.154 E.01935
G1 X137.735 Y156.726 E.01935
G1 X137.997 Y157.268 E.01935
G1 X138.327 Y157.771 E.01935
G1 X138.72 Y158.226 E.01935
G1 X139.169 Y158.627 E.01935
G1 X139.667 Y158.965 E.01935
G1 X140.204 Y159.236 E.01935
G1 X140.773 Y159.434 E.01935
G1 X141.362 Y159.557 E.01935
G1 X141.961 Y159.601 E.01933
G1 X146.714 Y159.602 E.15284
;WIDTH:0.488273
G1 F7090.773
G1 X146.978 Y159.621 E.00932
;WIDTH:0.526547
G1 F6529.617
G1 X147.243 Y159.64 E.01012
;WIDTH:0.56482
G1 F6050.766
G1 X147.507 Y159.659 E.01092
G1 X148.249 Y159.637 E.03063
;WIDTH:0.519381
G1 F6627.814
G1 X152.072 Y159.637 E.14386
G1 X152.317 Y159.602 E.00934
;WIDTH:0.48469
G1 F7148.278
G1 X152.563 Y159.566 E.00866
;WIDTH:0.449999
G1 F7757.448
G1 X153.154 Y159.454 E.01935
G1 X153.726 Y159.265 E.01935
G1 X154.276 Y158.999 E.01965
G1 X154.804 Y158.649 E.02037
G1 X155.269 Y158.239 E.01994
G1 X155.673 Y157.771 E.0199
G1 X156.003 Y157.268 E.01935
G1 X156.217 Y156.825 E.01579
G1 X155.884 Y156.622 F18000
;TYPE:Outer wall
;WIDTH:0.419999
G1 F6000
G1 X156.063 Y156.101 E.0164
G1 X156.172 Y155.562 E.0164
G1 X156.21 Y155.012 E.0164
G1 X156.175 Y154.463 E.0164
G1 X156.069 Y153.922 E.0164
G1 X155.894 Y153.4 E.0164
G1 X155.629 Y152.872 E.01761
G1 X155.347 Y152.447 E.01518
G1 X154.985 Y152.032 E.0164
G1 X154.572 Y151.668 E.0164
G1 X154.148 Y151.382 E.01523
G1 X153.624 Y151.116 E.01751
G1 X153.101 Y150.937 E.01646
G1 X152.562 Y150.828 E.0164
G1 X152.013 Y150.79 E.01638
G1 X141.999 Y150.79 E.29827
G1 X141.463 Y150.825 E.01601
G1 X140.924 Y150.93 E.01635
G1 X140.4 Y151.106 E.01645
G1 X139.906 Y151.348 E.0164
G1 X139.447 Y151.653 E.0164
G1 X139.032 Y152.015 E.0164
G1 X138.668 Y152.428 E.0164
G1 X138.361 Y152.885 E.0164
G1 X138.116 Y153.378 E.0164
G1 X137.937 Y153.899 E.0164
G1 X137.828 Y154.438 E.0164
G1 X137.79 Y154.988 E.0164
G1 X137.825 Y155.537 E.0164
G1 X137.931 Y156.078 E.0164
G1 X138.106 Y156.6 E.0164
G1 X138.348 Y157.094 E.0164
G1 X138.653 Y157.553 E.0164
G1 X139.015 Y157.968 E.0164
G1 X139.428 Y158.332 E.0164
G1 X139.884 Y158.639 E.0164
G1 X140.378 Y158.884 E.0164
G1 X140.899 Y159.063 E.0164
G1 X141.438 Y159.172 E.0164
G1 X141.987 Y159.21 E.01638
G1 X152.001 Y159.21 E.29827
G1 X152.537 Y159.175 E.01601
G1 X153.078 Y159.069 E.0164
G1 X153.6 Y158.894 E.0164
G1 X154.094 Y158.652 E.0164
G1 X154.553 Y158.347 E.0164
G1 X154.968 Y157.985 E.0164
G1 X155.332 Y157.572 E.0164
G1 X155.639 Y157.116 E.0164
G1 X155.867 Y156.658 E.01521
G1 E-1.3 F1800
G1 Z.8 F18000
G1 X150.737 Y183.252 Z.8
G1 Z.4
G1 E1.3 F1800
;TYPE:Inner wall
;WIDTH:0.449999
G1 F7757.448
G1 X150.612 Y183.223 E.00413
G1 X149.924 Y183.153 E.02222
G1 X149.19 Y183.269 E.0239
G1 X148.511 Y183.572 E.02391
G1 X147.933 Y184.04 E.02391
G1 X147.496 Y184.642 E.02391
G1 X147.23 Y185.336 E.02391
G1 X147.148 Y185.999 E.02148
G1 X147.153 Y188.077 E.0668
G1 X147.269 Y188.81 E.02388
G1 X147.572 Y189.489 E.02391
G1 X148.04 Y190.067 E.02391
G1 X148.642 Y190.504 E.02391
G1 X149.336 Y190.77 E.0239
G1 X150.076 Y190.847 E.02391
G1 X150.81 Y190.731 E.02391
G1 X151.489 Y190.428 E.02391
G1 X152.067 Y189.96 E.02391
G1 X152.504 Y189.358 E.02391
G1 X152.77 Y188.664 E.02391
G1 X152.852 Y188.001 E.02148
G1 X152.847 Y185.923 E.0668
G1 X152.731 Y185.19 E.02388
G1 X152.428 Y184.511 E.02391
G1 X151.96 Y183.933 E.02391
G1 X151.427 Y183.531 E.02146
G1 X150.81 Y183.269 E.02155
G1 X150.776 Y183.261 E.00114
G1 X150.633 Y183.625 F18000
;TYPE:Outer wall
;WIDTH:0.419999
G1 F6000
G1 X150.008 Y183.54 E.01878
G1 X149.376 Y183.621 E.01899
G1 X148.781 Y183.864 E.01914
G1 X148.267 Y184.254 E.01923
G1 X147.874 Y184.763 E.01913
G1 X147.624 Y185.363 E.01938
G1 X147.542 Y185.975 E.01838
G1 X147.542 Y188.025 E.06108
G1 X147.632 Y188.66 E.01909
G1 X147.883 Y189.251 E.01912
G1 X148.279 Y189.756 E.01912
G1 X148.792 Y190.141 E.01912
G1 X149.387 Y190.381 E.01912
G1 X150.025 Y190.458 E.01912
G1 X150.66 Y190.368 E.01912
G1 X151.251 Y190.117 E.01912
G1 X151.756 Y189.721 E.01912
G1 X152.131 Y189.229 E.01842
G1 X152.377 Y188.635 E.01914
G1 X152.458 Y188.025 E.01834
G1 X152.458 Y185.975 E.06108
G1 X152.368 Y185.34 E.01909
G1 X152.134 Y184.777 E.01817
G1 X151.745 Y184.266 E.01913
G1 X151.241 Y183.876 E.01899
G1 X150.671 Y183.637 E.0184
G1 E-1.3 F1800
G1 Z.8 F18000
G1 X166.215 Y193.304 Z.8
G1 Z.4
G1 E1.3 F1800
;TYPE:Internal solid infill
;WIDTH:0.419999
G1 F8374.623
G1 X163.5 Y196.019 E.11438
G1 X162.918 Y196.067 E.01737
G1 X166.067 Y192.918 E.13263
G1 X166.067 Y192.385 E.01588
G1 X162.385 Y196.067 E.15509
G1 X161.852 Y196.067 E.01588
G1 X166.067 Y191.852 E.17755
G1 X166.067 Y191.319 E.01588
G1 X161.319 Y196.067 E.20002
G1 X160.785 Y196.067 E.01588
G1 X166.067 Y190.785 E.22248
G1 X166.067 Y190.252 E.01588
G1 X160.252 Y196.067 E.24494
G1 X159.719 Y196.067 E.01588
G1 X166.067 Y189.719 E.26741
G1 X166.067 Y189.186 E.01588
G1 X159.186 Y196.067 E.28987
G1 X158.652 Y196.067 E.01588
G1 X166.067 Y188.652 E.31234
G1 X166.067 Y188.119 E.01588
G1 X158.119 Y196.067 E.3348
G1 X157.586 Y196.067 E.01588
G1 X166.067 Y187.586 E.35726
G1 X166.067 Y187.053 E.01588
G1 X157.053 Y196.067 E.37973
G1 X156.519 Y196.067 E.01588
G1 X166.067 Y186.519 E.40219
G1 X166.067 Y185.986 E.01588
G1 X155.986 Y196.067 E.42465
G1 X155.453 Y196.067 E.01588
G1 X166.067 Y185.453 E.44712
G1 X166.067 Y184.919 E.01588
G1 X154.919 Y196.067 E.46958
G1 X154.386 Y196.067 E.01588
G1 X166.067 Y184.386 E.49205
G1 X166.067 Y183.853 E.01588
G1 X153.853 Y196.067 E.51451
G1 X153.32 Y196.067 E.01588
G1 X166.067 Y183.32 E.53697
G1 X166.067 Y182.786 E.01588
G1 X152.786 Y196.067 E.55944
G1 X152.253 Y196.067 E.01588
G1 X166.067 Y182.253 E.5819
G1 X166.067 Y181.72 E.01588
G1 X151.72 Y196.067 E.60436
G1 X151.187 Y196.067 E.01588
G1 X166.067 Y181.187 E.62683
G1 X166.067 Y180.653 E.01588
G1 X150.653 Y196.067 E.64929
G1 X150.12 Y196.067 E.01588
G1 X166.067 Y180.12 E.67176
G1 X166.067 Y179.587 E.01588
G1 X149.587 Y196.067 E.69422
G1 X149.053 Y196.067 E.01588
G1 X166.067 Y179.053 E.71668
G1 X166.067 Y178.52 E.01588
G1 X148.52 Y196.067 E.73915
G1 X147.987 Y196.067 E.01588
G1 X166.067 Y177.987 E.76161
G1 X166.067 Y177.454 E.01588
G1 X147.454 Y196.067 E.78407
G1 X146.92 Y196.067 E.01588
G1 X166.067 Y176.92 E.80654
G1 X166.067 Y176.387 E.01588
G1 X146.387 Y196.067 E.829
G1 X145.854 Y196.067 E.01588
G1 X150.862 Y191.059 E.21096
G1 X150.749 Y191.092 E.00349
G1 X150.232 Y191.155 E.01552
G1 X145.321 Y196.067 E.20689
G1 X144.787 Y196.067 E.01588
G1 X149.706 Y191.148 E.2072
G1 X149.237 Y191.084 E.0141
G1 X144.254 Y196.067 E.2099
G1 X143.721 Y196.067 E.01588
G1 X148.843 Y190.945 E.21576
G1 X148.47 Y190.784 E.01209
G1 X143.187 Y196.067 E.22252
G1 X142.654 Y196.067 E.01588
G1 X148.152 Y190.569 E.23158
G1 X147.85 Y190.338 E.01133
G1 X142.121 Y196.067 E.24133
G1 X141.588 Y196.067 E.01588
G1 X147.594 Y190.061 E.253
G1 X147.362 Y189.759 E.01133
G1 X141.054 Y196.067 E.26571
G1 X140.521 Y196.067 E.01588
G1 X147.166 Y189.422 E.27989
G1 X147.013 Y189.042 E.01221
G1 X139.988 Y196.067 E.29592
G1 X139.455 Y196.067 E.01588
G1 X146.897 Y188.624 E.31352
G1 X146.836 Y188.153 E.01417
G1 X138.921 Y196.067 E.33339
G1 X138.388 Y196.067 E.01588
G1 X146.818 Y187.637 E.35511
G1 X146.82 Y187.102 E.01594
G1 X137.855 Y196.067 E.37765
G1 X137.322 Y196.067 E.01588
G1 X146.821 Y186.567 E.40018
G1 X146.823 Y186.032 E.01594
G1 X136.803 Y196.052 E.42209
G1 X136.6 Y196.039 E.00606
G1 X136.336 Y195.986 E.00802
G1 X147.088 Y185.234 E.45292
G1 E-1.3 F1800
G1 Z.8 F18000
G1 X152.747 Y189.173 Z.8
G1 Z.4
G1 E1.3 F1800
G1 F8374.623
G1 X166.067 Y175.854 E.56108
G1 X166.067 Y175.321 E.01588
G1 X153.16 Y188.227 E.54369
G1 X153.176 Y188.112 E.00346
G1 X153.178 Y187.676 E.01298
G1 X166.067 Y174.787 E.54295
G1 X166.067 Y174.254 E.01588
G1 X153.179 Y187.141 E.54288
G1 X153.181 Y186.607 E.01594
M73 P20 R16
G1 X166.067 Y173.721 E.54281
G1 X166.067 Y173.187 E.01588
G1 X153.183 Y186.072 E.54273
G1 X153.13 Y185.591 E.0144
G1 X166.067 Y172.654 E.54495
G1 X166.067 Y172.121 E.01588
G1 X153.057 Y185.13 E.54802
G1 X152.904 Y184.75 E.01221
G1 X166.067 Y171.588 E.55447
G1 X166.067 Y171.054 E.01588
G1 X152.736 Y184.386 E.56157
G1 X152.508 Y184.08 E.01135
G1 X166.067 Y170.521 E.57115
G1 X166.067 Y169.988 E.01588
G1 X152.272 Y183.783 E.5811
G1 X152.224 Y183.722 E.0023
G1 X151.983 Y183.539 E.00903
G1 X166.067 Y169.455 E.59329
G1 X166.067 Y168.921 E.01588
G1 X151.68 Y183.309 E.60606
G1 X151.594 Y183.244 E.0032
G1 X151.326 Y183.129 E.00869
G1 X166.067 Y168.388 E.62097
G1 X166.067 Y167.855 E.01588
G1 X150.952 Y182.97 E.63672
G1 X150.73 Y182.905 E.00689
G1 X150.509 Y182.88 E.00662
G1 X166.067 Y167.322 E.65537
G1 X166.067 Y166.788 E.01588
G1 X150.031 Y182.824 E.67551
G1 X149.964 Y182.817 E.00199
G1 X149.433 Y182.889 E.01598
G1 X166.067 Y166.255 E.70069
G1 X166.067 Y165.722 E.01588
G1 X148.643 Y183.145 E.73395
G1 X148.406 Y183.243 E.00764
G1 X147.776 Y183.722 E.02359
G1 X147.262 Y184.376 E.02478
G1 X147.151 Y184.637 E.00844
G1 X135.924 Y195.865 E.47294
G1 X135.557 Y195.698 E.012
G1 X166.067 Y165.188 E1.28522
G1 X166.067 Y164.655 E.01588
G1 X135.228 Y195.494 E1.29908
G1 X134.933 Y195.255 E.01129
G1 X166.067 Y164.122 E1.31148
G1 X166.067 Y163.589 E.01588
G1 X134.672 Y194.984 E1.3225
G1 X134.568 Y194.866 E.00467
G1 X134.443 Y194.679 E.0067
G1 X166.067 Y163.055 E1.33212
G1 X166.067 Y162.522 E.01588
G1 X134.25 Y194.339 E1.34026
G1 X134.168 Y194.173 E.00551
G1 X134.096 Y193.96 E.00671
G1 X166.067 Y161.989 E1.34676
G1 X166.067 Y161.456 E.01588
G1 X133.988 Y193.534 E1.35131
G1 X133.961 Y193.4 E.00408
G1 X133.938 Y193.051 E.01043
G1 X166.067 Y160.922 E1.3534
G1 X166.067 Y160.389 E.01588
G1 X133.933 Y192.523 E1.35362
G1 X133.933 Y191.99 E.01588
G1 X166.067 Y159.856 E1.35362
G1 X166.067 Y159.322 E.01588
G1 X133.933 Y191.456 E1.35362
G1 X133.933 Y190.923 E.01588
G1 X166.067 Y158.789 E1.35362
G1 X166.067 Y158.256 E.01588
G1 X133.933 Y190.39 E1.35362
G1 X133.933 Y189.856 E.01588
G1 X166.067 Y157.723 E1.35362
G1 X166.067 Y157.189 E.01588
G1 X133.933 Y189.323 E1.35362
G1 X133.933 Y188.79 E.01588
G1 X166.067 Y156.656 E1.35362
G1 X166.067 Y156.123 E.01588
G1 X133.933 Y188.257 E1.35362
G1 X133.933 Y187.723 E.01588
G1 X166.067 Y155.59 E1.35362
G1 X166.067 Y155.056 E.01588
G1 X133.933 Y187.19 E1.35362
G1 X133.933 Y186.657 E.01588
G1 X166.067 Y154.523 E1.35362
G1 X166.067 Y153.99 E.01588
G1 X133.933 Y186.124 E1.35362
G1 X133.933 Y185.59 E.01588
G1 X166.067 Y153.457 E1.35362
G1 X166.067 Y152.923 E.01588
G1 X154.596 Y164.394 E.48321
G1 X154.445 Y164.684 E.00973
G1 X154.024 Y165.228 E.02049
G1 X153.435 Y165.695 E.02239
G1 X153.146 Y165.844 E.00969
G1 X133.933 Y185.057 E.80933
G1 X133.933 Y184.524 E.01588
G1 X152.347 Y166.11 E.77568
G1 X151.741 Y166.183 E.01819
G1 X133.933 Y183.99 E.75014
M73 P21 R16
G1 X133.933 Y183.457 E.01588
G1 X151.208 Y166.183 E.72769
G1 X150.675 Y166.182 E.01588
G1 X133.933 Y182.924 E.70523
G1 X133.933 Y182.391 E.01588
G1 X150.142 Y166.182 E.68278
G1 X149.609 Y166.182 E.01588
G1 X133.933 Y181.857 E.66032
G1 X133.933 Y181.324 E.01588
G1 X149.076 Y166.182 E.63787
G1 X148.543 Y166.181 E.01588
G1 X133.933 Y180.791 E.61542
G1 X133.933 Y180.258 E.01588
G1 X148.031 Y166.16 E.59387
G1 X147.563 Y166.094 E.01408
G1 X133.933 Y179.724 E.57416
G1 X133.933 Y179.191 E.01588
G1 X147.16 Y165.964 E.55718
G1 X146.785 Y165.806 E.01213
G1 X133.933 Y178.658 E.54137
G1 X133.933 Y178.125 E.01588
G1 X146.454 Y165.603 E.52746
G1 X146.156 Y165.369 E.01131
G1 X133.933 Y177.591 E.51486
G1 X133.933 Y177.058 E.01588
G1 X145.883 Y165.108 E.50338
G1 X145.65 Y164.808 E.01132
G1 X133.933 Y176.525 E.49358
G1 X133.933 Y175.991 E.01588
G1 X145.44 Y164.484 E.48474
G1 X145.287 Y164.105 E.0122
G1 X133.933 Y175.458 E.47826
G1 X133.933 Y174.925 E.01588
G1 X145.158 Y163.7 E.47285
G1 X145.091 Y163.234 E.01403
G1 X133.933 Y174.392 E.47003
G1 X133.933 Y173.858 E.01588
G1 X145.1 Y162.692 E.47038
G1 X145.153 Y162.285 E.01223
G1 X145.227 Y162.031 E.00786
G1 X133.933 Y173.325 E.47574
G1 X133.933 Y172.792 E.01588
G1 X146.784 Y159.94 E.54136
G1 X146.259 Y159.933 E.01566
G1 X133.933 Y172.259 E.51921
G1 X133.933 Y171.725 E.01588
G1 X145.726 Y159.933 E.49675
G1 X145.193 Y159.933 E.01588
G1 X133.933 Y171.192 E.4743
G1 X133.933 Y170.659 E.01588
G1 X144.659 Y159.932 E.45184
G1 X144.126 Y159.932 E.01588
G1 X133.933 Y170.125 E.42939
G1 X133.933 Y169.592 E.01588
G1 X143.593 Y159.932 E.40693
G1 X143.06 Y159.932 E.01588
G1 X133.933 Y169.059 E.38448
G1 X133.933 Y168.526 E.01588
G1 X142.527 Y159.932 E.36202
G1 X141.994 Y159.931 E.01588
G1 X133.933 Y167.992 E.33956
G1 X133.933 Y167.459 E.01588
G1 X141.492 Y159.9 E.31841
G1 X141.353 Y159.891 E.00416
G1 X141.031 Y159.828 E.00975
G1 X133.933 Y166.926 E.29901
G1 X133.933 Y166.393 E.01588
G1 X140.604 Y159.722 E.28101
G1 X140.202 Y159.59 E.01259
G1 X133.933 Y165.859 E.26409
G1 X133.933 Y165.326 E.01588
G1 X139.838 Y159.421 E.24874
G1 X139.488 Y159.238 E.01176
G1 X133.933 Y164.793 E.23401
G1 X133.933 Y164.259 E.01588
G1 X139.166 Y159.027 E.22042
G1 X138.865 Y158.795 E.01132
G1 X133.933 Y163.726 E.20774
G1 X133.933 Y163.193 E.01588
G1 X138.578 Y158.548 E.19565
G1 X138.322 Y158.27 E.01124
G1 X133.933 Y162.66 E.1849
G1 X133.933 Y162.126 E.01588
G1 X138.077 Y157.982 E.17457
G1 X137.861 Y157.666 E.01143
G1 X133.933 Y161.593 E.16545
G1 X133.933 Y161.06 E.01588
G1 X137.663 Y157.33 E.15713
G1 X137.484 Y156.976 E.01182
G1 X133.933 Y160.527 E.14958
G1 X133.933 Y159.993 E.01588
G1 X137.341 Y156.586 E.14355
G1 X137.25 Y156.327 E.00816
G1 X137.218 Y156.175 E.00463
G1 X133.933 Y159.46 E.13837
G1 X133.933 Y158.927 E.01588
G1 X137.125 Y155.734 E.13447
G1 X137.084 Y155.242 E.01471
G1 X133.933 Y158.394 E.13274
G1 X133.933 Y157.86 E.01588
G1 X137.088 Y154.705 E.1329
G1 X137.117 Y154.304 E.01198
G1 X137.16 Y154.1 E.00622
G1 X133.933 Y157.327 E.13594
G1 X133.933 Y156.794 E.01588
G1 X137.654 Y153.072 E.15676
G1 E-1.3 F1800
G1 Z.8 F18000
G1 X143.157 Y150.237 Z.8
G1 Z.4
G1 E1.3 F1800
G1 F8374.623
G1 X145.285 Y148.108 E.08965
G1 X145.21 Y147.929 E.00578
G1 X145.152 Y147.708 E.00682
G1 X142.793 Y150.067 E.09938
G1 X142.26 Y150.067 E.01588
G1 X145.09 Y147.236 E.11923
G1 X145.074 Y146.889 E.01038
G1 X145.102 Y146.691 E.00593
G1 X141.527 Y150.266 E.15058
G1 E-1.3 F1800
G1 Z.8 F18000
G1 X154.649 Y163.807 Z.8
G1 Z.4
G1 E1.3 F1800
G1 F8374.623
G1 X166.067 Y152.39 E.48095
G1 X166.067 Y151.857 E.01588
G1 X154.926 Y162.997 E.46929
G1 X154.875 Y162.515 E.01444
G1 X166.067 Y151.323 E.47145
G1 X166.067 Y150.79 E.01588
G1 X154.782 Y162.075 E.47538
G1 X154.63 Y161.694 E.01223
G1 X166.067 Y150.257 E.48177
G1 X166.067 Y149.724 E.01588
G1 X154.457 Y161.334 E.48906
G1 X154.226 Y161.031 E.01133
G1 X166.067 Y149.19 E.49879
G1 X166.067 Y148.657 E.01588
G1 X153.984 Y160.74 E.50901
G1 X153.686 Y160.504 E.01131
G1 X166.067 Y148.124 E.52152
G1 X166.067 Y147.591 E.01588
G1 X156.353 Y157.305 E.4092
G1 X156.297 Y157.421 E.00384
G1 X155.881 Y158.043 E.02229
G1 X155.491 Y158.486 E.0176
G1 X155.043 Y158.881 E.01778
G1 X154.433 Y159.291 E.0219
G1 X154.302 Y159.356 E.00434
G1 X153.258 Y160.399 E.04395
G1 X156.453 Y156.671 F18000
G1 F8374.623
G1 X166.067 Y147.057 E.405
G1 X166.067 Y146.524 E.01588
G1 X156.879 Y155.712 E.38703
G1 X156.926 Y155.132 E.01733
G1 X166.067 Y145.991 E.38506
G1 X166.067 Y145.457 E.01588
G1 X156.904 Y154.621 E.386
G1 X156.883 Y154.305 E.00944
G1 X156.849 Y154.142 E.00494
G1 X166.067 Y144.924 E.38831
G1 X166.067 Y144.391 E.01588
G1 X156.756 Y153.702 E.39221
G1 X156.624 Y153.301 E.01257
G1 X166.067 Y143.858 E.39779
G1 X166.067 Y143.324 E.01588
G1 X156.463 Y152.929 E.40458
G1 X156.287 Y152.571 E.01187
G1 X166.067 Y142.791 E.41197
G1 X166.067 Y142.258 E.01588
G1 X156.079 Y152.246 E.42075
G1 X155.858 Y151.934 E.0114
G1 X166.067 Y141.725 E.43006
G1 X166.067 Y141.191 E.01588
G1 X155.607 Y151.652 E.44064
G1 X155.342 Y151.383 E.01123
G1 X166.067 Y140.658 E.45178
G1 X166.067 Y140.125 E.01588
G1 X155.055 Y151.137 E.46387
G1 X154.744 Y150.914 E.01138
G1 X166.067 Y139.591 E.47696
G1 X166.067 Y139.058 E.01588
G1 X154.418 Y150.707 E.4907
G1 X154.064 Y150.528 E.01183
G1 X166.067 Y138.525 E.50563
G1 X166.067 Y137.992 E.01588
G1 X153.682 Y150.376 E.5217
G1 X153.286 Y150.239 E.01248
G1 X166.067 Y137.458 E.53837
G1 X166.067 Y136.925 E.01588
M73 P22 R16
G1 X154.784 Y148.208 E.47529
G1 X154.706 Y148.13 E.00328
G1 X154.799 Y147.905 E.00725
G1 X154.861 Y147.598 E.00934
G1 X166.067 Y136.392 E.47205
G1 X166.067 Y135.859 E.01588
G1 X154.933 Y146.992 E.469
G1 X154.871 Y146.521 E.01416
G1 X166.067 Y135.325 E.47162
G1 X166.067 Y134.792 E.01588
G1 X154.784 Y146.075 E.47529
G1 X154.628 Y145.698 E.01216
G1 X166.067 Y134.259 E.48187
G1 X166.067 Y133.726 E.01588
G1 X154.455 Y145.338 E.48915
G1 X154.226 Y145.033 E.01134
G1 X166.067 Y133.192 E.4988
G1 X166.067 Y132.659 E.01588
G1 X153.984 Y144.742 E.50899
G1 X153.69 Y144.503 E.01129
G1 X166.067 Y132.126 E.52137
G1 X166.067 Y131.592 E.01588
G1 X153.387 Y144.272 E.53414
G1 X153.019 Y144.107 E.01202
G1 X166.067 Y131.059 E.54965
G1 X166.067 Y130.526 E.01588
G1 X152.643 Y143.95 E.56549
G1 X152.495 Y143.908 E.00458
G1 X152.19 Y143.87 E.00916
G1 X166.067 Y129.993 E.58457
G1 X166.067 Y129.459 E.01588
G1 X151.709 Y143.817 E.60481
G1 X151.176 Y143.817 E.01588
G1 X166.067 Y128.926 E.62727
G1 X166.067 Y128.393 E.01588
G1 X150.643 Y143.817 E.64973
G1 X150.11 Y143.817 E.01588
G1 X166.067 Y127.86 E.6722
G1 X166.067 Y127.326 E.01588
G1 X149.576 Y143.817 E.69466
G1 X149.043 Y143.817 E.01588
G1 X166.067 Y126.793 E.71712
G1 X166.067 Y126.26 E.01588
G1 X148.51 Y143.817 E.73959
G1 X148.241 Y143.817 E.00799
G1 X147.939 Y143.854 E.00907
G1 X166.067 Y125.726 E.76362
G1 X166.067 Y125.193 E.01588
G1 X147.284 Y143.976 E.79124
G1 X146.631 Y144.259 E.02118
G1 X146.026 Y144.722 E.0227
G1 X145.555 Y145.315 E.02255
G1 X145.444 Y145.508 E.00664
G1 X145.233 Y146.027 E.01667
G1 X141.094 Y150.166 E.17437
G1 X140.673 Y150.25 E.01278
G1 X140.371 Y150.356 E.00955
G1 X166.067 Y124.66 E1.08244
G1 X166.067 Y124.127 E.01588
G1 X133.933 Y156.26 E1.35362
G1 X133.933 Y155.727 E.01588
G1 X166.067 Y123.593 E1.35362
G1 X166.067 Y123.06 E.01588
G1 X133.933 Y155.194 E1.35362
G1 X133.933 Y154.661 E.01588
G1 X166.067 Y122.527 E1.35362
G1 X166.067 Y121.994 E.01588
G1 X133.933 Y154.127 E1.35362
G1 X133.933 Y153.594 E.01588
G1 X166.067 Y121.46 E1.35362
G1 X166.067 Y120.927 E.01588
G1 X133.933 Y153.061 E1.35362
G1 X133.933 Y152.528 E.01588
G1 X166.067 Y120.394 E1.35362
G1 X166.067 Y119.86 E.01588
G1 X133.933 Y151.994 E1.35362
G1 X133.933 Y151.461 E.01588
G1 X166.067 Y119.327 E1.35362
G1 X166.067 Y118.794 E.01588
G1 X133.933 Y150.928 E1.35362
G1 X133.933 Y150.394 E.01588
G1 X166.067 Y118.261 E1.35362
G1 X166.067 Y117.727 E.01588
M73 P22 R15
G1 X133.933 Y149.861 E1.35362
G1 X133.933 Y149.328 E.01588
G1 X166.067 Y117.194 E1.35362
G1 X166.044 Y116.684 E.01522
G1 X133.933 Y148.795 E1.35266
G1 X133.933 Y148.261 E.01588
G1 X165.965 Y116.23 E1.34933
G1 X165.96 Y116.207 E.00069
G1 X165.832 Y115.829 E.01188
G1 X133.933 Y147.728 E1.34374
G1 X133.933 Y147.195 E.01588
G1 X165.656 Y115.472 E1.33632
G1 X165.443 Y115.152 E.01146
G1 X133.933 Y146.662 E1.32734
G1 X133.933 Y146.128 E.01588
G1 X165.196 Y114.866 E1.31693
G1 X164.916 Y114.612 E.01125
G1 X133.933 Y145.595 E1.30513
G1 X133.933 Y145.062 E.01588
G1 X164.602 Y114.392 E1.29193
M73 P23 R15
G1 X164.253 Y114.208 E.01175
G1 X133.933 Y144.529 E1.27723
G1 X133.933 Y143.995 E.01588
G1 X150.874 Y127.055 E.71362
G1 X150.82 Y127.077 E.00173
G1 X150.243 Y127.152 E.01734
G1 X133.933 Y143.462 E.68703
G1 X133.933 Y142.929 E.01588
G1 X149.715 Y127.147 E.6648
G1 X149.243 Y127.085 E.01416
G1 X133.933 Y142.395 E.64494
G1 X133.933 Y141.862 E.01588
G1 X148.851 Y126.944 E.62841
G1 X148.475 Y126.787 E.01214
G1 X133.933 Y141.329 E.61256
G1 X133.933 Y140.796 E.01588
G1 X148.158 Y126.571 E.59922
G1 X147.861 Y126.335 E.01131
G1 X133.933 Y140.262 E.58669
G1 X133.933 Y139.729 E.01588
G1 X147.599 Y126.063 E.57568
G1 X147.367 Y125.761 E.01133
G1 X133.933 Y139.196 E.56592
G1 X133.933 Y138.663 E.01588
G1 X147.174 Y125.422 E.55777
G1 X147.013 Y125.05 E.01208
G1 X133.933 Y138.129 E.55097
G1 X133.933 Y137.596 E.01588
G1 X146.894 Y124.635 E.54598
G1 X146.836 Y124.16 E.01425
G1 X133.933 Y137.063 E.54351
G1 X133.933 Y136.529 E.01588
G1 X146.818 Y123.645 E.54277
G1 X146.82 Y123.11 E.01594
G1 X133.933 Y135.996 E.54284
G1 X133.933 Y135.463 E.01588
G1 X146.821 Y122.575 E.54292
G1 X146.823 Y122.04 E.01594
G1 X133.933 Y134.93 E.54299
G1 X133.933 Y134.396 E.01588
G1 X147.086 Y121.244 E.55404
G1 E-1.3 F1800
G1 Z.8 F18000
G1 X152.737 Y125.192 Z.8
G1 Z.4
G1 E1.3 F1800
G1 F8374.623
G1 X163.865 Y114.064 E.46876
G1 X163.425 Y113.97 E.01339
G1 X153.159 Y124.236 E.43245
G1 X153.176 Y124.112 E.00373
G1 X153.178 Y123.684 E.01276
G1 X162.929 Y113.933 E.41076
G1 X162.395 Y113.933 E.01588
G1 X153.179 Y123.149 E.38822
G1 X153.181 Y122.614 E.01594
G1 X161.862 Y113.933 E.36568
G1 X161.329 Y113.933 E.01588
G1 X153.183 Y122.079 E.34315
G1 X153.132 Y121.597 E.01444
G1 X160.796 Y113.933 E.32285
G1 X160.262 Y113.933 E.01588
G1 X153.059 Y121.136 E.30344
G1 X152.906 Y120.756 E.01221
G1 X159.729 Y113.933 E.28741
G1 X159.196 Y113.933 E.01588
G1 X152.739 Y120.39 E.27201
G1 X152.515 Y120.081 E.01138
G1 X158.663 Y113.933 E.25896
G1 X158.129 Y113.933 E.01588
G1 X152.277 Y119.785 E.24651
G1 X151.99 Y119.539 E.01127
G1 X157.596 Y113.933 E.23615
G1 X157.063 Y113.933 E.01588
G1 X151.688 Y119.308 E.2264
G1 X151.492 Y119.194 E.00675
G1 X151.334 Y119.128 E.00509
G1 X156.529 Y113.933 E.21884
G1 X155.996 Y113.933 E.01588
G1 X150.957 Y118.972 E.21227
G1 X150.715 Y118.903 E.00749
G1 X150.519 Y118.877 E.0059
G1 X155.463 Y113.933 E.20827
G1 X154.93 Y113.933 E.01588
G1 X150.039 Y118.824 E.20601
G1 X149.889 Y118.824 E.00447
G1 X149.447 Y118.882 E.01328
G1 X154.396 Y113.933 E.20848
G1 X153.863 Y113.933 E.01588
G1 X148.669 Y119.127 E.21878
G1 X148.508 Y119.194 E.00521
G1 X148.316 Y119.304 E.0066
G1 X147.832 Y119.676 E.01816
G1 X147.675 Y119.833 E.00661
G1 X147.24 Y120.412 E.02158
G1 X147.139 Y120.657 E.0079
G1 X133.933 Y133.863 E.55629
G1 X133.933 Y133.33 E.01588
G1 X153.33 Y113.933 E.81708
G1 X152.797 Y113.933 E.01588
G1 X133.933 Y132.797 E.79461
G1 X133.933 Y132.263 E.01588
G1 X152.263 Y113.933 E.77215
G1 X151.73 Y113.933 E.01588
G1 X133.933 Y131.73 E.74969
G1 X133.933 Y131.197 E.01588
G1 X151.197 Y113.933 E.72722
G1 X150.663 Y113.933 E.01588
G1 X133.933 Y130.663 E.70476
G1 X133.933 Y130.13 E.01588
G1 X150.13 Y113.933 E.6823
G1 X149.597 Y113.933 E.01588
G1 X133.933 Y129.597 E.65983
G1 X133.933 Y129.064 E.01588
G1 X149.064 Y113.933 E.63737
G1 X148.53 Y113.933 E.01588
G1 X133.933 Y128.53 E.6149
G1 X133.933 Y127.997 E.01588
G1 X147.997 Y113.933 E.59244
G1 X147.464 Y113.933 E.01588
G1 X133.933 Y127.464 E.56998
G1 X133.933 Y126.931 E.01588
G1 X146.931 Y113.933 E.54751
G1 X146.397 Y113.933 E.01588
G1 X133.933 Y126.397 E.52505
G1 X133.933 Y125.864 E.01588
G1 X145.864 Y113.933 E.50259
G1 X145.331 Y113.933 E.01588
G1 X133.933 Y125.331 E.48012
G1 X133.933 Y124.798 E.01588
G1 X144.798 Y113.933 E.45766
G1 X144.264 Y113.933 E.01588
G1 X133.933 Y124.264 E.43519
G1 X133.933 Y123.731 E.01588
G1 X143.731 Y113.933 E.41273
G1 X143.198 Y113.933 E.01588
G1 X133.933 Y123.198 E.39027
G1 X133.933 Y122.664 E.01588
G1 X142.664 Y113.933 E.3678
G1 X142.131 Y113.933 E.01588
G1 X133.933 Y122.131 E.34534
G1 X133.933 Y121.598 E.01588
G1 X141.598 Y113.933 E.32288
G1 X141.065 Y113.933 E.01588
G1 X133.933 Y121.065 E.30041
G1 X133.933 Y120.531 E.01588
G1 X140.531 Y113.933 E.27795
G1 X139.998 Y113.933 E.01588
G1 X133.933 Y119.998 E.25548
G1 X133.933 Y119.465 E.01588
G1 X139.465 Y113.933 E.23302
G1 X138.932 Y113.933 E.01588
G1 X133.933 Y118.932 E.21056
G1 X133.933 Y118.398 E.01588
G1 X138.398 Y113.933 E.18809
G1 X137.865 Y113.933 E.01588
G1 X133.933 Y117.865 E.16563
G1 X133.933 Y117.332 E.01588
G1 X137.332 Y113.933 E.14317
G1 X136.782 Y113.949 E.01638
G1 X133.949 Y116.782 E.11933
G1 X133.961 Y116.6 E.00544
G1 X134.064 Y116.134 E.01421
G1 X136.363 Y113.835 E.09683
G1 X149.261 Y118.932 F18000
;TYPE:Gap infill
;WIDTH:0.141446
G1 F1800
G1 X148.964 Y119.118 E.00273
G1 X149.308 Y119.027 F18000
;WIDTH:0.0902937
G1 F1800
G1 X149.125 Y118.938 E.00076
G1 E-1.3
G1 Z.8 F18000
G1 X152.821 Y125.276 Z.8
G1 Z.4
G1 E1.3 F1800
;WIDTH:0.140503
G1 X152.748 Y125.386 E.00101
;WIDTH:0.123059
G1 X152.674 Y125.495 E.00083
M73 P24 R15
G1 X156.539 Y156.758 F18000
;WIDTH:0.149447
G1 F1800
G1 X156.504 Y156.813 E.00055
;WIDTH:0.131646
G1 X156.448 Y156.893 E.00068
;WIDTH:0.117154
G1 X156.392 Y156.972 E.00057
G1 E-1.3
G1 Z.8 F18000
G1 X153.304 Y149.954 Z.8
G1 Z.4
G1 E1.3 F1800
;WIDTH:0.214325
G1 X152.547 Y150.205 E.0108
G1 X154.662 Y148.353 F18000
;WIDTH:0.326142
G1 F1800
G1 X154.563 Y148.501 E.00398
;WIDTH:0.292976
G1 X154.459 Y148.64 E.00343
;WIDTH:0.247312
G1 X154.246 Y148.883 E.00521
;WIDTH:0.195152
G1 X153.875 Y149.285 E.00658
;WIDTH:0.201108
G1 X153.689 Y149.445 E.00307
;WIDTH:0.237654
G1 X153.502 Y149.606 E.00378
;WIDTH:0.276684
G1 X153.292 Y149.785 E.00511
;WIDTH:0.320601
G1 X153.206 Y149.842 E.00226
;WIDTH:0.360348
G1 X153.121 Y149.899 E.00258
;WIDTH:0.413961
G1 X153.035 Y149.957 E.00301
G1 X152.907 Y150.092 E.00549
;WIDTH:0.406648
G1 X152.945 Y150.15 E.00199
;WIDTH:0.360375
G1 X152.984 Y150.207 E.00173
;WIDTH:0.314102
G1 X153.023 Y150.264 E.00148
;WIDTH:0.290965
G1 X153.062 Y150.321 E.00135
G1 X140.195 Y150.43 F18000
;WIDTH:0.224785
G1 F1800
G1 X140.076 Y150.505 E.00201
;WIDTH:0.192926
G1 X139.966 Y150.584 E.00161
;WIDTH:0.151024
G1 X139.855 Y150.663 E.00116
;WIDTH:0.130073
G1 X139.744 Y150.743 E.00094
G1 X137.746 Y152.741 F18000
;WIDTH:0.106674
G1 F1800
G1 X137.658 Y152.865 E.00076
;WIDTH:0.125177
G1 X137.571 Y152.988 E.00098
G1 X137.377 Y153.641 F18000
;WIDTH:0.103532
G1 F1800
G1 X137.215 Y153.915 E.00152
G1 X137.198 Y154.862 F18000
;WIDTH:0.152786
G1 F1800
G1 X137.138 Y155.001 E.00131
G1 X137.198 Y155.084 E.00089
G1 E-1.3
G1 Z.8 F18000
G1 X145.645 Y161.374 Z.8
G1 Z.4
G1 E1.3 F1800
;WIDTH:0.112643
G1 X145.518 Y161.541 E.00116
;WIDTH:0.137118
G1 X145.296 Y161.85 E.00284
G1 E-1.3
G1 Z.8 F18000
G1 X153.946 Y159.444 Z.8
G1 Z.4
G1 E1.3 F1800
;WIDTH:0.404736
G1 X153.308 Y159.817 E.02113
G1 X152.923 Y160.201 E.01553
G1 E-1.3
G1 Z.8 F18000
G1 X147.143 Y184.938 Z.8
G1 Z.4
G1 E1.3 F1800
;WIDTH:0.104797
G1 X147.072 Y185.043 E.00062
;WIDTH:0.121425
G1 X147.002 Y185.148 E.00078
G1 E-1.3
G1 Z.8 F18000
G1 X150.032 Y191.067 Z.8
G1 Z.4
G1 E1.3 F1800
;WIDTH:0.0930756
G1 X149.897 Y191.125 E.00058
G1 E-1.3
G1 Z.8 F18000
G1 X135.866 Y114.033 Z.8
G1 Z.4
G1 E1.3 F1800
;WIDTH:0.141018
G1 X135.729 Y114.131 E.0013
;WIDTH:0.18596
G1 X135.593 Y114.229 E.0019
;WIDTH:0.230902
G1 X135.456 Y114.326 E.00249
;WIDTH:0.273123
G1 X135.301 Y114.454 E.00367
;WIDTH:0.312624
G1 X135.145 Y114.582 E.00429
;WIDTH:0.345398
G1 X134.854 Y114.854 E.00951
G1 X134.582 Y115.145 E.00951
;WIDTH:0.312624
G1 X134.454 Y115.301 E.00429
;WIDTH:0.273123
G1 X134.326 Y115.456 E.00367
;WIDTH:0.230903
G1 X134.229 Y115.593 E.00249
;WIDTH:0.185962
G1 X134.131 Y115.729 E.0019
;WIDTH:0.163491
G1 X134.033 Y115.866 E.0016
G1 E-1.3
G1 Z.8 F18000
G1 X146.986 Y149.985 Z.8
G1 Z.4
G1 E1.3 F1800
;TYPE:Internal solid infill
;WIDTH:0.419999
G1 F8374.624
G1 X146.517 Y149.735 E.01582
G1 X145.872 Y149.198 E.02499
G1 X145.49 Y148.692 E.0189
G1 X145.325 Y148.335 E.01171
G1 X143.654 Y150.006 E.07037
G1 X146.71 Y150.006 E.09103
G1 X146.946 Y149.988 E.00705
G1 X145.692 Y149.592 F18000
;WIDTH:0.493216
G1 F7012.931
G1 X145.219 Y149.026 E.02624
G1 X144.653 Y149.592 E.02847
G1 X145.652 Y149.592 E.03554
G1 X152.696 Y150.034 F18000
;WIDTH:0.389904
G1 F9100.981
G1 X152.631 Y150.072 E.00206
G1 X152.698 Y150.107 E.00206
G1 X154.661 Y148.171 F18000
;WIDTH:0.38292
G1 F9287.925
G1 X154.597 Y148.208 E.00198
G1 X154.662 Y148.243 E.00198
G1 E-1.3 F1800
G1 Z.8 F18000
G1 X152.891 Y159.89 Z.8
G1 Z.4
G1 E1.3 F1800
;WIDTH:0.49433
G1 F6995.624
G1 X152.834 Y159.89 E.00201
G1 X152.806 Y159.939 E.00201
G1 X152.834 Y159.988 E.00201
G1 X152.891 Y159.988 E.00201
G1 X152.899 Y159.973 E.00059
G1 E-1.3 F1800
G1 Z.8 F18000
G1 X145.577 Y161.31 Z.8
G1 Z.4
G1 E1.3 F1800
;WIDTH:0.38292
G1 F9287.925
G1 X146.12 Y160.712 E.02171
G1 X146.581 Y160.308 E.01645
G1 X146.927 Y160.045 E.01166
G1 E-1.3 F1800
G1 Z.8 F18000
G1 X165.89 Y193.869 Z.8
G1 Z.4
G1 E1.3 F1800
;WIDTH:0.382601
G1 F9296.667
G1 X163.869 Y195.89 E.0767
G1 X164.503 Y195.621 E.01849
G1 X164.848 Y195.391 E.01114
G1 X165.391 Y194.848 E.02058
G1 X165.621 Y194.503 E.01114
G1 X165.874 Y193.906 E.01742
;LAYER_CHANGE
;Z:0.6
;HEIGHT:0.2

G1 E-1.3 F1800
G92 E0
;_SET_FAN_SPEED_CHANGING_LAYER
G1 Z1 F18000
G1 X165.942 Y115.302 Z1
G1 Z.6
G1 E1.3 F1800
;TYPE:Inner wall
;WIDTH:0.449999
G1 F7757.448
G1 X166.21 Y115.911 E.0214
G1 X166.368 Y116.557 E.02138
G1 X166.398 Y117.135 E.01863
G1 X166.398 Y193.031 E2.44053
G1 X166.324 Y193.661 E.0204
G1 X166.138 Y194.3 E.02139
G1 X165.818 Y194.883 E.02139
G1 X165.402 Y195.402 E.02139
G1 X164.883 Y195.818 E.02139
G1 X164.3 Y196.138 E.02139
G1 X163.661 Y196.324 E.02139
G1 X162.98 Y196.398 E.02202
G1 X136.969 Y196.398 E.83643
G1 X136.339 Y196.324 E.0204
G1 X135.7 Y196.138 E.02139
G1 X135.117 Y195.818 E.0214
G1 X134.598 Y195.402 E.02138
G1 X134.182 Y194.883 E.02139
G1 X133.862 Y194.3 E.02139
G1 X133.676 Y193.661 E.02139
G1 X133.602 Y192.98 E.02202
G1 X133.602 Y116.969 E2.44425
G1 X133.676 Y116.339 E.0204
G1 X133.862 Y115.7 E.02139
G1 X134.182 Y115.117 E.02139
G1 X134.598 Y114.598 E.02139
G1 X135.117 Y114.182 E.02139
G1 X135.7 Y113.862 E.02139
G1 X136.339 Y113.676 E.02139
G1 X137.02 Y113.602 E.02202
G1 X162.865 Y113.602 E.83108
G1 X163.382 Y113.628 E.01667
G1 X163.883 Y113.721 E.01637
G1 X164.503 Y113.962 E.0214
G1 X165.068 Y114.305 E.02124
G1 X165.549 Y114.766 E.02143
G1 X165.918 Y115.269 E.02007
G1 X166.281 Y115.105 F18000
;TYPE:Outer wall
;WIDTH:0.419999
G1 F6000
G1 X166.282 Y115.105 E.00002
G1 X166.581 Y115.785 E.02212
G1 X166.757 Y116.505 E.02209
G1 X166.79 Y117.135 E.01879
G1 X166.79 Y193.139 E2.26389
G1 X166.66 Y193.981 E.02537
G1 X166.392 Y194.672 E.0221
G1 X166.006 Y195.307 E.02211
G1 X165.493 Y195.843 E.02211
G1 X164.895 Y196.282 E.0221
G1 X164.216 Y196.581 E.0221
G1 X163.495 Y196.757 E.02211
G1 X162.993 Y196.79 E.01497
G1 X136.861 Y196.79 E.77839
G1 X136.019 Y196.66 E.02537
G1 X135.328 Y196.392 E.0221
G1 X134.693 Y196.006 E.02211
G1 X134.157 Y195.493 E.02211
G1 X133.718 Y194.895 E.0221
G1 X133.419 Y194.216 E.0221
G1 X133.243 Y193.495 E.02211
G1 X133.21 Y192.993 E.01497
G1 X133.21 Y116.861 E2.26772
G1 X133.34 Y116.019 E.02537
G1 X133.608 Y115.328 E.0221
G1 X133.994 Y114.693 E.02211
G1 X134.507 Y114.157 E.02211
G1 X135.105 Y113.718 E.0221
G1 X135.784 Y113.419 E.0221
G1 X136.505 Y113.243 E.02211
G1 X137.007 Y113.21 E.01497
G1 X162.865 Y113.21 E.77022
G1 X163.431 Y113.239 E.01689
G1 X163.982 Y113.34 E.0167
G1 X164.677 Y113.611 E.0222
G1 X165.307 Y113.994 E.02197
G1 X165.844 Y114.508 E.02214
G1 X166.258 Y115.072 E.02086
G1 E-1.3 F1800
G1 Z1 F18000
G1 X148.587 Y119.538 Z1
G1 Z.6
G1 E1.3 F1800
;TYPE:Inner wall
;WIDTH:0.449999
G1 F7757.448
G1 X148.511 Y119.572 E.00268
G1 X147.933 Y120.04 E.02391
G1 X147.496 Y120.642 E.02391
G1 X147.23 Y121.336 E.02391
G1 X147.148 Y121.999 E.02148
G1 X147.153 Y124.077 E.0668
G1 X147.245 Y124.739 E.0215
G1 X147.572 Y125.489 E.02632
G1 X148.04 Y126.067 E.02391
G1 X148.573 Y126.469 E.02146
G1 X149.19 Y126.731 E.02156
G1 X149.388 Y126.777 E.00655
G1 X150.076 Y126.847 E.02222
G1 X150.81 Y126.731 E.02391
G1 X151.489 Y126.428 E.02391
G1 X152.067 Y125.96 E.02391
G1 X152.504 Y125.358 E.02391
G1 X152.766 Y124.688 E.02313
G1 X152.852 Y124.001 E.02228
G1 X152.847 Y121.923 E.0668
G1 X152.731 Y121.19 E.02388
G1 X152.428 Y120.511 E.02391
G1 X151.96 Y119.933 E.02391
G1 X151.358 Y119.496 E.02391
G1 X150.664 Y119.23 E.0239
G1 X149.924 Y119.153 E.02391
G1 X149.19 Y119.269 E.0239
G1 X148.624 Y119.522 E.01995
G1 X148.749 Y119.883 F18000
;TYPE:Outer wall
;WIDTH:0.419999
G1 F6000
G1 X148.244 Y120.279 E.01912
G1 X147.869 Y120.771 E.01842
G1 X147.623 Y121.365 E.01914
G1 X147.542 Y121.975 E.01834
G1 X147.54 Y124.001 E.06035
G1 X147.62 Y124.62 E.01861
G1 X147.866 Y125.223 E.01939
G1 X148.255 Y125.734 E.01913
G1 X148.759 Y126.124 E.01899
G1 X149.353 Y126.373 E.01918
G1 X149.992 Y126.46 E.0192
G1 X150.624 Y126.379 E.01899
G1 X151.219 Y126.136 E.01914
G1 X151.733 Y125.746 E.01923
G1 X152.126 Y125.237 E.01913
G1 X152.376 Y124.637 E.01938
G1 X152.458 Y124.025 E.01838
G1 X152.458 Y121.975 E.06108
G1 X152.368 Y121.34 E.01909
G1 X152.117 Y120.749 E.01912
G1 X151.721 Y120.244 E.01912
G1 X151.208 Y119.859 E.01912
G1 X150.613 Y119.619 E.01912
G1 X149.975 Y119.542 E.01912
G1 X149.34 Y119.632 E.01911
G1 X148.786 Y119.868 E.01793
G1 E-1.3 F1800
G1 Z1 F18000
G1 X153.783 Y145.024 Z1
G1 Z.6
G1 E1.3 F1800
;TYPE:Inner wall
;WIDTH:0.449999
G1 F7757.448
G1 X153.71 Y144.933 E.00374
G1 X153.108 Y144.496 E.02391
G1 X152.49 Y144.246 E.02144
G1 X151.827 Y144.153 E.02154
G1 X148.249 Y144.148 E.11503
G1 X147.586 Y144.23 E.02149
G1 X147.381 Y144.294 E.00692
G1 X146.761 Y144.572 E.02185
G1 X146.183 Y145.04 E.02391
G1 X145.746 Y145.642 E.02391
G1 X145.479 Y146.343 E.02412
G1 X145.406 Y147.115 E.02495
G1 X145.519 Y147.81 E.02264
G1 X145.822 Y148.489 E.02391
G1 X146.29 Y149.067 E.02391
G1 X146.892 Y149.504 E.02391
;WIDTH:0.487299
G1 F7106.315
G1 X147.121 Y149.611 E.00887
;WIDTH:0.524599
G1 F6556.024
G1 X147.35 Y149.718 E.00962
;WIDTH:0.561898
G1 F6084.834
G1 X147.579 Y149.825 E.01036
G1 X148.249 Y149.887 E.0276
;WIDTH:0.519381
G1 F6627.814
G1 X151.937 Y149.887 E.13881
G1 X152.249 Y149.809 E.01208
;WIDTH:0.48469
G1 F7148.278
G1 X152.56 Y149.731 E.0112
;WIDTH:0.449999
G1 F7757.448
G1 X153.054 Y149.526 E.01718
G1 X153.48 Y149.243 E.01643
G1 X153.851 Y148.915 E.01595
G1 X154.254 Y148.358 E.02211
G1 X154.521 Y147.657 E.02411
G1 X154.594 Y146.885 E.02495
G1 X154.48 Y146.19 E.02265
G1 X154.178 Y145.511 E.0239
G1 X153.808 Y145.055 E.01888
G1 X153.51 Y145.286 F18000
;TYPE:Outer wall
;WIDTH:0.419999
G1 F6000
G1 X153.495 Y145.266 E.00075
G1 X152.986 Y144.873 E.01914
G1 X152.399 Y144.628 E.01896
G1 X151.775 Y144.542 E.01876
G1 X148.225 Y144.542 E.10576
G1 X147.531 Y144.656 E.02095
G1 X146.999 Y144.883 E.01721
G1 X146.494 Y145.279 E.01912
G1 X146.109 Y145.792 E.01912
G1 X145.869 Y146.39 E.01918
G1 X145.794 Y147.062 E.02016
G1 X145.882 Y147.66 E.018
G1 X146.133 Y148.251 E.01912
G1 X146.529 Y148.756 E.01912
G1 X147.042 Y149.141 E.01912
G1 X147.637 Y149.381 E.01912
G1 X148.249 Y149.46 E.01838
G1 X151.776 Y149.46 E.10506
G1 X152.418 Y149.365 E.01931
G1 X153 Y149.117 E.01887
G1 X153.506 Y148.721 E.01912
G1 X153.881 Y148.229 E.01843
G1 X154.128 Y147.631 E.01929
G1 X154.208 Y146.963 E.02002
G1 X154.126 Y146.363 E.01805
G1 X153.88 Y145.77 E.01912
G1 X153.534 Y145.318 E.01695
G1 E-1.3 F1800
G1 Z1 F18000
G1 X154.49 Y163.738 Z1
G1 Z.6
G1 E1.3 F1800
;TYPE:Inner wall
;WIDTH:0.449999
G1 F7757.448
G1 X154.521 Y163.657 E.00278
G1 X154.594 Y162.885 E.02495
G1 X154.48 Y162.19 E.02265
G1 X154.178 Y161.511 E.0239
G1 X153.71 Y160.933 E.02391
G1 X153.149 Y160.516 E.02247
G1 X152.56 Y160.269 E.02054
M73 P25 R15
;WIDTH:0.490352
G1 F7057.82
G1 X152.293 Y160.204 E.00974
;WIDTH:0.530705
G1 F6473.947
G1 X152.025 Y160.138 E.01061
G1 X151.751 Y160.113 E.01061
;WIDTH:0.519381
G1 F6627.814
G1 X148.204 Y160.113 E.1335
;WIDTH:0.561899
G1 F6084.822
G1 X147.579 Y160.175 E.02574
G1 X147.504 Y160.209 E.00338
;WIDTH:0.534419
G1 F6425.028
G1 X147.429 Y160.243 E.0032
;WIDTH:0.506939
G1 F6805.529
G1 X147.095 Y160.408 E.01365
;WIDTH:0.478469
G1 F7250.377
G1 X146.761 Y160.572 E.01281
;WIDTH:0.449999
G1 F7757.448
G1 X146.183 Y161.04 E.02391
G1 X145.746 Y161.642 E.02391
G1 X145.479 Y162.343 E.02412
G1 X145.404 Y162.968 E.02023
G1 X145.429 Y163.289 E.01037
G1 X145.519 Y163.81 E.017
G1 X145.822 Y164.489 E.02391
G1 X146.29 Y165.067 E.02391
G1 X146.892 Y165.504 E.02391
G1 X147.51 Y165.754 E.02144
G1 X148.173 Y165.847 E.02154
G1 X151.751 Y165.852 E.11503
G1 X152.414 Y165.77 E.02149
G1 X152.619 Y165.706 E.00692
G1 X153.239 Y165.428 E.02185
G1 X153.817 Y164.96 E.02391
G1 X154.254 Y164.358 E.02391
G1 X154.476 Y163.775 E.02004
G1 X154.126 Y163.622 F18000
;TYPE:Outer wall
;WIDTH:0.419999
G1 F6000
G1 X154.131 Y163.61 E.00039
G1 X154.206 Y162.938 E.02016
G1 X154.118 Y162.34 E.018
G1 X153.867 Y161.749 E.01911
G1 X153.471 Y161.244 E.01912
G1 X152.971 Y160.865 E.01869
G1 X152.388 Y160.624 E.01879
G1 X151.775 Y160.542 E.01842
G1 X148.225 Y160.542 E.10576
G1 X147.59 Y160.632 E.0191
G1 X146.999 Y160.883 E.01912
G1 X146.494 Y161.279 E.01912
G1 X146.109 Y161.792 E.01912
G1 X145.869 Y162.39 E.01918
G1 X145.792 Y163.035 E.01937
G1 X145.875 Y163.639 E.01816
G1 X146.12 Y164.23 E.01906
G1 X146.505 Y164.734 E.01889
G1 X147.014 Y165.127 E.01914
G1 X147.601 Y165.372 E.01896
G1 X148.225 Y165.458 E.01876
G1 X151.775 Y165.458 E.10576
G1 X152.469 Y165.344 E.02095
G1 X153.001 Y165.117 E.01721
G1 X153.506 Y164.721 E.01912
G1 X153.891 Y164.208 E.01912
G1 X154.112 Y163.66 E.0176
G1 E-1.3 F1800
G1 Z1 F18000
G1 X156.234 Y156.789 Z1
G1 Z.6
G1 E1.3 F1800
;TYPE:Inner wall
;WIDTH:0.449999
G1 F7757.448
G1 X156.265 Y156.726 E.00227
G1 X156.454 Y156.154 E.01935
G1 X156.566 Y155.563 E.01935
G1 X156.601 Y154.962 E.01935
G1 X156.557 Y154.362 E.01935
G1 X156.434 Y153.773 E.01935
G1 X156.232 Y153.197 E.01963
G1 X155.929 Y152.612 E.02117
G1 X155.642 Y152.186 E.01651
G1 X155.226 Y151.72 E.02009
G1 X154.771 Y151.327 E.01935
G1 X154.28 Y151.011 E.01877
G1 X153.726 Y150.735 E.0199
G1 X153.154 Y150.546 E.01936
G1 X152.563 Y150.434 E.01935
;WIDTH:0.493384
G1 F7010.315
G1 X152.302 Y150.395 E.00938
;WIDTH:0.536769
G1 F6394.454
G1 X152.042 Y150.356 E.01028
G1 X151.751 Y150.363 E.01135
;WIDTH:0.519381
G1 F6627.814
G1 X148.193 Y150.363 E.13389
;WIDTH:0.561898
G1 F6084.834
G1 X147.545 Y150.342 E.02659
G1 X147.426 Y150.359 E.00492
;WIDTH:0.528333
G1 F6505.59
G1 X147.307 Y150.376 E.00461
;WIDTH:0.494767
G1 F6988.858
G1 X146.714 Y150.398 E.02118
;WIDTH:0.449999
G1 F7757.448
G1 X141.999 Y150.398 E.15161
G1 X141.382 Y150.44 E.01991
G1 X140.773 Y150.566 E.02
G1 X140.204 Y150.764 E.01935
G1 X139.667 Y151.035 E.01935
G1 X139.169 Y151.373 E.01935
G1 X138.72 Y151.774 E.01935
G1 X138.327 Y152.229 E.01935
G1 X137.997 Y152.732 E.01936
G1 X137.764 Y153.204 E.01691
G1 X137.566 Y153.773 E.01935
G1 X137.443 Y154.362 E.01935
G1 X137.399 Y154.962 E.01935
G1 X137.434 Y155.563 E.01935
G1 X137.546 Y156.154 E.01935
G1 X137.735 Y156.726 E.01935
G1 X137.997 Y157.268 E.01935
G1 X138.327 Y157.771 E.01935
G1 X138.72 Y158.226 E.01935
G1 X139.169 Y158.627 E.01935
G1 X139.667 Y158.965 E.01935
G1 X140.204 Y159.236 E.01935
G1 X140.773 Y159.434 E.01935
G1 X141.362 Y159.557 E.01935
G1 X141.961 Y159.601 E.01933
G1 X146.714 Y159.602 E.15283
;WIDTH:0.488273
G1 F7090.768
G1 X146.978 Y159.621 E.00932
;WIDTH:0.526547
G1 F6529.608
G1 X147.243 Y159.64 E.01012
;WIDTH:0.564821
G1 F6050.754
G1 X147.507 Y159.659 E.01092
G1 X148.249 Y159.637 E.03063
;WIDTH:0.519381
G1 F6627.814
G1 X152.072 Y159.637 E.14386
G1 X152.317 Y159.602 E.00934
;WIDTH:0.48469
G1 F7148.278
G1 X152.563 Y159.566 E.00866
;WIDTH:0.449999
G1 F7757.448
G1 X153.154 Y159.454 E.01935
G1 X153.726 Y159.265 E.01935
G1 X154.276 Y158.999 E.01965
G1 X154.804 Y158.649 E.02037
G1 X155.269 Y158.239 E.01994
G1 X155.673 Y157.771 E.0199
G1 X156.003 Y157.268 E.01935
G1 X156.217 Y156.825 E.01579
G1 X155.884 Y156.622 F18000
;TYPE:Outer wall
;WIDTH:0.419999
G1 F6000
G1 X156.063 Y156.101 E.0164
G1 X156.172 Y155.562 E.0164
G1 X156.21 Y155.012 E.0164
G1 X156.175 Y154.463 E.0164
G1 X156.069 Y153.922 E.0164
G1 X155.894 Y153.4 E.01641
G1 X155.614 Y152.849 E.01842
G1 X155.347 Y152.447 E.01437
G1 X154.985 Y152.032 E.0164
G1 X154.731 Y151.807 E.01013
G1 X154.17 Y151.397 E.02068
G1 X153.625 Y151.117 E.01825
G1 X153.101 Y150.937 E.01649
G1 X152.562 Y150.828 E.0164
G1 X152.013 Y150.79 E.01638
G1 X141.999 Y150.79 E.29827
G1 X141.463 Y150.825 E.01601
G1 X140.924 Y150.93 E.01635
G1 X140.4 Y151.106 E.01645
G1 X139.906 Y151.348 E.0164
G1 X139.447 Y151.653 E.0164
G1 X139.032 Y152.015 E.0164
G1 X138.668 Y152.428 E.0164
G1 X138.348 Y152.906 E.01714
G1 X138.116 Y153.378 E.01567
G1 X137.937 Y153.899 E.0164
G1 X137.828 Y154.438 E.0164
G1 X137.79 Y154.988 E.0164
G1 X137.825 Y155.537 E.0164
G1 X137.931 Y156.078 E.0164
G1 X138.106 Y156.6 E.0164
G1 X138.348 Y157.094 E.0164
G1 X138.653 Y157.553 E.0164
G1 X139.015 Y157.968 E.0164
G1 X139.428 Y158.332 E.0164
G1 X139.884 Y158.639 E.0164
G1 X140.378 Y158.884 E.0164
G1 X140.899 Y159.063 E.0164
G1 X141.438 Y159.172 E.0164
G1 X141.987 Y159.21 E.01638
G1 X152.001 Y159.21 E.29827
G1 X152.537 Y159.175 E.01601
G1 X153.078 Y159.069 E.0164
G1 X153.6 Y158.894 E.0164
G1 X154.094 Y158.652 E.0164
G1 X154.553 Y158.347 E.0164
G1 X154.968 Y157.985 E.0164
G1 X155.332 Y157.572 E.0164
G1 X155.639 Y157.116 E.0164
G1 X155.867 Y156.658 E.01521
G1 E-1.3 F1800
G1 Z1 F18000
G1 X150.405 Y183.202 Z1
G1 Z.6
G1 E1.3 F1800
;TYPE:Inner wall
;WIDTH:0.449999
G1 F7757.448
G1 X149.924 Y183.153 E.01554
G1 X149.19 Y183.269 E.0239
G1 X148.511 Y183.572 E.02392
G1 X147.933 Y184.04 E.02391
G1 X147.496 Y184.642 E.02391
G1 X147.23 Y185.336 E.02391
G1 X147.148 Y185.999 E.02148
G1 X147.153 Y188.077 E.0668
G1 X147.269 Y188.81 E.02388
G1 X147.572 Y189.489 E.02391
G1 X148.04 Y190.067 E.02391
G1 X148.642 Y190.504 E.02391
G1 X149.336 Y190.77 E.0239
G1 X150.076 Y190.847 E.02391
G1 X150.81 Y190.731 E.02391
G1 X151.489 Y190.428 E.02391
G1 X152.067 Y189.96 E.02391
G1 X152.504 Y189.358 E.02391
G1 X152.77 Y188.664 E.02391
G1 X152.852 Y188.001 E.02148
G1 X152.847 Y185.923 E.0668
G1 X152.731 Y185.19 E.02388
G1 X152.428 Y184.511 E.02391
G1 X151.96 Y183.933 E.02391
G1 X151.358 Y183.496 E.02391
G1 X150.612 Y183.223 E.02555
G1 X150.445 Y183.206 E.0054
G1 X150.624 Y183.623 F18000
;TYPE:Outer wall
;WIDTH:0.419999
G1 F6000
G1 X150.613 Y183.619 E.00036
G1 X150.008 Y183.54 E.01815
G1 X149.376 Y183.621 E.01899
G1 X148.781 Y183.864 E.01914
G1 X148.267 Y184.254 E.01923
G1 X147.874 Y184.763 E.01913
G1 X147.624 Y185.363 E.01938
G1 X147.542 Y185.975 E.01838
G1 X147.542 Y188.025 E.06108
G1 X147.632 Y188.66 E.01909
G1 X147.883 Y189.251 E.01912
G1 X148.279 Y189.756 E.01912
G1 X148.792 Y190.141 E.01912
G1 X149.387 Y190.381 E.01912
G1 X150.025 Y190.458 E.01912
G1 X150.66 Y190.368 E.01912
G1 X151.251 Y190.117 E.01912
G1 X151.756 Y189.721 E.01912
G1 X152.131 Y189.229 E.01842
G1 X152.377 Y188.635 E.01914
G1 X152.458 Y188.025 E.01834
G1 X152.458 Y185.975 E.06108
G1 X152.368 Y185.34 E.01909
G1 X152.117 Y184.749 E.01912
G1 X151.721 Y184.244 E.01912
G1 X151.208 Y183.859 E.01912
G1 X150.661 Y183.638 E.01757
G1 E-1.3 F1800
G1 Z1 F18000
G1 X154.653 Y161.74 Z1
G1 Z.6
G1 E1.3 F1800
;TYPE:Internal solid infill
;WIDTH:0.38292
G1 F9287.925
G1 X154.589 Y161.777 E.00198
G1 X154.654 Y161.812 E.00198
G1 X152.697 Y159.882 F18000
G1 F9287.925
G1 X152.633 Y159.919 E.00198
G1 X152.698 Y159.954 E.00198
G1 X146.963 Y160.019 F18000
;WIDTH:0.419999
G1 F8374.624
G1 X146.431 Y159.994 E.01586
G1 X143.653 Y159.993 E.08276
G1 X145.325 Y161.665 E.07042
G1 X145.515 Y161.267 E.01313
G1 X146.052 Y160.622 E.02499
G1 X146.547 Y160.245 E.01854
G1 X146.928 Y160.038 E.01292
G1 X145.683 Y160.409 F18000
;WIDTH:0.496321
G1 F6964.904
G1 X144.656 Y160.409 E.03679
G1 X145.22 Y160.973 E.02856
G1 X145.658 Y160.44 E.0247
G1 E-1.3 F1800
G1 Z1 F18000
G1 X145.585 Y148.69 Z1
G1 Z.6
G1 E1.3 F1800
;WIDTH:0.38292
G1 F9287.925
G1 X145.974 Y149.142 E.016
G1 X146.583 Y149.693 E.02205
G1 X146.933 Y149.955 E.01175
G1 X152.907 Y150.008 F18000
;WIDTH:0.4976
G1 F6945.312
G1 X152.85 Y150.008 E.00204
G1 X152.822 Y150.058 E.00204
G1 X152.85 Y150.107 E.00204
G1 X152.907 Y150.107 E.00204
G1 X152.916 Y150.092 E.0006
G1 E-1.3 F1800
G1 Z1 F18000
G1 X166.215 Y116.696 Z1
G1 Z.6
G1 E1.3 F1800
;WIDTH:0.419999
G1 F8374.623
G1 X163.506 Y113.988 E.1141
G1 X163.342 Y113.957 E.00499
G1 X162.918 Y113.933 E.01262
G1 X166.067 Y117.082 E.13263
G1 X166.067 Y117.615 E.01588
G1 X162.385 Y113.933 E.15509
G1 X161.852 Y113.933 E.01588
G1 X166.067 Y118.148 E.17755
G1 X166.067 Y118.681 E.01588
G1 X161.319 Y113.933 E.20002
G1 X160.785 Y113.933 E.01588
G1 X166.067 Y119.215 E.22248
G1 X166.067 Y119.748 E.01588
G1 X160.252 Y113.933 E.24494
G1 X159.719 Y113.933 E.01588
G1 X166.067 Y120.281 E.26741
G1 X166.067 Y120.814 E.01588
G1 X159.186 Y113.933 E.28987
G1 X158.652 Y113.933 E.01588
G1 X166.067 Y121.348 E.31234
G1 X166.067 Y121.881 E.01588
G1 X158.119 Y113.933 E.3348
G1 X157.586 Y113.933 E.01588
G1 X166.067 Y122.414 E.35726
G1 X166.067 Y122.947 E.01588
G1 X157.053 Y113.933 E.37973
G1 X156.519 Y113.933 E.01588
G1 X166.067 Y123.481 E.40219
G1 X166.067 Y124.014 E.01588
G1 X155.986 Y113.933 E.42465
G1 X155.453 Y113.933 E.01588
G1 X166.067 Y124.547 E.44712
G1 X166.067 Y125.081 E.01588
G1 X154.919 Y113.933 E.46958
G1 X154.386 Y113.933 E.01588
G1 X166.067 Y125.614 E.49205
G1 X166.067 Y126.147 E.01588
G1 X153.853 Y113.933 E.51451
G1 X153.32 Y113.933 E.01588
G1 X166.067 Y126.68 E.53697
G1 X166.067 Y127.214 E.01588
G1 X152.786 Y113.933 E.55944
G1 X152.253 Y113.933 E.01588
G1 X166.067 Y127.747 E.5819
G1 X166.067 Y128.28 E.01588
G1 X151.72 Y113.933 E.60436
G1 X151.187 Y113.933 E.01588
G1 X166.067 Y128.813 E.62683
G1 X166.067 Y129.347 E.01588
G1 X150.653 Y113.933 E.64929
G1 X150.12 Y113.933 E.01588
G1 X166.067 Y129.88 E.67176
G1 X166.067 Y130.413 E.01588
G1 X149.587 Y113.933 E.69422
G1 X149.053 Y113.933 E.01588
G1 X166.067 Y130.947 E.71668
G1 X166.067 Y131.48 E.01588
G1 X148.52 Y113.933 E.73915
G1 X147.987 Y113.933 E.01588
G1 X166.067 Y132.013 E.76161
G1 X166.067 Y132.546 E.01588
G1 X147.454 Y113.933 E.78407
G1 X146.92 Y113.933 E.01588
G1 X166.067 Y133.08 E.80654
G1 X166.067 Y133.613 E.01588
G1 X146.387 Y113.933 E.829
G1 X145.854 Y113.933 E.01588
G1 X150.864 Y118.943 E.21104
G1 X150.715 Y118.903 E.00458
G1 X150.226 Y118.839 E.01469
G1 X145.321 Y113.933 E.20665
G1 X144.787 Y113.933 E.01588
G1 X149.703 Y118.848 E.20705
G1 X149.234 Y118.913 E.01409
G1 X144.254 Y113.933 E.20978
G1 X143.721 Y113.933 E.01588
G1 X148.843 Y119.055 E.21576
G1 X148.47 Y119.216 E.01209
G1 X143.187 Y113.933 E.22252
G1 X142.654 Y113.933 E.01588
G1 X148.152 Y119.431 E.23158
G1 X147.85 Y119.662 E.01133
G1 X142.121 Y113.933 E.24133
G1 X141.588 Y113.933 E.01588
G1 X147.595 Y119.94 E.25304
G1 X147.366 Y120.245 E.01134
G1 X141.054 Y113.933 E.26587
G1 X140.521 Y113.933 E.01588
G1 X147.17 Y120.582 E.28008
G1 X147.014 Y120.959 E.01216
G1 X139.988 Y113.933 E.29598
G1 X139.455 Y113.933 E.01588
G1 X146.896 Y121.374 E.31346
G1 X146.83 Y121.842 E.01406
G1 X138.921 Y113.933 E.33315
G1 X138.388 Y113.933 E.01588
G1 X146.822 Y122.367 E.35528
G1 X146.82 Y122.899 E.01583
G1 X137.855 Y113.933 E.37767
G1 X137.322 Y113.933 E.01588
G1 X146.819 Y123.43 E.40007
G1 X146.817 Y123.962 E.01583
G1 X136.803 Y113.948 E.42183
G1 X136.6 Y113.961 E.00607
G1 X136.336 Y114.014 E.00802
G1 X147.091 Y124.769 E.45305
G1 E-1.3 F1800
G1 Z1 F18000
G1 X152.755 Y120.834 Z1
G1 Z.6
G1 E1.3 F1800
M73 P26 R15
G1 F8374.623
G1 X166.067 Y134.146 E.56078
G1 X166.067 Y134.679 E.01588
G1 X153.154 Y121.766 E.54396
G1 X153.183 Y121.991 E.00676
G1 X153.182 Y122.328 E.01003
G1 X166.067 Y135.213 E.54277
G1 X166.067 Y135.746 E.01588
G1 X153.18 Y122.859 E.54284
G1 X153.179 Y123.391 E.01583
G1 X166.067 Y136.279 E.54291
G1 X166.067 Y136.813 E.01588
G1 X153.177 Y123.923 E.54298
G1 X153.176 Y124.112 E.00565
G1 X153.134 Y124.413 E.00904
G1 X166.067 Y137.346 E.5448
G1 X166.067 Y137.879 E.01588
G1 X153.057 Y124.869 E.54804
G1 X152.899 Y125.244 E.01212
G1 X166.067 Y138.412 E.5547
G1 X166.067 Y138.946 E.01588
G1 X152.74 Y125.619 E.56137
G1 X152.507 Y125.919 E.01132
G1 X166.067 Y139.479 E.57122
G1 X166.067 Y140.012 E.01588
G1 X152.272 Y126.217 E.58111
G1 X152.224 Y126.278 E.0023
G1 X151.983 Y126.461 E.00904
G1 X166.067 Y140.545 E.5933
G1 X166.067 Y141.079 E.01588
G1 X151.679 Y126.691 E.60607
G1 X151.589 Y126.759 E.00336
G1 X151.324 Y126.869 E.00856
G1 X166.067 Y141.612 E.62105
G1 X166.067 Y142.145 E.01588
G1 X150.946 Y127.025 E.63695
G1 X150.82 Y127.077 E.00407
G1 X150.506 Y127.118 E.00942
G1 X166.067 Y142.678 E.65548
G1 X166.067 Y143.212 E.01588
G1 X150.035 Y127.18 E.67534
G1 X149.432 Y127.11 E.01809
G1 X166.067 Y143.745 E.70075
G1 X166.067 Y144.278 E.01588
G1 X148.654 Y126.865 E.73352
G1 X148.508 Y126.807 E.00467
G1 X148.315 Y126.695 E.00665
G1 X147.726 Y126.228 E.0224
G1 X147.262 Y125.624 E.0227
G1 X147.146 Y125.358 E.00864
G1 X135.924 Y114.135 E.47273
G1 X135.557 Y114.302 E.012
G1 X166.067 Y144.812 E1.28522
G1 X166.067 Y145.345 E.01588
G1 X135.228 Y114.506 E1.29908
G1 X134.933 Y114.745 E.01129
G1 X166.067 Y145.878 E1.31148
G1 X166.067 Y146.411 E.01588
G1 X134.672 Y115.016 E1.3225
G1 X134.568 Y115.134 E.00467
G1 X134.444 Y115.321 E.0067
G1 X166.067 Y146.945 E1.33212
G1 X166.067 Y147.478 E.01588
G1 X134.25 Y115.661 E1.34026
G1 X134.168 Y115.827 E.00551
G1 X134.096 Y116.04 E.00671
G1 X166.067 Y148.011 E1.34676
G1 X166.067 Y148.544 E.01588
G1 X133.988 Y116.466 E1.35131
G1 X133.961 Y116.6 E.00408
G1 X133.938 Y116.949 E.01043
G1 X166.067 Y149.078 E1.3534
G1 X166.067 Y149.611 E.01588
G1 X133.933 Y117.477 E1.35362
G1 X133.933 Y118.01 E.01588
G1 X166.067 Y150.144 E1.35362
G1 X166.067 Y150.678 E.01588
G1 X133.933 Y118.544 E1.35362
G1 X133.933 Y119.077 E.01588
G1 X166.067 Y151.211 E1.35362
G1 X166.067 Y151.744 E.01588
G1 X133.933 Y119.61 E1.35362
G1 X133.933 Y120.144 E.01588
G1 X166.067 Y152.277 E1.35362
G1 X166.067 Y152.811 E.01588
G1 X133.933 Y120.677 E1.35362
G1 X133.933 Y121.21 E.01588
G1 X166.067 Y153.344 E1.35362
G1 X166.067 Y153.877 E.01588
G1 X133.933 Y121.743 E1.35362
G1 X133.933 Y122.277 E.01588
G1 X166.067 Y154.41 E1.35362
G1 X166.067 Y154.944 E.01588
G1 X133.933 Y122.81 E1.35362
G1 X133.933 Y123.343 E.01588
G1 X166.067 Y155.477 E1.35362
G1 X166.067 Y156.01 E.01588
G1 X133.933 Y123.876 E1.35362
G1 X133.933 Y124.41 E.01588
G1 X166.067 Y156.544 E1.35362
G1 X166.067 Y157.077 E.01588
G1 X154.585 Y145.595 E.48367
G1 X154.507 Y145.407 E.00606
M73 P27 R15
G1 X154.075 Y144.833 E.02141
G1 X153.918 Y144.675 E.00662
G1 X153.369 Y144.259 E.02052
G1 X153.157 Y144.167 E.00687
G1 X133.933 Y124.943 E.80981
G1 X133.933 Y125.476 E.01588
G1 X152.346 Y143.889 E.77563
G1 X151.741 Y143.817 E.01816
G1 X133.933 Y126.01 E.75013
G1 X133.933 Y126.543 E.01588
G1 X151.207 Y143.817 E.72766
G1 X150.674 Y143.817 E.01588
G1 X133.933 Y127.076 E.7052
G1 X133.933 Y127.609 E.01588
G1 X150.141 Y143.817 E.68274
G1 X149.607 Y143.817 E.01588
G1 X133.933 Y128.143 E.66027
G1 X133.933 Y128.676 E.01588
G1 X149.074 Y143.817 E.63781
G1 X148.541 Y143.817 E.01588
G1 X133.933 Y129.209 E.61535
G1 X133.933 Y129.742 E.01588
G1 X148.033 Y143.843 E.59396
G1 X147.558 Y143.901 E.01425
G1 X133.933 Y130.276 E.57396
G1 X133.933 Y130.809 E.01588
G1 X147.156 Y144.032 E.557
G1 X146.784 Y144.193 E.01208
G1 X133.933 Y131.342 E.54132
G1 X133.933 Y131.875 E.01588
G1 X146.453 Y144.395 E.52739
G1 X146.151 Y144.627 E.01133
G1 X133.933 Y132.409 E.51467
G1 X133.933 Y132.942 E.01588
G1 X145.888 Y144.896 E.50357
G1 X145.651 Y145.194 E.01131
G1 X133.933 Y133.475 E.49363
G1 X133.933 Y134.009 E.01588
G1 X145.44 Y145.516 E.48474
G1 X145.287 Y145.895 E.0122
G1 X133.933 Y134.542 E.47826
G1 X133.933 Y135.075 E.01588
G1 X145.159 Y146.301 E.47289
G1 X145.097 Y146.772 E.01414
G1 X133.933 Y135.608 E.47026
G1 X133.933 Y136.142 E.01588
G1 X145.098 Y147.306 E.4703
G1 X145.154 Y147.719 E.01241
G1 X145.227 Y147.969 E.00775
G1 X133.933 Y136.675 E.47575
G1 X133.933 Y137.208 E.01588
G1 X146.786 Y150.061 E.54142
G1 X146.259 Y150.067 E.01571
G1 X133.933 Y137.741 E.5192
G1 X133.933 Y138.275 E.01588
G1 X145.725 Y150.067 E.49674
G1 X145.192 Y150.067 E.01588
G1 X133.933 Y138.808 E.47428
G1 X133.933 Y139.341 E.01588
G1 X144.659 Y150.067 E.45181
G1 X144.125 Y150.067 E.01588
G1 X133.933 Y139.875 E.42935
G1 X133.933 Y140.408 E.01588
G1 X143.592 Y150.067 E.40689
G1 X143.059 Y150.067 E.01588
G1 X133.933 Y140.941 E.38442
G1 X133.933 Y141.474 E.01588
G1 X142.526 Y150.067 E.36196
G1 X141.993 Y150.067 E.01588
G1 X133.933 Y142.008 E.3395
G1 X133.933 Y142.541 E.01588
G1 X141.491 Y150.099 E.31836
G1 X141.036 Y150.177 E.01373
G1 X133.933 Y143.074 E.29922
G1 X133.933 Y143.607 E.01588
G1 X140.601 Y150.275 E.28088
G1 X140.206 Y150.414 E.01246
G1 X133.933 Y144.141 E.26425
G1 X133.933 Y144.674 E.01588
G1 X139.836 Y150.577 E.24864
G1 X139.489 Y150.763 E.01173
G1 X133.933 Y145.207 E.23404
G1 X133.933 Y145.741 E.01588
G1 X139.169 Y150.977 E.22058
G1 X138.863 Y151.203 E.01136
G1 X133.933 Y146.274 E.20765
G1 X133.933 Y146.807 E.01588
G1 X138.581 Y151.455 E.1958
G1 X138.322 Y151.729 E.01124
M73 P27 R14
G1 X133.933 Y147.34 E.18487
G1 X133.933 Y147.874 E.01588
G1 X138.076 Y152.016 E.1745
G1 X137.862 Y152.336 E.01145
G1 X133.933 Y148.407 E.1655
G1 X133.933 Y148.94 E.01588
G1 X137.661 Y152.668 E.15702
G1 X137.488 Y153.028 E.01191
G1 X133.933 Y149.473 E.14973
G1 X133.933 Y150.007 E.01588
G1 X137.339 Y153.412 E.14345
G1 X137.218 Y153.825 E.01281
G1 X133.933 Y150.54 E.13837
G1 X133.933 Y151.073 E.01588
G1 X137.125 Y154.266 E.13447
G1 X137.084 Y154.758 E.01471
G1 X133.933 Y151.606 E.13274
G1 X133.933 Y152.14 E.01588
G1 X137.088 Y155.295 E.1329
G1 X137.117 Y155.696 E.01198
G1 X137.16 Y155.9 E.00622
G1 X133.933 Y152.673 E.13594
G1 X133.933 Y153.206 E.01588
G1 X137.645 Y156.918 E.15637
G1 E-1.3 F1800
G1 Z1 F18000
G1 X143.155 Y159.762 Z1
G1 Z.6
G1 E1.3 F1800
G1 F8374.623
G1 X145.285 Y161.892 E.0897
G1 X145.21 Y162.071 E.00579
G1 X145.152 Y162.293 E.00681
G1 X142.792 Y159.932 E.09945
G1 X142.258 Y159.932 E.01589
G1 X145.095 Y162.768 E.1195
G1 X145.075 Y162.936 E.00504
G1 X145.077 Y163.152 E.00644
G1 X145.099 Y163.306 E.00462
G1 X141.526 Y159.732 E.15053
G1 E-1.3 F1800
G1 Z1 F18000
G1 X154.649 Y146.192 Z1
G1 Z.6
G1 E1.3 F1800
G1 F8374.623
G1 X166.067 Y157.61 E.48096
G1 X166.067 Y158.143 E.01588
G1 X154.927 Y147.003 E.46926
G1 X154.873 Y147.482 E.01436
G1 X166.067 Y158.677 E.47155
G1 X166.067 Y159.21 E.01588
G1 X154.788 Y147.931 E.47511
G1 X154.632 Y148.308 E.01216
G1 X166.067 Y159.743 E.48168
G1 X166.067 Y160.276 E.01588
G1 X154.457 Y148.666 E.48906
G1 X154.226 Y148.969 E.01133
G1 X166.067 Y160.81 E.49879
G1 X166.067 Y161.343 E.01588
G1 X153.983 Y149.259 E.50903
G1 X153.686 Y149.496 E.0113
G1 X166.067 Y161.876 E.52152
G1 X166.067 Y162.409 E.01588
G1 X156.343 Y152.685 E.40963
G1 X156.255 Y152.514 E.00574
G1 X155.944 Y152.039 E.0169
G1 X155.451 Y151.476 E.0223
G1 X154.961 Y151.055 E.01923
G1 X154.486 Y150.745 E.01688
G1 X154.315 Y150.657 E.00574
G1 X153.258 Y149.601 E.0445
G1 X156.446 Y153.322 F18000
G1 F8374.623
G1 X166.067 Y162.943 E.40528
G1 X166.067 Y163.476 E.01588
G1 X156.879 Y154.289 E.38702
G1 X156.919 Y154.862 E.01711
G1 X166.067 Y164.009 E.38534
G1 X166.067 Y164.543 E.01588
G1 X156.908 Y155.383 E.38583
G1 X156.886 Y155.678 E.00879
G1 X156.85 Y155.859 E.00551
G1 X166.067 Y165.076 E.38826
G1 X166.067 Y165.609 E.01588
G1 X156.754 Y156.296 E.3923
G1 X156.623 Y156.698 E.01259
G1 X166.067 Y166.142 E.39784
G1 X166.067 Y166.676 E.01588
G1 X156.464 Y157.073 E.40451
G1 X156.29 Y157.432 E.01189
G1 X166.067 Y167.209 E.41186
G1 X166.067 Y167.742 E.01588
G1 X156.076 Y157.751 E.42086
G1 X155.859 Y158.068 E.01143
G1 X166.067 Y168.275 E.42999
G1 X166.067 Y168.809 E.01588
G1 X155.61 Y158.351 E.44051
G1 X155.342 Y158.617 E.01123
G1 X166.067 Y169.342 E.45177
G1 X166.067 Y169.875 E.01588
G1 X155.059 Y158.867 E.46371
G1 X154.742 Y159.083 E.01143
G1 X166.067 Y170.409 E.47706
G1 X166.067 Y170.942 E.01588
M73 P28 R14
G1 X154.422 Y159.296 E.49055
G1 X154.064 Y159.473 E.01186
G1 X166.067 Y171.475 E.5056
G1 X166.067 Y172.008 E.01588
G1 X153.683 Y159.625 E.52165
G1 X153.284 Y159.759 E.01254
G1 X166.067 Y172.542 E.53846
G1 X166.067 Y173.075 E.01588
G1 X154.769 Y161.777 E.47591
G1 X154.694 Y161.853 E.00319
G1 X154.832 Y162.202 E.01118
G1 X154.86 Y162.402 E.00601
G1 X166.067 Y173.608 E.47207
G1 X166.067 Y174.141 E.01588
G1 X154.925 Y162.999 E.46936
G1 X154.871 Y163.479 E.01438
G1 X166.067 Y174.675 E.47161
G1 X166.067 Y175.208 E.01588
G1 X154.784 Y163.925 E.47527
G1 X154.631 Y164.306 E.01221
G1 X166.067 Y175.741 E.48171
G1 X166.067 Y176.275 E.01588
G1 X154.457 Y164.664 E.48907
G1 X154.226 Y164.967 E.01133
G1 X166.067 Y176.808 E.49878
G1 X166.067 Y177.341 E.01588
G1 X153.985 Y165.259 E.50895
G1 X153.687 Y165.495 E.01131
G1 X166.067 Y177.874 E.52148
G1 X166.067 Y178.408 E.01588
G1 X153.384 Y165.725 E.53427
G1 X153.241 Y165.807 E.0049
G1 X153.02 Y165.894 E.00709
G1 X166.067 Y178.941 E.5496
G1 X166.067 Y179.474 E.01588
G1 X152.637 Y166.044 E.56573
G1 X152.529 Y166.086 E.00344
G1 X152.189 Y166.13 E.01021
G1 X166.067 Y180.007 E.58458
G1 X166.067 Y180.541 E.01588
G1 X151.709 Y166.183 E.60482
G1 X151.176 Y166.183 E.01589
G1 X166.067 Y181.074 E.62729
G1 X166.067 Y181.607 E.01588
G1 X150.642 Y166.182 E.64976
G1 X150.109 Y166.182 E.01589
G1 X166.067 Y182.14 E.67224
G1 X166.067 Y182.674 E.01588
G1 X149.575 Y166.182 E.69471
G1 X149.042 Y166.182 E.01589
G1 X166.067 Y183.207 E.71719
G1 X166.067 Y183.74 E.01588
G1 X148.508 Y166.181 E.73966
G1 X148.187 Y166.181 E.00958
G1 X147.94 Y166.147 E.00741
G1 X166.067 Y184.274 E.76358
G1 X166.067 Y184.807 E.01588
G1 X147.271 Y166.011 E.79177
G1 X146.631 Y165.741 E.0207
G1 X145.976 Y165.228 E.02477
G1 X145.555 Y164.684 E.0205
G1 X145.444 Y164.492 E.00662
G1 X145.233 Y163.973 E.01667
G1 X141.102 Y159.842 E.17405
G1 X140.774 Y159.777 E.00995
G1 X140.372 Y159.646 E.01258
G1 X166.067 Y185.34 E1.08237
G1 X166.067 Y185.873 E.01588
G1 X133.933 Y153.74 E1.35362
G1 X133.933 Y154.273 E.01588
G1 X166.067 Y186.407 E1.35362
G1 X166.067 Y186.94 E.01588
G1 X133.933 Y154.806 E1.35362
G1 X133.933 Y155.339 E.01588
G1 X166.067 Y187.473 E1.35362
G1 X166.067 Y188.006 E.01588
G1 X133.933 Y155.873 E1.35362
G1 X133.933 Y156.406 E.01588
G1 X166.067 Y188.54 E1.35362
G1 X166.067 Y189.073 E.01588
G1 X133.933 Y156.939 E1.35362
G1 X133.933 Y157.472 E.01588
G1 X166.067 Y189.606 E1.35362
G1 X166.067 Y190.14 E.01588
G1 X133.933 Y158.006 E1.35362
G1 X133.933 Y158.539 E.01588
G1 X166.067 Y190.673 E1.35362
G1 X166.067 Y191.206 E.01588
G1 X133.933 Y159.072 E1.35362
G1 X133.933 Y159.606 E.01588
G1 X166.067 Y191.739 E1.35362
G1 X166.067 Y192.273 E.01588
G1 X133.933 Y160.139 E1.35362
G1 X133.933 Y160.672 E.01588
G1 X166.067 Y192.806 E1.35362
G1 X166.044 Y193.316 E.01522
G1 X133.933 Y161.205 E1.35266
G1 X133.933 Y161.739 E.01588
G1 X165.965 Y193.771 E1.34933
G1 X165.96 Y193.793 E.00069
G1 X165.832 Y194.171 E.01188
G1 X133.933 Y162.272 E1.34374
G1 X133.933 Y162.805 E.01588
G1 X165.656 Y194.528 E1.33632
G1 X165.443 Y194.848 E.01146
G1 X133.933 Y163.338 E1.32734
G1 X133.933 Y163.872 E.01588
G1 X165.196 Y195.134 E1.31693
G1 X164.916 Y195.388 E.01125
M73 P29 R14
G1 X133.933 Y164.405 E1.30513
G1 X133.933 Y164.938 E.01588
G1 X164.602 Y195.608 E1.29193
G1 X164.253 Y195.792 E.01175
G1 X133.933 Y165.472 E1.27723
G1 X133.933 Y166.005 E.01588
G1 X150.873 Y182.945 E.7136
G1 X150.73 Y182.905 E.00445
G1 X150.244 Y182.849 E.01456
G1 X133.933 Y166.538 E.68709
G1 X133.933 Y167.071 E.01588
G1 X149.713 Y182.851 E.66471
G1 X149.243 Y182.915 E.01411
G1 X133.933 Y167.605 E.64493
G1 X133.933 Y168.138 E.01588
G1 X148.854 Y183.058 E.62852
G1 X148.476 Y183.214 E.01216
G1 X133.933 Y168.671 E.61262
G1 X133.933 Y169.204 E.01588
G1 X148.16 Y183.431 E.59928
G1 X147.856 Y183.661 E.01134
G1 X133.933 Y169.738 E.58652
G1 X133.933 Y170.271 E.01588
G1 X147.604 Y183.941 E.57586
G1 X147.369 Y184.24 E.01131
G1 X133.933 Y170.804 E.56597
G1 X133.933 Y171.337 E.01588
G1 X147.176 Y184.58 E.55783
G1 X147.017 Y184.955 E.01212
G1 X133.933 Y171.871 E.55116
G1 X133.933 Y172.404 E.01588
G1 X146.897 Y185.368 E.54611
G1 X146.831 Y185.835 E.01405
G1 X133.933 Y172.937 E.54332
G1 X133.933 Y173.471 E.01588
G1 X146.822 Y186.36 E.54295
G1 X146.82 Y186.891 E.01583
G1 X133.933 Y174.004 E.54287
G1 X133.933 Y174.537 E.01588
G1 X146.819 Y187.423 E.5428
G1 X146.817 Y187.954 E.01583
G1 X133.933 Y175.07 E.54273
G1 X133.933 Y175.604 E.01588
G1 X147.086 Y188.756 E.55405
G1 E-1.3 F1800
G1 Z1 F18000
G1 X152.75 Y184.822 Z1
G1 Z.6
G1 E1.3 F1800
G1 F8374.623
G1 X163.865 Y195.936 E.4682
G1 X163.428 Y196.033 E.01332
G1 X153.152 Y185.757 E.43287
G1 X153.183 Y185.991 E.00703
G1 X153.182 Y186.32 E.0098
G1 X162.929 Y196.067 E.41057
G1 X162.395 Y196.067 E.01588
G1 X153.18 Y186.852 E.38818
G1 X153.179 Y187.383 E.01583
G1 X161.862 Y196.067 E.36579
G1 X161.329 Y196.067 E.01588
G1 X153.177 Y187.915 E.34339
G1 X153.176 Y188.112 E.00588
G1 X153.135 Y188.406 E.00884
G1 X160.796 Y196.067 E.3227
G1 X160.262 Y196.067 E.01588
G1 X153.059 Y188.863 E.30345
G1 X152.903 Y189.241 E.01216
G1 X159.729 Y196.067 E.28754
G1 X159.196 Y196.067 E.01588
G1 X152.741 Y189.613 E.27189
G1 X152.513 Y189.917 E.01134
G1 X158.663 Y196.067 E.25906
G1 X158.129 Y196.067 E.01588
G1 X152.277 Y190.215 E.24651
G1 X151.99 Y190.461 E.01127
G1 X157.596 Y196.067 E.23615
G1 X157.063 Y196.067 E.01588
G1 X151.688 Y190.692 E.2264
G1 X151.492 Y190.806 E.00675
G1 X151.334 Y190.872 E.00509
G1 X156.529 Y196.067 E.21884
G1 X155.996 Y196.067 E.01588
G1 X150.957 Y191.028 E.21227
G1 X150.749 Y191.092 E.00648
G1 X150.516 Y191.12 E.00699
G1 X155.463 Y196.067 E.20837
G1 X154.93 Y196.067 E.01588
G1 X150.042 Y191.179 E.2059
G1 X149.446 Y191.117 E.01784
G1 X154.396 Y196.067 E.20853
G1 X153.863 Y196.067 E.01588
G1 X148.669 Y190.873 E.21878
G1 X148.508 Y190.806 E.00521
G1 X148.316 Y190.696 E.0066
G1 X147.832 Y190.324 E.01816
G1 X147.676 Y190.168 E.00659
G1 X147.304 Y189.684 E.01816
G1 X147.193 Y189.492 E.00662
G1 X147.13 Y189.334 E.00507
G1 X133.933 Y176.137 E.55591
G1 X133.933 Y176.67 E.01588
G1 X153.33 Y196.067 E.81708
G1 X152.797 Y196.067 E.01588
G1 X133.933 Y177.203 E.79461
G1 X133.933 Y177.737 E.01588
G1 X152.263 Y196.067 E.77215
G1 X151.73 Y196.067 E.01588
G1 X133.933 Y178.27 E.74969
G1 X133.933 Y178.803 E.01588
G1 X151.197 Y196.067 E.72722
G1 X150.663 Y196.067 E.01588
G1 X133.933 Y179.337 E.70476
G1 X133.933 Y179.87 E.01588
G1 X150.13 Y196.067 E.6823
G1 X149.597 Y196.067 E.01588
G1 X133.933 Y180.403 E.65983
G1 X133.933 Y180.936 E.01588
G1 X149.064 Y196.067 E.63737
G1 X148.53 Y196.067 E.01588
G1 X133.933 Y181.47 E.6149
G1 X133.933 Y182.003 E.01588
G1 X147.997 Y196.067 E.59244
G1 X147.464 Y196.067 E.01588
G1 X133.933 Y182.536 E.56998
G1 X133.933 Y183.069 E.01588
G1 X146.931 Y196.067 E.54751
G1 X146.397 Y196.067 E.01588
G1 X133.933 Y183.603 E.52505
G1 X133.933 Y184.136 E.01588
G1 X145.864 Y196.067 E.50259
G1 X145.331 Y196.067 E.01588
G1 X133.933 Y184.669 E.48012
G1 X133.933 Y185.203 E.01588
G1 X144.798 Y196.067 E.45766
G1 X144.264 Y196.067 E.01588
G1 X133.933 Y185.736 E.43519
G1 X133.933 Y186.269 E.01588
G1 X143.731 Y196.067 E.41273
G1 X143.198 Y196.067 E.01588
G1 X133.933 Y186.802 E.39027
G1 X133.933 Y187.336 E.01588
G1 X142.664 Y196.067 E.3678
G1 X142.131 Y196.067 E.01588
G1 X133.933 Y187.869 E.34534
G1 X133.933 Y188.402 E.01588
G1 X141.598 Y196.067 E.32288
G1 X141.065 Y196.067 E.01588
G1 X133.933 Y188.935 E.30041
G1 X133.933 Y189.469 E.01588
G1 X140.531 Y196.067 E.27795
G1 X139.998 Y196.067 E.01588
G1 X133.933 Y190.002 E.25548
G1 X133.933 Y190.535 E.01588
G1 X139.465 Y196.067 E.23302
G1 X138.932 Y196.067 E.01588
G1 X133.933 Y191.068 E.21056
G1 X133.933 Y191.602 E.01588
G1 X138.398 Y196.067 E.18809
G1 X137.865 Y196.067 E.01588
G1 X133.933 Y192.135 E.16563
G1 X133.933 Y192.668 E.01588
M73 P30 R14
G1 X137.332 Y196.067 E.14317
G1 X136.782 Y196.051 E.01638
G1 X133.949 Y193.218 E.11933
G1 X133.961 Y193.4 E.00544
G1 X134.064 Y193.866 E.01421
G1 X136.363 Y196.165 E.09683
G1 X149.261 Y191.067 F18000
;TYPE:Gap infill
;WIDTH:0.14197
G1 F1800
G1 X148.964 Y190.882 E.00273
G1 E-1.3
G1 Z1 F18000
G1 X152.84 Y184.731 Z1
G1 Z.6
G1 E1.3 F1800
;WIDTH:0.0924523
G1 X152.691 Y184.524 E.001
G1 X151.485 Y183.316 F18000
;WIDTH:0.107425
G1 F1800
G1 X151.375 Y183.242 E.00067
;WIDTH:0.145934
G1 X151.266 Y183.168 E.00107
;WIDTH:0.184443
G1 X151.157 Y183.094 E.00147
;WIDTH:0.203698
G1 X151.048 Y183.021 E.00167
G1 X156.536 Y153.232 F18000
;WIDTH:0.102822
G1 F1800
G1 X156.401 Y153.037 E.00112
G1 E-1.3
G1 Z1 F18000
G1 X153.302 Y160.043 Z1
G1 Z.6
G1 E1.3 F1800
;WIDTH:0.215171
G1 X152.542 Y159.794 E.01088
G1 X153.057 Y159.677 F18000
;WIDTH:0.252865
G1 F1800
G1 X153.019 Y159.734 E.00114
;WIDTH:0.302809
G1 X152.98 Y159.791 E.00142
;WIDTH:0.352753
G1 X152.941 Y159.848 E.00169
;WIDTH:0.416191
G1 X152.903 Y159.905 E.00203
G1 X153.035 Y160.043 E.00564
;WIDTH:0.400094
G1 X153.121 Y160.101 E.0029
;WIDTH:0.360346
G1 X153.206 Y160.158 E.00258
;WIDTH:0.315082
G1 X153.316 Y160.234 E.00287
;WIDTH:0.274196
G1 X153.502 Y160.394 E.00449
;WIDTH:0.23765
G1 X153.689 Y160.555 E.00378
;WIDTH:0.191952
G1 X154.026 Y160.865 E.00539
;WIDTH:0.20307
G1 X154.242 Y161.112 E.00416
;WIDTH:0.248181
G1 X154.471 Y161.374 E.00564
;WIDTH:0.295571
G1 X154.563 Y161.499 E.0031
;WIDTH:0.318361
G1 X154.571 Y161.511 E.0003
G1 E-1.3
G1 Z1 F18000
G1 X142.07 Y159.892 Z1
G1 Z.6
G1 E1.3 F1800
;WIDTH:0.11256
G1 X141.861 Y159.801 E.00126
G1 X140.194 Y159.575 F18000
;WIDTH:0.210547
G1 F1800
G1 X140.043 Y159.468 E.00245
;WIDTH:0.161596
G1 X139.892 Y159.361 E.00174
;WIDTH:0.137121
G1 X139.741 Y159.254 E.00138
G1 X137.752 Y157.265 F18000
;WIDTH:0.107134
G1 F1800
G1 X137.657 Y157.133 E.00082
;WIDTH:0.126099
G1 X137.561 Y157.002 E.00107
G1 X137.378 Y156.359 F18000
;WIDTH:0.103379
G1 F1800
G1 X137.215 Y156.085 E.00152
G1 X137.198 Y154.916 F18000
;WIDTH:0.153887
G1 F1800
G1 X137.138 Y154.999 E.00089
G1 X137.198 Y155.138 E.00133
G1 E-1.3
G1 Z1 F18000
G1 X145.645 Y148.626 Z1
G1 Z.6
G1 E1.3 F1800
;WIDTH:0.112645
G1 X145.518 Y148.459 E.00116
;WIDTH:0.137121
G1 X145.296 Y148.15 E.00284
G1 E-1.3
G1 Z1 F18000
G1 X152.851 Y144.154 Z1
G1 Z.6
G1 E1.3 F1800
;WIDTH:0.10745
G1 X152.757 Y144.089 E.00058
;WIDTH:0.149017
G1 X152.53 Y143.942 E.00227
G1 X154.734 Y146.108 F18000
;WIDTH:0.140106
G1 F1800
G1 X154.662 Y146 E.00099
;WIDTH:0.122794
G1 X154.59 Y145.893 E.00082
G1 X147.132 Y125.051 F18000
;WIDTH:0.102178
G1 F1800
G1 X147.083 Y124.979 E.0004
;WIDTH:0.128844
G1 X147.004 Y124.856 E.001
G1 E-1.3
G1 Z1 F18000
G1 X135.866 Y195.967 Z1
G1 Z.6
G1 E1.3 F1800
;WIDTH:0.14101
G1 X135.729 Y195.869 E.0013
;WIDTH:0.185953
G1 X135.593 Y195.771 E.0019
;WIDTH:0.230896
G1 X135.456 Y195.674 E.00249
;WIDTH:0.273117
G1 X135.301 Y195.546 E.00367
;WIDTH:0.312619
G1 X135.145 Y195.418 E.00429
;WIDTH:0.345394
G1 X134.854 Y195.146 E.00951
G1 X134.582 Y194.855 E.00951
;WIDTH:0.312618
G1 X134.454 Y194.699 E.00429
;WIDTH:0.273117
G1 X134.326 Y194.544 E.00367
;WIDTH:0.230895
G1 X134.229 Y194.407 E.00249
;WIDTH:0.185954
G1 X134.131 Y194.271 E.0019
;WIDTH:0.163483
G1 X134.033 Y194.134 E.0016
G1 E-1.3
G1 Z1 F18000
G1 X165.89 Y116.131 Z1
G1 Z.6
G1 E1.3 F1800
;TYPE:Internal solid infill
;WIDTH:0.382602
G1 F9296.639
G1 X165.621 Y115.497 E.01849
G1 X165.391 Y115.152 E.01114
G1 X164.848 Y114.609 E.02058
G1 X164.503 Y114.379 E.01114
G1 X163.869 Y114.11 E.01849
G1 X165.862 Y116.103 E.07562
M106 S102
;LAYER_CHANGE
;Z:0.8
;HEIGHT:0.2

G1 E-1.3 F1800
G92 E0
;_SET_FAN_SPEED_CHANGING_LAYER
G1 Z1.2 F18000
G1 X165.942 Y115.302 Z1.2
G1 Z.8
G1 E1.3 F1800
;TYPE:Inner wall
;WIDTH:0.449999
G1 F7757.448
G1 X166.21 Y115.911 E.02141
G1 X166.368 Y116.557 E.02137
G1 X166.398 Y117.135 E.01863
G1 X166.398 Y193.031 E2.44053
G1 X166.324 Y193.661 E.0204
G1 X166.138 Y194.3 E.02139
G1 X165.818 Y194.883 E.02139
G1 X165.402 Y195.402 E.02139
G1 X164.883 Y195.818 E.02139
G1 X164.3 Y196.138 E.02139
G1 X163.661 Y196.324 E.02139
G1 X162.98 Y196.398 E.02202
G1 X136.969 Y196.398 E.83643
G1 X136.339 Y196.324 E.0204
G1 X135.7 Y196.138 E.02139
G1 X135.117 Y195.818 E.02139
G1 X134.598 Y195.402 E.02139
G1 X134.182 Y194.883 E.02139
G1 X133.862 Y194.3 E.02139
G1 X133.676 Y193.661 E.02139
G1 X133.602 Y192.98 E.02202
G1 X133.602 Y116.969 E2.44425
G1 X133.676 Y116.339 E.0204
G1 X133.862 Y115.7 E.02139
G1 X134.182 Y115.117 E.02139
G1 X134.598 Y114.598 E.02139
G1 X135.117 Y114.182 E.02139
G1 X135.7 Y113.862 E.02139
G1 X136.339 Y113.676 E.02139
G1 X137.02 Y113.602 E.02202
G1 X163.22 Y113.602 E.84249
G1 X163.885 Y113.721 E.02173
G1 X164.505 Y113.963 E.02141
G1 X165.068 Y114.305 E.02118
G1 X165.549 Y114.766 E.02144
G1 X165.918 Y115.269 E.02005
G1 X166.282 Y115.106 F18000
;TYPE:Outer wall
;WIDTH:0.419999
G1 F6000
G1 X166.581 Y115.785 E.0221
G1 X166.757 Y116.505 E.02209
G1 X166.79 Y117.135 E.01879
G1 X166.79 Y193.139 E2.26389
G1 X166.66 Y193.981 E.02537
G1 X166.392 Y194.672 E.0221
G1 X166.006 Y195.307 E.02211
G1 X165.493 Y195.843 E.02211
G1 X164.895 Y196.282 E.0221
G1 X164.216 Y196.581 E.0221
G1 X163.495 Y196.757 E.02211
G1 X162.993 Y196.79 E.01497
G1 X136.861 Y196.79 E.77839
G1 X136.019 Y196.66 E.02537
G1 X135.328 Y196.392 E.0221
G1 X134.693 Y196.006 E.02211
G1 X134.157 Y195.493 E.02211
G1 X133.718 Y194.895 E.0221
G1 X133.419 Y194.216 E.02211
G1 X133.243 Y193.495 E.02211
G1 X133.21 Y192.993 E.01497
G1 X133.21 Y116.861 E2.26772
G1 X133.34 Y116.019 E.02537
G1 X133.608 Y115.328 E.0221
G1 X133.994 Y114.693 E.02211
G1 X134.507 Y114.157 E.02211
G1 X135.105 Y113.718 E.0221
G1 X135.784 Y113.419 E.0221
G1 X136.505 Y113.243 E.02211
G1 X137.007 Y113.21 E.01497
G1 X162.865 Y113.21 E.77022
G1 X163.405 Y113.237 E.01612
G1 X163.983 Y113.34 E.01747
G1 X164.678 Y113.611 E.02223
G1 X165.307 Y113.994 E.02191
G1 X165.844 Y114.508 E.02215
G1 X166.259 Y115.073 E.02088
G1 E-1.3 F1800
G1 Z1.2 F18000
G1 X148.587 Y119.538 Z1.2
G1 Z.8
G1 E1.3 F1800
;TYPE:Inner wall
;WIDTH:0.449999
G1 F7757.448
G1 X148.511 Y119.572 E.00268
G1 X147.933 Y120.04 E.02391
G1 X147.496 Y120.642 E.02391
G1 X147.23 Y121.336 E.02391
G1 X147.148 Y121.999 E.02148
G1 X147.153 Y124.077 E.0668
G1 X147.269 Y124.81 E.02388
G1 X147.572 Y125.489 E.02391
G1 X148.04 Y126.067 E.02391
G1 X148.573 Y126.469 E.02146
G1 X149.19 Y126.731 E.02156
G1 X149.388 Y126.777 E.00655
G1 X150.076 Y126.847 E.02222
G1 X150.81 Y126.731 E.02391
G1 X151.489 Y126.428 E.02391
G1 X152.067 Y125.96 E.02391
G1 X152.504 Y125.358 E.02391
G1 X152.766 Y124.688 E.02313
G1 X152.852 Y124.001 E.02228
G1 X152.847 Y121.923 E.0668
G1 X152.731 Y121.19 E.02388
G1 X152.428 Y120.511 E.02391
G1 X151.96 Y119.933 E.02391
G1 X151.358 Y119.496 E.02391
G1 X150.664 Y119.23 E.0239
G1 X150 Y119.148 E.02151
G1 X149.19 Y119.269 E.02633
G1 X148.624 Y119.522 E.01995
G1 X148.749 Y119.883 F18000
;TYPE:Outer wall
;WIDTH:0.419999
G1 F6000
G1 X148.244 Y120.279 E.01912
G1 X147.869 Y120.771 E.01842
G1 X147.623 Y121.365 E.01914
G1 X147.542 Y121.975 E.01834
G1 X147.54 Y124.001 E.06035
G1 X147.624 Y124.637 E.01911
G1 X147.866 Y125.223 E.01889
G1 X148.255 Y125.734 E.01913
G1 X148.759 Y126.124 E.01899
G1 X149.353 Y126.373 E.01918
G1 X149.992 Y126.46 E.0192
G1 X150.624 Y126.379 E.01899
G1 X151.219 Y126.136 E.01914
G1 X151.733 Y125.746 E.01923
G1 X152.126 Y125.237 E.01913
G1 X152.376 Y124.637 E.01938
G1 X152.458 Y124.025 E.01838
G1 X152.458 Y121.975 E.06108
G1 X152.368 Y121.34 E.01909
G1 X152.117 Y120.749 E.01912
G1 X151.721 Y120.244 E.01912
G1 X151.208 Y119.859 E.01912
G1 X150.613 Y119.619 E.01912
G1 X150 Y119.54 E.0184
G1 X149.34 Y119.632 E.01984
G1 X148.786 Y119.868 E.01793
G1 E-1.3 F1800
G1 Z1.2 F18000
G1 X153.783 Y145.024 Z1.2
G1 Z.8
G1 E1.3 F1800
;TYPE:Inner wall
;WIDTH:0.449999
G1 F7757.448
G1 X153.71 Y144.933 E.00374
G1 X153.108 Y144.496 E.02391
G1 X152.49 Y144.246 E.02144
G1 X151.827 Y144.153 E.02154
G1 X148.249 Y144.148 E.11503
G1 X147.586 Y144.23 E.02149
G1 X147.381 Y144.294 E.00692
G1 X146.761 Y144.572 E.02185
G1 X146.183 Y145.04 E.02391
G1 X145.746 Y145.642 E.02391
G1 X145.48 Y146.336 E.02391
G1 X145.403 Y147.076 E.02391
G1 X145.519 Y147.81 E.02391
G1 X145.822 Y148.489 E.02391
G1 X146.29 Y149.067 E.02391
G1 X146.892 Y149.504 E.02391
;WIDTH:0.487299
G1 F7106.32
G1 X147.121 Y149.611 E.00887
;WIDTH:0.524598
G1 F6556.033
G1 X147.35 Y149.718 E.00962
;WIDTH:0.561897
G1 F6084.846
G1 X147.579 Y149.825 E.01036
G1 X148.249 Y149.887 E.0276
;WIDTH:0.519381
G1 F6627.814
G1 X151.937 Y149.887 E.13881
G1 X152.253 Y149.807 E.01224
;WIDTH:0.48469
G1 F7148.278
G1 X152.568 Y149.727 E.01135
;WIDTH:0.449999
G1 F7757.448
G1 X153.239 Y149.428 E.02364
G1 X153.659 Y149.106 E.01701
G1 X153.871 Y148.888 E.00979
G1 X154.254 Y148.358 E.02103
G1 X154.52 Y147.664 E.0239
G1 X154.597 Y146.924 E.02391
G1 X154.481 Y146.19 E.02391
G1 X154.178 Y145.511 E.02391
G1 X153.808 Y145.055 E.01888
G1 X153.513 Y145.289 F18000
;TYPE:Outer wall
;WIDTH:0.419999
G1 F6000
G1 X153.495 Y145.266 E.00087
G1 X152.986 Y144.873 E.01914
G1 X152.399 Y144.628 E.01896
G1 X151.775 Y144.542 E.01876
G1 X148.225 Y144.542 E.10576
G1 X147.531 Y144.656 E.02095
G1 X146.999 Y144.883 E.01721
G1 X146.494 Y145.279 E.01912
G1 X146.109 Y145.792 E.01912
G1 X145.869 Y146.387 E.01912
G1 X145.792 Y147.025 E.01912
G1 X145.882 Y147.66 E.01912
G1 X146.133 Y148.251 E.01912
G1 X146.529 Y148.756 E.01912
G1 X147.042 Y149.141 E.01912
G1 X147.637 Y149.381 E.01912
G1 X148.249 Y149.46 E.01838
G1 X151.776 Y149.46 E.10506
G1 X152.418 Y149.365 E.01931
G1 X153 Y149.117 E.01887
G1 X153.506 Y148.721 E.01912
G1 X153.881 Y148.229 E.01843
G1 X154.128 Y147.631 E.01928
G1 X154.21 Y147 E.01894
G1 X154.126 Y146.363 E.01914
G1 X153.88 Y145.77 E.01914
G1 X153.537 Y145.321 E.01683
G1 E-1.3 F1800
G1 Z1.2 F18000
G1 X154.49 Y163.742 Z1.2
G1 Z.8
G1 E1.3 F1800
;TYPE:Inner wall
;WIDTH:0.449999
G1 F7757.448
G1 X154.52 Y163.664 E.00268
G1 X154.597 Y162.924 E.02391
G1 X154.487 Y162.207 E.02332
G1 X154.221 Y161.576 E.02202
G1 X153.817 Y161.04 E.0216
G1 X153.634 Y160.875 E.00791
G1 X153.108 Y160.496 E.02086
G1 X152.493 Y160.246 E.02135
;WIDTH:0.492465
G1 F7024.646
G1 X152.249 Y160.19 E.00888
;WIDTH:0.534931
G1 F6418.342
G1 X152.006 Y160.134 E.00972
G1 X151.751 Y160.113 E.00994
;WIDTH:0.519381
G1 F6627.814
G1 X148.204 Y160.113 E.1335
;WIDTH:0.561897
G1 F6084.846
G1 X147.579 Y160.175 E.02574
G1 X147.504 Y160.209 E.00338
;WIDTH:0.534418
G1 F6425.041
G1 X147.429 Y160.243 E.0032
;WIDTH:0.506939
G1 F6805.529
G1 X147.095 Y160.408 E.01365
;WIDTH:0.478469
G1 F7250.377
G1 X146.761 Y160.572 E.01281
;WIDTH:0.449999
G1 F7757.448
G1 X146.183 Y161.04 E.02391
G1 X145.746 Y161.642 E.02391
G1 X145.48 Y162.336 E.02391
G1 X145.403 Y162.924 E.01907
G1 X145.434 Y163.31 E.01243
G1 X145.519 Y163.81 E.01633
G1 X145.822 Y164.489 E.02391
G1 X146.29 Y165.067 E.02391
G1 X146.892 Y165.504 E.02391
G1 X147.51 Y165.754 E.02144
G1 X148.173 Y165.847 E.02154
G1 X151.751 Y165.852 E.11503
G1 X152.414 Y165.77 E.02149
G1 X152.619 Y165.706 E.00692
G1 X153.239 Y165.428 E.02185
G1 X153.817 Y164.96 E.02391
G1 X154.254 Y164.358 E.02392
G1 X154.476 Y163.779 E.01993
G1 X154.127 Y163.623 F18000
;TYPE:Outer wall
;WIDTH:0.419999
G1 F6000
G1 X154.131 Y163.613 E.00033
G1 X154.208 Y162.975 E.01912
G1 X154.118 Y162.34 E.01912
G1 X153.867 Y161.749 E.01912
G1 X153.471 Y161.244 E.01912
G1 X152.971 Y160.865 E.01869
G1 X152.418 Y160.635 E.01786
G1 X151.775 Y160.542 E.01933
G1 X148.225 Y160.542 E.10576
G1 X147.59 Y160.632 E.0191
G1 X146.999 Y160.883 E.01912
G1 X146.494 Y161.279 E.01912
G1 X146.109 Y161.792 E.01912
G1 X145.869 Y162.387 E.01912
G1 X145.79 Y163 E.0184
G1 X145.875 Y163.639 E.01921
G1 X146.12 Y164.23 E.01906
G1 X146.505 Y164.734 E.01889
G1 X147.014 Y165.127 E.01914
G1 X147.601 Y165.372 E.01896
G1 X148.225 Y165.458 E.01876
G1 X151.775 Y165.458 E.10576
G1 X152.469 Y165.344 E.02095
G1 X153.001 Y165.117 E.01721
G1 X153.506 Y164.721 E.01912
G1 X153.891 Y164.208 E.01912
G1 X154.112 Y163.66 E.01759
G1 E-1.3 F1800
G1 Z1.2 F18000
G1 X156.234 Y156.789 Z1.2
G1 Z.8
G1 E1.3 F1800
;TYPE:Inner wall
;WIDTH:0.449999
G1 F7757.448
G1 X156.265 Y156.726 E.00227
G1 X156.454 Y156.154 E.01935
G1 X156.566 Y155.563 E.01935
G1 X156.601 Y154.962 E.01935
G1 X156.557 Y154.362 E.01935
G1 X156.434 Y153.773 E.01935
G1 X156.236 Y153.204 E.01935
G1 X155.965 Y152.667 E.01935
G1 X155.642 Y152.186 E.01862
M73 P31 R14
G1 X155.226 Y151.72 E.02009
G1 X154.771 Y151.327 E.01935
G1 X154.274 Y151.011 E.01891
G1 X153.726 Y150.735 E.01975
G1 X153.154 Y150.546 E.01936
G1 X152.563 Y150.434 E.01935
;WIDTH:0.493384
G1 F7010.315
G1 X152.302 Y150.395 E.00938
;WIDTH:0.536769
G1 F6394.454
G1 X152.042 Y150.356 E.01028
G1 X151.751 Y150.363 E.01135
;WIDTH:0.519381
G1 F6627.814
G1 X148.193 Y150.363 E.13389
;WIDTH:0.561897
G1 F6084.846
G1 X147.545 Y150.342 E.02659
G1 X147.426 Y150.359 E.00492
;WIDTH:0.528332
G1 F6505.603
G1 X147.307 Y150.376 E.00461
;WIDTH:0.494766
G1 F6988.874
G1 X146.714 Y150.398 E.02118
;WIDTH:0.449999
G1 F7757.448
G1 X141.999 Y150.398 E.15161
G1 X141.437 Y150.434 E.01811
G1 X140.847 Y150.546 E.0193
G1 X140.274 Y150.735 E.01941
G1 X139.732 Y150.997 E.01935
G1 X139.229 Y151.327 E.01935
G1 X138.774 Y151.72 E.01935
G1 X138.373 Y152.169 E.01935
G1 X138.035 Y152.667 E.01935
G1 X137.764 Y153.204 E.01935
G1 X137.566 Y153.773 E.01935
G1 X137.443 Y154.362 E.01935
G1 X137.399 Y154.962 E.01935
G1 X137.434 Y155.563 E.01935
G1 X137.546 Y156.154 E.01935
G1 X137.735 Y156.726 E.01935
G1 X137.997 Y157.268 E.01935
G1 X138.327 Y157.771 E.01936
G1 X138.72 Y158.226 E.01935
G1 X139.169 Y158.627 E.01935
G1 X139.667 Y158.965 E.01935
G1 X140.204 Y159.236 E.01935
G1 X140.773 Y159.434 E.01935
G1 X141.362 Y159.557 E.01935
G1 X141.961 Y159.601 E.01933
G1 X146.714 Y159.602 E.15283
;WIDTH:0.488273
G1 F7090.773
G1 X146.978 Y159.621 E.00932
;WIDTH:0.526547
G1 F6529.617
G1 X147.243 Y159.64 E.01012
;WIDTH:0.56482
G1 F6050.766
G1 X147.507 Y159.659 E.01092
G1 X148.249 Y159.637 E.03063
;WIDTH:0.519381
G1 F6627.814
G1 X152.072 Y159.637 E.14386
G1 X152.317 Y159.602 E.00934
;WIDTH:0.48469
G1 F7148.278
G1 X152.563 Y159.566 E.00866
;WIDTH:0.449999
G1 F7757.448
G1 X153.154 Y159.454 E.01935
G1 X153.726 Y159.265 E.01935
G1 X154.276 Y158.999 E.01965
G1 X154.804 Y158.649 E.02037
G1 X155.269 Y158.239 E.01994
G1 X155.673 Y157.771 E.0199
G1 X156.003 Y157.268 E.01935
G1 X156.217 Y156.825 E.01579
G1 X155.884 Y156.622 F18000
;TYPE:Outer wall
;WIDTH:0.419999
G1 F6000
G1 X156.063 Y156.101 E.0164
G1 X156.172 Y155.562 E.0164
G1 X156.21 Y155.012 E.0164
G1 X156.175 Y154.463 E.0164
G1 X156.069 Y153.922 E.0164
G1 X155.894 Y153.4 E.0164
G1 X155.652 Y152.906 E.0164
G1 X155.347 Y152.447 E.0164
G1 X154.985 Y152.032 E.0164
G1 X154.731 Y151.807 E.01013
G1 X154.192 Y151.412 E.01991
G1 X153.626 Y151.117 E.019
G1 X153.101 Y150.937 E.01652
G1 X152.562 Y150.828 E.0164
G1 X152.013 Y150.79 E.01638
G1 X141.999 Y150.79 E.29828
G1 X141.463 Y150.825 E.01601
G1 X140.924 Y150.93 E.01635
G1 X140.4 Y151.106 E.01645
G1 X139.906 Y151.348 E.0164
G1 X139.447 Y151.653 E.0164
G1 X139.032 Y152.015 E.0164
G1 X138.668 Y152.428 E.0164
G1 X138.361 Y152.885 E.0164
G1 X138.116 Y153.378 E.0164
G1 X137.937 Y153.899 E.0164
G1 X137.828 Y154.438 E.0164
G1 X137.79 Y154.988 E.0164
G1 X137.825 Y155.537 E.0164
G1 X137.931 Y156.078 E.0164
G1 X138.106 Y156.6 E.0164
G1 X138.348 Y157.094 E.0164
G1 X138.653 Y157.553 E.0164
G1 X139.015 Y157.968 E.0164
G1 X139.428 Y158.332 E.0164
G1 X139.884 Y158.639 E.0164
G1 X140.378 Y158.884 E.0164
G1 X140.899 Y159.063 E.0164
G1 X141.438 Y159.172 E.0164
G1 X141.987 Y159.21 E.01638
G1 X152.001 Y159.21 E.29828
G1 X152.537 Y159.175 E.01601
G1 X153.078 Y159.069 E.0164
G1 X153.6 Y158.894 E.0164
G1 X154.094 Y158.652 E.0164
G1 X154.553 Y158.347 E.0164
G1 X154.968 Y157.985 E.0164
G1 X155.332 Y157.572 E.0164
G1 X155.639 Y157.116 E.0164
G1 X155.867 Y156.658 E.01521
G1 E-1.3 F1800
G1 Z1.2 F18000
G1 X150.737 Y183.252 Z1.2
G1 Z.8
G1 E1.3 F1800
;TYPE:Inner wall
;WIDTH:0.449999
G1 F7757.448
G1 X150.612 Y183.223 E.00413
G1 X149.924 Y183.153 E.02222
G1 X149.19 Y183.269 E.0239
G1 X148.511 Y183.572 E.02392
G1 X147.933 Y184.04 E.02391
G1 X147.496 Y184.642 E.02391
G1 X147.23 Y185.336 E.02391
G1 X147.148 Y185.999 E.02148
G1 X147.153 Y188.077 E.0668
G1 X147.269 Y188.81 E.02388
G1 X147.572 Y189.489 E.02391
G1 X148.04 Y190.067 E.02391
G1 X148.642 Y190.504 E.02391
G1 X149.336 Y190.77 E.0239
G1 X150.076 Y190.847 E.02391
G1 X150.81 Y190.731 E.02391
G1 X151.489 Y190.428 E.02391
G1 X152.067 Y189.96 E.02391
G1 X152.504 Y189.358 E.02391
G1 X152.77 Y188.664 E.02391
G1 X152.852 Y188.001 E.02148
G1 X152.847 Y185.923 E.0668
G1 X152.731 Y185.19 E.02388
G1 X152.428 Y184.511 E.02391
G1 X151.96 Y183.933 E.02391
G1 X151.427 Y183.531 E.02146
G1 X150.81 Y183.269 E.02156
G1 X150.776 Y183.261 E.00114
G1 X150.619 Y183.623 F18000
;TYPE:Outer wall
;WIDTH:0.419999
G1 F6000
G1 X150.008 Y183.54 E.01835
G1 X149.376 Y183.621 E.01899
G1 X148.781 Y183.864 E.01914
G1 X148.267 Y184.254 E.01923
G1 X147.874 Y184.763 E.01913
G1 X147.624 Y185.363 E.01938
G1 X147.542 Y185.975 E.01838
G1 X147.54 Y188.001 E.06035
G1 X147.632 Y188.66 E.01983
G1 X147.883 Y189.251 E.01912
G1 X148.279 Y189.756 E.01912
G1 X148.792 Y190.141 E.01912
G1 X149.387 Y190.381 E.01912
G1 X150.025 Y190.458 E.01912
G1 X150.66 Y190.368 E.01912
G1 X151.251 Y190.117 E.01912
G1 X151.756 Y189.721 E.01912
G1 X152.131 Y189.229 E.01842
G1 X152.377 Y188.635 E.01914
G1 X152.458 Y188.025 E.01834
G1 X152.46 Y185.999 E.06035
G1 X152.376 Y185.363 E.01911
G1 X152.134 Y184.777 E.01889
G1 X151.745 Y184.266 E.01913
G1 X151.241 Y183.876 E.01899
G1 X150.658 Y183.631 E.01883
G1 E-1.3 F1800
G1 Z1.2 F18000
G1 X166.215 Y193.304 Z1.2
G1 Z.8
G1 E1.3 F1800
;TYPE:Internal solid infill
;WIDTH:0.419999
G1 F8374.623
G1 X163.5 Y196.019 E.11438
G1 X162.918 Y196.067 E.01737
G1 X166.067 Y192.918 E.13263
G1 X166.067 Y192.385 E.01588
G1 X162.385 Y196.067 E.15509
G1 X161.852 Y196.067 E.01588
G1 X166.067 Y191.852 E.17755
G1 X166.067 Y191.319 E.01588
G1 X161.319 Y196.067 E.20002
G1 X160.785 Y196.067 E.01588
G1 X166.067 Y190.785 E.22248
G1 X166.067 Y190.252 E.01588
G1 X160.252 Y196.067 E.24494
G1 X159.719 Y196.067 E.01588
G1 X166.067 Y189.719 E.26741
G1 X166.067 Y189.186 E.01588
G1 X159.186 Y196.067 E.28987
G1 X158.652 Y196.067 E.01588
G1 X166.067 Y188.652 E.31234
G1 X166.067 Y188.119 E.01588
G1 X158.119 Y196.067 E.3348
G1 X157.586 Y196.067 E.01588
G1 X166.067 Y187.586 E.35726
G1 X166.067 Y187.053 E.01588
G1 X157.053 Y196.067 E.37973
G1 X156.519 Y196.067 E.01588
G1 X166.067 Y186.519 E.40219
G1 X166.067 Y185.986 E.01588
G1 X155.986 Y196.067 E.42465
G1 X155.453 Y196.067 E.01588
G1 X166.067 Y185.453 E.44712
G1 X166.067 Y184.919 E.01588
G1 X154.919 Y196.067 E.46958
G1 X154.386 Y196.067 E.01588
G1 X166.067 Y184.386 E.49205
G1 X166.067 Y183.853 E.01588
G1 X153.853 Y196.067 E.51451
G1 X153.32 Y196.067 E.01588
G1 X166.067 Y183.32 E.53697
G1 X166.067 Y182.786 E.01588
G1 X152.786 Y196.067 E.55944
G1 X152.253 Y196.067 E.01588
G1 X166.067 Y182.253 E.5819
G1 X166.067 Y181.72 E.01588
G1 X151.72 Y196.067 E.60436
G1 X151.187 Y196.067 E.01588
G1 X166.067 Y181.187 E.62683
G1 X166.067 Y180.653 E.01588
G1 X150.653 Y196.067 E.64929
G1 X150.12 Y196.067 E.01588
G1 X166.067 Y180.12 E.67176
G1 X166.067 Y179.587 E.01588
G1 X149.587 Y196.067 E.69422
G1 X149.053 Y196.067 E.01588
G1 X166.067 Y179.053 E.71668
G1 X166.067 Y178.52 E.01588
G1 X148.52 Y196.067 E.73915
G1 X147.987 Y196.067 E.01588
G1 X166.067 Y177.987 E.76161
G1 X166.067 Y177.454 E.01588
G1 X147.454 Y196.067 E.78407
G1 X146.92 Y196.067 E.01588
G1 X166.067 Y176.92 E.80654
G1 X166.067 Y176.387 E.01588
G1 X146.387 Y196.067 E.829
G1 X145.854 Y196.067 E.01588
G1 X150.862 Y191.059 E.21096
G1 X150.749 Y191.092 E.00349
G1 X150.232 Y191.155 E.01552
G1 X145.321 Y196.067 E.20689
G1 X144.787 Y196.067 E.01588
G1 X149.706 Y191.148 E.2072
G1 X149.237 Y191.084 E.0141
G1 X144.254 Y196.067 E.2099
G1 X143.721 Y196.067 E.01588
G1 X148.843 Y190.945 E.21576
G1 X148.47 Y190.784 E.01209
G1 X143.187 Y196.067 E.22252
G1 X142.654 Y196.067 E.01588
G1 X148.152 Y190.569 E.23158
G1 X147.85 Y190.338 E.01133
G1 X142.121 Y196.067 E.24133
G1 X141.588 Y196.067 E.01588
G1 X147.594 Y190.061 E.253
G1 X147.362 Y189.759 E.01133
G1 X141.054 Y196.067 E.26571
G1 X140.521 Y196.067 E.01588
G1 X147.166 Y189.422 E.27989
G1 X147.013 Y189.042 E.01221
G1 X139.988 Y196.067 E.29592
G1 X139.455 Y196.067 E.01588
G1 X146.897 Y188.624 E.31352
G1 X146.836 Y188.153 E.01417
G1 X138.921 Y196.067 E.33339
G1 X138.388 Y196.067 E.01588
G1 X146.818 Y187.637 E.35511
G1 X146.82 Y187.102 E.01594
G1 X137.855 Y196.067 E.37765
G1 X137.322 Y196.067 E.01588
G1 X146.821 Y186.567 E.40018
G1 X146.823 Y186.032 E.01594
G1 X136.803 Y196.052 E.42209
G1 X136.6 Y196.039 E.00606
G1 X136.336 Y195.986 E.00802
G1 X147.088 Y185.234 E.45292
G1 E-1.3 F1800
G1 Z1.2 F18000
G1 X152.747 Y189.173 Z1.2
G1 Z.8
G1 E1.3 F1800
G1 F8374.623
G1 X166.067 Y175.854 E.56108
G1 X166.067 Y175.321 E.01588
G1 X153.16 Y188.227 E.54369
G1 X153.176 Y188.112 E.00346
G1 X153.178 Y187.676 E.01298
G1 X166.067 Y174.787 E.54295
G1 X166.067 Y174.254 E.01588
G1 X153.179 Y187.141 E.54288
G1 X153.181 Y186.607 E.01594
G1 X166.067 Y173.721 E.54281
G1 X166.067 Y173.187 E.01588
G1 X153.183 Y186.072 E.54273
G1 X153.13 Y185.591 E.0144
G1 X166.067 Y172.654 E.54495
G1 X166.067 Y172.121 E.01588
G1 X153.057 Y185.13 E.54802
G1 X152.904 Y184.75 E.01221
G1 X166.067 Y171.588 E.55447
G1 X166.067 Y171.054 E.01588
G1 X152.736 Y184.386 E.56157
G1 X152.508 Y184.08 E.01135
G1 X166.067 Y170.521 E.57115
G1 X166.067 Y169.988 E.01588
G1 X152.272 Y183.783 E.5811
G1 X152.224 Y183.722 E.0023
G1 X151.983 Y183.539 E.00903
G1 X166.067 Y169.455 E.59329
G1 X166.067 Y168.921 E.01588
M73 P32 R14
G1 X151.68 Y183.309 E.60606
G1 X151.594 Y183.244 E.0032
G1 X151.326 Y183.129 E.00869
G1 X166.067 Y168.388 E.62097
G1 X166.067 Y167.855 E.01588
G1 X150.952 Y182.97 E.63672
G1 X150.73 Y182.905 E.00689
G1 X150.509 Y182.88 E.00662
G1 X166.067 Y167.322 E.65537
G1 X166.067 Y166.788 E.01588
G1 X150.031 Y182.824 E.67551
G1 X149.964 Y182.817 E.00199
G1 X149.433 Y182.889 E.01598
G1 X166.067 Y166.255 E.70069
G1 X166.067 Y165.722 E.01588
G1 X148.643 Y183.145 E.73395
G1 X148.406 Y183.243 E.00764
G1 X147.776 Y183.722 E.02359
G1 X147.262 Y184.376 E.02478
G1 X147.151 Y184.637 E.00844
G1 X135.924 Y195.865 E.47294
G1 X135.557 Y195.698 E.012
G1 X166.067 Y165.188 E1.28522
G1 X166.067 Y164.655 E.01588
G1 X135.228 Y195.494 E1.29908
G1 X134.933 Y195.255 E.01129
G1 X166.067 Y164.122 E1.31148
G1 X166.067 Y163.589 E.01588
G1 X134.672 Y194.984 E1.3225
G1 X134.568 Y194.866 E.00467
G1 X134.444 Y194.679 E.0067
G1 X166.067 Y163.055 E1.33212
G1 X166.067 Y162.522 E.01588
G1 X134.25 Y194.339 E1.34026
G1 X134.168 Y194.173 E.00551
G1 X134.096 Y193.96 E.00671
G1 X166.067 Y161.989 E1.34676
G1 X166.067 Y161.456 E.01588
G1 X133.988 Y193.534 E1.35131
G1 X133.961 Y193.4 E.00408
G1 X133.938 Y193.051 E.01043
G1 X166.067 Y160.922 E1.3534
G1 X166.067 Y160.389 E.01588
M73 P32 R13
G1 X133.933 Y192.523 E1.35362
G1 X133.933 Y191.99 E.01588
G1 X166.067 Y159.856 E1.35362
G1 X166.067 Y159.322 E.01588
G1 X133.933 Y191.456 E1.35362
G1 X133.933 Y190.923 E.01588
G1 X166.067 Y158.789 E1.35362
G1 X166.067 Y158.256 E.01588
G1 X133.933 Y190.39 E1.35362
G1 X133.933 Y189.856 E.01588
G1 X166.067 Y157.723 E1.35362
G1 X166.067 Y157.189 E.01588
G1 X133.933 Y189.323 E1.35362
G1 X133.933 Y188.79 E.01588
G1 X166.067 Y156.656 E1.35362
G1 X166.067 Y156.123 E.01588
G1 X133.933 Y188.257 E1.35362
G1 X133.933 Y187.723 E.01588
G1 X166.067 Y155.59 E1.35362
G1 X166.067 Y155.056 E.01588
G1 X133.933 Y187.19 E1.35362
G1 X133.933 Y186.657 E.01588
G1 X166.067 Y154.523 E1.35362
G1 X166.067 Y153.99 E.01588
G1 X133.933 Y186.124 E1.35362
G1 X133.933 Y185.59 E.01588
G1 X166.067 Y153.457 E1.35362
G1 X166.067 Y152.923 E.01588
G1 X154.596 Y164.394 E.48321
G1 X154.445 Y164.684 E.00973
G1 X154.024 Y165.228 E.0205
G1 X153.435 Y165.695 E.02239
G1 X153.146 Y165.844 E.00969
G1 X133.933 Y185.057 E.80933
G1 X133.933 Y184.524 E.01588
G1 X152.347 Y166.11 E.77568
G1 X151.741 Y166.183 E.01819
G1 X133.933 Y183.99 E.75014
G1 X133.933 Y183.457 E.01588
G1 X151.208 Y166.183 E.72769
G1 X150.675 Y166.182 E.01588
G1 X133.933 Y182.924 E.70523
G1 X133.933 Y182.391 E.01588
G1 X150.142 Y166.182 E.68278
G1 X149.609 Y166.182 E.01588
G1 X133.933 Y181.857 E.66032
G1 X133.933 Y181.324 E.01588
G1 X149.076 Y166.182 E.63787
G1 X148.543 Y166.181 E.01588
G1 X133.933 Y180.791 E.61542
G1 X133.933 Y180.258 E.01588
G1 X148.031 Y166.16 E.59387
G1 X147.563 Y166.094 E.01408
G1 X133.933 Y179.724 E.57416
G1 X133.933 Y179.191 E.01588
M73 P33 R13
G1 X147.16 Y165.964 E.55718
G1 X146.785 Y165.806 E.01213
G1 X133.933 Y178.658 E.54137
G1 X133.933 Y178.125 E.01588
G1 X146.454 Y165.603 E.52746
G1 X146.156 Y165.369 E.01131
G1 X133.933 Y177.591 E.51486
G1 X133.933 Y177.058 E.01588
G1 X145.883 Y165.108 E.50338
G1 X145.65 Y164.808 E.01132
G1 X133.933 Y176.525 E.49358
G1 X133.933 Y175.991 E.01588
G1 X145.44 Y164.484 E.48474
G1 X145.287 Y164.105 E.0122
G1 X133.933 Y175.458 E.47826
G1 X133.933 Y174.925 E.01588
G1 X145.158 Y163.7 E.47285
G1 X145.091 Y163.234 E.01403
G1 X133.933 Y174.392 E.47003
G1 X133.933 Y173.858 E.01588
G1 X145.1 Y162.692 E.47038
G1 X145.153 Y162.285 E.01223
G1 X145.227 Y162.031 E.00786
G1 X133.933 Y173.325 E.47574
G1 X133.933 Y172.792 E.01588
G1 X146.784 Y159.94 E.54136
G1 X146.259 Y159.933 E.01566
G1 X133.933 Y172.259 E.51921
G1 X133.933 Y171.725 E.01588
G1 X145.726 Y159.933 E.49675
G1 X145.193 Y159.933 E.01588
G1 X133.933 Y171.192 E.4743
G1 X133.933 Y170.659 E.01588
G1 X144.659 Y159.932 E.45184
G1 X144.126 Y159.932 E.01588
G1 X133.933 Y170.125 E.42939
G1 X133.933 Y169.592 E.01588
G1 X143.593 Y159.932 E.40693
G1 X143.06 Y159.932 E.01588
G1 X133.933 Y169.059 E.38448
G1 X133.933 Y168.526 E.01588
G1 X142.527 Y159.932 E.36202
G1 X141.994 Y159.931 E.01588
G1 X133.933 Y167.992 E.33956
G1 X133.933 Y167.459 E.01588
G1 X141.492 Y159.9 E.31841
G1 X141.353 Y159.891 E.00416
G1 X141.031 Y159.828 E.00975
G1 X133.933 Y166.926 E.29901
G1 X133.933 Y166.393 E.01588
G1 X140.604 Y159.722 E.28101
G1 X140.202 Y159.59 E.01259
G1 X133.933 Y165.859 E.26409
G1 X133.933 Y165.326 E.01588
G1 X139.838 Y159.421 E.24874
G1 X139.488 Y159.238 E.01176
G1 X133.933 Y164.793 E.23401
G1 X133.933 Y164.259 E.01588
G1 X139.166 Y159.027 E.22042
G1 X138.865 Y158.795 E.01132
G1 X133.933 Y163.726 E.20774
G1 X133.933 Y163.193 E.01588
G1 X138.578 Y158.548 E.19565
G1 X138.322 Y158.27 E.01124
G1 X133.933 Y162.66 E.1849
G1 X133.933 Y162.126 E.01588
G1 X138.077 Y157.982 E.17457
G1 X137.861 Y157.666 E.01143
G1 X133.933 Y161.593 E.16545
G1 X133.933 Y161.06 E.01588
G1 X137.663 Y157.33 E.15713
G1 X137.484 Y156.976 E.01182
G1 X133.933 Y160.527 E.14958
G1 X133.933 Y159.993 E.01588
G1 X137.341 Y156.586 E.14355
G1 X137.25 Y156.327 E.00816
G1 X137.218 Y156.175 E.00463
G1 X133.933 Y159.46 E.13837
G1 X133.933 Y158.927 E.01588
G1 X137.125 Y155.734 E.13447
G1 X137.084 Y155.242 E.01471
G1 X133.933 Y158.394 E.13274
G1 X133.933 Y157.86 E.01588
G1 X137.088 Y154.705 E.1329
G1 X137.117 Y154.304 E.01198
G1 X137.16 Y154.1 E.00622
G1 X133.933 Y157.327 E.13594
G1 X133.933 Y156.794 E.01588
G1 X137.654 Y153.072 E.15676
G1 E-1.3 F1800
G1 Z1.2 F18000
G1 X143.157 Y150.237 Z1.2
G1 Z.8
G1 E1.3 F1800
G1 F8374.623
G1 X145.285 Y148.108 E.08965
G1 X145.21 Y147.929 E.00578
G1 X145.152 Y147.708 E.00682
G1 X142.793 Y150.067 E.09938
G1 X142.26 Y150.067 E.01588
G1 X145.09 Y147.236 E.11923
G1 X145.074 Y146.889 E.01038
G1 X145.102 Y146.691 E.00593
G1 X141.527 Y150.266 E.15058
G1 E-1.3 F1800
G1 Z1.2 F18000
G1 X154.649 Y163.807 Z1.2
G1 Z.8
G1 E1.3 F1800
G1 F8374.623
G1 X166.067 Y152.39 E.48095
G1 X166.067 Y151.857 E.01588
G1 X154.926 Y162.997 E.46929
G1 X154.875 Y162.515 E.01444
G1 X166.067 Y151.323 E.47145
G1 X166.067 Y150.79 E.01588
G1 X154.782 Y162.075 E.47538
G1 X154.63 Y161.694 E.01223
G1 X166.067 Y150.257 E.48177
G1 X166.067 Y149.724 E.01588
G1 X154.457 Y161.334 E.48906
G1 X154.226 Y161.031 E.01133
G1 X166.067 Y149.19 E.49879
G1 X166.067 Y148.657 E.01588
G1 X153.984 Y160.74 E.50901
G1 X153.686 Y160.504 E.01131
G1 X166.067 Y148.124 E.52152
G1 X166.067 Y147.591 E.01588
G1 X156.353 Y157.305 E.4092
G1 X156.297 Y157.421 E.00384
G1 X155.881 Y158.043 E.02229
G1 X155.491 Y158.486 E.0176
G1 X155.043 Y158.881 E.01778
G1 X154.433 Y159.291 E.0219
G1 X154.302 Y159.356 E.00434
G1 X153.258 Y160.399 E.04395
G1 X156.453 Y156.671 F18000
G1 F8374.623
G1 X166.067 Y147.057 E.405
G1 X166.067 Y146.524 E.01588
G1 X156.879 Y155.712 E.38703
G1 X156.926 Y155.132 E.01733
G1 X166.067 Y145.991 E.38506
G1 X166.067 Y145.457 E.01588
G1 X156.904 Y154.621 E.386
G1 X156.883 Y154.305 E.00942
G1 X156.85 Y154.141 E.005
G1 X166.067 Y144.924 E.38825
G1 X166.067 Y144.391 E.01588
G1 X156.754 Y153.704 E.3923
G1 X156.623 Y153.302 E.01259
G1 X166.067 Y143.858 E.39784
G1 X166.067 Y143.324 E.01588
G1 X156.464 Y152.927 E.40451
G1 X156.29 Y152.568 E.01189
G1 X166.067 Y142.791 E.41186
G1 X166.067 Y142.258 E.01588
G1 X156.078 Y152.246 E.42076
G1 X155.858 Y151.934 E.0114
G1 X166.067 Y141.725 E.43006
G1 X166.067 Y141.191 E.01588
G1 X155.607 Y151.652 E.44064
G1 X155.342 Y151.383 E.01123
G1 X166.067 Y140.658 E.45178
G1 X166.067 Y140.125 E.01588
G1 X155.055 Y151.137 E.46387
G1 X154.744 Y150.914 E.01138
G1 X166.067 Y139.591 E.47695
G1 X166.067 Y139.058 E.01588
G1 X154.414 Y150.711 E.49087
G1 X154.063 Y150.529 E.01179
G1 X166.067 Y138.525 E.50567
G1 X166.067 Y137.992 E.01588
G1 X153.682 Y150.377 E.52173
G1 X153.286 Y150.239 E.01247
G1 X166.067 Y137.458 E.53837
G1 X166.067 Y136.925 E.01588
G1 X154.784 Y148.208 E.47529
G1 X154.706 Y148.13 E.00328
G1 X154.799 Y147.905 E.00725
G1 X154.861 Y147.598 E.00934
G1 X166.067 Y136.392 E.47205
G1 X166.067 Y135.859 E.01588
G1 X154.933 Y146.992 E.469
G1 X154.871 Y146.521 E.01416
G1 X166.067 Y135.325 E.47162
G1 X166.067 Y134.792 E.01588
G1 X154.784 Y146.075 E.47529
G1 X154.628 Y145.698 E.01216
G1 X166.067 Y134.259 E.48187
G1 X166.067 Y133.726 E.01588
G1 X154.455 Y145.338 E.48915
G1 X154.226 Y145.033 E.01134
G1 X166.067 Y133.192 E.4988
G1 X166.067 Y132.659 E.01588
G1 X153.984 Y144.742 E.50899
G1 X153.69 Y144.503 E.01129
G1 X166.067 Y132.126 E.52137
G1 X166.067 Y131.592 E.01588
G1 X153.387 Y144.272 E.53414
M73 P34 R13
G1 X153.019 Y144.107 E.01202
G1 X166.067 Y131.059 E.54965
G1 X166.067 Y130.526 E.01588
G1 X152.643 Y143.95 E.56549
G1 X152.495 Y143.908 E.00458
G1 X152.19 Y143.87 E.00916
G1 X166.067 Y129.993 E.58457
G1 X166.067 Y129.459 E.01588
G1 X151.709 Y143.817 E.60481
G1 X151.176 Y143.817 E.01588
G1 X166.067 Y128.926 E.62727
G1 X166.067 Y128.393 E.01588
G1 X150.643 Y143.817 E.64973
G1 X150.11 Y143.817 E.01588
G1 X166.067 Y127.86 E.6722
G1 X166.067 Y127.326 E.01588
G1 X149.576 Y143.817 E.69466
G1 X149.043 Y143.817 E.01588
G1 X166.067 Y126.793 E.71712
G1 X166.067 Y126.26 E.01588
G1 X148.51 Y143.817 E.73959
G1 X148.241 Y143.817 E.00799
G1 X147.939 Y143.854 E.00907
G1 X166.067 Y125.726 E.76362
G1 X166.067 Y125.193 E.01588
G1 X147.284 Y143.976 E.79124
G1 X146.631 Y144.259 E.02119
G1 X146.026 Y144.722 E.0227
G1 X145.555 Y145.315 E.02255
G1 X145.444 Y145.508 E.00664
G1 X145.233 Y146.027 E.01667
G1 X141.094 Y150.166 E.17437
G1 X140.673 Y150.25 E.01278
G1 X140.371 Y150.356 E.00955
G1 X166.067 Y124.66 E1.08244
G1 X166.067 Y124.127 E.01588
G1 X133.933 Y156.26 E1.35362
G1 X133.933 Y155.727 E.01588
G1 X166.067 Y123.593 E1.35362
G1 X166.067 Y123.06 E.01588
G1 X133.933 Y155.194 E1.35362
G1 X133.933 Y154.661 E.01588
G1 X166.067 Y122.527 E1.35362
G1 X166.067 Y121.994 E.01588
G1 X133.933 Y154.127 E1.35362
G1 X133.933 Y153.594 E.01588
G1 X166.067 Y121.46 E1.35362
G1 X166.067 Y120.927 E.01588
G1 X133.933 Y153.061 E1.35362
G1 X133.933 Y152.528 E.01588
G1 X166.067 Y120.394 E1.35362
G1 X166.067 Y119.86 E.01588
G1 X133.933 Y151.994 E1.35362
G1 X133.933 Y151.461 E.01588
G1 X166.067 Y119.327 E1.35362
G1 X166.067 Y118.794 E.01588
G1 X133.933 Y150.928 E1.35362
G1 X133.933 Y150.394 E.01588
G1 X166.067 Y118.261 E1.35362
G1 X166.067 Y117.727 E.01588
G1 X133.933 Y149.861 E1.35362
G1 X133.933 Y149.328 E.01588
G1 X166.067 Y117.194 E1.35362
G1 X166.044 Y116.684 E.01522
G1 X133.933 Y148.795 E1.35266
G1 X133.933 Y148.261 E.01588
G1 X165.965 Y116.23 E1.34933
G1 X165.96 Y116.207 E.00069
G1 X165.832 Y115.829 E.01188
G1 X133.933 Y147.728 E1.34374
G1 X133.933 Y147.195 E.01588
G1 X165.656 Y115.472 E1.33632
G1 X165.443 Y115.152 E.01146
G1 X133.933 Y146.662 E1.32734
G1 X133.933 Y146.128 E.01588
G1 X165.196 Y114.866 E1.31693
G1 X164.916 Y114.612 E.01125
G1 X133.933 Y145.595 E1.30513
G1 X133.933 Y145.062 E.01588
G1 X164.602 Y114.392 E1.29193
G1 X164.253 Y114.208 E.01175
G1 X133.933 Y144.529 E1.27723
G1 X133.933 Y143.995 E.01588
G1 X150.874 Y127.055 E.71362
G1 X150.82 Y127.077 E.00174
G1 X150.243 Y127.152 E.01734
G1 X133.933 Y143.462 E.68703
G1 X133.933 Y142.929 E.01588
G1 X149.715 Y127.147 E.6648
G1 X149.243 Y127.085 E.01416
G1 X133.933 Y142.395 E.64494
G1 X133.933 Y141.862 E.01588
G1 X148.851 Y126.944 E.62841
G1 X148.475 Y126.787 E.01214
M73 P35 R13
G1 X133.933 Y141.329 E.61256
G1 X133.933 Y140.796 E.01588
G1 X148.158 Y126.571 E.59922
G1 X147.861 Y126.335 E.01131
G1 X133.933 Y140.262 E.58669
G1 X133.933 Y139.729 E.01588
G1 X147.599 Y126.063 E.57568
G1 X147.367 Y125.761 E.01133
G1 X133.933 Y139.196 E.56592
G1 X133.933 Y138.663 E.01588
G1 X147.174 Y125.422 E.55777
G1 X147.013 Y125.05 E.01208
G1 X133.933 Y138.129 E.55097
G1 X133.933 Y137.596 E.01588
G1 X146.894 Y124.635 E.54598
G1 X146.836 Y124.16 E.01425
G1 X133.933 Y137.063 E.54351
G1 X133.933 Y136.529 E.01588
G1 X146.818 Y123.645 E.54277
G1 X146.82 Y123.11 E.01594
G1 X133.933 Y135.996 E.54284
G1 X133.933 Y135.463 E.01588
G1 X146.821 Y122.575 E.54292
G1 X146.823 Y122.04 E.01594
G1 X133.933 Y134.93 E.54299
G1 X133.933 Y134.396 E.01588
G1 X147.086 Y121.244 E.55404
G1 E-1.3 F1800
G1 Z1.2 F18000
G1 X152.737 Y125.192 Z1.2
G1 Z.8
G1 E1.3 F1800
G1 F8374.623
G1 X163.865 Y114.064 E.46876
G1 X163.421 Y113.974 E.01349
G1 X153.159 Y124.236 E.43228
G1 X153.176 Y124.112 E.00373
G1 X153.178 Y123.684 E.01276
G1 X162.929 Y113.933 E.41076
G1 X162.395 Y113.933 E.01588
G1 X153.179 Y123.149 E.38822
G1 X153.181 Y122.614 E.01594
G1 X161.862 Y113.933 E.36568
G1 X161.329 Y113.933 E.01588
G1 X153.183 Y122.079 E.34315
G1 X153.132 Y121.597 E.01444
G1 X160.796 Y113.933 E.32285
G1 X160.262 Y113.933 E.01588
G1 X153.059 Y121.136 E.30344
G1 X152.906 Y120.756 E.01221
G1 X159.729 Y113.933 E.28741
G1 X159.196 Y113.933 E.01588
G1 X152.739 Y120.39 E.27201
G1 X152.515 Y120.081 E.01138
G1 X158.663 Y113.933 E.25896
G1 X158.129 Y113.933 E.01588
G1 X152.277 Y119.785 E.24651
G1 X151.99 Y119.539 E.01127
G1 X157.596 Y113.933 E.23615
G1 X157.063 Y113.933 E.01588
G1 X151.688 Y119.308 E.2264
G1 X151.492 Y119.194 E.00675
G1 X151.334 Y119.128 E.00509
G1 X156.529 Y113.933 E.21884
G1 X155.996 Y113.933 E.01588
G1 X150.957 Y118.972 E.21227
G1 X150.715 Y118.903 E.00749
G1 X150.519 Y118.877 E.0059
G1 X155.463 Y113.933 E.20827
G1 X154.93 Y113.933 E.01588
G1 X150.039 Y118.824 E.20601
G1 X149.889 Y118.824 E.00447
G1 X149.447 Y118.882 E.01328
G1 X154.396 Y113.933 E.20848
G1 X153.863 Y113.933 E.01588
G1 X148.669 Y119.127 E.21878
G1 X148.508 Y119.194 E.00521
G1 X148.316 Y119.304 E.0066
G1 X147.832 Y119.676 E.01816
G1 X147.675 Y119.833 E.00661
G1 X147.24 Y120.412 E.02158
G1 X147.139 Y120.657 E.0079
G1 X133.933 Y133.863 E.55629
G1 X133.933 Y133.33 E.01588
G1 X153.33 Y113.933 E.81708
G1 X152.797 Y113.933 E.01588
G1 X133.933 Y132.797 E.79461
G1 X133.933 Y132.263 E.01588
G1 X152.263 Y113.933 E.77215
G1 X151.73 Y113.933 E.01588
G1 X133.933 Y131.73 E.74969
G1 X133.933 Y131.197 E.01588
G1 X151.197 Y113.933 E.72722
G1 X150.663 Y113.933 E.01588
G1 X133.933 Y130.663 E.70476
G1 X133.933 Y130.13 E.01588
G1 X150.13 Y113.933 E.6823
G1 X149.597 Y113.933 E.01588
G1 X133.933 Y129.597 E.65983
G1 X133.933 Y129.064 E.01588
G1 X149.064 Y113.933 E.63737
G1 X148.53 Y113.933 E.01588
G1 X133.933 Y128.53 E.6149
G1 X133.933 Y127.997 E.01588
G1 X147.997 Y113.933 E.59244
G1 X147.464 Y113.933 E.01588
G1 X133.933 Y127.464 E.56998
G1 X133.933 Y126.931 E.01588
G1 X146.931 Y113.933 E.54751
G1 X146.397 Y113.933 E.01588
G1 X133.933 Y126.397 E.52505
G1 X133.933 Y125.864 E.01588
G1 X145.864 Y113.933 E.50259
G1 X145.331 Y113.933 E.01588
G1 X133.933 Y125.331 E.48012
G1 X133.933 Y124.798 E.01588
G1 X144.798 Y113.933 E.45766
G1 X144.264 Y113.933 E.01588
G1 X133.933 Y124.264 E.43519
G1 X133.933 Y123.731 E.01588
G1 X143.731 Y113.933 E.41273
G1 X143.198 Y113.933 E.01588
G1 X133.933 Y123.198 E.39027
G1 X133.933 Y122.664 E.01588
G1 X142.664 Y113.933 E.3678
G1 X142.131 Y113.933 E.01588
G1 X133.933 Y122.131 E.34534
G1 X133.933 Y121.598 E.01588
G1 X141.598 Y113.933 E.32288
G1 X141.065 Y113.933 E.01588
G1 X133.933 Y121.065 E.30041
G1 X133.933 Y120.531 E.01588
G1 X140.531 Y113.933 E.27795
G1 X139.998 Y113.933 E.01588
G1 X133.933 Y119.998 E.25548
G1 X133.933 Y119.465 E.01588
G1 X139.465 Y113.933 E.23302
G1 X138.932 Y113.933 E.01588
G1 X133.933 Y118.932 E.21056
G1 X133.933 Y118.398 E.01588
G1 X138.398 Y113.933 E.18809
G1 X137.865 Y113.933 E.01588
G1 X133.933 Y117.865 E.16563
G1 X133.933 Y117.332 E.01588
G1 X137.332 Y113.933 E.14317
G1 X136.782 Y113.949 E.01638
G1 X133.949 Y116.782 E.11933
G1 X133.961 Y116.6 E.00544
G1 X134.064 Y116.134 E.01421
G1 X136.363 Y113.835 E.09683
G1 X149.261 Y118.932 F18000
;TYPE:Gap infill
;WIDTH:0.141513
G1 F1800
G1 X148.964 Y119.118 E.00273
G1 X149.308 Y119.027 F18000
;WIDTH:0.0901545
G1 F1800
G1 X149.125 Y118.938 E.00076
G1 E-1.3
G1 Z1.2 F18000
G1 X152.821 Y125.276 Z1.2
G1 Z.8
G1 E1.3 F1800
;WIDTH:0.140504
G1 X152.748 Y125.386 E.00101
;WIDTH:0.123059
G1 X152.674 Y125.495 E.00083
G1 X156.539 Y156.758 F18000
;WIDTH:0.149447
G1 F1800
G1 X156.504 Y156.813 E.00055
;WIDTH:0.131646
G1 X156.448 Y156.893 E.00068
;WIDTH:0.117154
G1 X156.392 Y156.972 E.00057
G1 E-1.3
G1 Z1.2 F18000
G1 X153.304 Y149.955 Z1.2
G1 Z.8
G1 E1.3 F1800
;WIDTH:0.214284
G1 X152.547 Y150.205 E.0108
G1 X154.662 Y148.353 F18000
;WIDTH:0.326152
G1 F1800
G1 X154.563 Y148.501 E.00397
;WIDTH:0.293
G1 X154.459 Y148.64 E.00343
;WIDTH:0.247324
G1 X154.246 Y148.883 E.00521
;WIDTH:0.195158
G1 X153.875 Y149.285 E.00658
;WIDTH:0.201111
G1 X153.689 Y149.445 E.00307
;WIDTH:0.237656
G1 X153.502 Y149.606 E.00378
;WIDTH:0.276686
G1 X153.292 Y149.785 E.00511
;WIDTH:0.320604
G1 X153.206 Y149.842 E.00226
;WIDTH:0.360351
G1 X153.121 Y149.899 E.00258
;WIDTH:0.413966
G1 X153.035 Y149.957 E.00301
G1 X152.907 Y150.092 E.00549
;WIDTH:0.406687
G1 X152.945 Y150.15 E.00199
;WIDTH:0.360453
G1 X152.984 Y150.207 E.00173
;WIDTH:0.314219
G1 X153.023 Y150.264 E.00148
;WIDTH:0.291102
G1 X153.062 Y150.321 E.00136
G1 X140.195 Y150.43 F18000
;WIDTH:0.224788
G1 F1800
G1 X140.076 Y150.505 E.00201
;WIDTH:0.192929
G1 X139.966 Y150.584 E.00161
;WIDTH:0.151026
G1 X139.855 Y150.663 E.00116
;WIDTH:0.130074
G1 X139.744 Y150.743 E.00094
G1 X137.746 Y152.741 F18000
;WIDTH:0.106673
G1 F1800
G1 X137.658 Y152.865 E.00076
;WIDTH:0.125176
G1 X137.571 Y152.988 E.00098
G1 X137.377 Y153.641 F18000
;WIDTH:0.103532
G1 F1800
G1 X137.215 Y153.915 E.00152
G1 X137.198 Y154.862 F18000
;WIDTH:0.152786
G1 F1800
G1 X137.138 Y155.001 E.00131
G1 X137.198 Y155.084 E.00089
G1 E-1.3
G1 Z1.2 F18000
G1 X145.645 Y161.374 Z1.2
G1 Z.8
G1 E1.3 F1800
;WIDTH:0.112644
G1 X145.518 Y161.541 E.00116
;WIDTH:0.137121
G1 X145.296 Y161.85 E.00284
G1 E-1.3
G1 Z1.2 F18000
G1 X153.946 Y159.445 Z1.2
G1 Z.8
G1 E1.3 F1800
;WIDTH:0.40474
G1 X153.308 Y159.817 E.02112
G1 X152.923 Y160.201 E.01553
G1 E-1.3
G1 Z1.2 F18000
G1 X147.143 Y184.938 Z1.2
G1 Z.8
M73 P36 R13
G1 E1.3 F1800
;WIDTH:0.104797
G1 X147.072 Y185.043 E.00062
;WIDTH:0.121425
G1 X147.002 Y185.148 E.00078
G1 E-1.3
G1 Z1.2 F18000
G1 X150.032 Y191.067 Z1.2
G1 Z.8
G1 E1.3 F1800
;WIDTH:0.0930735
G1 X149.897 Y191.125 E.00058
G1 E-1.3
G1 Z1.2 F18000
G1 X135.866 Y114.033 Z1.2
G1 Z.8
G1 E1.3 F1800
;WIDTH:0.141018
G1 X135.729 Y114.131 E.0013
;WIDTH:0.18596
G1 X135.593 Y114.229 E.0019
;WIDTH:0.230902
G1 X135.456 Y114.326 E.00249
;WIDTH:0.273124
G1 X135.301 Y114.454 E.00367
;WIDTH:0.312625
G1 X135.145 Y114.582 E.00429
;WIDTH:0.345399
G1 X134.854 Y114.854 E.00951
G1 X134.582 Y115.145 E.00951
;WIDTH:0.312625
G1 X134.454 Y115.301 E.00429
;WIDTH:0.273124
G1 X134.326 Y115.456 E.00367
;WIDTH:0.230901
G1 X134.229 Y115.593 E.00249
;WIDTH:0.185959
G1 X134.131 Y115.729 E.0019
;WIDTH:0.163488
G1 X134.033 Y115.866 E.0016
G1 E-1.3
G1 Z1.2 F18000
G1 X146.986 Y149.985 Z1.2
G1 Z.8
G1 E1.3 F1800
;TYPE:Internal solid infill
;WIDTH:0.419999
G1 F8374.624
G1 X146.517 Y149.735 E.01582
G1 X145.872 Y149.198 E.02499
G1 X145.49 Y148.692 E.0189
G1 X145.325 Y148.335 E.01171
G1 X143.654 Y150.006 E.07037
G1 X146.71 Y150.006 E.09103
G1 X146.946 Y149.988 E.00705
G1 X145.692 Y149.592 F18000
;WIDTH:0.493218
G1 F7012.9
G1 X145.219 Y149.026 E.02624
G1 X144.653 Y149.592 E.02847
G1 X145.652 Y149.592 E.03554
G1 X152.696 Y150.034 F18000
;WIDTH:0.389894
G1 F9101.244
G1 X152.631 Y150.072 E.00206
G1 X152.698 Y150.107 E.00206
G1 X154.661 Y148.171 F18000
;WIDTH:0.38292
G1 F9287.925
G1 X154.597 Y148.208 E.00198
G1 X154.662 Y148.243 E.00198
G1 E-1.3 F1800
G1 Z1.2 F18000
G1 X152.891 Y159.89 Z1.2
G1 Z.8
G1 E1.3 F1800
;WIDTH:0.49433
G1 F6995.624
G1 X152.834 Y159.89 E.00201
G1 X152.806 Y159.939 E.00201
G1 X152.834 Y159.988 E.00201
G1 X152.891 Y159.988 E.00201
G1 X152.899 Y159.973 E.00059
G1 E-1.3 F1800
G1 Z1.2 F18000
G1 X145.577 Y161.31 Z1.2
G1 Z.8
G1 E1.3 F1800
;WIDTH:0.38292
G1 F9287.925
G1 X146.12 Y160.712 E.02171
G1 X146.581 Y160.308 E.01645
G1 X146.927 Y160.045 E.01167
G1 E-1.3 F1800
G1 Z1.2 F18000
G1 X165.89 Y193.869 Z1.2
G1 Z.8
G1 E1.3 F1800
;WIDTH:0.382603
G1 F9296.602
G1 X163.869 Y195.89 E.0767
G1 X164.503 Y195.621 E.01849
G1 X164.848 Y195.391 E.01114
G1 X165.391 Y194.848 E.02058
G1 X165.621 Y194.503 E.01114
G1 X165.874 Y193.906 E.01742
;LAYER_CHANGE
;Z:1
;HEIGHT:0.2

G1 E-1.3 F1800
G92 E0
;_SET_FAN_SPEED_CHANGING_LAYER
G1 Z1.4 F18000
G1 X165.942 Y115.302 Z1.4
G1 Z1
G1 E1.3 F1800
;TYPE:Inner wall
;WIDTH:0.449999
G1 F7757.448
G1 X166.209 Y115.911 E.02139
G1 X166.368 Y116.557 E.02139
G1 X166.398 Y117.135 E.01863
G1 X166.398 Y193.031 E2.44053
G1 X166.324 Y193.661 E.0204
G1 X166.138 Y194.3 E.02139
G1 X165.818 Y194.883 E.02139
G1 X165.402 Y195.402 E.02139
G1 X164.883 Y195.818 E.02139
G1 X164.3 Y196.138 E.02139
G1 X163.661 Y196.324 E.02139
G1 X162.98 Y196.398 E.02202
G1 X136.969 Y196.398 E.83643
G1 X136.339 Y196.324 E.0204
G1 X135.7 Y196.138 E.02139
G1 X135.117 Y195.818 E.02139
G1 X134.598 Y195.402 E.02139
G1 X134.182 Y194.883 E.02139
G1 X133.862 Y194.3 E.02139
G1 X133.676 Y193.661 E.02139
G1 X133.602 Y192.98 E.02202
G1 X133.602 Y116.969 E2.44425
G1 X133.676 Y116.339 E.0204
G1 X133.862 Y115.7 E.02139
G1 X134.182 Y115.117 E.02139
G1 X134.598 Y114.598 E.02139
G1 X135.117 Y114.182 E.02139
G1 X135.7 Y113.862 E.02139
G1 X136.339 Y113.676 E.02139
G1 X137.02 Y113.602 E.02202
G1 X163.119 Y113.602 E.83926
G1 X163.879 Y113.719 E.02473
G1 X164.499 Y113.96 E.02138
G1 X165.068 Y114.305 E.02139
G1 X165.548 Y114.765 E.0214
G1 X165.918 Y115.269 E.0201
G1 X166.282 Y115.106 F18000
;TYPE:Outer wall
;WIDTH:0.419999
G1 F6000
G1 X166.581 Y115.784 E.02209
G1 X166.757 Y116.505 E.02211
G1 X166.79 Y117.135 E.01879
G1 X166.79 Y193.139 E2.26389
G1 X166.66 Y193.981 E.02537
G1 X166.392 Y194.672 E.0221
G1 X166.006 Y195.307 E.02211
G1 X165.493 Y195.843 E.02211
G1 X164.895 Y196.282 E.0221
G1 X164.216 Y196.581 E.0221
G1 X163.495 Y196.757 E.02211
G1 X162.993 Y196.79 E.01497
G1 X136.861 Y196.79 E.77839
G1 X136.019 Y196.66 E.02537
G1 X135.328 Y196.392 E.0221
G1 X134.693 Y196.006 E.02211
G1 X134.157 Y195.493 E.02211
G1 X133.718 Y194.895 E.0221
G1 X133.419 Y194.216 E.0221
G1 X133.243 Y193.495 E.02211
G1 X133.21 Y192.993 E.01497
G1 X133.21 Y116.861 E2.26772
G1 X133.34 Y116.019 E.02537
G1 X133.608 Y115.328 E.0221
G1 X133.994 Y114.693 E.02211
G1 X134.507 Y114.157 E.02211
G1 X135.105 Y113.718 E.0221
G1 X135.784 Y113.419 E.0221
G1 X136.505 Y113.243 E.02211
G1 X137.007 Y113.21 E.01497
G1 X163.139 Y113.21 E.77839
G1 X163.981 Y113.34 E.02537
G1 X164.672 Y113.608 E.0221
G1 X165.307 Y113.994 E.02211
G1 X165.843 Y114.507 E.02211
G1 X166.259 Y115.073 E.02092
G1 E-1.3 F1800
G1 Z1.4 F18000
G1 X148.587 Y119.538 Z1.4
G1 Z1
G1 E1.3 F1800
;TYPE:Inner wall
;WIDTH:0.449999
G1 F7757.448
G1 X148.511 Y119.572 E.00268
G1 X147.933 Y120.04 E.02391
G1 X147.496 Y120.642 E.02391
G1 X147.23 Y121.336 E.02391
G1 X147.148 Y121.999 E.02148
G1 X147.153 Y124.077 E.0668
G1 X147.269 Y124.81 E.02388
G1 X147.572 Y125.489 E.02391
G1 X148.04 Y126.067 E.02391
G1 X148.573 Y126.469 E.02146
G1 X149.19 Y126.731 E.02156
G1 X149.388 Y126.777 E.00655
G1 X150.076 Y126.847 E.02222
G1 X150.81 Y126.731 E.02391
G1 X151.489 Y126.428 E.02391
G1 X152.067 Y125.96 E.02391
G1 X152.504 Y125.358 E.02391
G1 X152.766 Y124.688 E.02313
G1 X152.852 Y124.001 E.02228
G1 X152.847 Y121.923 E.0668
G1 X152.731 Y121.19 E.02388
G1 X152.428 Y120.511 E.02391
G1 X151.96 Y119.933 E.02391
G1 X151.358 Y119.496 E.02391
G1 X150.664 Y119.23 E.0239
G1 X149.924 Y119.153 E.02391
G1 X149.19 Y119.269 E.0239
G1 X148.624 Y119.522 E.01995
G1 X148.749 Y119.883 F18000
;TYPE:Outer wall
;WIDTH:0.419999
G1 F6000
G1 X148.244 Y120.279 E.01912
G1 X147.869 Y120.771 E.01842
G1 X147.623 Y121.365 E.01914
G1 X147.542 Y121.975 E.01834
G1 X147.542 Y124.025 E.06108
G1 X147.632 Y124.66 E.01909
G1 X147.883 Y125.251 E.01912
G1 X148.255 Y125.734 E.01817
G1 X148.759 Y126.124 E.01899
G1 X149.353 Y126.373 E.01918
G1 X149.992 Y126.46 E.0192
G1 X150.624 Y126.379 E.01899
G1 X151.219 Y126.136 E.01914
G1 X151.733 Y125.746 E.01923
G1 X152.126 Y125.237 E.01913
G1 X152.376 Y124.637 E.01938
G1 X152.458 Y124.025 E.01838
G1 X152.458 Y121.975 E.06108
G1 X152.368 Y121.34 E.01909
G1 X152.117 Y120.749 E.01912
G1 X151.721 Y120.244 E.01912
G1 X151.208 Y119.859 E.01912
G1 X150.613 Y119.619 E.01912
G1 X149.975 Y119.542 E.01912
G1 X149.34 Y119.632 E.01911
G1 X148.786 Y119.868 E.01793
G1 E-1.3 F1800
G1 Z1.4 F18000
G1 X153.949 Y145.229 Z1.4
G1 Z1
G1 E1.3 F1800
;TYPE:Inner wall
;WIDTH:0.449999
G1 F7757.448
G1 X153.71 Y144.933 E.01222
G1 X153.108 Y144.496 E.02391
G1 X152.49 Y144.246 E.02144
G1 X151.827 Y144.153 E.02154
G1 X148.249 Y144.148 E.11503
G1 X147.586 Y144.23 E.02149
G1 X147.381 Y144.294 E.00692
G1 X146.761 Y144.572 E.02185
G1 X146.183 Y145.04 E.02391
G1 X145.746 Y145.642 E.02391
G1 X145.48 Y146.336 E.02391
G1 X145.403 Y147.076 E.02391
G1 X145.519 Y147.81 E.02391
G1 X145.822 Y148.489 E.02391
G1 X146.29 Y149.067 E.02391
G1 X146.892 Y149.504 E.02391
;WIDTH:0.487299
G1 F7106.32
G1 X147.121 Y149.611 E.00887
;WIDTH:0.524598
G1 F6556.033
G1 X147.35 Y149.718 E.00962
;WIDTH:0.561897
G1 F6084.846
G1 X147.579 Y149.825 E.01036
G1 X148.249 Y149.887 E.0276
;WIDTH:0.519381
G1 F6627.814
G1 X151.938 Y149.887 E.13884
G1 X152.253 Y149.807 E.01222
;WIDTH:0.48469
G1 F7148.278
G1 X152.568 Y149.727 E.01133
;WIDTH:0.449999
G1 F7757.448
G1 X153.239 Y149.428 E.02364
G1 X153.811 Y148.967 E.02363
G1 X154.222 Y148.423 E.0219
G1 X154.481 Y147.81 E.02141
G1 X154.58 Y147.353 E.01503
G1 X154.583 Y146.703 E.0209
G1 X154.48 Y146.19 E.01685
G1 X154.178 Y145.511 E.0239
G1 X153.974 Y145.26 E.0104
G1 X153.515 Y145.292 F18000
;TYPE:Outer wall
;WIDTH:0.419999
G1 F6000
G1 X153.495 Y145.266 E.00099
G1 X152.986 Y144.873 E.01914
G1 X152.399 Y144.628 E.01896
G1 X151.775 Y144.542 E.01876
G1 X148.225 Y144.542 E.10576
G1 X147.531 Y144.656 E.02095
G1 X146.999 Y144.883 E.01721
G1 X146.494 Y145.279 E.01912
G1 X146.109 Y145.792 E.01912
G1 X145.869 Y146.387 E.01912
G1 X145.792 Y147.025 E.01912
G1 X145.882 Y147.66 E.01912
G1 X146.133 Y148.251 E.01912
G1 X146.529 Y148.756 E.01912
G1 X147.042 Y149.141 E.01912
G1 X147.637 Y149.381 E.01912
G1 X148.249 Y149.46 E.01838
G1 X151.78 Y149.46 E.10517
G1 X152.418 Y149.365 E.0192
G1 X153 Y149.117 E.01886
G1 X153.504 Y148.723 E.01904
G1 X153.874 Y148.24 E.01813
G1 X154.118 Y147.66 E.01875
G1 X154.187 Y147.333 E.00995
G1 X154.191 Y146.704 E.01875
G1 X154.124 Y146.357 E.01051
G1 X153.88 Y145.77 E.01895
G1 X153.539 Y145.324 E.0167
G1 E-1.3 F1800
G1 Z1.4 F18000
G1 X156.251 Y156.752 Z1.4
G1 Z1
G1 E1.3 F1800
;TYPE:Inner wall
;WIDTH:0.449999
G1 F7757.448
G1 X156.434 Y156.227 E.01788
G1 X156.557 Y155.638 E.01935
G1 X156.601 Y155.038 E.01935
G1 X156.566 Y154.437 E.01935
G1 X156.454 Y153.846 E.01935
G1 X156.265 Y153.274 E.01935
G1 X156.003 Y152.732 E.01935
G1 X155.673 Y152.229 E.01935
G1 X155.269 Y151.761 E.0199
G1 X154.804 Y151.351 E.01994
G1 X154.276 Y151.001 E.02037
G1 X153.726 Y150.735 E.01965
G1 X153.154 Y150.546 E.01935
G1 X152.563 Y150.434 E.01935
;WIDTH:0.493384
G1 F7010.315
G1 X152.302 Y150.395 E.00938
;WIDTH:0.536769
G1 F6394.454
G1 X152.042 Y150.356 E.01028
G1 X151.751 Y150.363 E.01135
;WIDTH:0.519381
G1 F6627.814
G1 X148.193 Y150.363 E.13389
;WIDTH:0.561897
G1 F6084.846
G1 X147.545 Y150.342 E.02659
G1 X147.426 Y150.359 E.00492
;WIDTH:0.528332
G1 F6505.603
G1 X147.307 Y150.376 E.00461
;WIDTH:0.494766
G1 F6988.874
G1 X146.714 Y150.398 E.02118
;WIDTH:0.449999
G1 F7757.448
G1 X141.999 Y150.398 E.15161
G1 X141.437 Y150.434 E.01811
G1 X140.848 Y150.546 E.0193
G1 X140.274 Y150.735 E.01941
G1 X139.732 Y150.997 E.01935
G1 X139.229 Y151.327 E.01935
G1 X138.774 Y151.72 E.01935
G1 X138.373 Y152.169 E.01935
G1 X138.035 Y152.667 E.01935
G1 X137.764 Y153.204 E.01935
G1 X137.566 Y153.773 E.01935
G1 X137.443 Y154.362 E.01935
G1 X137.399 Y154.962 E.01935
G1 X137.434 Y155.563 E.01935
G1 X137.546 Y156.154 E.01935
G1 X137.735 Y156.726 E.01935
G1 X137.997 Y157.268 E.01935
G1 X138.327 Y157.771 E.01936
G1 X138.72 Y158.226 E.01935
G1 X139.169 Y158.627 E.01935
G1 X139.667 Y158.965 E.01935
G1 X140.204 Y159.236 E.01935
G1 X140.773 Y159.434 E.01935
G1 X141.362 Y159.557 E.01935
G1 X141.961 Y159.601 E.01933
G1 X146.714 Y159.602 E.15283
;WIDTH:0.488273
G1 F7090.773
G1 X146.978 Y159.621 E.00932
;WIDTH:0.526547
G1 F6529.617
G1 X147.243 Y159.64 E.01012
;WIDTH:0.56482
G1 F6050.766
G1 X147.507 Y159.659 E.01092
G1 X148.249 Y159.637 E.03063
;WIDTH:0.519381
G1 F6627.814
G1 X152.072 Y159.637 E.14386
G1 X152.317 Y159.602 E.00934
;WIDTH:0.48469
G1 F7148.278
G1 X152.563 Y159.566 E.00866
;WIDTH:0.449999
G1 F7757.448
G1 X153.154 Y159.454 E.01935
G1 X153.726 Y159.265 E.01935
G1 X154.268 Y159.003 E.01935
G1 X154.771 Y158.673 E.01935
G1 X155.226 Y158.28 E.01935
G1 X155.627 Y157.831 E.01935
G1 X155.965 Y157.333 E.01935
G1 X156.236 Y156.796 E.01935
G1 X156.238 Y156.79 E.00019
G1 X155.884 Y156.622 F18000
;TYPE:Outer wall
;WIDTH:0.419999
G1 F6000
G1 X156.063 Y156.101 E.0164
G1 X156.172 Y155.562 E.0164
G1 X156.21 Y155.012 E.0164
G1 X156.175 Y154.463 E.0164
G1 X156.069 Y153.922 E.0164
G1 X155.894 Y153.4 E.0164
G1 X155.652 Y152.906 E.0164
G1 X155.347 Y152.447 E.0164
G1 X154.985 Y152.032 E.0164
G1 X154.572 Y151.668 E.0164
G1 X154.115 Y151.361 E.0164
G1 X153.622 Y151.116 E.0164
G1 X153.101 Y150.937 E.0164
G1 X152.562 Y150.828 E.0164
G1 X152.013 Y150.79 E.01638
G1 X141.999 Y150.79 E.29827
G1 X141.463 Y150.825 E.01601
G1 X140.924 Y150.93 E.01635
G1 X140.4 Y151.106 E.01645
G1 X139.906 Y151.348 E.0164
G1 X139.447 Y151.653 E.0164
G1 X139.032 Y152.015 E.0164
G1 X138.668 Y152.428 E.0164
G1 X138.361 Y152.885 E.0164
G1 X138.116 Y153.378 E.0164
G1 X137.937 Y153.899 E.0164
G1 X137.828 Y154.438 E.0164
G1 X137.79 Y154.988 E.0164
G1 X137.825 Y155.537 E.0164
G1 X137.931 Y156.078 E.0164
G1 X138.106 Y156.6 E.0164
G1 X138.348 Y157.094 E.0164
G1 X138.653 Y157.553 E.0164
G1 X139.015 Y157.968 E.0164
G1 X139.428 Y158.332 E.0164
G1 X139.884 Y158.639 E.0164
G1 X140.378 Y158.884 E.0164
G1 X140.899 Y159.063 E.0164
G1 X141.438 Y159.172 E.0164
G1 X141.987 Y159.21 E.01638
G1 X152.001 Y159.21 E.29827
G1 X152.537 Y159.175 E.01601
G1 X153.078 Y159.069 E.0164
G1 X153.6 Y158.894 E.0164
G1 X154.094 Y158.652 E.0164
G1 X154.553 Y158.347 E.0164
G1 X154.968 Y157.985 E.0164
G1 X155.332 Y157.572 E.0164
G1 X155.639 Y157.116 E.0164
G1 X155.867 Y156.658 E.01521
G1 E-1.3 F1800
G1 Z1.4 F18000
G1 X154.494 Y163.746 Z1.4
G1 Z1
G1 E1.3 F1800
;TYPE:Inner wall
;WIDTH:0.449999
G1 F7757.448
G1 X154.58 Y163.353 E.01294
G1 X154.583 Y162.703 E.0209
G1 X154.487 Y162.207 E.01625
G1 X154.221 Y161.576 E.02201
G1 X153.817 Y161.04 E.0216
G1 X153.634 Y160.875 E.00791
G1 X153.149 Y160.516 E.01942
G1 X152.56 Y160.269 E.02054
;WIDTH:0.490352
G1 F7057.82
G1 X152.293 Y160.204 E.00974
;WIDTH:0.530705
G1 F6473.947
G1 X152.025 Y160.138 E.01061
G1 X151.751 Y160.113 E.01061
;WIDTH:0.519381
G1 F6627.814
G1 X148.204 Y160.113 E.1335
;WIDTH:0.561897
G1 F6084.846
G1 X147.579 Y160.175 E.02574
G1 X147.504 Y160.209 E.00338
;WIDTH:0.534418
G1 F6425.041
G1 X147.429 Y160.243 E.0032
;WIDTH:0.506939
G1 F6805.529
G1 X147.095 Y160.408 E.01365
;WIDTH:0.478469
G1 F7250.377
G1 X146.761 Y160.572 E.01281
;WIDTH:0.449999
G1 F7757.448
G1 X146.183 Y161.04 E.02391
G1 X145.746 Y161.642 E.02391
G1 X145.48 Y162.336 E.02391
G1 X145.403 Y162.924 E.01907
G1 X145.434 Y163.31 E.01243
M73 P37 R13
G1 X145.519 Y163.81 E.01633
G1 X145.822 Y164.489 E.02391
G1 X146.29 Y165.067 E.02391
G1 X146.892 Y165.504 E.02391
G1 X147.51 Y165.754 E.02144
G1 X148.173 Y165.847 E.02154
G1 X151.751 Y165.852 E.11503
G1 X152.414 Y165.77 E.02149
G1 X152.619 Y165.706 E.00692
G1 X153.239 Y165.428 E.02185
G1 X153.817 Y164.96 E.02391
G1 X154.22 Y164.427 E.02147
G1 X154.481 Y163.81 E.02154
G1 X154.486 Y163.785 E.00081
G1 X154.126 Y163.625 F18000
;TYPE:Outer wall
;WIDTH:0.419999
G1 F6000
G1 X154.187 Y163.333 E.00889
G1 X154.191 Y162.704 E.01875
G1 X154.118 Y162.34 E.01105
G1 X153.867 Y161.749 E.01911
G1 X153.471 Y161.244 E.01912
G1 X152.971 Y160.865 E.01869
G1 X152.388 Y160.624 E.01879
G1 X151.775 Y160.542 E.01842
G1 X148.225 Y160.542 E.10576
G1 X147.59 Y160.632 E.0191
G1 X146.999 Y160.883 E.01912
G1 X146.494 Y161.279 E.01912
G1 X146.109 Y161.792 E.01912
G1 X145.869 Y162.387 E.01912
G1 X145.79 Y163 E.0184
G1 X145.875 Y163.639 E.01921
G1 X146.12 Y164.23 E.01906
G1 X146.505 Y164.734 E.01889
G1 X147.014 Y165.127 E.01914
G1 X147.601 Y165.372 E.01896
G1 X148.225 Y165.458 E.01876
G1 X151.775 Y165.458 E.10576
G1 X152.469 Y165.344 E.02095
G1 X153.001 Y165.117 E.01721
G1 X153.483 Y164.746 E.01813
G1 X153.88 Y164.23 E.01938
G1 X154.117 Y163.664 E.01827
G1 E-1.3 F1800
G1 Z1.4 F18000
G1 X150.737 Y183.252 Z1.4
G1 Z1
G1 E1.3 F1800
;TYPE:Inner wall
;WIDTH:0.449999
G1 F7757.448
G1 X150.612 Y183.223 E.00413
G1 X149.924 Y183.153 E.02222
G1 X149.19 Y183.269 E.0239
G1 X148.511 Y183.572 E.02392
G1 X147.933 Y184.04 E.02391
G1 X147.496 Y184.642 E.02391
G1 X147.23 Y185.336 E.02391
G1 X147.148 Y185.999 E.02148
G1 X147.153 Y188.077 E.0668
G1 X147.269 Y188.81 E.02388
G1 X147.572 Y189.489 E.02391
G1 X148.04 Y190.067 E.02391
G1 X148.642 Y190.504 E.02391
G1 X149.336 Y190.77 E.0239
G1 X150.076 Y190.847 E.02391
G1 X150.81 Y190.731 E.02391
G1 X151.489 Y190.428 E.02391
G1 X152.067 Y189.96 E.02391
G1 X152.504 Y189.358 E.02391
G1 X152.77 Y188.664 E.02391
G1 X152.852 Y188.001 E.02148
G1 X152.847 Y185.923 E.0668
G1 X152.731 Y185.19 E.02388
G1 X152.428 Y184.511 E.02391
G1 X151.96 Y183.933 E.02391
G1 X151.427 Y183.531 E.02146
G1 X150.81 Y183.269 E.02156
G1 X150.776 Y183.261 E.00114
G1 X150.611 Y183.622 F18000
;TYPE:Outer wall
;WIDTH:0.419999
G1 F6000
G1 X150.008 Y183.54 E.01812
G1 X149.376 Y183.621 E.01899
G1 X148.781 Y183.864 E.01914
G1 X148.267 Y184.254 E.01923
G1 X147.874 Y184.763 E.01913
G1 X147.624 Y185.363 E.01938
G1 X147.542 Y185.975 E.01838
G1 X147.542 Y188.025 E.06108
G1 X147.632 Y188.66 E.01909
G1 X147.883 Y189.251 E.01912
G1 X148.279 Y189.756 E.01912
G1 X148.792 Y190.141 E.01912
G1 X149.387 Y190.381 E.01912
G1 X150.025 Y190.458 E.01912
G1 X150.66 Y190.368 E.01912
G1 X151.251 Y190.117 E.01912
G1 X151.756 Y189.721 E.01912
G1 X152.131 Y189.229 E.01842
G1 X152.377 Y188.635 E.01914
G1 X152.458 Y188.025 E.01834
G1 X152.46 Y185.999 E.06035
G1 X152.376 Y185.363 E.01911
G1 X152.134 Y184.777 E.01889
G1 X151.745 Y184.266 E.01913
G1 X151.241 Y183.876 E.01899
G1 X150.65 Y183.628 E.01906
G1 E-1.3 F1800
G1 Z1.4 F18000
G1 X154.662 Y161.753 Z1.4
G1 Z1
G1 E1.3 F1800
;TYPE:Internal solid infill
;WIDTH:0.38292
G1 F9287.925
G1 X154.599 Y161.79 E.00198
G1 X154.664 Y161.825 E.00198
G1 X152.697 Y159.882 F18000
G1 F9287.925
G1 X152.633 Y159.919 E.00198
G1 X152.698 Y159.954 E.00198
G1 X146.963 Y160.019 F18000
;WIDTH:0.419999
G1 F8374.624
G1 X146.432 Y159.994 E.01586
G1 X143.653 Y159.993 E.08276
G1 X145.325 Y161.665 E.07042
G1 X145.515 Y161.267 E.01313
G1 X146.052 Y160.622 E.02499
G1 X146.547 Y160.245 E.01854
G1 X146.928 Y160.038 E.01292
G1 X145.683 Y160.409 F18000
;WIDTH:0.496321
G1 F6964.904
G1 X144.656 Y160.409 E.03679
G1 X145.22 Y160.973 E.02856
G1 X145.658 Y160.44 E.0247
G1 E-1.3 F1800
G1 Z1.4 F18000
G1 X145.585 Y148.69 Z1.4
G1 Z1
G1 E1.3 F1800
M73 P37 R12
;WIDTH:0.38292
G1 F9287.925
G1 X145.974 Y149.142 E.016
G1 X146.583 Y149.693 E.02205
G1 X146.933 Y149.955 E.01175
G1 X152.907 Y150.008 F18000
;WIDTH:0.497466
G1 F6947.36
G1 X152.85 Y150.008 E.00204
G1 X152.822 Y150.058 E.00204
G1 X152.85 Y150.107 E.00204
G1 X152.907 Y150.107 E.00204
G1 X152.916 Y150.092 E.0006
G1 E-1.3 F1800
G1 Z1.4 F18000
G1 X166.215 Y116.696 Z1.4
G1 Z1
G1 E1.3 F1800
;WIDTH:0.419999
G1 F8374.623
G1 X163.5 Y113.981 E.11438
G1 X162.918 Y113.933 E.01737
G1 X166.067 Y117.082 E.13263
G1 X166.067 Y117.615 E.01588
G1 X162.385 Y113.933 E.15509
G1 X161.852 Y113.933 E.01588
G1 X166.067 Y118.148 E.17755
G1 X166.067 Y118.681 E.01588
G1 X161.319 Y113.933 E.20002
G1 X160.785 Y113.933 E.01588
G1 X166.067 Y119.215 E.22248
G1 X166.067 Y119.748 E.01588
G1 X160.252 Y113.933 E.24494
G1 X159.719 Y113.933 E.01588
G1 X166.067 Y120.281 E.26741
G1 X166.067 Y120.814 E.01588
G1 X159.186 Y113.933 E.28987
G1 X158.652 Y113.933 E.01588
G1 X166.067 Y121.348 E.31234
G1 X166.067 Y121.881 E.01588
G1 X158.119 Y113.933 E.3348
G1 X157.586 Y113.933 E.01588
G1 X166.067 Y122.414 E.35726
G1 X166.067 Y122.947 E.01588
G1 X157.053 Y113.933 E.37973
G1 X156.519 Y113.933 E.01588
G1 X166.067 Y123.481 E.40219
G1 X166.067 Y124.014 E.01588
G1 X155.986 Y113.933 E.42465
G1 X155.453 Y113.933 E.01588
G1 X166.067 Y124.547 E.44712
G1 X166.067 Y125.081 E.01588
G1 X154.919 Y113.933 E.46958
G1 X154.386 Y113.933 E.01588
G1 X166.067 Y125.614 E.49205
G1 X166.067 Y126.147 E.01588
G1 X153.853 Y113.933 E.51451
G1 X153.32 Y113.933 E.01588
G1 X166.067 Y126.68 E.53697
G1 X166.067 Y127.214 E.01588
G1 X152.786 Y113.933 E.55944
G1 X152.253 Y113.933 E.01588
G1 X166.067 Y127.747 E.5819
G1 X166.067 Y128.28 E.01588
G1 X151.72 Y113.933 E.60436
G1 X151.187 Y113.933 E.01588
G1 X166.067 Y128.813 E.62683
G1 X166.067 Y129.347 E.01588
G1 X150.653 Y113.933 E.64929
G1 X150.12 Y113.933 E.01588
G1 X166.067 Y129.88 E.67176
G1 X166.067 Y130.413 E.01588
G1 X149.587 Y113.933 E.69422
G1 X149.053 Y113.933 E.01588
G1 X166.067 Y130.947 E.71668
G1 X166.067 Y131.48 E.01588
G1 X148.52 Y113.933 E.73915
G1 X147.987 Y113.933 E.01588
G1 X166.067 Y132.013 E.76161
G1 X166.067 Y132.546 E.01588
G1 X147.454 Y113.933 E.78407
G1 X146.92 Y113.933 E.01588
G1 X166.067 Y133.08 E.80654
G1 X166.067 Y133.613 E.01588
G1 X146.387 Y113.933 E.829
G1 X145.854 Y113.933 E.01588
G1 X150.864 Y118.943 E.21104
G1 X150.715 Y118.903 E.00458
G1 X150.226 Y118.839 E.01469
G1 X145.321 Y113.933 E.20665
G1 X144.787 Y113.933 E.01588
G1 X149.703 Y118.848 E.20705
G1 X149.234 Y118.913 E.01409
G1 X144.254 Y113.933 E.20978
G1 X143.721 Y113.933 E.01588
G1 X148.843 Y119.055 E.21576
G1 X148.47 Y119.216 E.01209
G1 X143.187 Y113.933 E.22252
G1 X142.654 Y113.933 E.01588
G1 X148.152 Y119.431 E.23158
G1 X147.85 Y119.662 E.01133
G1 X142.121 Y113.933 E.24133
G1 X141.588 Y113.933 E.01588
G1 X147.595 Y119.94 E.25304
G1 X147.366 Y120.245 E.01134
G1 X141.054 Y113.933 E.26587
G1 X140.521 Y113.933 E.01588
G1 X147.17 Y120.582 E.28008
G1 X147.014 Y120.959 E.01216
G1 X139.988 Y113.933 E.29598
G1 X139.455 Y113.933 E.01588
G1 X146.896 Y121.374 E.31346
G1 X146.83 Y121.842 E.01406
G1 X138.921 Y113.933 E.33315
G1 X138.388 Y113.933 E.01588
G1 X146.822 Y122.367 E.35528
G1 X146.82 Y122.899 E.01583
G1 X137.855 Y113.933 E.37767
G1 X137.322 Y113.933 E.01588
G1 X146.819 Y123.43 E.40007
G1 X146.817 Y123.962 E.01583
G1 X136.803 Y113.948 E.42183
G1 X136.6 Y113.961 E.00607
G1 X136.336 Y114.014 E.00802
G1 X147.091 Y124.769 E.45305
G1 E-1.3 F1800
G1 Z1.4 F18000
G1 X152.754 Y120.834 Z1.4
G1 Z1
G1 E1.3 F1800
G1 F8374.623
G1 X166.067 Y134.146 E.56078
G1 X166.067 Y134.679 E.01588
G1 X153.154 Y121.766 E.54396
G1 X153.183 Y121.991 E.00676
G1 X153.182 Y122.328 E.01003
G1 X166.067 Y135.213 E.54277
G1 X166.067 Y135.746 E.01588
G1 X153.18 Y122.859 E.54284
G1 X153.179 Y123.391 E.01583
G1 X166.067 Y136.279 E.54291
G1 X166.067 Y136.813 E.01588
G1 X153.177 Y123.923 E.54298
G1 X153.176 Y124.112 E.00565
G1 X153.134 Y124.413 E.00904
G1 X166.067 Y137.346 E.5448
G1 X166.067 Y137.879 E.01588
G1 X153.057 Y124.869 E.54804
G1 X152.899 Y125.244 E.01212
G1 X166.067 Y138.412 E.5547
G1 X166.067 Y138.946 E.01588
G1 X152.74 Y125.619 E.56137
G1 X152.507 Y125.919 E.01132
M73 P38 R12
G1 X166.067 Y139.479 E.57122
G1 X166.067 Y140.012 E.01588
G1 X152.272 Y126.217 E.58111
G1 X152.224 Y126.278 E.0023
G1 X151.983 Y126.461 E.00904
G1 X166.067 Y140.545 E.5933
G1 X166.067 Y141.079 E.01588
G1 X151.679 Y126.691 E.60607
G1 X151.589 Y126.759 E.00336
G1 X151.324 Y126.869 E.00856
G1 X166.067 Y141.612 E.62105
G1 X166.067 Y142.145 E.01588
G1 X150.946 Y127.025 E.63695
G1 X150.82 Y127.077 E.00407
G1 X150.506 Y127.118 E.00942
G1 X166.067 Y142.678 E.65548
G1 X166.067 Y143.212 E.01588
G1 X150.035 Y127.18 E.67534
G1 X149.432 Y127.11 E.01809
G1 X166.067 Y143.745 E.70075
G1 X166.067 Y144.278 E.01588
G1 X148.654 Y126.865 E.73352
G1 X148.508 Y126.807 E.00467
G1 X148.315 Y126.695 E.00665
G1 X147.726 Y126.228 E.0224
G1 X147.262 Y125.624 E.0227
G1 X147.146 Y125.358 E.00864
G1 X135.924 Y114.135 E.47273
G1 X135.557 Y114.302 E.012
G1 X166.067 Y144.812 E1.28522
G1 X166.067 Y145.345 E.01588
G1 X135.228 Y114.506 E1.29908
G1 X134.933 Y114.745 E.01129
G1 X166.067 Y145.878 E1.31148
G1 X166.067 Y146.411 E.01588
G1 X134.672 Y115.016 E1.3225
G1 X134.568 Y115.134 E.00467
G1 X134.444 Y115.321 E.0067
G1 X166.067 Y146.945 E1.33212
G1 X166.067 Y147.478 E.01588
G1 X134.25 Y115.661 E1.34026
G1 X134.168 Y115.827 E.00551
G1 X134.096 Y116.04 E.00671
G1 X166.067 Y148.011 E1.34676
G1 X166.067 Y148.544 E.01588
G1 X133.988 Y116.466 E1.35131
G1 X133.961 Y116.6 E.00408
G1 X133.938 Y116.949 E.01043
G1 X166.067 Y149.078 E1.3534
G1 X166.067 Y149.611 E.01588
G1 X133.933 Y117.477 E1.35362
G1 X133.933 Y118.01 E.01588
G1 X166.067 Y150.144 E1.35362
G1 X166.067 Y150.678 E.01588
G1 X133.933 Y118.544 E1.35362
G1 X133.933 Y119.077 E.01588
G1 X166.067 Y151.211 E1.35362
G1 X166.067 Y151.744 E.01588
G1 X133.933 Y119.61 E1.35362
G1 X133.933 Y120.144 E.01588
G1 X166.067 Y152.277 E1.35362
G1 X166.067 Y152.811 E.01588
G1 X133.933 Y120.677 E1.35362
G1 X133.933 Y121.21 E.01588
G1 X166.067 Y153.344 E1.35362
G1 X166.067 Y153.877 E.01588
G1 X133.933 Y121.743 E1.35362
G1 X133.933 Y122.277 E.01588
G1 X166.067 Y154.41 E1.35362
G1 X166.067 Y154.944 E.01588
G1 X133.933 Y122.81 E1.35362
G1 X133.933 Y123.343 E.01588
G1 X166.067 Y155.477 E1.35362
G1 X166.067 Y156.01 E.01588
G1 X133.933 Y123.876 E1.35362
G1 X133.933 Y124.41 E.01588
G1 X166.067 Y156.544 E1.35362
G1 X166.067 Y157.077 E.01588
G1 X154.588 Y145.598 E.48353
G1 X154.507 Y145.406 E.00621
G1 X154.075 Y144.833 E.02139
G1 X153.918 Y144.675 E.00662
G1 X153.369 Y144.259 E.02052
G1 X153.157 Y144.167 E.00687
G1 X133.933 Y124.943 E.80981
G1 X133.933 Y125.476 E.01588
G1 X152.346 Y143.889 E.77563
G1 X151.741 Y143.817 E.01816
G1 X133.933 Y126.01 E.75013
G1 X133.933 Y126.543 E.01588
G1 X151.207 Y143.817 E.72766
G1 X150.674 Y143.817 E.01588
G1 X133.933 Y127.076 E.7052
G1 X133.933 Y127.609 E.01588
G1 X150.141 Y143.817 E.68274
G1 X149.607 Y143.817 E.01588
G1 X133.933 Y128.143 E.66027
G1 X133.933 Y128.676 E.01588
G1 X149.074 Y143.817 E.63781
M73 P39 R12
G1 X148.541 Y143.817 E.01588
G1 X133.933 Y129.209 E.61535
G1 X133.933 Y129.742 E.01588
G1 X148.033 Y143.843 E.59396
G1 X147.558 Y143.901 E.01425
G1 X133.933 Y130.276 E.57396
G1 X133.933 Y130.809 E.01588
G1 X147.156 Y144.032 E.557
G1 X146.784 Y144.193 E.01208
G1 X133.933 Y131.342 E.54132
G1 X133.933 Y131.875 E.01588
G1 X146.453 Y144.395 E.52739
G1 X146.151 Y144.627 E.01133
G1 X133.933 Y132.409 E.51467
G1 X133.933 Y132.942 E.01588
G1 X145.888 Y144.896 E.50357
G1 X145.651 Y145.194 E.01131
G1 X133.933 Y133.475 E.49363
G1 X133.933 Y134.009 E.01588
G1 X145.44 Y145.516 E.48474
G1 X145.287 Y145.895 E.0122
G1 X133.933 Y134.542 E.47826
G1 X133.933 Y135.075 E.01588
G1 X145.158 Y146.3 E.47285
G1 X145.091 Y146.766 E.01403
G1 X133.933 Y135.608 E.47003
G1 X133.933 Y136.142 E.01588
G1 X145.1 Y147.308 E.47038
G1 X145.153 Y147.715 E.01223
G1 X145.227 Y147.969 E.00786
G1 X133.933 Y136.675 E.47575
G1 X133.933 Y137.208 E.01588
G1 X146.786 Y150.061 E.54142
G1 X146.259 Y150.067 E.01571
G1 X133.933 Y137.741 E.5192
G1 X133.933 Y138.275 E.01588
G1 X145.725 Y150.067 E.49674
G1 X145.192 Y150.067 E.01588
G1 X133.933 Y138.808 E.47428
G1 X133.933 Y139.341 E.01588
G1 X144.659 Y150.067 E.45181
G1 X144.125 Y150.067 E.01588
G1 X133.933 Y139.875 E.42935
G1 X133.933 Y140.408 E.01588
G1 X143.592 Y150.067 E.40689
G1 X143.059 Y150.067 E.01588
G1 X133.933 Y140.941 E.38442
G1 X133.933 Y141.474 E.01588
G1 X142.526 Y150.067 E.36196
G1 X141.993 Y150.067 E.01588
G1 X133.933 Y142.008 E.3395
G1 X133.933 Y142.541 E.01588
G1 X141.491 Y150.099 E.31836
G1 X141.036 Y150.177 E.01373
G1 X133.933 Y143.074 E.29922
G1 X133.933 Y143.607 E.01588
G1 X140.601 Y150.275 E.28088
G1 X140.206 Y150.414 E.01246
G1 X133.933 Y144.141 E.26425
G1 X133.933 Y144.674 E.01588
G1 X139.836 Y150.577 E.24864
G1 X139.489 Y150.763 E.01173
G1 X133.933 Y145.207 E.23404
G1 X133.933 Y145.741 E.01588
G1 X139.169 Y150.977 E.22058
G1 X138.863 Y151.203 E.01136
G1 X133.933 Y146.274 E.20765
G1 X133.933 Y146.807 E.01588
G1 X138.581 Y151.455 E.1958
G1 X138.322 Y151.729 E.01124
G1 X133.933 Y147.34 E.18487
G1 X133.933 Y147.874 E.01588
G1 X138.076 Y152.016 E.1745
G1 X137.862 Y152.336 E.01145
G1 X133.933 Y148.407 E.1655
G1 X133.933 Y148.94 E.01588
G1 X137.661 Y152.668 E.15702
G1 X137.488 Y153.028 E.01191
G1 X133.933 Y149.473 E.14973
G1 X133.933 Y150.007 E.01588
G1 X137.339 Y153.412 E.14345
G1 X137.218 Y153.825 E.01281
G1 X133.933 Y150.54 E.13837
G1 X133.933 Y151.073 E.01588
G1 X137.125 Y154.266 E.13447
G1 X137.084 Y154.758 E.01471
G1 X133.933 Y151.606 E.13274
G1 X133.933 Y152.14 E.01588
G1 X137.088 Y155.295 E.1329
G1 X137.117 Y155.696 E.01198
G1 X137.16 Y155.9 E.00622
G1 X133.933 Y152.673 E.13594
G1 X133.933 Y153.206 E.01588
G1 X137.645 Y156.918 E.15637
G1 E-1.3 F1800
G1 Z1.4 F18000
G1 X143.155 Y159.762 Z1.4
G1 Z1
G1 E1.3 F1800
G1 F8374.623
G1 X145.285 Y161.892 E.0897
G1 X145.21 Y162.071 E.00578
G1 X145.152 Y162.292 E.00682
G1 X142.792 Y159.932 E.09944
G1 X142.258 Y159.932 E.01589
G1 X145.09 Y162.764 E.1193
G1 X145.074 Y163.111 E.01038
G1 X145.102 Y163.309 E.00593
G1 X141.526 Y159.733 E.15063
G1 E-1.3 F1800
G1 Z1.4 F18000
G1 X154.649 Y146.192 Z1.4
G1 Z1
G1 E1.3 F1800
G1 F8374.623
G1 X166.067 Y157.61 E.48099
G1 X166.067 Y158.143 E.01588
G1 X154.912 Y146.988 E.4699
G1 X154.914 Y147.302 E.00935
G1 X154.89 Y147.5 E.00594
G1 X166.067 Y158.677 E.4708
G1 X166.067 Y159.21 E.01588
G1 X154.788 Y147.931 E.47511
G1 X154.632 Y148.308 E.01216
G1 X166.067 Y159.743 E.48168
G1 X166.067 Y160.276 E.01588
G1 X154.457 Y148.666 E.48906
G1 X154.226 Y148.969 E.01133
G1 X166.067 Y160.81 E.49879
G1 X166.067 Y161.343 E.01588
G1 X153.984 Y149.26 E.50901
G1 X153.686 Y149.496 E.01131
G1 X166.067 Y161.876 E.52152
G1 X166.067 Y162.409 E.01588
G1 X156.353 Y152.695 E.4092
G1 X156.297 Y152.58 E.00383
G1 X155.918 Y152.002 E.02058
G1 X155.451 Y151.476 E.02096
G1 X155.006 Y151.088 E.01756
G1 X154.511 Y150.755 E.01778
G1 X154.311 Y150.654 E.00666
G1 X153.258 Y149.601 E.04436
G1 X156.453 Y153.329 F18000
G1 F8374.623
G1 X166.067 Y162.943 E.405
G1 X166.067 Y163.476 E.01588
G1 X156.88 Y154.289 E.38701
G1 X156.919 Y154.862 E.01711
G1 X166.067 Y164.009 E.38534
G1 X166.067 Y164.543 E.01588
G1 X156.908 Y155.383 E.38583
G1 X156.886 Y155.678 E.00879
G1 X156.85 Y155.859 E.00551
G1 X166.067 Y165.076 E.38826
G1 X166.067 Y165.609 E.01588
G1 X156.754 Y156.296 E.39232
G1 X156.618 Y156.694 E.01252
G1 X166.067 Y166.142 E.39801
G1 X166.067 Y166.676 E.01588
G1 X156.466 Y157.075 E.40444
G1 X156.287 Y157.429 E.01182
G1 X166.067 Y167.209 E.41199
G1 X166.067 Y167.742 E.01588
G1 X156.079 Y157.755 E.42072
G1 X155.859 Y158.068 E.0114
G1 X166.067 Y168.275 E.42999
G1 X166.067 Y168.809 E.01588
G1 X155.61 Y158.351 E.44051
G1 X155.342 Y158.617 E.01123
G1 X166.067 Y169.342 E.45177
G1 X166.067 Y169.875 E.01588
G1 X155.059 Y158.867 E.46371
G1 X154.742 Y159.083 E.01143
G1 X166.067 Y170.409 E.47706
G1 X166.067 Y170.942 E.01588
G1 X154.422 Y159.296 E.49055
G1 X154.064 Y159.473 E.01186
G1 X166.067 Y171.475 E.5056
G1 X166.067 Y172.008 E.01588
G1 X153.683 Y159.625 E.52165
G1 X153.284 Y159.759 E.01254
G1 X166.067 Y172.542 E.53846
G1 X166.067 Y173.075 E.01588
G1 X154.782 Y161.79 E.47537
G1 X154.704 Y161.868 E.00329
G1 X154.808 Y162.119 E.0081
G1 X154.868 Y162.409 E.00881
G1 X166.067 Y173.608 E.47176
G1 X166.067 Y174.141 E.01588
G1 X154.91 Y162.984 E.46998
G1 X154.91 Y163.385 E.01194
G1 X154.889 Y163.497 E.00338
G1 X166.067 Y174.675 E.47087
G1 X166.067 Y175.208 E.01588
G1 X154.78 Y163.921 E.47547
G1 X154.63 Y164.304 E.01226
G1 X166.067 Y175.741 E.48178
G1 X166.067 Y176.275 E.01588
G1 X154.457 Y164.664 E.48907
G1 X154.226 Y164.967 E.01133
M73 P40 R12
G1 X166.067 Y176.808 E.49878
G1 X166.067 Y177.341 E.01588
G1 X153.985 Y165.259 E.50895
G1 X153.687 Y165.495 E.01131
G1 X166.067 Y177.874 E.52148
G1 X166.067 Y178.408 E.01588
G1 X153.384 Y165.725 E.53427
G1 X153.241 Y165.807 E.0049
G1 X153.02 Y165.894 E.00709
G1 X166.067 Y178.941 E.5496
G1 X166.067 Y179.474 E.01588
G1 X152.637 Y166.044 E.56573
G1 X152.529 Y166.086 E.00344
G1 X152.189 Y166.13 E.01021
G1 X166.067 Y180.007 E.58458
G1 X166.067 Y180.541 E.01588
G1 X151.709 Y166.183 E.60482
G1 X151.176 Y166.183 E.01589
G1 X166.067 Y181.074 E.62729
G1 X166.067 Y181.607 E.01588
G1 X150.642 Y166.182 E.64976
G1 X150.109 Y166.182 E.01589
G1 X166.067 Y182.14 E.67224
G1 X166.067 Y182.674 E.01588
G1 X149.575 Y166.182 E.69471
G1 X149.042 Y166.182 E.01589
G1 X166.067 Y183.207 E.71719
G1 X166.067 Y183.74 E.01588
G1 X148.508 Y166.181 E.73966
G1 X148.187 Y166.181 E.00958
G1 X147.94 Y166.147 E.00741
G1 X166.067 Y184.274 E.76358
G1 X166.067 Y184.807 E.01588
G1 X147.271 Y166.011 E.79177
G1 X146.631 Y165.741 E.0207
G1 X145.976 Y165.228 E.02477
G1 X145.555 Y164.684 E.0205
G1 X145.444 Y164.492 E.00662
G1 X145.233 Y163.973 E.01667
G1 X141.102 Y159.841 E.17405
G1 X140.774 Y159.777 E.00994
G1 X140.372 Y159.646 E.01258
G1 X166.067 Y185.34 E1.08237
G1 X166.067 Y185.873 E.01588
G1 X133.933 Y153.74 E1.35362
G1 X133.933 Y154.273 E.01588
G1 X166.067 Y186.407 E1.35362
G1 X166.067 Y186.94 E.01588
G1 X133.933 Y154.806 E1.35362
G1 X133.933 Y155.339 E.01588
G1 X166.067 Y187.473 E1.35362
G1 X166.067 Y188.006 E.01588
G1 X133.933 Y155.873 E1.35362
G1 X133.933 Y156.406 E.01588
G1 X166.067 Y188.54 E1.35362
G1 X166.067 Y189.073 E.01588
G1 X133.933 Y156.939 E1.35362
G1 X133.933 Y157.472 E.01588
G1 X166.067 Y189.606 E1.35362
G1 X166.067 Y190.14 E.01588
G1 X133.933 Y158.006 E1.35362
G1 X133.933 Y158.539 E.01588
G1 X166.067 Y190.673 E1.35362
G1 X166.067 Y191.206 E.01588
G1 X133.933 Y159.072 E1.35362
G1 X133.933 Y159.606 E.01588
G1 X166.067 Y191.739 E1.35362
G1 X166.067 Y192.273 E.01588
G1 X133.933 Y160.139 E1.35362
G1 X133.933 Y160.672 E.01588
G1 X166.067 Y192.806 E1.35362
G1 X166.044 Y193.316 E.01522
G1 X133.933 Y161.205 E1.35266
G1 X133.933 Y161.739 E.01588
G1 X165.965 Y193.771 E1.34933
G1 X165.96 Y193.793 E.00069
G1 X165.832 Y194.171 E.01188
G1 X133.933 Y162.272 E1.34374
G1 X133.933 Y162.805 E.01588
G1 X165.656 Y194.528 E1.33632
G1 X165.443 Y194.848 E.01146
G1 X133.933 Y163.338 E1.32734
G1 X133.933 Y163.872 E.01588
G1 X165.196 Y195.134 E1.31693
G1 X164.916 Y195.388 E.01125
G1 X133.933 Y164.405 E1.30513
G1 X133.933 Y164.938 E.01588
G1 X164.602 Y195.608 E1.29193
G1 X164.253 Y195.792 E.01175
G1 X133.933 Y165.472 E1.27723
G1 X133.933 Y166.005 E.01588
G1 X150.873 Y182.945 E.7136
G1 X150.73 Y182.905 E.00445
G1 X150.244 Y182.849 E.01456
G1 X133.933 Y166.538 E.68709
G1 X133.933 Y167.071 E.01588
M73 P41 R12
G1 X149.713 Y182.851 E.6647
G1 X149.243 Y182.915 E.01411
G1 X133.933 Y167.605 E.64493
G1 X133.933 Y168.138 E.01588
G1 X148.854 Y183.058 E.62852
G1 X148.476 Y183.214 E.01216
G1 X133.933 Y168.671 E.61262
G1 X133.933 Y169.204 E.01588
G1 X148.16 Y183.431 E.59928
G1 X147.856 Y183.661 E.01134
G1 X133.933 Y169.738 E.58652
G1 X133.933 Y170.271 E.01588
G1 X147.604 Y183.941 E.57586
G1 X147.369 Y184.24 E.01131
G1 X133.933 Y170.804 E.56597
G1 X133.933 Y171.337 E.01588
G1 X147.176 Y184.58 E.55783
G1 X147.017 Y184.955 E.01212
G1 X133.933 Y171.871 E.55116
G1 X133.933 Y172.404 E.01588
G1 X146.897 Y185.368 E.54611
G1 X146.831 Y185.835 E.01405
G1 X133.933 Y172.937 E.54332
G1 X133.933 Y173.471 E.01588
G1 X146.822 Y186.36 E.54295
G1 X146.82 Y186.891 E.01583
G1 X133.933 Y174.004 E.54287
G1 X133.933 Y174.537 E.01588
G1 X146.819 Y187.423 E.5428
G1 X146.817 Y187.954 E.01583
G1 X133.933 Y175.07 E.54273
G1 X133.933 Y175.604 E.01588
G1 X147.086 Y188.756 E.55405
G1 E-1.3 F1800
G1 Z1.4 F18000
G1 X152.75 Y184.822 Z1.4
G1 Z1
G1 E1.3 F1800
G1 F8374.623
G1 X163.865 Y195.936 E.4682
G1 X163.428 Y196.033 E.01332
G1 X153.152 Y185.757 E.43287
G1 X153.183 Y185.991 E.00703
G1 X153.182 Y186.32 E.0098
G1 X162.929 Y196.067 E.41057
G1 X162.395 Y196.067 E.01588
G1 X153.18 Y186.852 E.38818
G1 X153.179 Y187.383 E.01583
G1 X161.862 Y196.067 E.36579
G1 X161.329 Y196.067 E.01588
G1 X153.177 Y187.915 E.34339
G1 X153.176 Y188.112 E.00588
G1 X153.135 Y188.406 E.00884
G1 X160.796 Y196.067 E.3227
G1 X160.262 Y196.067 E.01588
G1 X153.059 Y188.863 E.30345
G1 X152.903 Y189.241 E.01216
G1 X159.729 Y196.067 E.28754
G1 X159.196 Y196.067 E.01588
G1 X152.741 Y189.613 E.27189
G1 X152.513 Y189.917 E.01134
G1 X158.663 Y196.067 E.25906
G1 X158.129 Y196.067 E.01588
G1 X152.277 Y190.215 E.24651
G1 X151.99 Y190.461 E.01127
G1 X157.596 Y196.067 E.23615
G1 X157.063 Y196.067 E.01588
G1 X151.688 Y190.692 E.2264
G1 X151.492 Y190.806 E.00675
G1 X151.334 Y190.872 E.00509
G1 X156.529 Y196.067 E.21884
G1 X155.996 Y196.067 E.01588
G1 X150.957 Y191.028 E.21227
G1 X150.749 Y191.092 E.00648
G1 X150.516 Y191.12 E.00699
G1 X155.463 Y196.067 E.20837
G1 X154.93 Y196.067 E.01588
G1 X150.042 Y191.179 E.2059
G1 X149.446 Y191.117 E.01784
G1 X154.396 Y196.067 E.20853
G1 X153.863 Y196.067 E.01588
G1 X148.669 Y190.873 E.21878
G1 X148.508 Y190.806 E.00521
G1 X148.316 Y190.696 E.0066
G1 X147.832 Y190.324 E.01816
G1 X147.676 Y190.168 E.00659
G1 X147.304 Y189.684 E.01816
G1 X147.193 Y189.492 E.00662
G1 X147.13 Y189.334 E.00507
G1 X133.933 Y176.137 E.55591
G1 X133.933 Y176.67 E.01588
G1 X153.33 Y196.067 E.81708
G1 X152.797 Y196.067 E.01588
G1 X133.933 Y177.203 E.79461
G1 X133.933 Y177.737 E.01588
G1 X152.263 Y196.067 E.77215
G1 X151.73 Y196.067 E.01588
G1 X133.933 Y178.27 E.74969
G1 X133.933 Y178.803 E.01588
G1 X151.197 Y196.067 E.72722
G1 X150.663 Y196.067 E.01588
G1 X133.933 Y179.337 E.70476
G1 X133.933 Y179.87 E.01588
G1 X150.13 Y196.067 E.6823
G1 X149.597 Y196.067 E.01588
G1 X133.933 Y180.403 E.65983
G1 X133.933 Y180.936 E.01588
G1 X149.064 Y196.067 E.63737
G1 X148.53 Y196.067 E.01588
G1 X133.933 Y181.47 E.6149
G1 X133.933 Y182.003 E.01588
G1 X147.997 Y196.067 E.59244
G1 X147.464 Y196.067 E.01588
G1 X133.933 Y182.536 E.56998
G1 X133.933 Y183.069 E.01588
G1 X146.931 Y196.067 E.54751
G1 X146.397 Y196.067 E.01588
G1 X133.933 Y183.603 E.52505
G1 X133.933 Y184.136 E.01588
G1 X145.864 Y196.067 E.50259
G1 X145.331 Y196.067 E.01588
G1 X133.933 Y184.669 E.48012
G1 X133.933 Y185.203 E.01588
G1 X144.798 Y196.067 E.45766
G1 X144.264 Y196.067 E.01588
G1 X133.933 Y185.736 E.43519
G1 X133.933 Y186.269 E.01588
G1 X143.731 Y196.067 E.41273
G1 X143.198 Y196.067 E.01588
G1 X133.933 Y186.802 E.39027
G1 X133.933 Y187.336 E.01588
G1 X142.664 Y196.067 E.3678
G1 X142.131 Y196.067 E.01588
G1 X133.933 Y187.869 E.34534
G1 X133.933 Y188.402 E.01588
G1 X141.598 Y196.067 E.32288
G1 X141.065 Y196.067 E.01588
G1 X133.933 Y188.935 E.30041
G1 X133.933 Y189.469 E.01588
G1 X140.531 Y196.067 E.27795
G1 X139.998 Y196.067 E.01588
G1 X133.933 Y190.002 E.25548
G1 X133.933 Y190.535 E.01588
G1 X139.465 Y196.067 E.23302
G1 X138.932 Y196.067 E.01588
G1 X133.933 Y191.068 E.21056
G1 X133.933 Y191.602 E.01588
G1 X138.398 Y196.067 E.18809
G1 X137.865 Y196.067 E.01588
G1 X133.933 Y192.135 E.16563
G1 X133.933 Y192.668 E.01588
G1 X137.332 Y196.067 E.14317
G1 X136.782 Y196.051 E.01638
G1 X133.949 Y193.218 E.11933
G1 X133.961 Y193.4 E.00544
G1 X134.064 Y193.866 E.01421
G1 X136.363 Y196.165 E.09683
G1 X149.261 Y191.067 F18000
;TYPE:Gap infill
;WIDTH:0.14197
G1 F1800
G1 X148.964 Y190.882 E.00273
G1 E-1.3
G1 Z1.4 F18000
G1 X152.84 Y184.731 Z1.4
G1 Z1
G1 E1.3 F1800
;WIDTH:0.0924521
G1 X152.691 Y184.524 E.001
G1 X151.485 Y183.316 F18000
;WIDTH:0.107425
G1 F1800
G1 X151.375 Y183.242 E.00067
;WIDTH:0.145934
G1 X151.266 Y183.168 E.00107
;WIDTH:0.184442
G1 X151.157 Y183.094 E.00147
;WIDTH:0.203697
G1 X151.048 Y183.021 E.00167
G1 X156.539 Y153.242 F18000
;WIDTH:0.149445
G1 F1800
G1 X156.504 Y153.187 E.00055
;WIDTH:0.131642
G1 X156.448 Y153.107 E.00068
;WIDTH:0.117152
G1 X156.392 Y153.028 E.00057
G1 E-1.3
G1 Z1.4 F18000
G1 X153.302 Y160.043 Z1.4
G1 Z1
G1 E1.3 F1800
;WIDTH:0.215175
G1 X152.542 Y159.794 E.01088
G1 X153.057 Y159.677 F18000
;WIDTH:0.252868
G1 F1800
G1 X153.019 Y159.734 E.00114
;WIDTH:0.302812
G1 X152.98 Y159.791 E.00142
;WIDTH:0.352755
G1 X152.941 Y159.848 E.00169
;WIDTH:0.416192
G1 X152.903 Y159.905 E.00203
G1 X153.035 Y160.043 E.00564
;WIDTH:0.400095
G1 X153.121 Y160.101 E.0029
;WIDTH:0.360346
G1 X153.206 Y160.158 E.00258
;WIDTH:0.315082
G1 X153.316 Y160.234 E.00287
;WIDTH:0.274197
G1 X153.502 Y160.394 E.00449
;WIDTH:0.23765
G1 X153.689 Y160.555 E.00378
;WIDTH:0.191957
G1 X154.026 Y160.865 E.00539
;WIDTH:0.200941
G1 X154.226 Y161.093 E.00379
;WIDTH:0.241281
G1 X154.432 Y161.329 E.00492
;WIDTH:0.282558
G1 X154.541 Y161.467 E.00333
;WIDTH:0.304319
G1 X154.66 Y161.645 E.00442
G1 E-1.3
G1 Z1.4 F18000
G1 X142.07 Y159.892 Z1.4
G1 Z1
G1 E1.3 F1800
;WIDTH:0.112552
G1 X141.861 Y159.801 E.00126
G1 X140.194 Y159.575 F18000
;WIDTH:0.210546
G1 F1800
G1 X140.043 Y159.468 E.00245
;WIDTH:0.161596
G1 X139.892 Y159.361 E.00174
;WIDTH:0.13712
G1 X139.741 Y159.254 E.00138
G1 X137.752 Y157.265 F18000
;WIDTH:0.107134
G1 F1800
G1 X137.657 Y157.133 E.00082
;WIDTH:0.126099
G1 X137.561 Y157.002 E.00107
G1 X137.198 Y154.916 F18000
;WIDTH:0.153887
G1 F1800
M73 P42 R12
G1 X137.138 Y154.999 E.00089
G1 X137.198 Y155.138 E.00133
G1 E-1.3
G1 Z1.4 F18000
G1 X145.645 Y148.626 Z1.4
G1 Z1
G1 E1.3 F1800
;WIDTH:0.112645
G1 X145.518 Y148.459 E.00116
;WIDTH:0.137121
G1 X145.296 Y148.15 E.00284
G1 E-1.3
G1 Z1.4 F18000
G1 X152.851 Y144.154 Z1.4
G1 Z1
G1 E1.3 F1800
M73 P42 R11
;WIDTH:0.107451
G1 X152.757 Y144.089 E.00058
;WIDTH:0.149018
G1 X152.53 Y143.942 E.00227
G1 X154.685 Y146.156 F18000
;WIDTH:0.102985
G1 F1800
G1 X154.697 Y146.1 E.00027
;WIDTH:0.143378
G1 X154.705 Y146.059 E.00033
G1 X154.599 Y145.901 E.00151
G1 X147.132 Y125.051 F18000
;WIDTH:0.102178
G1 F1800
G1 X147.083 Y124.979 E.0004
;WIDTH:0.128845
G1 X147.004 Y124.856 E.001
G1 E-1.3
G1 Z1.4 F18000
G1 X135.866 Y195.967 Z1.4
G1 Z1
G1 E1.3 F1800
;WIDTH:0.14101
G1 X135.729 Y195.869 E.0013
;WIDTH:0.185953
G1 X135.593 Y195.771 E.0019
;WIDTH:0.230896
G1 X135.456 Y195.674 E.00249
;WIDTH:0.273118
G1 X135.301 Y195.546 E.00367
;WIDTH:0.31262
G1 X135.145 Y195.418 E.00429
;WIDTH:0.345394
G1 X134.854 Y195.146 E.00951
G1 X134.582 Y194.855 E.00951
;WIDTH:0.312618
G1 X134.454 Y194.699 E.00429
;WIDTH:0.273117
G1 X134.326 Y194.544 E.00367
;WIDTH:0.230895
G1 X134.229 Y194.407 E.00249
;WIDTH:0.185953
G1 X134.131 Y194.271 E.0019
;WIDTH:0.163483
G1 X134.033 Y194.134 E.0016
G1 E-1.3
G1 Z1.4 F18000
G1 X165.89 Y116.131 Z1.4
G1 Z1
G1 E1.3 F1800
;TYPE:Internal solid infill
;WIDTH:0.382603
G1 F9296.594
G1 X165.621 Y115.497 E.01849
G1 X165.391 Y115.152 E.01114
G1 X164.848 Y114.609 E.02058
G1 X164.503 Y114.379 E.01114
G1 X163.869 Y114.11 E.01849
G1 X165.862 Y116.103 E.07563
;LAYER_CHANGE
;Z:1.2
;HEIGHT:0.2

G1 E-1.3 F1800
G92 E0
;_SET_FAN_SPEED_CHANGING_LAYER
G1 Z1.6 F18000
G1 X165.942 Y115.302 Z1.6
G1 Z1.2
G1 E1.3 F1800
;TYPE:Inner wall
;WIDTH:0.449999
G1 F7757.448
G1 X166.209 Y115.911 E.02139
G1 X166.368 Y116.557 E.02139
G1 X166.398 Y117.135 E.01863
G1 X166.398 Y193.031 E2.44053
G1 X166.324 Y193.661 E.0204
G1 X166.138 Y194.3 E.02139
G1 X165.818 Y194.883 E.02139
G1 X165.402 Y195.402 E.02139
G1 X164.883 Y195.818 E.02139
G1 X164.3 Y196.138 E.02139
G1 X163.661 Y196.324 E.02139
G1 X162.98 Y196.398 E.02202
G1 X136.969 Y196.398 E.83643
G1 X136.339 Y196.324 E.0204
G1 X135.7 Y196.138 E.02139
G1 X135.117 Y195.818 E.0214
G1 X134.598 Y195.402 E.02138
G1 X134.182 Y194.883 E.02139
G1 X133.862 Y194.3 E.02139
G1 X133.676 Y193.661 E.02139
G1 X133.602 Y192.98 E.02202
G1 X133.602 Y116.969 E2.44425
G1 X133.676 Y116.339 E.0204
G1 X133.862 Y115.7 E.02139
G1 X134.182 Y115.117 E.02139
G1 X134.598 Y114.598 E.02139
G1 X135.117 Y114.182 E.02139
G1 X135.7 Y113.862 E.02139
G1 X136.339 Y113.676 E.02139
G1 X137.02 Y113.602 E.02202
G1 X163.119 Y113.602 E.83926
G1 X163.879 Y113.719 E.02473
G1 X164.499 Y113.96 E.02138
G1 X165.068 Y114.305 E.02139
G1 X165.548 Y114.765 E.0214
G1 X165.918 Y115.269 E.0201
G1 X166.282 Y115.106 F18000
;TYPE:Outer wall
;WIDTH:0.419999
G1 F6000
G1 X166.581 Y115.784 E.02209
G1 X166.757 Y116.505 E.02211
G1 X166.79 Y117.135 E.01879
G1 X166.79 Y193.139 E2.26389
G1 X166.66 Y193.981 E.02537
G1 X166.392 Y194.672 E.0221
G1 X166.006 Y195.307 E.02211
G1 X165.493 Y195.843 E.02211
G1 X164.895 Y196.282 E.0221
G1 X164.216 Y196.581 E.0221
G1 X163.495 Y196.757 E.02211
G1 X162.993 Y196.79 E.01497
G1 X136.861 Y196.79 E.77839
G1 X136.019 Y196.66 E.02537
G1 X135.328 Y196.392 E.0221
G1 X134.693 Y196.006 E.02211
G1 X134.157 Y195.493 E.02211
G1 X133.718 Y194.895 E.0221
G1 X133.419 Y194.216 E.0221
G1 X133.243 Y193.495 E.02211
G1 X133.21 Y192.993 E.01497
G1 X133.21 Y116.861 E2.26772
G1 X133.34 Y116.019 E.02537
G1 X133.608 Y115.328 E.0221
G1 X133.994 Y114.693 E.02211
G1 X134.507 Y114.157 E.02211
G1 X135.105 Y113.718 E.0221
G1 X135.784 Y113.419 E.0221
G1 X136.505 Y113.243 E.02211
G1 X137.007 Y113.21 E.01497
G1 X163.139 Y113.21 E.77839
G1 X163.981 Y113.34 E.02537
G1 X164.672 Y113.608 E.0221
G1 X165.307 Y113.994 E.02211
G1 X165.843 Y114.507 E.02211
G1 X166.258 Y115.073 E.02092
G1 E-1.3 F1800
G1 Z1.6 F18000
G1 X148.587 Y119.538 Z1.6
G1 Z1.2
G1 E1.3 F1800
;TYPE:Inner wall
;WIDTH:0.449999
G1 F7757.448
G1 X148.511 Y119.572 E.00268
G1 X147.933 Y120.04 E.02391
G1 X147.496 Y120.642 E.02391
G1 X147.23 Y121.336 E.02391
G1 X147.148 Y121.999 E.02148
G1 X147.153 Y124.077 E.0668
G1 X147.269 Y124.81 E.02388
G1 X147.572 Y125.489 E.02391
G1 X148.04 Y126.067 E.02391
G1 X148.573 Y126.469 E.02146
G1 X149.19 Y126.731 E.02155
G1 X149.388 Y126.777 E.00655
G1 X150.076 Y126.847 E.02222
G1 X150.81 Y126.731 E.02391
G1 X151.489 Y126.428 E.02391
G1 X152.067 Y125.96 E.02391
G1 X152.504 Y125.358 E.02391
G1 X152.766 Y124.688 E.02313
G1 X152.852 Y124.001 E.02228
G1 X152.847 Y121.923 E.0668
G1 X152.731 Y121.19 E.02388
G1 X152.428 Y120.511 E.02391
G1 X151.96 Y119.933 E.02391
G1 X151.358 Y119.496 E.02391
G1 X150.664 Y119.23 E.0239
G1 X149.924 Y119.153 E.02391
G1 X149.19 Y119.269 E.0239
G1 X148.624 Y119.522 E.01995
G1 X148.749 Y119.883 F18000
;TYPE:Outer wall
;WIDTH:0.419999
G1 F6000
G1 X148.244 Y120.279 E.01912
G1 X147.869 Y120.771 E.01842
G1 X147.623 Y121.365 E.01914
G1 X147.542 Y121.975 E.01834
G1 X147.54 Y124.001 E.06035
G1 X147.624 Y124.637 E.01911
G1 X147.866 Y125.223 E.01889
G1 X148.255 Y125.734 E.01913
G1 X148.759 Y126.124 E.01899
G1 X149.353 Y126.373 E.01918
G1 X149.992 Y126.46 E.0192
G1 X150.624 Y126.379 E.01899
G1 X151.219 Y126.136 E.01914
G1 X151.733 Y125.746 E.01923
G1 X152.126 Y125.237 E.01913
G1 X152.376 Y124.637 E.01938
G1 X152.458 Y124.025 E.01838
G1 X152.458 Y121.975 E.06108
G1 X152.368 Y121.34 E.01909
G1 X152.117 Y120.749 E.01912
G1 X151.721 Y120.244 E.01912
G1 X151.208 Y119.859 E.01912
G1 X150.613 Y119.619 E.01912
G1 X149.975 Y119.542 E.01912
G1 X149.34 Y119.632 E.01911
G1 X148.786 Y119.868 E.01793
G1 E-1.3 F1800
G1 Z1.6 F18000
G1 X153.792 Y145.021 Z1.6
G1 Z1.2
G1 E1.3 F1800
;TYPE:Inner wall
;WIDTH:0.449999
G1 F7757.448
G1 X153.747 Y144.964 E.00233
G1 X153.108 Y144.496 E.02548
G1 X152.49 Y144.246 E.02144
G1 X151.827 Y144.153 E.02154
G1 X148.249 Y144.148 E.11503
G1 X147.586 Y144.23 E.02149
G1 X147.381 Y144.294 E.00692
G1 X146.761 Y144.572 E.02185
G1 X146.183 Y145.04 E.02391
G1 X145.746 Y145.642 E.02391
G1 X145.48 Y146.336 E.02391
G1 X145.403 Y147.076 E.02391
G1 X145.519 Y147.81 E.02391
G1 X145.822 Y148.489 E.02391
G1 X146.29 Y149.067 E.02391
G1 X146.892 Y149.504 E.02391
;WIDTH:0.487299
G1 F7106.32
G1 X147.121 Y149.611 E.00887
;WIDTH:0.524598
G1 F6556.033
G1 X147.35 Y149.718 E.00962
;WIDTH:0.561897
G1 F6084.846
G1 X147.579 Y149.825 E.01036
G1 X148.249 Y149.887 E.0276
;WIDTH:0.519381
G1 F6627.814
G1 X151.938 Y149.887 E.13884
G1 X152.253 Y149.807 E.01222
;WIDTH:0.48469
G1 F7148.278
G1 X152.568 Y149.727 E.01133
;WIDTH:0.449999
G1 F7757.448
G1 X153.239 Y149.428 E.02365
G1 X153.71 Y149.067 E.01907
G1 X153.96 Y148.773 E.01241
G1 X154.254 Y148.358 E.01635
G1 X154.52 Y147.664 E.02391
G1 X154.597 Y146.924 E.02391
G1 X154.481 Y146.19 E.02391
G1 X154.178 Y145.511 E.02391
G1 X153.817 Y145.053 E.01875
G1 X153.518 Y145.296 F18000
;TYPE:Outer wall
;WIDTH:0.419999
G1 F6000
G1 X153.495 Y145.266 E.00112
G1 X152.986 Y144.873 E.01914
G1 X152.399 Y144.628 E.01896
G1 X151.775 Y144.542 E.01876
G1 X148.225 Y144.542 E.10576
G1 X147.531 Y144.656 E.02095
G1 X146.999 Y144.883 E.01721
G1 X146.494 Y145.279 E.01912
G1 X146.109 Y145.792 E.01912
G1 X145.869 Y146.387 E.01912
G1 X145.792 Y147.025 E.01912
G1 X145.882 Y147.66 E.01912
G1 X146.133 Y148.251 E.01912
G1 X146.529 Y148.756 E.01912
G1 X147.042 Y149.141 E.01912
G1 X147.637 Y149.381 E.01912
G1 X148.249 Y149.46 E.01838
G1 X151.78 Y149.46 E.10517
G1 X152.418 Y149.365 E.0192
G1 X153.001 Y149.117 E.01887
G1 X153.504 Y148.723 E.01903
G1 X153.881 Y148.229 E.01851
G1 X154.128 Y147.631 E.01929
G1 X154.21 Y147 E.01894
G1 X154.126 Y146.363 E.01914
G1 X153.88 Y145.77 E.01914
G1 X153.542 Y145.328 E.01657
G1 E-1.3 F1800
G1 Z1.6 F18000
G1 X154.49 Y163.742 Z1.6
G1 Z1.2
G1 E1.3 F1800
;TYPE:Inner wall
;WIDTH:0.449999
G1 F7757.448
G1 X154.52 Y163.664 E.00268
G1 X154.597 Y162.924 E.02391
G1 X154.487 Y162.207 E.02332
G1 X154.221 Y161.576 E.02202
G1 X153.817 Y161.04 E.0216
G1 X153.479 Y160.756 E.01418
G1 X153.054 Y160.474 E.01643
G1 X152.414 Y160.23 E.02202
;WIDTH:0.486526
G1 F7118.7
G1 X152.082 Y160.172 E.0118
;WIDTH:0.523052
G1 F6577.138
G1 X151.751 Y160.113 E.01277
;WIDTH:0.519381
G1 F6627.814
G1 X148.204 Y160.113 E.1335
;WIDTH:0.561897
G1 F6084.846
G1 X147.579 Y160.175 E.02574
G1 X147.504 Y160.209 E.00338
;WIDTH:0.534419
G1 F6425.034
G1 X147.429 Y160.243 E.0032
;WIDTH:0.50694
G1 F6805.514
G1 X147.095 Y160.408 E.01365
;WIDTH:0.47847
G1 F7250.369
G1 X146.761 Y160.572 E.01281
;WIDTH:0.449999
G1 F7757.448
G1 X146.183 Y161.04 E.02391
G1 X145.746 Y161.642 E.02391
G1 X145.48 Y162.336 E.02391
G1 X145.403 Y162.924 E.01907
G1 X145.434 Y163.31 E.01243
G1 X145.519 Y163.81 E.01633
G1 X145.822 Y164.489 E.02391
G1 X146.29 Y165.067 E.02391
G1 X146.892 Y165.504 E.02391
G1 X147.51 Y165.754 E.02144
G1 X148.173 Y165.847 E.02154
G1 X151.751 Y165.852 E.11503
G1 X152.414 Y165.77 E.02149
G1 X152.619 Y165.706 E.00692
G1 X153.239 Y165.428 E.02185
G1 X153.817 Y164.96 E.02391
G1 X154.254 Y164.358 E.02391
G1 X154.476 Y163.779 E.01994
G1 X154.127 Y163.623 F18000
;TYPE:Outer wall
;WIDTH:0.419999
G1 F6000
G1 X154.131 Y163.613 E.00032
G1 X154.208 Y162.975 E.01912
G1 X154.118 Y162.34 E.01912
G1 X153.867 Y161.749 E.01912
G1 X153.471 Y161.244 E.01912
G1 X152.971 Y160.865 E.01869
G1 X152.388 Y160.624 E.01879
G1 X151.775 Y160.542 E.01842
G1 X148.225 Y160.542 E.10576
G1 X147.59 Y160.632 E.0191
G1 X146.999 Y160.883 E.01912
G1 X146.494 Y161.279 E.01912
G1 X146.109 Y161.792 E.01912
G1 X145.869 Y162.387 E.01912
G1 X145.79 Y163 E.0184
G1 X145.875 Y163.639 E.01921
G1 X146.12 Y164.23 E.01906
G1 X146.505 Y164.734 E.01889
G1 X147.014 Y165.127 E.01914
G1 X147.601 Y165.372 E.01896
G1 X148.225 Y165.458 E.01876
G1 X151.775 Y165.458 E.10576
G1 X152.469 Y165.344 E.02095
G1 X153.001 Y165.117 E.01721
G1 X153.506 Y164.721 E.01912
G1 X153.891 Y164.208 E.01912
G1 X154.112 Y163.66 E.0176
G1 E-1.3 F1800
G1 Z1.6 F18000
G1 X156.251 Y156.752 Z1.6
G1 Z1.2
G1 E1.3 F1800
;TYPE:Inner wall
;WIDTH:0.449999
G1 F7757.448
G1 X156.434 Y156.227 E.01788
G1 X156.557 Y155.638 E.01935
G1 X156.601 Y155.038 E.01935
G1 X156.566 Y154.437 E.01935
G1 X156.454 Y153.846 E.01935
G1 X156.265 Y153.274 E.01935
G1 X156.003 Y152.732 E.01935
G1 X155.673 Y152.229 E.01935
G1 X155.269 Y151.761 E.0199
G1 X154.804 Y151.351 E.01994
G1 X154.276 Y151.001 E.02037
G1 X153.726 Y150.735 E.01965
G1 X153.154 Y150.546 E.01935
G1 X152.563 Y150.434 E.01935
;WIDTH:0.493385
G1 F7010.308
G1 X152.302 Y150.395 E.00938
;WIDTH:0.53677
G1 F6394.441
G1 X152.042 Y150.356 E.01028
G1 X151.751 Y150.363 E.01135
;WIDTH:0.519381
G1 F6627.814
G1 X148.193 Y150.363 E.13389
;WIDTH:0.561897
G1 F6084.846
G1 X147.545 Y150.342 E.02659
G1 X147.426 Y150.359 E.00492
;WIDTH:0.528332
G1 F6505.597
G1 X147.307 Y150.376 E.00461
;WIDTH:0.494767
G1 F6988.858
G1 X146.714 Y150.398 E.02118
;WIDTH:0.449999
G1 F7757.448
G1 X141.999 Y150.398 E.15161
G1 X141.379 Y150.44 E.02001
G1 X140.773 Y150.566 E.0199
G1 X140.204 Y150.764 E.01935
G1 X139.667 Y151.035 E.01935
G1 X139.169 Y151.373 E.01935
G1 X138.72 Y151.774 E.01935
G1 X138.327 Y152.229 E.01935
G1 X137.997 Y152.732 E.01935
G1 X137.735 Y153.274 E.01935
G1 X137.566 Y153.773 E.01692
G1 X137.443 Y154.362 E.01935
G1 X137.399 Y154.962 E.01935
G1 X137.434 Y155.563 E.01935
G1 X137.546 Y156.154 E.01935
G1 X137.735 Y156.726 E.01935
G1 X137.997 Y157.268 E.01935
G1 X138.327 Y157.771 E.01935
G1 X138.72 Y158.226 E.01935
G1 X139.169 Y158.627 E.01935
G1 X139.667 Y158.965 E.01935
G1 X140.204 Y159.236 E.01935
G1 X140.773 Y159.434 E.01935
G1 X141.362 Y159.557 E.01935
G1 X141.961 Y159.601 E.01933
G1 X146.714 Y159.602 E.15283
;WIDTH:0.488273
G1 F7090.773
G1 X146.978 Y159.621 E.00932
;WIDTH:0.526547
G1 F6529.617
G1 X147.243 Y159.64 E.01012
;WIDTH:0.56482
G1 F6050.766
G1 X147.507 Y159.659 E.01092
G1 X148.249 Y159.637 E.03063
;WIDTH:0.519381
G1 F6627.814
G1 X152.072 Y159.637 E.14386
G1 X152.317 Y159.602 E.00934
;WIDTH:0.48469
G1 F7148.278
G1 X152.563 Y159.566 E.00866
;WIDTH:0.449999
G1 F7757.448
G1 X153.154 Y159.454 E.01935
G1 X153.726 Y159.265 E.01935
G1 X154.268 Y159.003 E.01935
G1 X154.771 Y158.673 E.01935
G1 X155.226 Y158.28 E.01935
G1 X155.627 Y157.831 E.01935
G1 X155.965 Y157.333 E.01935
G1 X156.236 Y156.796 E.01935
G1 X156.238 Y156.79 E.00019
G1 X155.884 Y156.622 F18000
;TYPE:Outer wall
;WIDTH:0.419999
G1 F6000
G1 X156.063 Y156.101 E.0164
G1 X156.172 Y155.562 E.0164
G1 X156.21 Y155.012 E.0164
G1 X156.175 Y154.463 E.0164
G1 X156.069 Y153.922 E.0164
G1 X155.894 Y153.4 E.0164
G1 X155.652 Y152.906 E.0164
G1 X155.347 Y152.447 E.0164
G1 X154.985 Y152.032 E.0164
G1 X154.572 Y151.668 E.0164
G1 X154.116 Y151.361 E.0164
G1 X153.622 Y151.116 E.0164
G1 X153.101 Y150.937 E.0164
G1 X152.562 Y150.828 E.0164
G1 X152.013 Y150.79 E.01638
G1 X141.999 Y150.79 E.29827
G1 X141.463 Y150.825 E.01601
G1 X140.924 Y150.93 E.01635
G1 X140.4 Y151.106 E.01645
G1 X139.906 Y151.348 E.0164
G1 X139.447 Y151.653 E.0164
G1 X139.032 Y152.015 E.0164
G1 X138.668 Y152.428 E.0164
G1 X138.361 Y152.885 E.0164
G1 X138.106 Y153.4 E.01713
G1 X137.937 Y153.899 E.01567
G1 X137.828 Y154.438 E.0164
G1 X137.79 Y154.988 E.0164
G1 X137.825 Y155.537 E.0164
G1 X137.931 Y156.078 E.0164
G1 X138.106 Y156.6 E.0164
G1 X138.348 Y157.094 E.0164
G1 X138.653 Y157.553 E.0164
G1 X139.015 Y157.968 E.0164
G1 X139.428 Y158.332 E.0164
G1 X139.884 Y158.639 E.0164
G1 X140.378 Y158.884 E.0164
G1 X140.899 Y159.063 E.0164
G1 X141.438 Y159.172 E.0164
G1 X141.987 Y159.21 E.01638
G1 X152.001 Y159.21 E.29827
G1 X152.537 Y159.175 E.01601
G1 X153.078 Y159.069 E.0164
G1 X153.6 Y158.894 E.0164
G1 X154.094 Y158.652 E.0164
G1 X154.553 Y158.347 E.0164
G1 X154.968 Y157.985 E.0164
G1 X155.332 Y157.572 E.0164
G1 X155.639 Y157.116 E.0164
G1 X155.867 Y156.658 E.01521
G1 E-1.3 F1800
G1 Z1.6 F18000
G1 X150.737 Y183.252 Z1.6
G1 Z1.2
G1 E1.3 F1800
;TYPE:Inner wall
;WIDTH:0.449999
G1 F7757.448
G1 X150.612 Y183.223 E.00413
G1 X149.924 Y183.153 E.02222
G1 X149.19 Y183.269 E.0239
G1 X148.511 Y183.572 E.02392
G1 X147.933 Y184.04 E.02391
G1 X147.496 Y184.642 E.02391
G1 X147.23 Y185.336 E.02391
G1 X147.148 Y185.999 E.02148
G1 X147.153 Y188.077 E.0668
G1 X147.269 Y188.81 E.02388
G1 X147.572 Y189.489 E.02391
G1 X148.04 Y190.067 E.02391
G1 X148.642 Y190.504 E.02391
G1 X149.336 Y190.77 E.0239
M73 P43 R11
G1 X150.076 Y190.847 E.02391
G1 X150.81 Y190.731 E.02391
G1 X151.489 Y190.428 E.02391
G1 X152.067 Y189.96 E.02391
G1 X152.504 Y189.358 E.02391
G1 X152.77 Y188.664 E.02391
G1 X152.852 Y188.001 E.02148
G1 X152.847 Y185.923 E.0668
G1 X152.731 Y185.19 E.02388
G1 X152.428 Y184.511 E.02391
G1 X151.96 Y183.933 E.02391
G1 X151.427 Y183.531 E.02146
G1 X150.81 Y183.269 E.02155
G1 X150.776 Y183.261 E.00114
G1 X150.603 Y183.621 F18000
;TYPE:Outer wall
;WIDTH:0.419999
G1 F6000
G1 X150.008 Y183.54 E.01787
G1 X149.376 Y183.621 E.01899
G1 X148.781 Y183.864 E.01915
G1 X148.267 Y184.254 E.01923
G1 X147.874 Y184.763 E.01913
G1 X147.624 Y185.363 E.01938
G1 X147.542 Y185.975 E.01838
G1 X147.542 Y188.025 E.06108
G1 X147.632 Y188.66 E.01909
G1 X147.883 Y189.251 E.01912
G1 X148.279 Y189.756 E.01912
G1 X148.792 Y190.141 E.01912
G1 X149.387 Y190.381 E.01912
G1 X150.025 Y190.458 E.01912
G1 X150.66 Y190.368 E.01912
G1 X151.251 Y190.117 E.01912
G1 X151.756 Y189.721 E.01912
G1 X152.131 Y189.229 E.01842
G1 X152.377 Y188.635 E.01914
G1 X152.458 Y188.025 E.01834
G1 X152.46 Y185.999 E.06035
G1 X152.376 Y185.363 E.01911
G1 X152.134 Y184.777 E.01889
G1 X151.745 Y184.266 E.01913
G1 X151.241 Y183.876 E.01899
G1 X150.647 Y183.627 E.01918
G1 X150.642 Y183.626 E.00013
G1 E-1.3 F1800
G1 Z1.6 F18000
G1 X166.215 Y193.304 Z1.6
G1 Z1.2
G1 E1.3 F1800
;TYPE:Internal solid infill
;WIDTH:0.419999
G1 F8374.623
G1 X163.5 Y196.019 E.11438
G1 X162.918 Y196.067 E.01737
G1 X166.067 Y192.918 E.13263
G1 X166.067 Y192.385 E.01588
G1 X162.385 Y196.067 E.15509
G1 X161.852 Y196.067 E.01588
G1 X166.067 Y191.852 E.17755
G1 X166.067 Y191.319 E.01588
G1 X161.319 Y196.067 E.20002
G1 X160.785 Y196.067 E.01588
G1 X166.067 Y190.785 E.22248
G1 X166.067 Y190.252 E.01588
G1 X160.252 Y196.067 E.24494
G1 X159.719 Y196.067 E.01588
G1 X166.067 Y189.719 E.26741
G1 X166.067 Y189.186 E.01588
G1 X159.186 Y196.067 E.28987
G1 X158.652 Y196.067 E.01588
G1 X166.067 Y188.652 E.31234
G1 X166.067 Y188.119 E.01588
G1 X158.119 Y196.067 E.3348
G1 X157.586 Y196.067 E.01588
G1 X166.067 Y187.586 E.35726
G1 X166.067 Y187.053 E.01588
G1 X157.053 Y196.067 E.37973
G1 X156.519 Y196.067 E.01588
G1 X166.067 Y186.519 E.40219
G1 X166.067 Y185.986 E.01588
G1 X155.986 Y196.067 E.42465
G1 X155.453 Y196.067 E.01588
G1 X166.067 Y185.453 E.44712
G1 X166.067 Y184.919 E.01588
G1 X154.919 Y196.067 E.46958
G1 X154.386 Y196.067 E.01588
G1 X166.067 Y184.386 E.49205
G1 X166.067 Y183.853 E.01588
G1 X153.853 Y196.067 E.51451
G1 X153.32 Y196.067 E.01588
G1 X166.067 Y183.32 E.53697
G1 X166.067 Y182.786 E.01588
G1 X152.786 Y196.067 E.55944
G1 X152.253 Y196.067 E.01588
G1 X166.067 Y182.253 E.5819
G1 X166.067 Y181.72 E.01588
G1 X151.72 Y196.067 E.60436
G1 X151.187 Y196.067 E.01588
G1 X166.067 Y181.187 E.62683
G1 X166.067 Y180.653 E.01588
G1 X150.653 Y196.067 E.64929
G1 X150.12 Y196.067 E.01588
G1 X166.067 Y180.12 E.67176
G1 X166.067 Y179.587 E.01588
G1 X149.587 Y196.067 E.69422
G1 X149.053 Y196.067 E.01588
G1 X166.067 Y179.053 E.71668
G1 X166.067 Y178.52 E.01588
G1 X148.52 Y196.067 E.73915
G1 X147.987 Y196.067 E.01588
G1 X166.067 Y177.987 E.76161
G1 X166.067 Y177.454 E.01588
G1 X147.454 Y196.067 E.78407
G1 X146.92 Y196.067 E.01588
G1 X166.067 Y176.92 E.80654
G1 X166.067 Y176.387 E.01588
G1 X146.387 Y196.067 E.829
G1 X145.854 Y196.067 E.01588
G1 X150.862 Y191.059 E.21096
G1 X150.749 Y191.092 E.00349
G1 X150.232 Y191.155 E.01552
G1 X145.321 Y196.067 E.20689
G1 X144.787 Y196.067 E.01588
G1 X149.706 Y191.148 E.2072
G1 X149.237 Y191.084 E.0141
G1 X144.254 Y196.067 E.2099
G1 X143.721 Y196.067 E.01588
G1 X148.843 Y190.945 E.21576
G1 X148.47 Y190.784 E.01209
G1 X143.187 Y196.067 E.22252
G1 X142.654 Y196.067 E.01588
G1 X148.152 Y190.569 E.23158
G1 X147.85 Y190.338 E.01133
G1 X142.121 Y196.067 E.24133
G1 X141.588 Y196.067 E.01588
G1 X147.594 Y190.061 E.253
G1 X147.362 Y189.759 E.01133
G1 X141.054 Y196.067 E.26571
G1 X140.521 Y196.067 E.01588
G1 X147.166 Y189.422 E.27989
G1 X147.013 Y189.042 E.01221
G1 X139.988 Y196.067 E.29592
G1 X139.455 Y196.067 E.01588
G1 X146.897 Y188.624 E.31352
G1 X146.836 Y188.153 E.01417
G1 X138.921 Y196.067 E.33339
G1 X138.388 Y196.067 E.01588
G1 X146.818 Y187.637 E.35511
G1 X146.82 Y187.102 E.01594
G1 X137.855 Y196.067 E.37765
G1 X137.322 Y196.067 E.01588
G1 X146.821 Y186.567 E.40018
G1 X146.823 Y186.032 E.01594
G1 X136.803 Y196.052 E.42209
G1 X136.6 Y196.039 E.00606
G1 X136.336 Y195.986 E.00802
G1 X147.088 Y185.234 E.45292
G1 E-1.3 F1800
G1 Z1.6 F18000
G1 X152.747 Y189.173 Z1.6
G1 Z1.2
G1 E1.3 F1800
G1 F8374.623
G1 X166.067 Y175.854 E.56108
G1 X166.067 Y175.321 E.01588
G1 X153.16 Y188.227 E.54369
G1 X153.176 Y188.112 E.00346
G1 X153.178 Y187.676 E.01298
G1 X166.067 Y174.787 E.54295
G1 X166.067 Y174.254 E.01588
G1 X153.179 Y187.141 E.54288
G1 X153.181 Y186.607 E.01594
G1 X166.067 Y173.721 E.54281
G1 X166.067 Y173.187 E.01588
G1 X153.183 Y186.072 E.54273
G1 X153.13 Y185.591 E.0144
G1 X166.067 Y172.654 E.54495
G1 X166.067 Y172.121 E.01588
G1 X153.057 Y185.13 E.54802
G1 X152.904 Y184.75 E.01221
G1 X166.067 Y171.588 E.55447
G1 X166.067 Y171.054 E.01588
G1 X152.736 Y184.386 E.56157
G1 X152.508 Y184.08 E.01135
G1 X166.067 Y170.521 E.57115
G1 X166.067 Y169.988 E.01588
G1 X152.272 Y183.783 E.5811
G1 X152.224 Y183.722 E.0023
G1 X151.983 Y183.539 E.00903
G1 X166.067 Y169.455 E.59329
G1 X166.067 Y168.921 E.01588
G1 X151.68 Y183.309 E.60606
G1 X151.594 Y183.244 E.0032
G1 X151.326 Y183.129 E.00869
G1 X166.067 Y168.388 E.62097
G1 X166.067 Y167.855 E.01588
G1 X150.952 Y182.97 E.63672
G1 X150.73 Y182.905 E.00689
G1 X150.509 Y182.88 E.00662
G1 X166.067 Y167.322 E.65537
G1 X166.067 Y166.788 E.01588
G1 X150.031 Y182.824 E.67551
G1 X149.965 Y182.817 E.00199
G1 X149.433 Y182.889 E.01598
G1 X166.067 Y166.255 E.70069
G1 X166.067 Y165.722 E.01588
G1 X148.643 Y183.145 E.73395
G1 X148.406 Y183.243 E.00764
G1 X147.776 Y183.722 E.02359
G1 X147.262 Y184.376 E.02478
G1 X147.151 Y184.637 E.00844
G1 X135.924 Y195.865 E.47294
G1 X135.557 Y195.698 E.012
G1 X166.067 Y165.188 E1.28522
G1 X166.067 Y164.655 E.01588
M73 P44 R11
G1 X135.228 Y195.494 E1.29908
G1 X134.933 Y195.255 E.01129
G1 X166.067 Y164.122 E1.31148
G1 X166.067 Y163.589 E.01588
G1 X134.672 Y194.984 E1.3225
G1 X134.568 Y194.866 E.00467
G1 X134.444 Y194.679 E.0067
G1 X166.067 Y163.055 E1.33212
G1 X166.067 Y162.522 E.01588
G1 X134.25 Y194.339 E1.34026
G1 X134.168 Y194.173 E.00551
G1 X134.096 Y193.96 E.00671
G1 X166.067 Y161.989 E1.34676
G1 X166.067 Y161.456 E.01588
G1 X133.988 Y193.534 E1.35131
G1 X133.961 Y193.4 E.00408
G1 X133.938 Y193.051 E.01043
G1 X166.067 Y160.922 E1.3534
G1 X166.067 Y160.389 E.01588
G1 X133.933 Y192.523 E1.35362
G1 X133.933 Y191.99 E.01588
G1 X166.067 Y159.856 E1.35362
G1 X166.067 Y159.322 E.01588
G1 X133.933 Y191.456 E1.35362
G1 X133.933 Y190.923 E.01588
G1 X166.067 Y158.789 E1.35362
G1 X166.067 Y158.256 E.01588
G1 X133.933 Y190.39 E1.35362
G1 X133.933 Y189.856 E.01588
G1 X166.067 Y157.723 E1.35362
G1 X166.067 Y157.189 E.01588
G1 X133.933 Y189.323 E1.35362
G1 X133.933 Y188.79 E.01588
G1 X166.067 Y156.656 E1.35362
G1 X166.067 Y156.123 E.01588
G1 X133.933 Y188.257 E1.35362
G1 X133.933 Y187.723 E.01588
G1 X166.067 Y155.59 E1.35362
G1 X166.067 Y155.056 E.01588
G1 X133.933 Y187.19 E1.35362
G1 X133.933 Y186.657 E.01588
G1 X166.067 Y154.523 E1.35362
G1 X166.067 Y153.99 E.01588
G1 X133.933 Y186.124 E1.35362
G1 X133.933 Y185.59 E.01588
G1 X166.067 Y153.457 E1.35362
G1 X166.067 Y152.923 E.01588
G1 X154.585 Y164.405 E.48368
G1 X154.507 Y164.593 E.00606
G1 X154.075 Y165.167 E.02141
G1 X153.918 Y165.325 E.00662
G1 X153.369 Y165.741 E.02052
G1 X153.157 Y165.833 E.00687
G1 X133.933 Y185.057 E.80981
G1 X133.933 Y184.524 E.01588
G1 X152.346 Y166.111 E.77562
G1 X151.741 Y166.183 E.01814
G1 X133.933 Y183.99 E.75014
G1 X133.933 Y183.457 E.01588
G1 X151.208 Y166.182 E.72772
G1 X150.676 Y166.181 E.01586
G1 X133.933 Y182.924 E.70529
G1 X133.933 Y182.391 E.01588
G1 X150.144 Y166.18 E.68287
G1 X149.612 Y166.179 E.01586
G1 X133.933 Y181.857 E.66045
G1 X133.933 Y181.324 E.01588
G1 X149.079 Y166.178 E.63802
G1 X148.547 Y166.177 E.01586
G1 X133.933 Y180.791 E.6156
G1 X133.933 Y180.258 E.01588
G1 X148.03 Y166.161 E.59381
G1 X147.563 Y166.095 E.01405
G1 X133.933 Y179.724 E.57414
G1 X133.933 Y179.191 E.01588
G1 X147.157 Y165.967 E.55704
G1 X146.777 Y165.814 E.0122
G1 X133.933 Y178.658 E.54104
G1 X133.933 Y178.125 E.01588
G1 X146.452 Y165.606 E.52736
G1 X146.155 Y165.37 E.01131
G1 X133.933 Y177.591 E.51483
G1 X133.933 Y177.058 E.01588
G1 X145.883 Y165.108 E.50338
G1 X145.65 Y164.808 E.01132
G1 X133.933 Y176.525 E.49358
G1 X133.933 Y175.991 E.01588
G1 X145.44 Y164.484 E.48474
G1 X145.287 Y164.105 E.0122
G1 X133.933 Y175.458 E.47826
G1 X133.933 Y174.925 E.01588
G1 X145.158 Y163.7 E.47285
G1 X145.091 Y163.234 E.01403
G1 X133.933 Y174.392 E.47003
G1 X133.933 Y173.858 E.01588
M73 P45 R11
G1 X145.1 Y162.692 E.47038
G1 X145.153 Y162.285 E.01223
G1 X145.227 Y162.031 E.00786
G1 X133.933 Y173.325 E.47574
G1 X133.933 Y172.792 E.01588
G1 X146.784 Y159.94 E.54136
G1 X146.259 Y159.933 E.01567
G1 X133.933 Y172.259 E.5192
G1 X133.933 Y171.725 E.01588
G1 X145.725 Y159.933 E.49674
G1 X145.192 Y159.933 E.01588
G1 X133.933 Y171.192 E.47428
G1 X133.933 Y170.659 E.01588
G1 X144.659 Y159.933 E.45181
G1 X144.125 Y159.933 E.01588
G1 X133.933 Y170.125 E.42935
G1 X133.933 Y169.592 E.01588
G1 X143.592 Y159.933 E.40689
G1 X143.059 Y159.933 E.01588
G1 X133.933 Y169.059 E.38442
G1 X133.933 Y168.526 E.01588
G1 X142.526 Y159.933 E.36196
G1 X141.993 Y159.933 E.01588
G1 X133.933 Y167.992 E.3395
G1 X133.933 Y167.459 E.01588
G1 X141.491 Y159.902 E.31836
G1 X141.036 Y159.823 E.01373
G1 X133.933 Y166.926 E.29922
G1 X133.933 Y166.393 E.01588
G1 X140.6 Y159.725 E.28085
G1 X140.202 Y159.59 E.01252
G1 X133.933 Y165.859 E.26408
G1 X133.933 Y165.326 E.01588
G1 X139.838 Y159.421 E.24874
G1 X139.488 Y159.238 E.01176
G1 X133.933 Y164.793 E.23401
G1 X133.933 Y164.259 E.01588
G1 X139.166 Y159.027 E.22042
G1 X139.039 Y158.944 E.00451
G1 X138.866 Y158.793 E.00684
G1 X133.933 Y163.726 E.20781
G1 X133.933 Y163.193 E.01588
G1 X138.582 Y158.544 E.19584
G1 X138.476 Y158.451 E.00421
G1 X138.322 Y158.271 E.00705
G1 X133.933 Y162.66 E.18487
G1 X133.933 Y162.126 E.01588
G1 X138.076 Y157.984 E.1745
G1 X137.862 Y157.664 E.01145
G1 X133.933 Y161.593 E.1655
G1 X133.933 Y161.06 E.01588
G1 X137.66 Y157.333 E.15699
G1 X137.484 Y156.976 E.01186
G1 X133.933 Y160.527 E.14957
G1 X133.933 Y159.993 E.01588
G1 X137.341 Y156.586 E.14355
G1 X137.25 Y156.327 E.00816
G1 X137.218 Y156.175 E.00463
G1 X133.933 Y159.46 E.13837
G1 X133.933 Y158.927 E.01588
G1 X137.125 Y155.734 E.13447
G1 X137.084 Y155.242 E.01471
G1 X133.933 Y158.394 E.13274
G1 X133.933 Y157.86 E.01588
G1 X137.085 Y154.708 E.13277
G1 X137.104 Y154.408 E.00897
G1 X137.162 Y154.098 E.00939
G1 X133.933 Y157.327 E.13601
G1 X133.933 Y156.794 E.01588
G1 X137.654 Y153.072 E.15676
G1 E-1.3 F1800
G1 Z1.6 F18000
G1 X143.157 Y150.237 Z1.6
G1 Z1.2
G1 E1.3 F1800
G1 F8374.623
G1 X145.285 Y148.108 E.08965
G1 X145.21 Y147.929 E.00578
G1 X145.152 Y147.708 E.00682
G1 X142.793 Y150.067 E.09938
G1 X142.26 Y150.067 E.01588
G1 X145.094 Y147.232 E.1194
G1 X145.066 Y146.999 E.007
G1 X145.108 Y146.686 E.00942
G1 X141.527 Y150.266 E.15083
G1 E-1.3 F1800
G1 Z1.6 F18000
G1 X154.649 Y163.808 Z1.6
G1 Z1.2
G1 E1.3 F1800
G1 F8374.623
G1 X166.067 Y152.39 E.48098
G1 X166.067 Y151.857 E.01588
G1 X154.933 Y162.991 E.46901
G1 X154.875 Y162.516 E.01426
G1 X166.067 Y151.323 E.47146
G1 X166.067 Y150.79 E.01588
G1 X154.788 Y162.069 E.47511
G1 X154.632 Y161.692 E.01216
G1 X166.067 Y150.257 E.48168
G1 X166.067 Y149.724 E.01588
G1 X154.457 Y161.334 E.48906
G1 X154.226 Y161.031 E.01133
G1 X166.067 Y149.19 E.49879
G1 X166.067 Y148.657 E.01588
G1 X153.984 Y160.74 E.50901
G1 X153.686 Y160.504 E.01131
G1 X166.067 Y148.124 E.52152
G1 X166.067 Y147.591 E.01588
G1 X156.353 Y157.305 E.4092
G1 X156.297 Y157.42 E.00383
G1 X155.918 Y157.999 E.0206
G1 X155.451 Y158.524 E.02094
G1 X155.006 Y158.912 E.01756
G1 X154.511 Y159.245 E.01778
G1 X154.311 Y159.346 E.00666
G1 X153.258 Y160.399 E.04436
G1 X156.455 Y156.67 F18000
G1 F8374.623
G1 X166.067 Y147.057 E.40491
G1 X166.067 Y146.524 E.01588
G1 X156.871 Y155.72 E.38737
G1 X156.896 Y155.593 E.00386
G1 X156.925 Y155.133 E.01373
G1 X166.067 Y145.991 E.38509
G1 X166.067 Y145.457 E.01588
G1 X156.909 Y154.615 E.38576
G1 X156.896 Y154.407 E.0062
G1 X156.844 Y154.147 E.00792
G1 X166.067 Y144.924 E.38849
G1 X166.067 Y144.391 E.01588
G1 X156.756 Y153.702 E.39222
G1 X156.621 Y153.304 E.01252
G1 X166.067 Y143.858 E.39793
G1 X166.067 Y143.324 E.01588
G1 X156.467 Y152.924 E.40439
G1 X156.29 Y152.568 E.01185
G1 X166.067 Y142.791 E.41186
G1 X166.067 Y142.258 E.01588
G1 X156.076 Y152.249 E.42086
G1 X155.859 Y151.932 E.01143
G1 X166.067 Y141.725 E.42999
G1 X166.067 Y141.191 E.01588
G1 X155.61 Y151.649 E.44051
G1 X155.342 Y151.383 E.01123
G1 X166.067 Y140.658 E.45177
G1 X166.067 Y140.125 E.01588
G1 X155.059 Y151.133 E.4637
G1 X154.742 Y150.917 E.01143
G1 X166.067 Y139.591 E.47706
G1 X166.067 Y139.058 E.01588
G1 X154.422 Y150.704 E.49055
G1 X154.064 Y150.527 E.01186
G1 X166.067 Y138.525 E.5056
G1 X166.067 Y137.992 E.01588
G1 X153.683 Y150.375 E.52165
G1 X153.284 Y150.241 E.01254
G1 X166.067 Y137.458 E.53846
G1 X166.067 Y136.925 E.01588
G1 X154.768 Y148.224 E.47595
G1 X154.692 Y148.147 E.00321
G1 X154.832 Y147.797 E.01123
G1 X154.857 Y147.601 E.00589
G1 X166.067 Y136.392 E.4722
G1 X166.067 Y135.859 E.01588
G1 X154.933 Y146.992 E.469
G1 X154.871 Y146.521 E.01416
G1 X166.067 Y135.325 E.47162
G1 X166.067 Y134.792 E.01588
G1 X154.784 Y146.075 E.47529
G1 X154.628 Y145.698 E.01216
G1 X166.067 Y134.259 E.48187
G1 X166.067 Y133.726 E.01588
G1 X154.455 Y145.338 E.48915
G1 X154.226 Y145.033 E.01134
G1 X166.067 Y133.192 E.4988
G1 X166.067 Y132.659 E.01588
G1 X153.984 Y144.742 E.50899
G1 X153.69 Y144.503 E.01129
G1 X166.067 Y132.126 E.52137
G1 X166.067 Y131.592 E.01588
G1 X153.387 Y144.272 E.53414
G1 X153.019 Y144.107 E.01202
G1 X166.067 Y131.059 E.54965
G1 X166.067 Y130.526 E.01588
G1 X152.643 Y143.95 E.56549
G1 X152.495 Y143.908 E.00457
G1 X152.191 Y143.868 E.00913
G1 X166.067 Y129.993 E.5845
G1 X166.067 Y129.459 E.01588
G1 X151.708 Y143.819 E.60488
G1 X151.175 Y143.818 E.01586
G1 X166.067 Y128.926 E.62731
G1 X166.067 Y128.393 E.01588
G1 X150.642 Y143.817 E.64975
G1 X150.109 Y143.817 E.01588
G1 X166.067 Y127.86 E.67221
G1 X166.067 Y127.326 E.01588
G1 X149.576 Y143.818 E.69469
G1 X149.042 Y143.818 E.0159
G1 X166.067 Y126.793 E.71717
M73 P46 R11
G1 X166.067 Y126.26 E.01588
G1 X148.508 Y143.819 E.73966
G1 X148.187 Y143.819 E.00956
G1 X147.943 Y143.85 E.00733
G1 X166.067 Y125.726 E.76346
G1 X166.067 Y125.193 E.01588
G1 X147.281 Y143.979 E.79133
G1 X146.692 Y144.224 E.01902
G1 X146.083 Y144.675 E.02257
G1 X145.926 Y144.832 E.00663
G1 X145.554 Y145.316 E.01816
G1 X145.444 Y145.508 E.00661
G1 X145.233 Y146.027 E.01667
G1 X141.098 Y150.162 E.17419
G1 X140.774 Y150.223 E.00983
G1 X140.365 Y150.361 E.01285
G1 X166.067 Y124.66 E1.08266
G1 X166.067 Y124.127 E.01588
G1 X133.933 Y156.26 E1.35362
G1 X133.933 Y155.727 E.01588
G1 X166.067 Y123.593 E1.35362
G1 X166.067 Y123.06 E.01588
G1 X133.933 Y155.194 E1.35362
G1 X133.933 Y154.661 E.01588
G1 X166.067 Y122.527 E1.35362
G1 X166.067 Y121.994 E.01588
G1 X133.933 Y154.127 E1.35362
G1 X133.933 Y153.594 E.01588
G1 X166.067 Y121.46 E1.35362
G1 X166.067 Y120.927 E.01588
G1 X133.933 Y153.061 E1.35362
G1 X133.933 Y152.528 E.01588
G1 X166.067 Y120.394 E1.35362
G1 X166.067 Y119.86 E.01588
G1 X133.933 Y151.994 E1.35362
G1 X133.933 Y151.461 E.01588
G1 X166.067 Y119.327 E1.35362
G1 X166.067 Y118.794 E.01588
G1 X133.933 Y150.928 E1.35362
G1 X133.933 Y150.394 E.01588
G1 X166.067 Y118.261 E1.35362
G1 X166.067 Y117.727 E.01588
G1 X133.933 Y149.861 E1.35362
G1 X133.933 Y149.328 E.01588
G1 X166.067 Y117.194 E1.35362
G1 X166.044 Y116.684 E.01522
G1 X133.933 Y148.795 E1.35266
G1 X133.933 Y148.261 E.01588
G1 X165.965 Y116.23 E1.34933
G1 X165.96 Y116.207 E.00069
G1 X165.832 Y115.829 E.01188
G1 X133.933 Y147.728 E1.34374
G1 X133.933 Y147.195 E.01588
G1 X165.656 Y115.472 E1.33632
G1 X165.443 Y115.152 E.01146
G1 X133.933 Y146.662 E1.32734
G1 X133.933 Y146.128 E.01588
G1 X165.196 Y114.866 E1.31693
G1 X164.916 Y114.612 E.01125
G1 X133.933 Y145.595 E1.30513
G1 X133.933 Y145.062 E.01588
G1 X164.602 Y114.392 E1.29193
G1 X164.253 Y114.208 E.01175
G1 X133.933 Y144.529 E1.27723
G1 X133.933 Y143.995 E.01588
G1 X150.874 Y127.055 E.71362
G1 X150.82 Y127.077 E.00173
G1 X150.243 Y127.152 E.01734
G1 X133.933 Y143.462 E.68703
G1 X133.933 Y142.929 E.01588
G1 X149.715 Y127.147 E.6648
G1 X149.243 Y127.085 E.01416
G1 X133.933 Y142.395 E.64494
G1 X133.933 Y141.862 E.01588
G1 X148.851 Y126.944 E.62841
G1 X148.475 Y126.787 E.01214
G1 X133.933 Y141.329 E.61256
G1 X133.933 Y140.796 E.01588
M73 P46 R10
G1 X148.158 Y126.571 E.59922
G1 X147.861 Y126.335 E.01131
G1 X133.933 Y140.262 E.58669
G1 X133.933 Y139.729 E.01588
G1 X147.599 Y126.063 E.57568
G1 X147.367 Y125.761 E.01133
G1 X133.933 Y139.196 E.56592
G1 X133.933 Y138.663 E.01588
G1 X147.174 Y125.422 E.55777
G1 X147.013 Y125.05 E.01208
G1 X133.933 Y138.129 E.55097
G1 X133.933 Y137.596 E.01588
G1 X146.894 Y124.635 E.54598
G1 X146.836 Y124.16 E.01425
G1 X133.933 Y137.063 E.54351
G1 X133.933 Y136.529 E.01588
G1 X146.818 Y123.645 E.54277
G1 X146.82 Y123.11 E.01594
M73 P47 R10
G1 X133.933 Y135.996 E.54284
G1 X133.933 Y135.463 E.01588
G1 X146.821 Y122.575 E.54292
G1 X146.823 Y122.04 E.01594
G1 X133.933 Y134.93 E.54299
G1 X133.933 Y134.396 E.01588
G1 X147.086 Y121.244 E.55404
G1 E-1.3 F1800
G1 Z1.6 F18000
G1 X152.737 Y125.192 Z1.6
G1 Z1.2
G1 E1.3 F1800
G1 F8374.623
G1 X163.865 Y114.064 E.46876
G1 X163.428 Y113.967 E.01332
G1 X153.159 Y124.236 E.43259
G1 X153.176 Y124.112 E.00373
G1 X153.178 Y123.684 E.01276
G1 X162.929 Y113.933 E.41076
G1 X162.395 Y113.933 E.01588
G1 X153.179 Y123.149 E.38822
G1 X153.181 Y122.614 E.01594
G1 X161.862 Y113.933 E.36568
G1 X161.329 Y113.933 E.01588
G1 X153.183 Y122.079 E.34315
G1 X153.132 Y121.597 E.01444
G1 X160.796 Y113.933 E.32285
G1 X160.262 Y113.933 E.01588
G1 X153.059 Y121.136 E.30344
G1 X152.906 Y120.756 E.01221
G1 X159.729 Y113.933 E.28741
G1 X159.196 Y113.933 E.01588
G1 X152.739 Y120.39 E.27201
G1 X152.515 Y120.081 E.01138
G1 X158.663 Y113.933 E.25896
G1 X158.129 Y113.933 E.01588
G1 X152.277 Y119.785 E.24651
G1 X151.99 Y119.539 E.01127
G1 X157.596 Y113.933 E.23615
G1 X157.063 Y113.933 E.01588
G1 X151.688 Y119.308 E.2264
G1 X151.492 Y119.194 E.00675
G1 X151.334 Y119.128 E.00509
G1 X156.529 Y113.933 E.21884
G1 X155.996 Y113.933 E.01588
G1 X150.957 Y118.972 E.21227
G1 X150.715 Y118.903 E.00749
G1 X150.519 Y118.877 E.0059
G1 X155.463 Y113.933 E.20827
G1 X154.93 Y113.933 E.01588
G1 X150.039 Y118.824 E.20601
G1 X149.889 Y118.824 E.00447
G1 X149.447 Y118.882 E.01328
G1 X154.396 Y113.933 E.20848
G1 X153.863 Y113.933 E.01588
G1 X148.669 Y119.127 E.21878
G1 X148.508 Y119.194 E.00521
G1 X148.316 Y119.304 E.0066
G1 X147.832 Y119.676 E.01816
G1 X147.675 Y119.833 E.00661
G1 X147.24 Y120.412 E.02158
G1 X147.139 Y120.657 E.0079
G1 X133.933 Y133.863 E.55629
G1 X133.933 Y133.33 E.01588
G1 X153.33 Y113.933 E.81708
G1 X152.797 Y113.933 E.01588
G1 X133.933 Y132.797 E.79461
G1 X133.933 Y132.263 E.01588
G1 X152.263 Y113.933 E.77215
G1 X151.73 Y113.933 E.01588
G1 X133.933 Y131.73 E.74969
G1 X133.933 Y131.197 E.01588
G1 X151.197 Y113.933 E.72722
G1 X150.663 Y113.933 E.01588
G1 X133.933 Y130.663 E.70476
G1 X133.933 Y130.13 E.01588
G1 X150.13 Y113.933 E.6823
G1 X149.597 Y113.933 E.01588
G1 X133.933 Y129.597 E.65983
G1 X133.933 Y129.064 E.01588
G1 X149.064 Y113.933 E.63737
G1 X148.53 Y113.933 E.01588
G1 X133.933 Y128.53 E.6149
G1 X133.933 Y127.997 E.01588
G1 X147.997 Y113.933 E.59244
G1 X147.464 Y113.933 E.01588
G1 X133.933 Y127.464 E.56998
G1 X133.933 Y126.931 E.01588
G1 X146.931 Y113.933 E.54751
G1 X146.397 Y113.933 E.01588
G1 X133.933 Y126.397 E.52505
G1 X133.933 Y125.864 E.01588
G1 X145.864 Y113.933 E.50259
G1 X145.331 Y113.933 E.01588
G1 X133.933 Y125.331 E.48012
G1 X133.933 Y124.798 E.01588
G1 X144.798 Y113.933 E.45766
G1 X144.264 Y113.933 E.01588
G1 X133.933 Y124.264 E.43519
G1 X133.933 Y123.731 E.01588
G1 X143.731 Y113.933 E.41273
G1 X143.198 Y113.933 E.01588
G1 X133.933 Y123.198 E.39027
G1 X133.933 Y122.664 E.01588
G1 X142.664 Y113.933 E.3678
G1 X142.131 Y113.933 E.01588
G1 X133.933 Y122.131 E.34534
G1 X133.933 Y121.598 E.01588
G1 X141.598 Y113.933 E.32288
G1 X141.065 Y113.933 E.01588
G1 X133.933 Y121.065 E.30041
G1 X133.933 Y120.531 E.01588
G1 X140.531 Y113.933 E.27795
G1 X139.998 Y113.933 E.01588
G1 X133.933 Y119.998 E.25548
G1 X133.933 Y119.465 E.01588
G1 X139.465 Y113.933 E.23302
G1 X138.932 Y113.933 E.01588
G1 X133.933 Y118.932 E.21056
G1 X133.933 Y118.398 E.01588
G1 X138.398 Y113.933 E.18809
G1 X137.865 Y113.933 E.01588
G1 X133.933 Y117.865 E.16563
G1 X133.933 Y117.332 E.01588
G1 X137.332 Y113.933 E.14317
G1 X136.782 Y113.949 E.01638
G1 X133.949 Y116.782 E.11933
G1 X133.961 Y116.6 E.00544
G1 X134.064 Y116.134 E.01421
G1 X136.363 Y113.835 E.09683
G1 X149.261 Y118.932 F18000
;TYPE:Gap infill
;WIDTH:0.14155
G1 F1800
G1 X148.964 Y119.118 E.00273
G1 X149.308 Y119.027 F18000
;WIDTH:0.0900418
G1 F1800
G1 X149.125 Y118.938 E.00076
G1 E-1.3
G1 Z1.6 F18000
G1 X152.821 Y125.276 Z1.6
G1 Z1.2
G1 E1.3 F1800
;WIDTH:0.140504
G1 X152.748 Y125.386 E.00101
;WIDTH:0.123059
G1 X152.674 Y125.495 E.00083
G1 X156.541 Y156.756 F18000
;WIDTH:0.149788
G1 F1800
G1 X156.504 Y156.813 E.00058
;WIDTH:0.131643
G1 X156.448 Y156.893 E.00068
;WIDTH:0.117152
G1 X156.392 Y156.972 E.00057
G1 E-1.3
G1 Z1.6 F18000
G1 X153.302 Y149.957 Z1.6
G1 Z1.2
G1 E1.3 F1800
;WIDTH:0.215165
G1 X152.542 Y150.206 E.01087
G1 X153.533 Y149.459 F18000
;WIDTH:0.420204
G1 F1800
G1 X152.903 Y150.095 E.02669
;WIDTH:0.402701
G1 X152.941 Y150.152 E.00196
;WIDTH:0.352756
G1 X152.98 Y150.209 E.00169
;WIDTH:0.302812
G1 X153.019 Y150.266 E.00142
;WIDTH:0.277839
G1 X153.057 Y150.323 E.00128
G1 X154.654 Y148.376 F18000
;WIDTH:0.291515
G1 F1800
G1 X154.426 Y148.679 E.00746
;WIDTH:0.240573
G1 X154.226 Y148.907 E.00474
;WIDTH:0.192909
G1 X153.876 Y149.284 E.00608
;WIDTH:0.202094
G1 X153.653 Y149.48 E.00374
;WIDTH:0.24192
G1 X153.418 Y149.685 E.0049
;WIDTH:0.276688
G1 X153.336 Y149.748 E.00191
;WIDTH:0.313815
G1 X152.653 Y150.241 E.01803
G1 E-1.3
G1 Z1.6 F18000
G1 X147.757 Y143.899 Z1.6
G1 Z1.2
G1 E1.3 F1800
;WIDTH:0.0912195
G1 X147.532 Y144.018 E.00097
G1 X140.189 Y150.434 F18000
;WIDTH:0.223727
G1 F1800
G1 X140.076 Y150.505 E.00191
;WIDTH:0.192676
G1 X139.962 Y150.587 E.00166
;WIDTH:0.150873
G1 X139.849 Y150.67 E.0012
;WIDTH:0.129972
G1 X139.735 Y150.752 E.00096
G1 X137.746 Y152.741 F18000
;WIDTH:0.106673
G1 F1800
G1 X137.658 Y152.865 E.00076
;WIDTH:0.125176
G1 X137.571 Y152.988 E.00098
G1 X137.38 Y153.63 F18000
;WIDTH:0.161854
G1 F1800
G1 X137.218 Y153.914 E.00308
G1 X137.197 Y154.863 F18000
;WIDTH:0.153043
G1 F1800
G1 X137.138 Y155.001 E.00131
G1 X137.198 Y155.084 E.00089
G1 E-1.3
G1 Z1.6 F18000
G1 X145.645 Y161.374 Z1.6
G1 Z1.2
G1 E1.3 F1800
;WIDTH:0.112644
G1 X145.518 Y161.541 E.00116
;WIDTH:0.137119
G1 X145.296 Y161.85 E.00284
G1 E-1.3
G1 Z1.6 F18000
G1 X152.851 Y165.846 Z1.6
G1 Z1.2
G1 E1.3 F1800
;WIDTH:0.107452
G1 X152.757 Y165.911 E.00058
;WIDTH:0.149047
G1 X152.53 Y166.059 E.00227
G1 X154.734 Y163.893 F18000
;WIDTH:0.140083
G1 F1800
G1 X154.662 Y164 E.00099
;WIDTH:0.122779
G1 X154.59 Y164.108 E.00082
G1 X147.143 Y184.938 F18000
;WIDTH:0.104797
G1 F1800
G1 X147.072 Y185.043 E.00062
;WIDTH:0.121425
G1 X147.002 Y185.148 E.00078
G1 E-1.3
G1 Z1.6 F18000
G1 X150.032 Y191.067 Z1.6
G1 Z1.2
G1 E1.3 F1800
;WIDTH:0.0930756
G1 X149.897 Y191.125 E.00058
G1 E-1.3
G1 Z1.6 F18000
G1 X135.866 Y114.033 Z1.6
G1 Z1.2
G1 E1.3 F1800
;WIDTH:0.141018
G1 X135.729 Y114.131 E.0013
;WIDTH:0.18596
G1 X135.593 Y114.229 E.0019
;WIDTH:0.230902
G1 X135.456 Y114.326 E.00249
;WIDTH:0.273123
G1 X135.301 Y114.454 E.00367
;WIDTH:0.312624
G1 X135.145 Y114.582 E.00429
;WIDTH:0.345399
G1 X134.854 Y114.854 E.00951
G1 X134.582 Y115.145 E.00951
;WIDTH:0.312626
G1 X134.454 Y115.301 E.00429
;WIDTH:0.273125
G1 X134.326 Y115.456 E.00367
;WIDTH:0.230904
G1 X134.229 Y115.593 E.00249
;WIDTH:0.185961
G1 X134.131 Y115.729 E.0019
;WIDTH:0.16349
G1 X134.033 Y115.866 E.0016
G1 E-1.3
G1 Z1.6 F18000
G1 X146.986 Y149.985 Z1.6
G1 Z1.2
G1 E1.3 F1800
;TYPE:Internal solid infill
;WIDTH:0.419999
G1 F8374.624
G1 X146.517 Y149.735 E.01582
G1 X145.872 Y149.198 E.02499
G1 X145.49 Y148.692 E.0189
G1 X145.325 Y148.335 E.01171
G1 X143.654 Y150.006 E.07037
M73 P48 R10
G1 X146.71 Y150.006 E.09103
G1 X146.946 Y149.988 E.00705
G1 X145.692 Y149.592 F18000
;WIDTH:0.493217
G1 F7012.915
G1 X145.219 Y149.026 E.02624
G1 X144.653 Y149.592 E.02847
G1 X145.652 Y149.592 E.03554
G1 X152.696 Y150.036 F18000
;WIDTH:0.3891
G1 F9122.117
G1 X152.631 Y150.073 E.00205
G1 X152.697 Y150.108 E.00205
G1 X154.648 Y148.187 F18000
;WIDTH:0.38292
G1 F9287.925
G1 X154.584 Y148.224 E.00198
G1 X154.649 Y148.258 E.00198
G1 E-1.3 F1800
G1 Z1.6 F18000
G1 X152.891 Y159.892 Z1.6
G1 Z1.2
G1 E1.3 F1800
;WIDTH:0.491288
G1 F7043.087
G1 X152.835 Y159.892 E.00199
G1 X152.807 Y159.941 E.00199
G1 X152.835 Y159.989 E.00199
G1 X152.899 Y159.975 E.00232
G1 E-1.3 F1800
G1 Z1.6 F18000
G1 X145.577 Y161.31 Z1.6
G1 Z1.2
G1 E1.3 F1800
;WIDTH:0.38292
G1 F9287.925
G1 X146.12 Y160.712 E.02171
G1 X146.581 Y160.308 E.01645
G1 X146.927 Y160.045 E.01166
G1 E-1.3 F1800
G1 Z1.6 F18000
G1 X165.89 Y193.869 Z1.6
G1 Z1.2
G1 E1.3 F1800
;WIDTH:0.382601
G1 F9296.648
G1 X163.869 Y195.89 E.0767
G1 X164.503 Y195.621 E.01849
G1 X164.848 Y195.391 E.01114
G1 X165.391 Y194.848 E.02058
G1 X165.621 Y194.503 E.01114
G1 X165.874 Y193.906 E.01742
;LAYER_CHANGE
;Z:1.4
;HEIGHT:0.2

G1 E-1.3 F1800
G92 E0
;_SET_FAN_SPEED_CHANGING_LAYER
G1 Z1.8 F18000
G1 X165.942 Y115.302 Z1.8
G1 Z1.4
G1 E1.3 F1800
;TYPE:Inner wall
;WIDTH:0.449999
G1 F7757.448
G1 X166.209 Y115.911 E.02139
G1 X166.368 Y116.557 E.02139
G1 X166.398 Y117.135 E.01863
G1 X166.398 Y193.031 E2.44053
G1 X166.324 Y193.661 E.0204
G1 X166.138 Y194.3 E.02139
G1 X165.818 Y194.883 E.02139
G1 X165.402 Y195.402 E.02139
G1 X164.883 Y195.818 E.02139
G1 X164.3 Y196.138 E.02139
G1 X163.661 Y196.324 E.02139
G1 X162.98 Y196.398 E.02202
G1 X136.969 Y196.398 E.83643
G1 X136.339 Y196.324 E.0204
G1 X135.7 Y196.138 E.02139
G1 X135.117 Y195.818 E.02139
G1 X134.598 Y195.402 E.02139
G1 X134.182 Y194.883 E.02139
G1 X133.862 Y194.3 E.02139
G1 X133.676 Y193.661 E.02139
G1 X133.602 Y192.98 E.02202
G1 X133.602 Y116.969 E2.44425
G1 X133.676 Y116.339 E.0204
G1 X133.862 Y115.7 E.02139
G1 X134.182 Y115.117 E.02139
G1 X134.598 Y114.598 E.02139
G1 X135.117 Y114.182 E.02139
G1 X135.7 Y113.862 E.02139
G1 X136.339 Y113.676 E.02139
G1 X137.02 Y113.602 E.02202
G1 X163.119 Y113.602 E.83926
G1 X163.879 Y113.719 E.02473
G1 X164.499 Y113.96 E.02138
G1 X165.068 Y114.305 E.02139
G1 X165.548 Y114.765 E.0214
G1 X165.918 Y115.269 E.0201
G1 X166.282 Y115.106 F18000
;TYPE:Outer wall
;WIDTH:0.419999
G1 F6000
G1 X166.581 Y115.784 E.02209
G1 X166.757 Y116.505 E.02211
G1 X166.79 Y117.135 E.01879
G1 X166.79 Y193.139 E2.26389
G1 X166.66 Y193.981 E.02537
G1 X166.392 Y194.672 E.0221
G1 X166.006 Y195.307 E.02211
G1 X165.493 Y195.843 E.02211
G1 X164.895 Y196.282 E.0221
G1 X164.216 Y196.581 E.0221
G1 X163.495 Y196.757 E.02211
G1 X162.993 Y196.79 E.01497
G1 X136.861 Y196.79 E.77839
G1 X136.019 Y196.66 E.02537
G1 X135.328 Y196.392 E.0221
G1 X134.693 Y196.006 E.02211
G1 X134.157 Y195.493 E.02211
G1 X133.718 Y194.895 E.0221
G1 X133.419 Y194.216 E.0221
G1 X133.243 Y193.495 E.02211
G1 X133.21 Y192.993 E.01497
G1 X133.21 Y116.861 E2.26772
G1 X133.34 Y116.019 E.02537
G1 X133.608 Y115.328 E.0221
G1 X133.994 Y114.693 E.02211
G1 X134.507 Y114.157 E.02211
G1 X135.105 Y113.718 E.0221
G1 X135.784 Y113.419 E.0221
G1 X136.505 Y113.243 E.02211
G1 X137.007 Y113.21 E.01497
G1 X163.139 Y113.21 E.77839
G1 X163.981 Y113.34 E.02537
G1 X164.672 Y113.608 E.0221
G1 X165.307 Y113.994 E.02211
G1 X165.843 Y114.507 E.02211
G1 X166.258 Y115.073 E.02092
G1 E-1.3 F1800
G1 Z1.8 F18000
G1 X148.587 Y119.538 Z1.8
G1 Z1.4
G1 E1.3 F1800
;TYPE:Inner wall
;WIDTH:0.449999
G1 F7757.448
G1 X148.511 Y119.572 E.00268
G1 X147.933 Y120.04 E.02391
G1 X147.496 Y120.642 E.02391
G1 X147.23 Y121.336 E.02391
G1 X147.148 Y121.999 E.02148
G1 X147.153 Y124.077 E.0668
G1 X147.269 Y124.81 E.02388
G1 X147.572 Y125.489 E.02391
G1 X148.04 Y126.067 E.02391
G1 X148.573 Y126.469 E.02146
G1 X149.19 Y126.731 E.02156
G1 X149.388 Y126.777 E.00655
G1 X150.076 Y126.847 E.02222
G1 X150.81 Y126.731 E.02391
G1 X151.489 Y126.428 E.02391
G1 X152.067 Y125.96 E.02391
G1 X152.504 Y125.358 E.02391
G1 X152.766 Y124.688 E.02313
G1 X152.852 Y124.001 E.02228
G1 X152.847 Y121.923 E.0668
G1 X152.731 Y121.19 E.02388
G1 X152.428 Y120.511 E.02391
G1 X151.96 Y119.933 E.02391
G1 X151.358 Y119.496 E.02391
G1 X150.664 Y119.23 E.0239
G1 X149.924 Y119.153 E.02391
G1 X149.19 Y119.269 E.0239
G1 X148.623 Y119.522 E.01995
G1 X148.749 Y119.883 F18000
;TYPE:Outer wall
;WIDTH:0.419999
G1 F6000
G1 X148.244 Y120.279 E.01912
G1 X147.869 Y120.771 E.01842
G1 X147.623 Y121.365 E.01914
G1 X147.542 Y121.975 E.01834
G1 X147.54 Y124.001 E.06035
G1 X147.624 Y124.637 E.01911
G1 X147.866 Y125.223 E.01889
G1 X148.255 Y125.734 E.01913
G1 X148.759 Y126.124 E.01899
G1 X149.353 Y126.373 E.01918
G1 X149.992 Y126.46 E.0192
G1 X150.629 Y126.378 E.01915
G1 X151.231 Y126.13 E.01937
G1 X151.745 Y125.734 E.01934
G1 X152.134 Y125.223 E.01913
G1 X152.376 Y124.637 E.01889
G1 X152.458 Y124.025 E.01838
G1 X152.458 Y121.975 E.06108
G1 X152.368 Y121.34 E.01909
G1 X152.117 Y120.749 E.01912
G1 X151.721 Y120.244 E.01912
G1 X151.208 Y119.859 E.01912
G1 X150.613 Y119.619 E.01912
G1 X149.975 Y119.542 E.01912
G1 X149.34 Y119.632 E.01911
G1 X148.786 Y119.868 E.01794
G1 E-1.3 F1800
G1 Z1.8 F18000
G1 X154.019 Y145.299 Z1.8
G1 Z1.4
G1 E1.3 F1800
;TYPE:Inner wall
;WIDTH:0.449999
G1 F7757.448
G1 X153.963 Y145.207 E.00347
G1 X153.423 Y144.695 E.02391
G1 X152.83 Y144.36 E.02191
G1 X152.197 Y144.187 E.0211
G1 X151.789 Y144.149 E.01319
G1 X148.249 Y144.148 E.11381
G1 X147.586 Y144.23 E.02149
G1 X147.381 Y144.294 E.00692
G1 X146.761 Y144.572 E.02185
G1 X146.183 Y145.04 E.02391
G1 X145.746 Y145.642 E.02391
G1 X145.48 Y146.336 E.02391
G1 X145.403 Y147.076 E.02391
G1 X145.519 Y147.81 E.02391
G1 X145.822 Y148.489 E.02391
G1 X146.29 Y149.067 E.02391
G1 X146.892 Y149.504 E.02391
;WIDTH:0.487299
G1 F7106.32
G1 X147.121 Y149.611 E.00887
;WIDTH:0.524598
G1 F6556.033
G1 X147.35 Y149.718 E.00962
;WIDTH:0.561897
G1 F6084.846
G1 X147.579 Y149.825 E.01036
G1 X148.249 Y149.887 E.0276
;WIDTH:0.519381
G1 F6627.814
G1 X151.938 Y149.887 E.13884
G1 X152.253 Y149.807 E.01222
;WIDTH:0.48469
G1 F7148.278
G1 X152.568 Y149.727 E.01133
;WIDTH:0.449999
G1 F7757.448
G1 X153.239 Y149.428 E.02365
G1 X153.811 Y148.967 E.02362
G1 X154.221 Y148.424 E.02189
G1 X154.487 Y147.793 E.02202
G1 X154.583 Y147.296 E.01626
G1 X154.563 Y146.553 E.0239
G1 X154.351 Y145.84 E.02391
G1 X154.04 Y145.333 E.01915
G1 X153.515 Y145.316 F18000
;TYPE:Outer wall
;WIDTH:0.419999
G1 F6000
G1 X153.24 Y145.043 E.01153
G1 X152.7 Y144.731 E.01857
G1 X152.095 Y144.566 E.01869
G1 X151.763 Y144.54 E.00993
G1 X148.225 Y144.542 E.10539
G1 X147.531 Y144.656 E.02095
G1 X146.999 Y144.883 E.01721
G1 X146.494 Y145.279 E.01912
G1 X146.109 Y145.792 E.01912
G1 X145.869 Y146.387 E.01912
G1 X145.792 Y147.025 E.01912
G1 X145.882 Y147.66 E.01912
G1 X146.133 Y148.251 E.01912
G1 X146.529 Y148.756 E.01912
G1 X147.042 Y149.141 E.01912
G1 X147.637 Y149.381 E.01912
G1 X148.249 Y149.46 E.01838
G1 X151.78 Y149.46 E.10517
G1 X152.418 Y149.365 E.0192
G1 X153.001 Y149.117 E.01887
G1 X153.504 Y148.723 E.01903
G1 X153.874 Y148.24 E.01812
G1 X154.118 Y147.66 E.01876
G1 X154.188 Y147.329 E.01008
G1 X154.189 Y146.679 E.01936
G1 X154.023 Y146.058 E.01914
G1 X153.701 Y145.502 E.01914
G1 X153.543 Y145.344 E.00666
G1 E-1.3 F1800
G1 Z1.8 F18000
G1 X154.494 Y163.74 Z1.8
G1 Z1.4
G1 E1.3 F1800
;TYPE:Inner wall
;WIDTH:0.449999
G1 F7757.448
G1 X154.583 Y163.296 E.01457
G1 X154.567 Y162.571 E.02331
G1 X154.385 Y161.907 E.02214
G1 X154.124 Y161.447 E.01702
G1 X153.912 Y161.156 E.01156
G1 X153.423 Y160.695 E.02161
G1 X152.77 Y160.341 E.02391
;WIDTH:0.496788
G1 F6957.738
G1 X152.203 Y160.164 E.02128
;WIDTH:0.519381
G1 F6627.814
G1 X151.751 Y160.113 E.01712
G1 X148.204 Y160.113 E.1335
;WIDTH:0.561897
G1 F6084.846
G1 X147.579 Y160.175 E.02574
G1 X147.504 Y160.209 E.00338
;WIDTH:0.534418
G1 F6425.041
G1 X147.429 Y160.243 E.0032
;WIDTH:0.506939
G1 F6805.529
G1 X147.095 Y160.408 E.01365
;WIDTH:0.478469
G1 F7250.377
G1 X146.761 Y160.572 E.01281
;WIDTH:0.449999
G1 F7757.448
G1 X146.183 Y161.04 E.02391
G1 X145.746 Y161.642 E.02391
G1 X145.48 Y162.336 E.02391
G1 X145.403 Y162.924 E.01907
G1 X145.434 Y163.31 E.01243
G1 X145.519 Y163.81 E.01633
G1 X145.822 Y164.489 E.02391
G1 X146.29 Y165.067 E.02391
G1 X146.892 Y165.504 E.02391
G1 X147.51 Y165.754 E.02144
G1 X148.173 Y165.847 E.02154
G1 X151.751 Y165.852 E.11503
G1 X152.414 Y165.77 E.02149
G1 X152.619 Y165.706 E.00692
G1 X153.239 Y165.428 E.02185
G1 X153.817 Y164.96 E.02391
G1 X154.219 Y164.427 E.02146
G1 X154.481 Y163.81 E.02155
G1 X154.487 Y163.78 E.001
G1 X154.125 Y163.625 F18000
;TYPE:Outer wall
;WIDTH:0.419999
G1 F6000
G1 X154.191 Y163.296 E.01
G1 X154.164 Y162.581 E.02132
G1 X153.972 Y161.968 E.01914
G1 X153.635 Y161.433 E.01882
G1 X153.227 Y161.035 E.01699
G1 X152.668 Y160.719 E.01912
G1 X152.095 Y160.566 E.01766
G1 X151.763 Y160.54 E.00993
G1 X148.225 Y160.542 E.1054
G1 X147.59 Y160.632 E.0191
G1 X146.999 Y160.883 E.01912
G1 X146.494 Y161.279 E.01912
G1 X146.109 Y161.792 E.01912
G1 X145.869 Y162.387 E.01912
G1 X145.79 Y163 E.0184
G1 X145.875 Y163.639 E.01921
G1 X146.12 Y164.23 E.01906
G1 X146.505 Y164.734 E.01889
G1 X147.014 Y165.127 E.01914
G1 X147.601 Y165.372 E.01896
G1 X148.225 Y165.458 E.01876
G1 X151.751 Y165.46 E.10503
G1 X152.376 Y165.379 E.01879
G1 X152.972 Y165.135 E.01917
G1 X153.483 Y164.746 E.01913
G1 X153.88 Y164.23 E.01938
G1 X154.117 Y163.664 E.01827
G1 E-1.3 F1800
G1 Z1.8 F18000
G1 X156.251 Y156.752 Z1.8
G1 Z1.4
G1 E1.3 F1800
;TYPE:Inner wall
;WIDTH:0.449999
G1 F7757.448
G1 X156.434 Y156.227 E.01788
G1 X156.557 Y155.638 E.01935
G1 X156.601 Y155.038 E.01935
G1 X156.566 Y154.437 E.01935
G1 X156.454 Y153.846 E.01935
G1 X156.265 Y153.274 E.01935
G1 X156.003 Y152.732 E.01935
G1 X155.673 Y152.229 E.01935
G1 X155.269 Y151.761 E.0199
G1 X154.804 Y151.351 E.01994
G1 X154.276 Y151.001 E.02037
G1 X153.726 Y150.735 E.01965
G1 X153.154 Y150.546 E.01935
G1 X152.563 Y150.434 E.01935
;WIDTH:0.493385
G1 F7010.308
G1 X152.302 Y150.395 E.00938
;WIDTH:0.53677
G1 F6394.441
G1 X152.042 Y150.356 E.01028
G1 X151.751 Y150.363 E.01135
;WIDTH:0.519381
G1 F6627.814
G1 X148.193 Y150.363 E.13389
;WIDTH:0.561897
G1 F6084.846
G1 X147.545 Y150.342 E.02659
G1 X147.426 Y150.359 E.00492
;WIDTH:0.528332
G1 F6505.597
G1 X147.307 Y150.376 E.00461
;WIDTH:0.494767
G1 F6988.858
G1 X146.714 Y150.398 E.02118
;WIDTH:0.449999
G1 F7757.448
G1 X141.999 Y150.398 E.15161
G1 X141.437 Y150.434 E.01811
G1 X140.848 Y150.546 E.0193
G1 X140.274 Y150.735 E.01941
G1 X139.732 Y150.997 E.01935
G1 X139.229 Y151.327 E.01935
G1 X138.774 Y151.72 E.01935
G1 X138.373 Y152.169 E.01935
G1 X138.035 Y152.667 E.01935
G1 X137.764 Y153.204 E.01935
G1 X137.566 Y153.773 E.01935
G1 X137.443 Y154.362 E.01935
G1 X137.399 Y154.962 E.01935
G1 X137.434 Y155.563 E.01935
G1 X137.546 Y156.154 E.01935
G1 X137.735 Y156.726 E.01935
G1 X137.997 Y157.268 E.01935
G1 X138.327 Y157.771 E.01936
G1 X138.72 Y158.226 E.01935
G1 X139.169 Y158.627 E.01935
G1 X139.667 Y158.965 E.01935
G1 X140.204 Y159.236 E.01935
G1 X140.773 Y159.434 E.01935
G1 X141.362 Y159.557 E.01935
G1 X141.961 Y159.601 E.01933
G1 X146.714 Y159.602 E.15283
;WIDTH:0.488273
G1 F7090.773
G1 X146.978 Y159.621 E.00932
;WIDTH:0.526547
G1 F6529.617
G1 X147.243 Y159.64 E.01012
;WIDTH:0.56482
G1 F6050.766
G1 X147.507 Y159.659 E.01092
G1 X148.249 Y159.637 E.03063
;WIDTH:0.519381
G1 F6627.814
G1 X152.067 Y159.637 E.1437
G1 X152.315 Y159.602 E.00942
;WIDTH:0.48469
G1 F7148.278
G1 X152.563 Y159.566 E.00873
;WIDTH:0.449999
G1 F7757.448
G1 X153.154 Y159.454 E.01935
G1 X153.726 Y159.265 E.01935
G1 X154.268 Y159.003 E.01935
G1 X154.771 Y158.673 E.01935
G1 X155.226 Y158.28 E.01935
G1 X155.627 Y157.831 E.01935
G1 X155.965 Y157.333 E.01935
G1 X156.236 Y156.796 E.01935
G1 X156.238 Y156.79 E.00019
G1 X155.884 Y156.622 F18000
;TYPE:Outer wall
;WIDTH:0.419999
G1 F6000
G1 X156.063 Y156.101 E.0164
G1 X156.172 Y155.562 E.0164
G1 X156.21 Y155.012 E.0164
G1 X156.175 Y154.463 E.0164
G1 X156.069 Y153.922 E.0164
G1 X155.894 Y153.4 E.0164
G1 X155.652 Y152.906 E.0164
G1 X155.347 Y152.447 E.0164
G1 X154.985 Y152.032 E.0164
G1 X154.572 Y151.668 E.0164
G1 X154.115 Y151.361 E.0164
G1 X153.622 Y151.116 E.0164
G1 X153.101 Y150.937 E.0164
G1 X152.562 Y150.828 E.0164
G1 X152.013 Y150.79 E.01638
G1 X141.999 Y150.79 E.29827
G1 X141.463 Y150.825 E.01601
G1 X140.924 Y150.93 E.01635
G1 X140.4 Y151.106 E.01645
G1 X139.906 Y151.348 E.0164
G1 X139.447 Y151.653 E.0164
G1 X139.032 Y152.015 E.0164
G1 X138.668 Y152.428 E.0164
G1 X138.361 Y152.885 E.0164
G1 X138.116 Y153.378 E.0164
G1 X137.937 Y153.899 E.0164
G1 X137.828 Y154.438 E.0164
G1 X137.79 Y154.988 E.0164
G1 X137.825 Y155.537 E.0164
G1 X137.931 Y156.078 E.0164
G1 X138.106 Y156.6 E.0164
G1 X138.348 Y157.094 E.0164
G1 X138.653 Y157.553 E.0164
G1 X139.015 Y157.968 E.0164
G1 X139.428 Y158.332 E.0164
G1 X139.884 Y158.639 E.0164
G1 X140.378 Y158.884 E.0164
G1 X140.899 Y159.063 E.0164
G1 X141.438 Y159.172 E.0164
G1 X141.987 Y159.21 E.01638
G1 X152.001 Y159.21 E.29827
G1 X152.537 Y159.175 E.01601
G1 X153.078 Y159.069 E.0164
G1 X153.6 Y158.894 E.0164
G1 X154.094 Y158.652 E.0164
G1 X154.553 Y158.347 E.0164
G1 X154.968 Y157.985 E.0164
G1 X155.332 Y157.572 E.0164
G1 X155.639 Y157.116 E.0164
G1 X155.867 Y156.658 E.01521
G1 E-1.3 F1800
G1 Z1.8 F18000
G1 X150.737 Y183.252 Z1.8
G1 Z1.4
G1 E1.3 F1800
;TYPE:Inner wall
;WIDTH:0.449999
G1 F7757.448
G1 X150.612 Y183.223 E.00413
G1 X149.924 Y183.153 E.02222
G1 X149.19 Y183.269 E.0239
G1 X148.511 Y183.572 E.02392
G1 X147.933 Y184.04 E.02391
G1 X147.496 Y184.642 E.02391
G1 X147.23 Y185.336 E.02391
G1 X147.148 Y185.999 E.02148
G1 X147.153 Y188.077 E.0668
G1 X147.244 Y188.734 E.02136
G1 X147.572 Y189.489 E.02646
G1 X148.04 Y190.067 E.02391
G1 X148.642 Y190.504 E.02391
G1 X149.336 Y190.77 E.0239
G1 X150.076 Y190.847 E.02391
G1 X150.81 Y190.731 E.02391
G1 X151.489 Y190.428 E.02391
G1 X152.067 Y189.96 E.02391
G1 X152.504 Y189.358 E.02391
G1 X152.77 Y188.664 E.02391
G1 X152.852 Y188.001 E.02148
G1 X152.847 Y185.923 E.0668
G1 X152.731 Y185.19 E.02388
G1 X152.428 Y184.511 E.02391
G1 X151.96 Y183.933 E.02391
G1 X151.427 Y183.531 E.02146
G1 X150.81 Y183.269 E.02156
G1 X150.776 Y183.261 E.00114
G1 X150.594 Y183.62 F18000
;TYPE:Outer wall
;WIDTH:0.419999
G1 F6000
G1 X150.008 Y183.54 E.01762
G1 X149.376 Y183.621 E.01898
G1 X148.781 Y183.864 E.01915
G1 X148.267 Y184.254 E.01923
G1 X147.874 Y184.763 E.01913
G1 X147.624 Y185.363 E.01938
G1 X147.542 Y185.975 E.01838
G1 X147.54 Y188.001 E.06035
G1 X147.623 Y188.635 E.01907
G1 X147.883 Y189.251 E.01989
M73 P49 R10
G1 X148.279 Y189.756 E.01912
G1 X148.792 Y190.141 E.01912
G1 X149.387 Y190.381 E.01912
G1 X150.025 Y190.458 E.01912
G1 X150.66 Y190.368 E.01912
G1 X151.251 Y190.117 E.01912
G1 X151.756 Y189.721 E.01912
G1 X152.131 Y189.229 E.01842
G1 X152.377 Y188.635 E.01914
G1 X152.458 Y188.025 E.01834
G1 X152.46 Y185.999 E.06035
G1 X152.376 Y185.363 E.01911
G1 X152.134 Y184.777 E.01889
G1 X151.745 Y184.266 E.01913
G1 X151.241 Y183.876 E.01899
G1 X150.647 Y183.627 E.01918
G1 X150.634 Y183.625 E.00039
G1 E-1.3 F1800
G1 Z1.8 F18000
G1 X154.657 Y161.731 Z1.8
G1 Z1.4
G1 E1.3 F1800
;TYPE:Internal solid infill
;WIDTH:0.38292
G1 F9287.925
G1 X154.593 Y161.768 E.00198
G1 X154.658 Y161.803 E.00198
G1 X152.707 Y159.889 F18000
G1 F9287.925
G1 X152.643 Y159.926 E.00198
G1 X152.708 Y159.96 E.00198
G1 X146.963 Y160.019 F18000
;WIDTH:0.419999
G1 F8374.624
G1 X146.432 Y159.994 E.01586
G1 X143.653 Y159.993 E.08276
G1 X145.325 Y161.665 E.07042
G1 X145.515 Y161.267 E.01313
G1 X146.052 Y160.622 E.02499
G1 X146.547 Y160.245 E.01854
G1 X146.928 Y160.038 E.01292
G1 X145.683 Y160.409 F18000
;WIDTH:0.496321
G1 F6964.904
G1 X144.656 Y160.409 E.03679
G1 X145.22 Y160.973 E.02856
G1 X145.658 Y160.44 E.0247
G1 E-1.3 F1800
G1 Z1.8 F18000
G1 X145.585 Y148.69 Z1.8
G1 Z1.4
G1 E1.3 F1800
;WIDTH:0.38292
G1 F9287.925
G1 X145.974 Y149.142 E.016
G1 X146.583 Y149.693 E.02205
G1 X146.933 Y149.955 E.01175
G1 X152.91 Y150.009 F18000
;WIDTH:0.49813
G1 F6937.226
G1 X152.853 Y150.009 E.00205
G1 X152.825 Y150.058 E.00205
G1 X152.853 Y150.107 E.00205
G1 X152.91 Y150.107 E.00205
G1 X152.918 Y150.093 E.00061
G1 E-1.3 F1800
G1 Z1.8 F18000
G1 X166.215 Y116.696 Z1.8
G1 Z1.4
G1 E1.3 F1800
;WIDTH:0.419999
G1 F8374.623
G1 X163.5 Y113.981 E.11438
G1 X162.918 Y113.933 E.01737
G1 X166.067 Y117.082 E.13263
G1 X166.067 Y117.615 E.01588
G1 X162.385 Y113.933 E.15509
G1 X161.852 Y113.933 E.01588
G1 X166.067 Y118.148 E.17755
G1 X166.067 Y118.681 E.01588
G1 X161.319 Y113.933 E.20002
G1 X160.785 Y113.933 E.01588
G1 X166.067 Y119.215 E.22248
G1 X166.067 Y119.748 E.01588
G1 X160.252 Y113.933 E.24494
G1 X159.719 Y113.933 E.01588
G1 X166.067 Y120.281 E.26741
G1 X166.067 Y120.814 E.01588
G1 X159.186 Y113.933 E.28987
G1 X158.652 Y113.933 E.01588
G1 X166.067 Y121.348 E.31234
G1 X166.067 Y121.881 E.01588
G1 X158.119 Y113.933 E.3348
G1 X157.586 Y113.933 E.01588
G1 X166.067 Y122.414 E.35726
G1 X166.067 Y122.947 E.01588
G1 X157.053 Y113.933 E.37973
G1 X156.519 Y113.933 E.01588
G1 X166.067 Y123.481 E.40219
G1 X166.067 Y124.014 E.01588
G1 X155.986 Y113.933 E.42465
G1 X155.453 Y113.933 E.01588
G1 X166.067 Y124.547 E.44712
G1 X166.067 Y125.081 E.01588
G1 X154.919 Y113.933 E.46958
G1 X154.386 Y113.933 E.01588
G1 X166.067 Y125.614 E.49205
G1 X166.067 Y126.147 E.01588
G1 X153.853 Y113.933 E.51451
G1 X153.32 Y113.933 E.01588
G1 X166.067 Y126.68 E.53697
G1 X166.067 Y127.214 E.01588
G1 X152.786 Y113.933 E.55944
G1 X152.253 Y113.933 E.01588
G1 X166.067 Y127.747 E.5819
G1 X166.067 Y128.28 E.01588
G1 X151.72 Y113.933 E.60436
G1 X151.187 Y113.933 E.01588
G1 X166.067 Y128.813 E.62683
G1 X166.067 Y129.347 E.01588
G1 X150.653 Y113.933 E.64929
G1 X150.12 Y113.933 E.01588
G1 X166.067 Y129.88 E.67176
G1 X166.067 Y130.413 E.01588
G1 X149.587 Y113.933 E.69422
G1 X149.053 Y113.933 E.01588
G1 X166.067 Y130.947 E.71668
G1 X166.067 Y131.48 E.01588
G1 X148.52 Y113.933 E.73915
G1 X147.987 Y113.933 E.01588
G1 X166.067 Y132.013 E.76161
G1 X166.067 Y132.546 E.01588
G1 X147.454 Y113.933 E.78407
G1 X146.92 Y113.933 E.01588
G1 X166.067 Y133.08 E.80654
G1 X166.067 Y133.613 E.01588
G1 X146.387 Y113.933 E.829
G1 X145.854 Y113.933 E.01588
G1 X150.864 Y118.943 E.21104
G1 X150.715 Y118.903 E.00458
G1 X150.226 Y118.839 E.01469
G1 X145.321 Y113.933 E.20665
G1 X144.787 Y113.933 E.01588
G1 X149.703 Y118.848 E.20705
G1 X149.234 Y118.913 E.01409
G1 X144.254 Y113.933 E.20978
G1 X143.721 Y113.933 E.01588
G1 X148.843 Y119.055 E.21576
G1 X148.47 Y119.216 E.01209
G1 X143.187 Y113.933 E.22252
G1 X142.654 Y113.933 E.01588
G1 X148.152 Y119.431 E.23158
G1 X147.85 Y119.662 E.01133
G1 X142.121 Y113.933 E.24133
G1 X141.588 Y113.933 E.01588
G1 X147.595 Y119.94 E.25304
G1 X147.366 Y120.245 E.01134
G1 X141.054 Y113.933 E.26587
G1 X140.521 Y113.933 E.01588
G1 X147.17 Y120.582 E.28008
G1 X147.014 Y120.959 E.01216
G1 X139.988 Y113.933 E.29598
G1 X139.455 Y113.933 E.01588
G1 X146.896 Y121.374 E.31346
G1 X146.83 Y121.842 E.01406
G1 X138.921 Y113.933 E.33315
G1 X138.388 Y113.933 E.01588
G1 X146.822 Y122.367 E.35528
G1 X146.82 Y122.899 E.01583
G1 X137.855 Y113.933 E.37767
G1 X137.322 Y113.933 E.01588
G1 X146.819 Y123.43 E.40007
G1 X146.817 Y123.962 E.01583
G1 X136.803 Y113.948 E.42183
G1 X136.6 Y113.961 E.00607
G1 X136.336 Y114.014 E.00802
G1 X147.091 Y124.769 E.45305
G1 E-1.3 F1800
G1 Z1.8 F18000
G1 X152.754 Y120.834 Z1.8
G1 Z1.4
G1 E1.3 F1800
G1 F8374.623
G1 X166.067 Y134.146 E.56078
G1 X166.067 Y134.679 E.01588
G1 X153.154 Y121.766 E.54396
G1 X153.183 Y121.991 E.00676
G1 X153.182 Y122.328 E.01003
G1 X166.067 Y135.213 E.54277
G1 X166.067 Y135.746 E.01588
G1 X153.18 Y122.859 E.54284
G1 X153.179 Y123.391 E.01583
G1 X166.067 Y136.279 E.54291
G1 X166.067 Y136.813 E.01588
G1 X153.177 Y123.923 E.54298
G1 X153.176 Y124.112 E.00565
G1 X153.134 Y124.413 E.00904
G1 X166.067 Y137.346 E.5448
G1 X166.067 Y137.879 E.01588
G1 X153.057 Y124.869 E.54804
G1 X152.899 Y125.244 E.01212
G1 X166.067 Y138.412 E.5547
G1 X166.067 Y138.946 E.01588
G1 X152.74 Y125.619 E.56137
G1 X152.507 Y125.919 E.01132
G1 X166.067 Y139.479 E.57122
G1 X166.067 Y140.012 E.01588
G1 X152.272 Y126.217 E.58111
G1 X152.224 Y126.278 E.00229
G1 X151.983 Y126.461 E.00904
G1 X166.067 Y140.545 E.59329
G1 X166.067 Y141.079 E.01588
G1 X151.68 Y126.691 E.60605
G1 X151.594 Y126.757 E.00321
G1 X151.322 Y126.867 E.00874
G1 X166.067 Y141.612 E.62111
G1 X166.067 Y142.145 E.01588
G1 X150.944 Y127.022 E.63706
G1 X150.793 Y127.083 E.00484
G1 X150.508 Y127.12 E.00857
G1 X166.067 Y142.678 E.65541
G1 X166.067 Y143.212 E.01588
G1 X150.035 Y127.18 E.67534
G1 X149.432 Y127.11 E.01809
M73 P50 R10
G1 X166.067 Y143.745 E.70075
G1 X166.067 Y144.278 E.01588
G1 X148.654 Y126.865 E.73352
G1 X148.508 Y126.807 E.00467
G1 X148.315 Y126.695 E.00665
G1 X147.726 Y126.228 E.0224
G1 X147.262 Y125.624 E.0227
G1 X147.146 Y125.358 E.00864
G1 X135.924 Y114.135 E.47273
G1 X135.557 Y114.302 E.012
G1 X166.067 Y144.812 E1.28522
G1 X166.067 Y145.345 E.01588
G1 X135.228 Y114.506 E1.29908
G1 X134.933 Y114.745 E.01129
G1 X166.067 Y145.878 E1.31148
G1 X166.067 Y146.411 E.01588
G1 X134.672 Y115.016 E1.3225
G1 X134.568 Y115.134 E.00467
G1 X134.444 Y115.321 E.0067
G1 X166.067 Y146.945 E1.33212
G1 X166.067 Y147.478 E.01588
G1 X134.25 Y115.661 E1.34026
G1 X134.168 Y115.827 E.00551
G1 X134.096 Y116.04 E.00671
G1 X166.067 Y148.011 E1.34676
G1 X166.067 Y148.544 E.01588
G1 X133.988 Y116.466 E1.35131
G1 X133.961 Y116.6 E.00408
G1 X133.938 Y116.949 E.01043
G1 X166.067 Y149.078 E1.3534
G1 X166.067 Y149.611 E.01588
G1 X133.933 Y117.477 E1.35362
G1 X133.933 Y118.01 E.01588
G1 X166.067 Y150.144 E1.35362
G1 X166.067 Y150.678 E.01588
G1 X133.933 Y118.544 E1.35362
G1 X133.933 Y119.077 E.01588
G1 X166.067 Y151.211 E1.35362
G1 X166.067 Y151.744 E.01588
G1 X133.933 Y119.61 E1.35362
G1 X133.933 Y120.144 E.01588
G1 X166.067 Y152.277 E1.35362
G1 X166.067 Y152.811 E.01588
G1 X133.933 Y120.677 E1.35362
G1 X133.933 Y121.21 E.01588
G1 X166.067 Y153.344 E1.35362
G1 X166.067 Y153.877 E.01588
G1 X133.933 Y121.743 E1.35362
G1 X133.933 Y122.277 E.01588
G1 X166.067 Y154.41 E1.35362
G1 X166.067 Y154.944 E.01588
G1 X133.933 Y122.81 E1.35362
G1 X133.933 Y123.343 E.01588
G1 X166.067 Y155.477 E1.35362
G1 X166.067 Y156.01 E.01588
G1 X133.933 Y123.876 E1.35362
G1 X133.933 Y124.41 E.01588
G1 X166.067 Y156.544 E1.35362
G1 X166.067 Y157.077 E.01588
G1 X133.933 Y124.943 E1.35362
G1 X133.933 Y125.476 E.01588
G1 X152.341 Y143.884 E.7754
G1 X152.252 Y143.859 E.00273
G1 X151.741 Y143.817 E.01529
G1 X133.933 Y126.01 E.75013
G1 X133.933 Y126.543 E.01588
G1 X151.207 Y143.817 E.72766
G1 X150.674 Y143.817 E.01588
G1 X133.933 Y127.076 E.7052
G1 X133.933 Y127.609 E.01588
G1 X150.141 Y143.817 E.68274
G1 X149.607 Y143.817 E.01588
G1 X133.933 Y128.143 E.66027
G1 X133.933 Y128.676 E.01588
G1 X149.074 Y143.817 E.63781
G1 X148.541 Y143.817 E.01588
G1 X133.933 Y129.209 E.61535
G1 X133.933 Y129.742 E.01588
G1 X148.033 Y143.843 E.59396
G1 X147.558 Y143.901 E.01425
G1 X133.933 Y130.276 E.57396
G1 X133.933 Y130.809 E.01588
G1 X147.156 Y144.032 E.557
G1 X146.784 Y144.193 E.01208
G1 X133.933 Y131.342 E.54132
G1 X133.933 Y131.875 E.01588
G1 X146.453 Y144.395 E.52739
G1 X146.151 Y144.627 E.01133
G1 X133.933 Y132.409 E.51467
G1 X133.933 Y132.942 E.01588
G1 X145.888 Y144.896 E.50357
G1 X145.651 Y145.194 E.01131
M73 P51 R10
G1 X133.933 Y133.475 E.49363
G1 X133.933 Y134.009 E.01588
G1 X145.44 Y145.516 E.48474
G1 X145.287 Y145.895 E.0122
G1 X133.933 Y134.542 E.47826
G1 X133.933 Y135.075 E.01588
G1 X145.158 Y146.3 E.47285
G1 X145.091 Y146.766 E.01403
G1 X133.933 Y135.608 E.47003
G1 X133.933 Y136.142 E.01588
G1 X145.1 Y147.308 E.47038
G1 X145.153 Y147.715 E.01223
G1 X145.227 Y147.969 E.00786
G1 X133.933 Y136.675 E.47575
G1 X133.933 Y137.208 E.01588
G1 X146.786 Y150.061 E.54142
G1 X146.259 Y150.067 E.01571
G1 X133.933 Y137.741 E.5192
G1 X133.933 Y138.275 E.01588
G1 X145.725 Y150.067 E.49674
G1 X145.192 Y150.067 E.01588
G1 X133.933 Y138.808 E.47428
G1 X133.933 Y139.341 E.01588
G1 X144.659 Y150.067 E.45181
G1 X144.125 Y150.067 E.01588
G1 X133.933 Y139.875 E.42935
G1 X133.933 Y140.408 E.01588
G1 X143.592 Y150.067 E.40689
G1 X143.059 Y150.067 E.01588
G1 X133.933 Y140.941 E.38442
G1 X133.933 Y141.474 E.01588
G1 X142.526 Y150.067 E.36196
G1 X141.993 Y150.067 E.01588
G1 X133.933 Y142.008 E.3395
G1 X133.933 Y142.541 E.01588
G1 X141.491 Y150.099 E.31836
G1 X141.036 Y150.177 E.01373
G1 X133.933 Y143.074 E.29922
G1 X133.933 Y143.607 E.01588
G1 X140.601 Y150.275 E.28088
G1 X140.206 Y150.414 E.01246
G1 X133.933 Y144.141 E.26425
G1 X133.933 Y144.674 E.01588
G1 X139.836 Y150.577 E.24864
G1 X139.489 Y150.763 E.01173
G1 X133.933 Y145.207 E.23404
G1 X133.933 Y145.741 E.01588
G1 X139.169 Y150.977 E.22058
G1 X138.863 Y151.203 E.01136
G1 X133.933 Y146.274 E.20765
G1 X133.933 Y146.807 E.01588
G1 X138.581 Y151.455 E.1958
G1 X138.322 Y151.729 E.01124
G1 X133.933 Y147.34 E.18487
G1 X133.933 Y147.874 E.01588
G1 X138.076 Y152.016 E.1745
G1 X137.862 Y152.336 E.01145
G1 X133.933 Y148.407 E.1655
G1 X133.933 Y148.94 E.01588
G1 X137.661 Y152.668 E.15702
G1 X137.488 Y153.028 E.01191
G1 X133.933 Y149.473 E.14973
G1 X133.933 Y150.007 E.01588
G1 X137.339 Y153.412 E.14345
G1 X137.218 Y153.825 E.01281
G1 X133.933 Y150.54 E.13837
G1 X133.933 Y151.073 E.01588
G1 X137.125 Y154.266 E.13447
G1 X137.084 Y154.758 E.01471
G1 X133.933 Y151.606 E.13274
G1 X133.933 Y152.14 E.01588
G1 X137.088 Y155.295 E.1329
G1 X137.117 Y155.696 E.01198
G1 X137.16 Y155.9 E.00622
G1 X133.933 Y152.673 E.13594
G1 X133.933 Y153.206 E.01588
G1 X137.645 Y156.918 E.15637
G1 E-1.3 F1800
G1 Z1.8 F18000
G1 X143.155 Y159.762 Z1.8
G1 Z1.4
G1 E1.3 F1800
G1 F8374.623
G1 X145.285 Y161.892 E.0897
G1 X145.21 Y162.071 E.00578
G1 X145.152 Y162.292 E.00682
G1 X142.792 Y159.932 E.09944
G1 X142.258 Y159.932 E.01589
G1 X145.09 Y162.764 E.1193
G1 X145.074 Y163.111 E.01038
G1 X145.102 Y163.309 E.00593
G1 X141.526 Y159.733 E.15063
G1 E-1.3 F1800
G1 Z1.8 F18000
G1 X154.618 Y146.161 Z1.8
G1 Z1.4
G1 E1.3 F1800
G1 F8374.623
G1 X166.067 Y157.61 E.48229
G1 X166.067 Y158.143 E.01588
G1 X154.905 Y146.981 E.4702
G1 X154.89 Y147.5 E.01546
G1 X166.067 Y158.677 E.47081
G1 X166.067 Y159.21 E.01588
G1 X154.787 Y147.93 E.47514
G1 X154.632 Y148.308 E.01217
G1 X166.067 Y159.743 E.48169
G1 X166.067 Y160.276 E.01588
G1 X154.457 Y148.666 E.48906
G1 X154.226 Y148.969 E.01133
G1 X166.067 Y160.81 E.49879
G1 X166.067 Y161.343 E.01588
G1 X153.984 Y149.26 E.50901
G1 X153.69 Y149.499 E.01129
G1 X166.067 Y161.876 E.52137
G1 X166.067 Y162.409 E.01588
G1 X156.353 Y152.695 E.4092
G1 X156.297 Y152.58 E.00383
G1 X155.918 Y152.002 E.02058
G1 X155.451 Y151.476 E.02096
G1 X155.006 Y151.088 E.01756
G1 X154.511 Y150.755 E.01778
G1 X154.311 Y150.654 E.00666
G1 X153.258 Y149.601 E.04436
G1 X156.453 Y153.329 F18000
G1 F8374.623
G1 X166.067 Y162.943 E.405
G1 X166.067 Y163.476 E.01588
G1 X156.88 Y154.289 E.38701
G1 X156.919 Y154.862 E.01711
G1 X166.067 Y164.009 E.38534
G1 X166.067 Y164.543 E.01588
G1 X156.908 Y155.383 E.38583
G1 X156.886 Y155.678 E.00879
G1 X156.85 Y155.859 E.00551
G1 X166.067 Y165.076 E.38826
G1 X166.067 Y165.609 E.01588
G1 X156.754 Y156.296 E.39232
G1 X156.618 Y156.694 E.01252
G1 X166.067 Y166.142 E.39801
G1 X166.067 Y166.676 E.01588
G1 X156.466 Y157.075 E.40444
G1 X156.287 Y157.429 E.01182
G1 X166.067 Y167.209 E.41199
G1 X166.067 Y167.742 E.01588
G1 X156.079 Y157.754 E.42073
G1 X155.859 Y158.068 E.0114
G1 X166.067 Y168.275 E.42999
G1 X166.067 Y168.809 E.01588
G1 X155.61 Y158.351 E.44051
G1 X155.342 Y158.617 E.01123
G1 X166.067 Y169.342 E.45178
G1 X166.067 Y169.875 E.01588
M73 P51 R9
G1 X155.059 Y158.867 E.46371
G1 X154.742 Y159.084 E.01143
G1 X166.067 Y170.409 E.47704
G1 X166.067 Y170.942 E.01588
G1 X154.421 Y159.296 E.49057
G1 X154.064 Y159.473 E.01186
G1 X166.067 Y171.475 E.5056
G1 X166.067 Y172.008 E.01588
G1 X153.683 Y159.625 E.52165
G1 X153.285 Y159.759 E.01254
G1 X166.067 Y172.542 E.53845
G1 X166.067 Y173.075 E.01588
G1 X154.758 Y161.766 E.47639
G1 X154.702 Y161.821 E.00234
G1 X154.853 Y162.395 E.01766
G1 X166.067 Y173.608 E.47236
G1 X166.067 Y174.141 E.01588
G1 X154.91 Y162.984 E.46999
G1 X154.91 Y163.385 E.01193
G1 X154.889 Y163.497 E.00339
G1 X166.067 Y174.675 E.47087
G1 X166.067 Y175.208 E.01588
G1 X154.78 Y163.921 E.47547
G1 X154.63 Y164.304 E.01226
G1 X166.067 Y175.741 E.48178
G1 X166.067 Y176.275 E.01588
G1 X154.457 Y164.664 E.48907
G1 X154.226 Y164.967 E.01133
G1 X166.067 Y176.808 E.49878
G1 X166.067 Y177.341 E.01588
G1 X153.985 Y165.259 E.50895
G1 X153.687 Y165.495 E.01131
G1 X166.067 Y177.874 E.52148
G1 X166.067 Y178.408 E.01588
G1 X153.384 Y165.725 E.53427
G1 X153.241 Y165.807 E.0049
G1 X153.02 Y165.894 E.00709
G1 X166.067 Y178.941 E.5496
G1 X166.067 Y179.474 E.01588
G1 X152.637 Y166.044 E.56573
G1 X152.529 Y166.086 E.00344
G1 X152.189 Y166.13 E.01021
G1 X166.067 Y180.007 E.58458
G1 X166.067 Y180.541 E.01588
G1 X151.709 Y166.183 E.60482
G1 X151.176 Y166.183 E.01589
G1 X166.067 Y181.074 E.62729
G1 X166.067 Y181.607 E.01588
M73 P52 R9
G1 X150.642 Y166.182 E.64976
G1 X150.109 Y166.182 E.01589
G1 X166.067 Y182.14 E.67224
G1 X166.067 Y182.674 E.01588
G1 X149.575 Y166.182 E.69471
G1 X149.042 Y166.182 E.01589
G1 X166.067 Y183.207 E.71719
G1 X166.067 Y183.74 E.01588
G1 X148.508 Y166.181 E.73966
G1 X148.187 Y166.181 E.00958
G1 X147.94 Y166.147 E.00741
G1 X166.067 Y184.274 E.76358
G1 X166.067 Y184.807 E.01588
G1 X147.271 Y166.011 E.79177
G1 X146.631 Y165.741 E.0207
G1 X145.976 Y165.228 E.02477
G1 X145.555 Y164.684 E.0205
G1 X145.444 Y164.492 E.00662
G1 X145.233 Y163.973 E.01667
G1 X141.102 Y159.841 E.17405
G1 X140.774 Y159.777 E.00994
G1 X140.372 Y159.646 E.01258
G1 X166.067 Y185.34 E1.08237
G1 X166.067 Y185.873 E.01588
G1 X133.933 Y153.74 E1.35362
G1 X133.933 Y154.273 E.01588
G1 X166.067 Y186.407 E1.35362
G1 X166.067 Y186.94 E.01588
G1 X133.933 Y154.806 E1.35362
G1 X133.933 Y155.339 E.01588
G1 X166.067 Y187.473 E1.35362
G1 X166.067 Y188.006 E.01588
G1 X133.933 Y155.873 E1.35362
G1 X133.933 Y156.406 E.01588
G1 X166.067 Y188.54 E1.35362
G1 X166.067 Y189.073 E.01588
G1 X133.933 Y156.939 E1.35362
G1 X133.933 Y157.472 E.01588
G1 X166.067 Y189.606 E1.35362
G1 X166.067 Y190.14 E.01588
G1 X133.933 Y158.006 E1.35362
G1 X133.933 Y158.539 E.01588
G1 X166.067 Y190.673 E1.35362
G1 X166.067 Y191.206 E.01588
G1 X133.933 Y159.072 E1.35362
G1 X133.933 Y159.606 E.01588
G1 X166.067 Y191.739 E1.35362
G1 X166.067 Y192.273 E.01588
G1 X133.933 Y160.139 E1.35362
G1 X133.933 Y160.672 E.01588
G1 X166.067 Y192.806 E1.35362
G1 X166.044 Y193.316 E.01522
G1 X133.933 Y161.205 E1.35266
G1 X133.933 Y161.739 E.01588
G1 X165.965 Y193.771 E1.34933
G1 X165.96 Y193.793 E.00069
G1 X165.832 Y194.171 E.01188
G1 X133.933 Y162.272 E1.34374
G1 X133.933 Y162.805 E.01588
G1 X165.656 Y194.528 E1.33632
G1 X165.443 Y194.848 E.01146
G1 X133.933 Y163.338 E1.32734
G1 X133.933 Y163.872 E.01588
G1 X165.196 Y195.134 E1.31693
G1 X164.916 Y195.388 E.01125
G1 X133.933 Y164.405 E1.30513
G1 X133.933 Y164.938 E.01588
G1 X164.602 Y195.608 E1.29193
G1 X164.253 Y195.792 E.01175
G1 X133.933 Y165.472 E1.27723
G1 X133.933 Y166.005 E.01588
G1 X150.873 Y182.945 E.7136
G1 X150.73 Y182.905 E.00445
G1 X150.244 Y182.849 E.01456
G1 X133.933 Y166.538 E.68709
G1 X133.933 Y167.071 E.01588
G1 X149.713 Y182.851 E.6647
G1 X149.243 Y182.915 E.01411
G1 X133.933 Y167.605 E.64493
G1 X133.933 Y168.138 E.01588
G1 X148.854 Y183.058 E.62852
G1 X148.476 Y183.214 E.01216
G1 X133.933 Y168.671 E.61262
G1 X133.933 Y169.204 E.01588
G1 X148.16 Y183.431 E.59928
G1 X147.856 Y183.661 E.01134
G1 X133.933 Y169.738 E.58652
G1 X133.933 Y170.271 E.01588
G1 X147.604 Y183.941 E.57586
G1 X147.369 Y184.24 E.01131
G1 X133.933 Y170.804 E.56597
G1 X133.933 Y171.337 E.01588
M73 P53 R9
G1 X147.176 Y184.58 E.55783
G1 X147.017 Y184.955 E.01212
G1 X133.933 Y171.871 E.55116
G1 X133.933 Y172.404 E.01588
G1 X146.897 Y185.368 E.54611
G1 X146.831 Y185.835 E.01405
G1 X133.933 Y172.937 E.54332
G1 X133.933 Y173.471 E.01588
G1 X146.822 Y186.36 E.54295
G1 X146.82 Y186.891 E.01583
G1 X133.933 Y174.004 E.54287
G1 X133.933 Y174.537 E.01588
G1 X146.819 Y187.423 E.5428
G1 X146.817 Y187.954 E.01583
G1 X133.933 Y175.07 E.54273
G1 X133.933 Y175.604 E.01588
G1 X147.086 Y188.756 E.55405
G1 E-1.3 F1800
G1 Z1.8 F18000
G1 X152.75 Y184.822 Z1.8
G1 Z1.4
G1 E1.3 F1800
G1 F8374.623
G1 X163.865 Y195.936 E.4682
G1 X163.428 Y196.033 E.01332
G1 X153.152 Y185.757 E.43287
G1 X153.183 Y185.991 E.00703
G1 X153.182 Y186.32 E.0098
G1 X162.929 Y196.067 E.41057
G1 X162.395 Y196.067 E.01588
G1 X153.18 Y186.852 E.38818
G1 X153.179 Y187.383 E.01583
G1 X161.862 Y196.067 E.36579
G1 X161.329 Y196.067 E.01588
G1 X153.177 Y187.915 E.34339
G1 X153.176 Y188.112 E.00588
G1 X153.135 Y188.406 E.00884
G1 X160.796 Y196.067 E.3227
G1 X160.262 Y196.067 E.01588
G1 X153.059 Y188.863 E.30345
G1 X152.903 Y189.241 E.01216
G1 X159.729 Y196.067 E.28754
G1 X159.196 Y196.067 E.01588
G1 X152.741 Y189.613 E.27189
G1 X152.513 Y189.917 E.01134
G1 X158.663 Y196.067 E.25906
G1 X158.129 Y196.067 E.01588
G1 X152.277 Y190.215 E.24651
G1 X151.99 Y190.461 E.01127
G1 X157.596 Y196.067 E.23615
G1 X157.063 Y196.067 E.01588
G1 X151.688 Y190.692 E.2264
G1 X151.492 Y190.806 E.00675
G1 X151.334 Y190.872 E.00509
G1 X156.529 Y196.067 E.21884
G1 X155.996 Y196.067 E.01588
G1 X150.957 Y191.028 E.21227
G1 X150.749 Y191.092 E.00648
G1 X150.516 Y191.12 E.00699
G1 X155.463 Y196.067 E.20837
G1 X154.93 Y196.067 E.01588
G1 X150.042 Y191.179 E.2059
G1 X149.446 Y191.117 E.01784
G1 X154.396 Y196.067 E.20853
G1 X153.863 Y196.067 E.01588
G1 X148.669 Y190.873 E.21878
G1 X148.508 Y190.806 E.00521
G1 X148.316 Y190.696 E.0066
G1 X147.832 Y190.324 E.01816
G1 X147.676 Y190.168 E.00659
G1 X147.304 Y189.684 E.01816
G1 X147.193 Y189.492 E.00662
G1 X147.13 Y189.334 E.00507
G1 X133.933 Y176.137 E.55591
G1 X133.933 Y176.67 E.01588
G1 X153.33 Y196.067 E.81708
G1 X152.797 Y196.067 E.01588
G1 X133.933 Y177.203 E.79461
G1 X133.933 Y177.737 E.01588
G1 X152.263 Y196.067 E.77215
G1 X151.73 Y196.067 E.01588
G1 X133.933 Y178.27 E.74969
G1 X133.933 Y178.803 E.01588
G1 X151.197 Y196.067 E.72722
G1 X150.663 Y196.067 E.01588
G1 X133.933 Y179.337 E.70476
G1 X133.933 Y179.87 E.01588
G1 X150.13 Y196.067 E.6823
G1 X149.597 Y196.067 E.01588
G1 X133.933 Y180.403 E.65983
G1 X133.933 Y180.936 E.01588
G1 X149.064 Y196.067 E.63737
G1 X148.53 Y196.067 E.01588
G1 X133.933 Y181.47 E.6149
G1 X133.933 Y182.003 E.01588
G1 X147.997 Y196.067 E.59244
G1 X147.464 Y196.067 E.01588
G1 X133.933 Y182.536 E.56998
G1 X133.933 Y183.069 E.01588
G1 X146.931 Y196.067 E.54751
G1 X146.397 Y196.067 E.01588
G1 X133.933 Y183.603 E.52505
G1 X133.933 Y184.136 E.01588
G1 X145.864 Y196.067 E.50259
G1 X145.331 Y196.067 E.01588
G1 X133.933 Y184.669 E.48012
G1 X133.933 Y185.203 E.01588
G1 X144.798 Y196.067 E.45766
G1 X144.264 Y196.067 E.01588
G1 X133.933 Y185.736 E.43519
G1 X133.933 Y186.269 E.01588
G1 X143.731 Y196.067 E.41273
G1 X143.198 Y196.067 E.01588
G1 X133.933 Y186.802 E.39027
G1 X133.933 Y187.336 E.01588
G1 X142.664 Y196.067 E.3678
G1 X142.131 Y196.067 E.01588
G1 X133.933 Y187.869 E.34534
G1 X133.933 Y188.402 E.01588
G1 X141.598 Y196.067 E.32288
G1 X141.065 Y196.067 E.01588
G1 X133.933 Y188.935 E.30041
G1 X133.933 Y189.469 E.01588
G1 X140.531 Y196.067 E.27795
G1 X139.998 Y196.067 E.01588
G1 X133.933 Y190.002 E.25548
G1 X133.933 Y190.535 E.01588
G1 X139.465 Y196.067 E.23302
G1 X138.932 Y196.067 E.01588
G1 X133.933 Y191.068 E.21056
G1 X133.933 Y191.602 E.01588
G1 X138.398 Y196.067 E.18809
G1 X137.865 Y196.067 E.01588
G1 X133.933 Y192.135 E.16563
G1 X133.933 Y192.668 E.01588
G1 X137.332 Y196.067 E.14317
G1 X136.782 Y196.051 E.01638
G1 X133.949 Y193.218 E.11933
G1 X133.961 Y193.4 E.00544
G1 X134.064 Y193.866 E.01421
G1 X136.363 Y196.165 E.09683
G1 X149.261 Y191.067 F18000
;TYPE:Gap infill
;WIDTH:0.14197
G1 F1800
G1 X148.964 Y190.882 E.00273
G1 E-1.3
G1 Z1.8 F18000
G1 X152.84 Y184.731 Z1.8
G1 Z1.4
G1 E1.3 F1800
;WIDTH:0.0924521
G1 X152.691 Y184.524 E.001
G1 X151.485 Y183.316 F18000
;WIDTH:0.107425
G1 F1800
G1 X151.375 Y183.242 E.00067
;WIDTH:0.145934
G1 X151.266 Y183.168 E.00107
;WIDTH:0.184442
G1 X151.157 Y183.094 E.00147
;WIDTH:0.203697
G1 X151.048 Y183.021 E.00167
G1 X156.539 Y153.242 F18000
;WIDTH:0.149445
G1 F1800
G1 X156.504 Y153.187 E.00055
;WIDTH:0.131642
G1 X156.448 Y153.107 E.00068
;WIDTH:0.117152
G1 X156.392 Y153.028 E.00057
G1 E-1.3
G1 Z1.8 F18000
G1 X153.057 Y159.678 Z1.8
G1 Z1.4
G1 E1.3 F1800
;WIDTH:0.246513
G1 X153.026 Y159.724 E.00089
;WIDTH:0.286662
G1 X152.996 Y159.77 E.00106
;WIDTH:0.326811
G1 X152.965 Y159.815 E.00124
;WIDTH:0.36696
G1 X152.935 Y159.861 E.00141
;WIDTH:0.411551
G1 X152.904 Y159.907 E.0016
G1 X153.01 Y160.017 E.00444
G1 X153.096 Y160.076 E.00304
;WIDTH:0.361214
G1 X153.214 Y160.167 E.00376
;WIDTH:0.322182
G1 X153.333 Y160.258 E.0033
;WIDTH:0.28315
G1 X153.452 Y160.349 E.00284
;WIDTH:0.242615
G1 X153.579 Y160.448 E.00254
;WIDTH:0.200692
G1 X154.16 Y161.009 E.01007
G1 X154.31 Y161.18 E.00284
;WIDTH:0.242872
G1 X154.421 Y161.326 E.00288
;WIDTH:0.278959
G1 X154.531 Y161.471 E.0034
;WIDTH:0.297002
G1 X154.641 Y161.616 E.00366
G1 E-1.3
G1 Z1.8 F18000
G1 X142.07 Y159.892 Z1.8
G1 Z1.4
G1 E1.3 F1800
;WIDTH:0.112551
G1 X141.861 Y159.801 E.00126
G1 X140.194 Y159.575 F18000
;WIDTH:0.210546
G1 F1800
G1 X140.043 Y159.468 E.00245
;WIDTH:0.161596
G1 X139.892 Y159.361 E.00174
;WIDTH:0.13712
G1 X139.741 Y159.254 E.00138
G1 X137.752 Y157.265 F18000
;WIDTH:0.107134
G1 F1800
G1 X137.657 Y157.133 E.00082
;WIDTH:0.126099
G1 X137.561 Y157.002 E.00107
G1 X137.198 Y154.916 F18000
;WIDTH:0.153887
G1 F1800
G1 X137.138 Y154.999 E.00089
G1 X137.198 Y155.138 E.00133
G1 E-1.3
G1 Z1.8 F18000
G1 X145.645 Y148.626 Z1.8
G1 Z1.4
G1 E1.3 F1800
;WIDTH:0.112646
G1 X145.518 Y148.459 E.00116
;WIDTH:0.137123
G1 X145.296 Y148.15 E.00284
G1 X147.132 Y125.051 F18000
;WIDTH:0.102178
G1 F1800
G1 X147.083 Y124.979 E.0004
;WIDTH:0.128845
G1 X147.004 Y124.856 E.001
G1 E-1.3
G1 Z1.8 F18000
G1 X135.866 Y195.967 Z1.8
G1 Z1.4
G1 E1.3 F1800
;WIDTH:0.14101
G1 X135.729 Y195.869 E.0013
;WIDTH:0.185953
G1 X135.593 Y195.771 E.0019
;WIDTH:0.230896
G1 X135.456 Y195.674 E.00249
;WIDTH:0.273118
G1 X135.301 Y195.546 E.00367
;WIDTH:0.31262
G1 X135.145 Y195.418 E.00429
;WIDTH:0.345394
G1 X134.854 Y195.146 E.00951
G1 X134.582 Y194.855 E.00951
;WIDTH:0.312618
G1 X134.454 Y194.699 E.00429
;WIDTH:0.273117
G1 X134.326 Y194.544 E.00367
;WIDTH:0.230895
G1 X134.229 Y194.407 E.00249
;WIDTH:0.185953
G1 X134.131 Y194.271 E.0019
;WIDTH:0.163483
G1 X134.033 Y194.134 E.0016
G1 E-1.3
G1 Z1.8 F18000
G1 X165.89 Y116.131 Z1.8
G1 Z1.4
G1 E1.3 F1800
;TYPE:Internal solid infill
;WIDTH:0.382603
G1 F9296.594
G1 X165.621 Y115.497 E.01849
G1 X165.391 Y115.152 E.01114
M73 P54 R9
G1 X164.848 Y114.609 E.02058
G1 X164.503 Y114.379 E.01114
G1 X163.869 Y114.11 E.01849
G1 X165.862 Y116.103 E.07563
M106 S186
;LAYER_CHANGE
;Z:1.6
;HEIGHT:0.2

G1 E-1.3 F1800
G92 E0
;_SET_FAN_SPEED_CHANGING_LAYER
G1 Z2 F18000
G1 X165.942 Y115.302 Z2
G1 Z1.6
G1 E1.3 F1800
;TYPE:Inner wall
;WIDTH:0.449999
G1 F7757.448
G1 X166.209 Y115.911 E.02139
G1 X166.368 Y116.557 E.02139
G1 X166.398 Y117.135 E.01863
G1 X166.398 Y193.031 E2.44053
G1 X166.324 Y193.661 E.0204
G1 X166.138 Y194.3 E.02139
G1 X165.818 Y194.883 E.02139
G1 X165.402 Y195.402 E.02139
G1 X164.883 Y195.818 E.02139
G1 X164.3 Y196.138 E.02139
G1 X163.661 Y196.324 E.02139
G1 X162.98 Y196.398 E.02202
G1 X136.969 Y196.398 E.83643
G1 X136.339 Y196.324 E.0204
G1 X135.7 Y196.138 E.02139
G1 X135.117 Y195.818 E.0214
G1 X134.598 Y195.402 E.02138
G1 X134.182 Y194.883 E.02139
G1 X133.862 Y194.3 E.02139
G1 X133.676 Y193.661 E.02139
G1 X133.602 Y192.98 E.02202
G1 X133.602 Y116.969 E2.44425
G1 X133.676 Y116.339 E.0204
G1 X133.862 Y115.7 E.02139
G1 X134.182 Y115.117 E.02139
G1 X134.598 Y114.598 E.02139
G1 X135.117 Y114.182 E.02139
G1 X135.7 Y113.862 E.02139
G1 X136.339 Y113.676 E.02139
G1 X137.02 Y113.602 E.02202
G1 X163.119 Y113.602 E.83926
G1 X163.879 Y113.719 E.02473
G1 X164.499 Y113.96 E.02138
G1 X165.068 Y114.305 E.02139
G1 X165.548 Y114.765 E.0214
G1 X165.918 Y115.269 E.0201
G1 X166.282 Y115.106 F18000
;TYPE:Outer wall
;WIDTH:0.419999
G1 F6000
G1 X166.581 Y115.784 E.02209
G1 X166.757 Y116.505 E.02211
G1 X166.79 Y117.135 E.01879
G1 X166.79 Y193.139 E2.26389
G1 X166.66 Y193.981 E.02537
G1 X166.392 Y194.672 E.0221
G1 X166.006 Y195.307 E.02211
G1 X165.493 Y195.843 E.02211
G1 X164.895 Y196.282 E.0221
G1 X164.216 Y196.581 E.0221
G1 X163.495 Y196.757 E.02211
G1 X162.993 Y196.79 E.01497
G1 X136.861 Y196.79 E.77839
G1 X136.019 Y196.66 E.02537
G1 X135.328 Y196.392 E.0221
G1 X134.693 Y196.006 E.02211
G1 X134.157 Y195.493 E.02211
G1 X133.718 Y194.895 E.0221
G1 X133.419 Y194.216 E.0221
G1 X133.243 Y193.495 E.02211
G1 X133.21 Y192.993 E.01497
G1 X133.21 Y116.861 E2.26772
G1 X133.34 Y116.019 E.02537
G1 X133.608 Y115.328 E.0221
G1 X133.994 Y114.693 E.02211
G1 X134.507 Y114.157 E.02211
G1 X135.105 Y113.718 E.0221
G1 X135.784 Y113.419 E.0221
G1 X136.505 Y113.243 E.02211
G1 X137.007 Y113.21 E.01497
G1 X163.139 Y113.21 E.77839
G1 X163.981 Y113.34 E.02537
G1 X164.672 Y113.608 E.0221
G1 X165.307 Y113.994 E.02211
G1 X165.843 Y114.507 E.02211
G1 X166.258 Y115.073 E.02092
G1 E-1.3 F1800
G1 Z2 F18000
G1 X148.587 Y119.538 Z2
G1 Z1.6
G1 E1.3 F1800
;TYPE:Inner wall
;WIDTH:0.449999
G1 F7757.448
G1 X148.511 Y119.572 E.00268
G1 X147.933 Y120.04 E.02391
G1 X147.496 Y120.642 E.02391
G1 X147.23 Y121.336 E.02391
G1 X147.148 Y121.999 E.02148
G1 X147.153 Y124.077 E.0668
G1 X147.269 Y124.81 E.02388
G1 X147.572 Y125.489 E.02391
G1 X148.04 Y126.067 E.02391
G1 X148.573 Y126.469 E.02146
G1 X149.19 Y126.731 E.02156
G1 X149.388 Y126.777 E.00655
G1 X150.076 Y126.847 E.02222
G1 X150.81 Y126.731 E.02391
G1 X151.489 Y126.428 E.02391
G1 X152.067 Y125.96 E.02391
G1 X152.504 Y125.358 E.02391
G1 X152.766 Y124.688 E.02313
G1 X152.852 Y124.001 E.02228
G1 X152.847 Y121.923 E.0668
G1 X152.731 Y121.19 E.02388
G1 X152.428 Y120.511 E.02391
G1 X151.96 Y119.933 E.02391
G1 X151.358 Y119.496 E.02391
G1 X150.664 Y119.23 E.0239
G1 X149.924 Y119.153 E.02391
G1 X149.19 Y119.269 E.02389
G1 X148.623 Y119.522 E.01996
G1 X148.749 Y119.883 F18000
;TYPE:Outer wall
;WIDTH:0.419999
G1 F6000
G1 X148.244 Y120.279 E.01912
G1 X147.869 Y120.771 E.01842
G1 X147.623 Y121.365 E.01914
G1 X147.542 Y121.975 E.01834
G1 X147.54 Y124.001 E.06035
G1 X147.624 Y124.637 E.01911
G1 X147.866 Y125.223 E.01889
G1 X148.255 Y125.734 E.01913
G1 X148.759 Y126.124 E.01899
G1 X149.353 Y126.373 E.01918
G1 X149.992 Y126.46 E.0192
G1 X150.624 Y126.379 E.01899
G1 X151.219 Y126.136 E.01914
G1 X151.733 Y125.746 E.01923
G1 X152.126 Y125.237 E.01913
G1 X152.376 Y124.637 E.01938
G1 X152.458 Y124.025 E.01838
G1 X152.458 Y121.975 E.06108
G1 X152.368 Y121.34 E.01909
G1 X152.117 Y120.749 E.01912
G1 X151.721 Y120.244 E.01912
G1 X151.208 Y119.859 E.01912
G1 X150.613 Y119.619 E.01912
G1 X149.975 Y119.542 E.01912
G1 X149.34 Y119.632 E.01911
G1 X148.786 Y119.868 E.01794
G1 E-1.3 F1800
G1 Z2 F18000
G1 X153.783 Y145.024 Z2
G1 Z1.6
G1 E1.3 F1800
;TYPE:Inner wall
;WIDTH:0.449999
G1 F7757.448
G1 X153.71 Y144.933 E.00374
G1 X153.108 Y144.496 E.02391
G1 X152.49 Y144.246 E.02144
G1 X151.827 Y144.153 E.02154
G1 X148.249 Y144.148 E.11503
G1 X147.586 Y144.23 E.02149
G1 X147.381 Y144.294 E.00692
G1 X146.761 Y144.572 E.02185
G1 X146.183 Y145.04 E.02391
G1 X145.746 Y145.642 E.02391
G1 X145.48 Y146.336 E.02391
G1 X145.403 Y147.076 E.02391
G1 X145.519 Y147.81 E.02391
G1 X145.822 Y148.489 E.02391
G1 X146.29 Y149.067 E.02391
G1 X146.892 Y149.504 E.02391
;WIDTH:0.487299
G1 F7106.32
G1 X147.121 Y149.611 E.00887
;WIDTH:0.524598
G1 F6556.033
G1 X147.35 Y149.718 E.00962
;WIDTH:0.561897
G1 F6084.846
G1 X147.579 Y149.825 E.01036
G1 X148.249 Y149.887 E.0276
;WIDTH:0.519381
G1 F6627.814
G1 X151.938 Y149.887 E.13884
G1 X152.253 Y149.807 E.01222
;WIDTH:0.48469
G1 F7148.278
G1 X152.568 Y149.727 E.01133
;WIDTH:0.449999
G1 F7757.448
G1 X153.239 Y149.428 E.02365
G1 X153.811 Y148.967 E.02362
G1 X154.254 Y148.358 E.0242
G1 X154.52 Y147.664 E.02391
G1 X154.597 Y146.924 E.02391
G1 X154.481 Y146.19 E.02391
G1 X154.178 Y145.511 E.02391
G1 X153.808 Y145.055 E.01888
G1 X153.523 Y145.303 F18000
;TYPE:Outer wall
;WIDTH:0.419999
G1 F6000
G1 X153.495 Y145.266 E.0014
G1 X152.986 Y144.873 E.01914
G1 X152.399 Y144.628 E.01896
G1 X151.775 Y144.542 E.01876
G1 X148.225 Y144.542 E.10576
G1 X147.531 Y144.656 E.02095
G1 X146.999 Y144.883 E.01721
G1 X146.494 Y145.279 E.01912
G1 X146.109 Y145.792 E.01912
G1 X145.869 Y146.387 E.01912
G1 X145.792 Y147.025 E.01912
G1 X145.882 Y147.66 E.01912
G1 X146.133 Y148.251 E.01912
G1 X146.529 Y148.756 E.01912
G1 X147.042 Y149.141 E.01912
G1 X147.637 Y149.381 E.01912
G1 X148.249 Y149.46 E.01838
G1 X151.78 Y149.46 E.10517
G1 X152.418 Y149.365 E.0192
G1 X153.001 Y149.117 E.01887
G1 X153.504 Y148.723 E.01903
G1 X153.881 Y148.229 E.01851
G1 X154.128 Y147.631 E.01929
G1 X154.21 Y147 E.01894
G1 X154.126 Y146.363 E.01914
G1 X153.88 Y145.77 E.01914
G1 X153.548 Y145.335 E.0163
G1 E-1.3 F1800
G1 Z2 F18000
G1 X154.49 Y163.742 Z2
G1 Z1.6
G1 E1.3 F1800
;TYPE:Inner wall
;WIDTH:0.449999
G1 F7757.448
G1 X154.52 Y163.664 E.00268
G1 X154.597 Y162.924 E.02391
G1 X154.487 Y162.207 E.02332
G1 X154.221 Y161.576 E.02202
G1 X153.817 Y161.04 E.0216
G1 X153.479 Y160.756 E.01418
G1 X153.054 Y160.474 E.01643
G1 X152.414 Y160.23 E.02202
;WIDTH:0.486526
G1 F7118.7
G1 X152.082 Y160.172 E.0118
;WIDTH:0.523052
G1 F6577.138
G1 X151.751 Y160.113 E.01277
;WIDTH:0.519381
G1 F6627.814
G1 X148.204 Y160.113 E.1335
;WIDTH:0.561897
G1 F6084.846
G1 X147.579 Y160.175 E.02574
G1 X147.504 Y160.209 E.00338
;WIDTH:0.534418
G1 F6425.041
G1 X147.429 Y160.243 E.0032
;WIDTH:0.506939
G1 F6805.529
G1 X147.095 Y160.408 E.01365
;WIDTH:0.478469
G1 F7250.377
G1 X146.761 Y160.572 E.01281
;WIDTH:0.449999
G1 F7757.448
G1 X146.183 Y161.04 E.02391
G1 X145.746 Y161.642 E.02391
G1 X145.48 Y162.336 E.02391
G1 X145.403 Y162.924 E.01907
G1 X145.434 Y163.31 E.01243
G1 X145.519 Y163.81 E.01633
G1 X145.822 Y164.489 E.02391
G1 X146.29 Y165.067 E.02391
G1 X146.892 Y165.504 E.02391
G1 X147.51 Y165.754 E.02144
G1 X148.173 Y165.847 E.02154
G1 X151.751 Y165.852 E.11503
G1 X152.414 Y165.77 E.02149
G1 X152.619 Y165.706 E.00692
G1 X153.239 Y165.428 E.02185
G1 X153.817 Y164.96 E.02391
G1 X154.254 Y164.358 E.02391
G1 X154.476 Y163.779 E.01994
G1 X154.127 Y163.622 F18000
;TYPE:Outer wall
;WIDTH:0.419999
G1 F6000
G1 X154.131 Y163.613 E.00032
G1 X154.208 Y162.975 E.01912
G1 X154.118 Y162.34 E.01912
G1 X153.867 Y161.749 E.01912
G1 X153.471 Y161.244 E.01912
G1 X152.971 Y160.865 E.01869
G1 X152.388 Y160.624 E.01879
G1 X151.775 Y160.542 E.01842
G1 X148.225 Y160.542 E.10576
G1 X147.59 Y160.632 E.0191
G1 X146.999 Y160.883 E.01912
G1 X146.494 Y161.279 E.01912
G1 X146.109 Y161.792 E.01912
G1 X145.869 Y162.387 E.01912
G1 X145.79 Y163 E.0184
G1 X145.875 Y163.639 E.01921
G1 X146.12 Y164.23 E.01906
G1 X146.505 Y164.734 E.01889
G1 X147.014 Y165.127 E.01914
G1 X147.601 Y165.372 E.01896
G1 X148.225 Y165.458 E.01876
G1 X151.775 Y165.458 E.10576
G1 X152.469 Y165.344 E.02095
G1 X153.001 Y165.117 E.01721
G1 X153.506 Y164.721 E.01912
G1 X153.891 Y164.208 E.01912
G1 X154.112 Y163.66 E.01761
G1 E-1.3 F1800
G1 Z2 F18000
G1 X156.251 Y156.752 Z2
G1 Z1.6
G1 E1.3 F1800
;TYPE:Inner wall
;WIDTH:0.449999
G1 F7757.448
G1 X156.434 Y156.227 E.01788
G1 X156.557 Y155.638 E.01935
G1 X156.601 Y155.038 E.01935
G1 X156.566 Y154.437 E.01935
G1 X156.454 Y153.846 E.01935
G1 X156.265 Y153.274 E.01935
G1 X156.003 Y152.732 E.01935
G1 X155.673 Y152.229 E.01935
G1 X155.269 Y151.761 E.0199
G1 X154.804 Y151.351 E.01994
G1 X154.276 Y151.001 E.02037
G1 X153.726 Y150.735 E.01965
G1 X153.154 Y150.546 E.01935
G1 X152.563 Y150.434 E.01935
;WIDTH:0.493385
G1 F7010.308
G1 X152.302 Y150.395 E.00938
;WIDTH:0.53677
G1 F6394.441
G1 X152.042 Y150.356 E.01028
G1 X151.751 Y150.363 E.01135
;WIDTH:0.519381
G1 F6627.814
G1 X148.193 Y150.363 E.13389
;WIDTH:0.561897
G1 F6084.846
G1 X147.545 Y150.342 E.02659
G1 X147.426 Y150.359 E.00492
;WIDTH:0.528332
G1 F6505.603
G1 X147.307 Y150.376 E.00461
;WIDTH:0.494766
G1 F6988.874
G1 X146.714 Y150.398 E.02118
;WIDTH:0.449999
G1 F7757.448
G1 X141.999 Y150.398 E.15161
G1 X141.379 Y150.44 E.02001
G1 X140.773 Y150.566 E.0199
G1 X140.204 Y150.764 E.01935
G1 X139.667 Y151.035 E.01935
G1 X139.169 Y151.373 E.01935
G1 X138.72 Y151.774 E.01935
G1 X138.327 Y152.229 E.01935
G1 X137.997 Y152.732 E.01936
G1 X137.735 Y153.274 E.01935
G1 X137.546 Y153.846 E.01935
G1 X137.434 Y154.437 E.01935
G1 X137.398 Y155 E.01814
G1 X137.441 Y155.625 E.02015
G1 X137.566 Y156.227 E.01978
G1 X137.764 Y156.796 E.01935
G1 X138.035 Y157.333 E.01935
G1 X138.327 Y157.771 E.01692
G1 X138.72 Y158.226 E.01935
G1 X139.169 Y158.627 E.01935
G1 X139.667 Y158.965 E.01935
G1 X140.204 Y159.236 E.01935
G1 X140.773 Y159.434 E.01935
G1 X141.362 Y159.557 E.01935
G1 X141.961 Y159.601 E.01933
G1 X146.714 Y159.602 E.15283
;WIDTH:0.488273
G1 F7090.773
G1 X146.978 Y159.621 E.00932
;WIDTH:0.526547
G1 F6529.617
G1 X147.243 Y159.64 E.01012
;WIDTH:0.56482
G1 F6050.766
G1 X147.507 Y159.659 E.01092
G1 X148.249 Y159.637 E.03063
;WIDTH:0.519381
G1 F6627.814
G1 X152.072 Y159.637 E.14386
G1 X152.317 Y159.602 E.00934
;WIDTH:0.48469
G1 F7148.278
G1 X152.563 Y159.566 E.00866
;WIDTH:0.449999
G1 F7757.448
G1 X153.154 Y159.454 E.01935
G1 X153.726 Y159.265 E.01935
G1 X154.268 Y159.003 E.01935
G1 X154.771 Y158.673 E.01935
G1 X155.226 Y158.28 E.01935
G1 X155.627 Y157.831 E.01935
G1 X155.965 Y157.333 E.01935
G1 X156.236 Y156.796 E.01935
G1 X156.238 Y156.79 E.00019
G1 X155.884 Y156.622 F18000
;TYPE:Outer wall
;WIDTH:0.419999
G1 F6000
G1 X156.063 Y156.101 E.0164
G1 X156.172 Y155.562 E.0164
G1 X156.21 Y155.012 E.0164
G1 X156.175 Y154.463 E.0164
G1 X156.069 Y153.922 E.0164
G1 X155.894 Y153.4 E.0164
G1 X155.652 Y152.906 E.0164
G1 X155.347 Y152.447 E.0164
G1 X154.985 Y152.032 E.0164
G1 X154.572 Y151.668 E.0164
G1 X154.116 Y151.361 E.0164
G1 X153.622 Y151.116 E.0164
G1 X153.101 Y150.937 E.0164
G1 X152.562 Y150.828 E.0164
G1 X152.013 Y150.79 E.01638
G1 X141.999 Y150.79 E.29827
G1 X141.463 Y150.825 E.01601
G1 X140.924 Y150.93 E.01635
G1 X140.4 Y151.106 E.01645
G1 X139.906 Y151.348 E.0164
G1 X139.447 Y151.653 E.0164
G1 X139.032 Y152.015 E.0164
G1 X138.668 Y152.428 E.0164
G1 X138.361 Y152.885 E.0164
G1 X138.116 Y153.378 E.0164
G1 X137.937 Y153.899 E.0164
G1 X137.828 Y154.438 E.0164
G1 X137.79 Y154.988 E.0164
G1 X137.825 Y155.537 E.0164
G1 X137.931 Y156.078 E.0164
G1 X138.106 Y156.6 E.0164
G1 X138.361 Y157.115 E.01713
G1 X138.653 Y157.553 E.01567
G1 X139.015 Y157.968 E.0164
G1 X139.428 Y158.332 E.0164
G1 X139.884 Y158.639 E.0164
G1 X140.378 Y158.884 E.0164
G1 X140.899 Y159.063 E.0164
G1 X141.438 Y159.172 E.0164
G1 X141.987 Y159.21 E.01638
G1 X152.001 Y159.21 E.29827
G1 X152.537 Y159.175 E.01601
G1 X153.078 Y159.069 E.0164
G1 X153.6 Y158.894 E.0164
G1 X154.094 Y158.652 E.0164
G1 X154.553 Y158.347 E.0164
G1 X154.968 Y157.985 E.0164
G1 X155.332 Y157.572 E.0164
G1 X155.639 Y157.116 E.0164
G1 X155.867 Y156.658 E.01521
G1 E-1.3 F1800
G1 Z2 F18000
G1 X150.737 Y183.252 Z2
G1 Z1.6
G1 E1.3 F1800
;TYPE:Inner wall
;WIDTH:0.449999
G1 F7757.448
G1 X150.612 Y183.223 E.00413
G1 X149.924 Y183.153 E.02222
G1 X149.19 Y183.269 E.02389
G1 X148.511 Y183.572 E.02392
G1 X147.933 Y184.04 E.02391
G1 X147.496 Y184.642 E.02391
G1 X147.23 Y185.336 E.02391
G1 X147.148 Y185.999 E.02148
G1 X147.153 Y188.077 E.0668
G1 X147.269 Y188.81 E.02388
G1 X147.572 Y189.489 E.02391
G1 X148.04 Y190.067 E.02391
G1 X148.642 Y190.504 E.02391
G1 X149.336 Y190.77 E.0239
G1 X150.076 Y190.847 E.02391
G1 X150.81 Y190.731 E.02391
G1 X151.489 Y190.428 E.02391
G1 X152.067 Y189.96 E.02391
G1 X152.504 Y189.358 E.02391
G1 X152.77 Y188.664 E.02391
G1 X152.852 Y188.001 E.02148
G1 X152.847 Y185.923 E.0668
G1 X152.731 Y185.19 E.02388
G1 X152.428 Y184.511 E.02391
G1 X151.96 Y183.933 E.02391
G1 X151.427 Y183.531 E.02146
G1 X150.81 Y183.269 E.02155
G1 X150.776 Y183.261 E.00114
G1 X150.586 Y183.619 F18000
;TYPE:Outer wall
;WIDTH:0.419999
G1 F6000
G1 X150.008 Y183.54 E.01736
G1 X149.376 Y183.621 E.01898
G1 X148.781 Y183.864 E.01915
G1 X148.267 Y184.254 E.01923
G1 X147.874 Y184.763 E.01913
G1 X147.624 Y185.363 E.01938
G1 X147.542 Y185.975 E.01838
G1 X147.542 Y188.025 E.06108
G1 X147.632 Y188.66 E.01909
G1 X147.883 Y189.251 E.01912
G1 X148.279 Y189.756 E.01912
G1 X148.792 Y190.141 E.01912
G1 X149.387 Y190.381 E.01912
G1 X150.025 Y190.458 E.01912
G1 X150.66 Y190.368 E.01912
G1 X151.251 Y190.117 E.01912
G1 X151.756 Y189.721 E.01912
G1 X152.131 Y189.229 E.01842
G1 X152.377 Y188.635 E.01914
G1 X152.458 Y188.025 E.01834
G1 X152.46 Y185.999 E.06035
G1 X152.376 Y185.363 E.01911
G1 X152.134 Y184.777 E.01889
G1 X151.745 Y184.266 E.01913
G1 X151.241 Y183.876 E.01899
G1 X150.647 Y183.627 E.01918
G1 X150.625 Y183.624 E.00065
G1 E-1.3 F1800
G1 Z2 F18000
G1 X156.263 Y196.052 Z2
G1 Z1.6
G1 E1.3 F1800
;TYPE:Sparse infill
;WIDTH:0.45
G1 F7757.437
G1 X157.892 Y196.052 E.05236
G1 X152.176 Y190.337 E.25991
G1 X152.336 Y190.177 E.00726
G1 X152.773 Y189.596 E.02339
G1 X153.091 Y188.824 E.02685
G1 X153.191 Y188.113 E.02306
G1 X153.194 Y187.209 E.02907
G1 X162.037 Y196.052 E.40212
G1 X162.969 Y196.052 E.02998
G1 X163.398 Y196.024 E.01383
G1 X163.789 Y195.946 E.01283
G1 X164.167 Y195.818 E.01283
G1 X164.525 Y195.641 E.01283
G1 X164.857 Y195.42 E.01283
G1 X165.217 Y195.087 E.01577
G1 X133.948 Y163.818 E1.42199
G1 X133.948 Y159.673 E.13329
G1 X166.052 Y191.777 E1.45995
G1 X166.052 Y190.149 E.05236
M73 P55 R9
G1 X166.052 Y180.97 F18000
G1 F7757.437
G1 X166.052 Y179.342 E.05236
G1 X152.733 Y166.023 E.60571
G1 X153.248 Y165.82 E.0178
G1 X153.443 Y165.707 E.00726
G1 X154.035 Y165.239 E.02426
G1 X154.458 Y164.693 E.02221
G1 X154.57 Y164.498 E.00722
G1 X154.795 Y163.94 E.01936
G1 X166.052 Y175.197 E.51191
G1 X166.052 Y171.052 E.13329
G1 X154.349 Y159.349 E.5322
G1 X155.052 Y158.893 E.02695
G1 X155.501 Y158.497 E.01925
G1 X155.893 Y158.052 E.01906
G1 X156.31 Y157.428 E.02413
G1 X156.395 Y157.25 E.00634
G1 X166.052 Y166.907 E.43914
G1 X166.052 Y162.762 E.13329
G1 X156.661 Y153.371 E.42707
G1 X156.59 Y153.156 E.00728
G1 X156.31 Y152.572 E.02081
G1 X155.93 Y151.992 E.02231
G1 X155.461 Y151.465 E.02267
G1 X155.015 Y151.077 E.01902
G1 X154.519 Y150.742 E.01926
G1 X153.942 Y150.45 E.0208
G1 X153.633 Y150.343 E.0105
G1 X153.149 Y149.859 E.02201
G1 X153.313 Y149.791 E.0057
G1 X153.926 Y149.337 E.02454
G1 X154.078 Y149.188 E.00683
G1 X154.489 Y148.649 E.02181
G1 X154.571 Y148.497 E.00554
G1 X154.813 Y147.91 E.02042
G1 X154.859 Y147.736 E.00579
G1 X154.893 Y147.458 E.009
G1 X166.052 Y158.617 E.50746
G1 X166.052 Y154.472 E.13329
G1 X133.948 Y122.368 E1.45995
G1 X133.948 Y126.513 E.13329
G1 X151.237 Y143.802 E.78623
G1 X151.764 Y143.802 E.01694
G1 X152.498 Y143.893 E.02379
G1 X152.838 Y144.013 E.01161
G1 E-1.3 F1800
G1 Z2 F18000
G1 X146.68 Y150.052 Z2
G1 Z1.6
G1 E1.3 F1800
G1 F7757.437
G1 X145.052 Y150.052 E.05236
G1 X133.948 Y138.948 E.50496
G1 X133.948 Y143.093 E.13329
G1 X141.02 Y150.165 E.32162
G1 X140.669 Y150.235 E.01151
G1 X140.059 Y150.45 E.02081
G1 X139.571 Y150.69 E.01749
G1 X138.947 Y151.107 E.02412
G1 X138.465 Y151.539 E.02083
G1 X138.365 Y151.655 E.00491
G1 X133.948 Y147.238 E.20088
G1 X133.948 Y151.383 E.13329
G1 X137.086 Y154.521 E.14272
G1 X137.051 Y155 E.01543
G1 X137.102 Y155.698 E.0225
G1 X137.235 Y156.331 E.02082
G1 X137.45 Y156.942 E.02081
G1 X137.742 Y157.519 E.02081
G1 X138.108 Y158.053 E.02081
G1 X138.54 Y158.535 E.02081
G1 X139.031 Y158.957 E.02081
G1 X139.572 Y159.31 E.02081
G1 X140.156 Y159.59 E.02081
G1 X140.77 Y159.792 E.02079
G1 X141.351 Y159.906 E.01902
G1 X141.943 Y159.946 E.0191
G1 X142.512 Y159.947 E.01828
G1 X145.104 Y162.54 E.11792
G1 X145.059 Y162.888 E.01131
G1 X145.059 Y163.113 E.00721
G1 X145.163 Y163.839 E.02361
G1 X145.43 Y164.498 E.02287
G1 X145.542 Y164.693 E.00721
G1 X145.966 Y165.239 E.02222
G1 X146.623 Y165.754 E.02686
G1 X147.419 Y166.089 E.02776
G1 X148.186 Y166.196 E.0249
G1 X148.761 Y166.196 E.01852
G1 X166.052 Y183.487 E.7863
G1 X166.052 Y187.632 E.13329
G1 X133.948 Y155.528 E1.45995
G1 X133.948 Y153.9 E.05236
G1 X133.948 Y166.335 F18000
G1 F7757.437
G1 X133.948 Y167.963 E.05236
G1 X148.976 Y182.991 E.68342
G1 X148.399 Y183.23 E.02009
G1 X147.765 Y183.712 E.02559
G1 X147.249 Y184.369 E.02687
G1 X146.94 Y185.1 E.02553
G1 X133.948 Y172.108 E.59081
G1 X133.948 Y176.253 E.13329
G1 X147.171 Y189.476 E.60133
G1 X147.292 Y189.692 E.00797
G1 X147.664 Y190.178 E.01967
G1 X147.822 Y190.336 E.00718
G1 X148.308 Y190.708 E.01967
G1 X148.524 Y190.829 E.00798
G1 X153.747 Y196.052 E.2375
G1 X149.602 Y196.052 E.13329
G1 X133.948 Y180.398 E.71186
G1 X133.948 Y184.543 E.13329
G1 X145.457 Y196.052 E.52336
G1 X141.312 Y196.052 E.13329
G1 X133.948 Y188.688 E.33486
G1 X133.948 Y192.833 E.13329
G1 X137.167 Y196.052 E.14637
G1 X136.602 Y196.024 E.01818
G1 X136.211 Y195.946 E.01283
G1 X135.833 Y195.818 E.01283
G1 X135.595 Y195.701 E.00852
G1 X166.052 Y143.665 F18000
G1 F7757.437
G1 X166.052 Y142.037 E.05236
G1 X151.024 Y127.009 E.68341
G1 X151.597 Y126.772 E.01993
G1 X152.235 Y126.288 E.02575
G1 X152.751 Y125.631 E.02688
G1 X153.06 Y124.9 E.02553
G1 X166.052 Y137.892 E.59081
G1 X166.052 Y133.747 E.13329
G1 X152.829 Y120.524 E.60133
G1 X152.708 Y120.308 E.00797
G1 X152.336 Y119.822 E.01967
G1 X152.178 Y119.664 E.00718
G1 X151.692 Y119.292 E.01967
G1 X151.476 Y119.171 E.00798
G1 X146.253 Y113.948 E.2375
G1 X150.398 Y113.948 E.13329
G1 X166.052 Y129.602 E.71186
G1 X166.052 Y125.457 E.13329
G1 X154.543 Y113.948 E.52336
G1 X158.688 Y113.948 E.13329
G1 X166.052 Y121.312 E.33486
G1 X166.052 Y117.167 E.13329
G1 X162.833 Y113.948 E.14637
G1 X163.398 Y113.976 E.01818
G1 X163.789 Y114.054 E.01283
G1 X164.167 Y114.182 E.01283
G1 X164.405 Y114.299 E.00852
G1 X140.48 Y113.948 F18000
G1 F7757.437
G1 X142.108 Y113.948 E.05236
G1 X147.824 Y119.663 E.25991
G1 X147.664 Y119.823 E.00726
G1 X147.227 Y120.404 E.02339
G1 X146.909 Y121.176 E.02685
G1 X146.809 Y121.887 E.02306
G1 X146.806 Y122.791 E.02907
G1 X137.963 Y113.948 E.40212
G1 X137.031 Y113.948 E.02998
G1 X136.602 Y113.976 E.01383
G1 X136.211 Y114.054 E.01283
G1 X135.833 Y114.182 E.01283
G1 X135.475 Y114.359 E.01283
G1 X135.143 Y114.58 E.01283
G1 X134.783 Y114.913 E.01577
G1 X166.052 Y146.182 E1.42199
G1 X166.052 Y150.327 E.13329
G1 X133.948 Y118.223 E1.45995
G1 X133.948 Y119.851 E.05236
G1 X133.948 Y129.03 F18000
G1 F7757.437
G1 X133.948 Y130.658 E.05236
G1 X147.26 Y143.97 E.60538
G1 X146.623 Y144.246 E.02232
G1 X146.015 Y144.712 E.02463
G1 X145.543 Y145.307 E.02443
G1 X145.43 Y145.502 E.00724
G1 X145.204 Y146.059 E.01935
G1 X133.948 Y134.803 E.51188
G1 X133.948 Y133.175 E.05236
;LAYER_CHANGE
;Z:1.8
;HEIGHT:0.2

G1 E-1.3 F1800
G92 E0
;_SET_FAN_SPEED_CHANGING_LAYER
G1 Z2.2 F18000
G1 X165.942 Y115.302 Z2.2
G1 Z1.8
G1 E1.3 F1800
;TYPE:Inner wall
;WIDTH:0.449999
G1 F7757.448
G1 X166.209 Y115.911 E.02139
G1 X166.368 Y116.557 E.02139
G1 X166.398 Y117.135 E.01863
G1 X166.398 Y193.031 E2.44053
G1 X166.324 Y193.661 E.0204
G1 X166.138 Y194.3 E.02139
G1 X165.818 Y194.883 E.02139
G1 X165.402 Y195.402 E.02139
G1 X164.883 Y195.818 E.02139
G1 X164.3 Y196.138 E.02139
G1 X163.661 Y196.324 E.02139
G1 X162.98 Y196.398 E.02202
G1 X136.969 Y196.398 E.83643
G1 X136.339 Y196.324 E.0204
G1 X135.7 Y196.138 E.02139
G1 X135.117 Y195.818 E.02139
G1 X134.598 Y195.402 E.02139
G1 X134.182 Y194.883 E.02139
G1 X133.862 Y194.3 E.02139
G1 X133.676 Y193.661 E.02139
G1 X133.602 Y192.98 E.02202
G1 X133.602 Y116.969 E2.44425
G1 X133.676 Y116.339 E.0204
G1 X133.862 Y115.7 E.02139
G1 X134.182 Y115.117 E.02139
G1 X134.598 Y114.598 E.02139
G1 X135.117 Y114.182 E.02139
G1 X135.7 Y113.862 E.02139
G1 X136.339 Y113.676 E.02139
G1 X137.02 Y113.602 E.02202
G1 X163.119 Y113.602 E.83926
G1 X163.879 Y113.719 E.02473
G1 X164.499 Y113.96 E.02138
G1 X165.068 Y114.305 E.02139
G1 X165.548 Y114.765 E.0214
G1 X165.918 Y115.269 E.0201
G1 X166.282 Y115.105 F18000
;TYPE:Outer wall
;WIDTH:0.419999
G1 F6000
G1 X166.282 Y115.105 E.00001
G1 X166.581 Y115.784 E.0221
G1 X166.757 Y116.505 E.02211
G1 X166.79 Y117.135 E.01879
G1 X166.79 Y193.139 E2.26389
G1 X166.66 Y193.981 E.02537
M73 P56 R9
G1 X166.392 Y194.672 E.0221
G1 X166.006 Y195.307 E.02211
G1 X165.493 Y195.843 E.02211
G1 X164.895 Y196.282 E.0221
G1 X164.216 Y196.581 E.0221
G1 X163.495 Y196.757 E.02211
G1 X162.993 Y196.79 E.01497
G1 X136.861 Y196.79 E.77839
G1 X136.019 Y196.66 E.02537
G1 X135.328 Y196.392 E.0221
G1 X134.693 Y196.006 E.02211
G1 X134.157 Y195.493 E.02211
G1 X133.718 Y194.895 E.0221
G1 X133.419 Y194.216 E.0221
G1 X133.243 Y193.495 E.02211
G1 X133.21 Y192.993 E.01497
G1 X133.21 Y116.861 E2.26772
G1 X133.34 Y116.019 E.02537
G1 X133.608 Y115.328 E.0221
G1 X133.994 Y114.693 E.02211
G1 X134.507 Y114.157 E.02211
G1 X135.105 Y113.718 E.0221
G1 X135.784 Y113.419 E.0221
G1 X136.505 Y113.243 E.02211
G1 X137.007 Y113.21 E.01497
G1 X163.139 Y113.21 E.77839
G1 X163.981 Y113.34 E.02537
G1 X164.672 Y113.608 E.0221
G1 X165.307 Y113.994 E.02211
G1 X165.843 Y114.507 E.02211
G1 X166.258 Y115.073 E.0209
G1 E-1.3 F1800
G1 Z2.2 F18000
G1 X148.587 Y119.538 Z2.2
G1 Z1.8
G1 E1.3 F1800
;TYPE:Inner wall
;WIDTH:0.449999
G1 F7757.448
G1 X148.511 Y119.572 E.00268
G1 X147.933 Y120.04 E.02391
G1 X147.496 Y120.642 E.02391
G1 X147.23 Y121.336 E.02391
G1 X147.148 Y121.999 E.02148
G1 X147.153 Y124.077 E.0668
G1 X147.269 Y124.81 E.02388
G1 X147.572 Y125.489 E.02391
G1 X148.04 Y126.067 E.02391
G1 X148.573 Y126.469 E.02146
G1 X149.19 Y126.731 E.02155
G1 X149.388 Y126.777 E.00655
G1 X150.076 Y126.847 E.02222
G1 X150.81 Y126.731 E.02391
G1 X151.489 Y126.428 E.02391
G1 X152.067 Y125.96 E.02391
G1 X152.504 Y125.358 E.02391
G1 X152.766 Y124.688 E.02313
G1 X152.852 Y124.001 E.02228
G1 X152.847 Y121.923 E.0668
G1 X152.731 Y121.19 E.02388
G1 X152.428 Y120.511 E.02391
G1 X151.96 Y119.933 E.02391
G1 X151.358 Y119.496 E.02391
G1 X150.664 Y119.23 E.0239
G1 X149.924 Y119.153 E.02391
G1 X149.19 Y119.269 E.02389
G1 X148.623 Y119.522 E.01996
G1 X148.749 Y119.883 F18000
;TYPE:Outer wall
;WIDTH:0.419999
G1 F6000
G1 X148.244 Y120.279 E.01912
G1 X147.869 Y120.771 E.01842
G1 X147.623 Y121.365 E.01914
G1 X147.542 Y121.975 E.01834
G1 X147.54 Y124.001 E.06035
G1 X147.624 Y124.637 E.01911
G1 X147.874 Y125.237 E.01938
G1 X148.267 Y125.746 E.01913
G1 X148.759 Y126.124 E.0185
G1 X149.353 Y126.373 E.01918
G1 X149.992 Y126.46 E.0192
G1 X150.624 Y126.379 E.01899
G1 X151.219 Y126.136 E.01914
G1 X151.733 Y125.746 E.01923
G1 X152.126 Y125.237 E.01913
G1 X152.376 Y124.637 E.01938
G1 X152.458 Y124.025 E.01838
G1 X152.458 Y121.975 E.06108
G1 X152.368 Y121.34 E.01909
G1 X152.117 Y120.749 E.01912
G1 X151.721 Y120.244 E.01912
G1 X151.208 Y119.859 E.01912
G1 X150.613 Y119.619 E.01912
G1 X149.975 Y119.542 E.01912
G1 X149.34 Y119.632 E.0191
G1 X148.786 Y119.868 E.01794
G1 E-1.3 F1800
G1 Z2.2 F18000
G1 X153.783 Y145.023 Z2.2
G1 Z1.8
G1 E1.3 F1800
;TYPE:Inner wall
;WIDTH:0.449999
G1 F7757.448
G1 X153.71 Y144.933 E.00374
G1 X153.108 Y144.496 E.02391
G1 X152.49 Y144.246 E.02144
G1 X151.827 Y144.153 E.02154
G1 X148.249 Y144.148 E.11503
G1 X147.586 Y144.23 E.02149
G1 X147.381 Y144.294 E.00692
G1 X146.761 Y144.572 E.02185
G1 X146.183 Y145.04 E.02391
G1 X145.746 Y145.642 E.02391
G1 X145.48 Y146.336 E.02391
G1 X145.403 Y147.076 E.02391
G1 X145.519 Y147.81 E.02391
G1 X145.822 Y148.489 E.02391
G1 X146.29 Y149.067 E.02391
G1 X146.892 Y149.504 E.02391
;WIDTH:0.487298
G1 F7106.326
G1 X147.121 Y149.611 E.00887
;WIDTH:0.524597
G1 F6556.042
G1 X147.35 Y149.718 E.00962
;WIDTH:0.561896
G1 F6084.857
G1 X147.579 Y149.825 E.01036
G1 X148.249 Y149.887 E.0276
;WIDTH:0.519381
G1 F6627.814
G1 X151.938 Y149.887 E.13884
G1 X152.253 Y149.807 E.01222
;WIDTH:0.48469
G1 F7148.278
G1 X152.568 Y149.727 E.01133
;WIDTH:0.449999
G1 F7757.448
G1 X153.239 Y149.428 E.02365
G1 X153.817 Y148.96 E.02391
G1 X154.254 Y148.358 E.02391
G1 X154.52 Y147.664 E.02391
G1 X154.597 Y146.924 E.02391
G1 X154.481 Y146.19 E.02391
G1 X154.178 Y145.511 E.02391
G1 X153.808 Y145.055 E.01888
G1 X153.526 Y145.307 F18000
;TYPE:Outer wall
;WIDTH:0.419999
G1 F6000
G1 X153.495 Y145.266 E.00154
G1 X152.986 Y144.873 E.01914
G1 X152.399 Y144.628 E.01896
G1 X151.775 Y144.542 E.01876
G1 X148.225 Y144.542 E.10576
G1 X147.531 Y144.656 E.02095
G1 X146.999 Y144.883 E.01721
G1 X146.494 Y145.279 E.01912
G1 X146.109 Y145.792 E.01912
G1 X145.869 Y146.387 E.01912
G1 X145.792 Y147.025 E.01912
G1 X145.882 Y147.66 E.01912
G1 X146.133 Y148.251 E.01912
G1 X146.529 Y148.756 E.01912
G1 X147.042 Y149.141 E.01912
G1 X147.637 Y149.381 E.01912
G1 X148.249 Y149.46 E.01838
G1 X151.78 Y149.46 E.10517
G1 X152.418 Y149.365 E.0192
G1 X153.001 Y149.117 E.01887
G1 X153.506 Y148.721 E.01912
G1 X153.881 Y148.229 E.01842
G1 X154.128 Y147.631 E.01929
G1 X154.21 Y147 E.01894
G1 X154.126 Y146.363 E.01914
G1 X153.88 Y145.77 E.01914
G1 X153.551 Y145.339 E.01616
G1 E-1.3 F1800
G1 Z2.2 F18000
G1 X154.49 Y163.742 Z2.2
G1 Z1.8
G1 E1.3 F1800
;TYPE:Inner wall
;WIDTH:0.449999
G1 F7757.448
G1 X154.52 Y163.664 E.00268
G1 X154.597 Y162.924 E.02391
G1 X154.487 Y162.207 E.02332
G1 X154.221 Y161.576 E.02202
G1 X153.817 Y161.04 E.0216
G1 X153.634 Y160.875 E.00791
G1 X153.108 Y160.496 E.02086
G1 X152.493 Y160.246 E.02135
;WIDTH:0.492465
G1 F7024.646
G1 X152.249 Y160.19 E.00888
;WIDTH:0.534931
G1 F6418.342
G1 X152.006 Y160.134 E.00972
G1 X151.751 Y160.113 E.00994
;WIDTH:0.519381
G1 F6627.814
G1 X148.204 Y160.113 E.1335
;WIDTH:0.561897
G1 F6084.846
G1 X147.579 Y160.175 E.02574
G1 X147.504 Y160.209 E.00338
;WIDTH:0.534418
G1 F6425.041
G1 X147.429 Y160.243 E.0032
;WIDTH:0.506939
G1 F6805.529
G1 X147.095 Y160.408 E.01365
;WIDTH:0.478469
G1 F7250.377
G1 X146.761 Y160.572 E.01281
;WIDTH:0.449999
G1 F7757.448
G1 X146.183 Y161.04 E.02391
G1 X145.746 Y161.642 E.02391
G1 X145.48 Y162.336 E.02391
G1 X145.403 Y162.924 E.01907
G1 X145.434 Y163.31 E.01243
G1 X145.519 Y163.81 E.01633
G1 X145.822 Y164.489 E.02391
G1 X146.29 Y165.067 E.02391
G1 X146.892 Y165.504 E.02391
G1 X147.51 Y165.754 E.02144
G1 X148.173 Y165.847 E.02154
G1 X151.751 Y165.852 E.11503
G1 X152.414 Y165.77 E.02149
G1 X152.619 Y165.706 E.00692
G1 X153.239 Y165.428 E.02185
G1 X153.817 Y164.96 E.02391
G1 X154.254 Y164.358 E.02391
G1 X154.476 Y163.779 E.01994
G1 X154.127 Y163.622 F18000
;TYPE:Outer wall
;WIDTH:0.419999
G1 F6000
G1 X154.131 Y163.613 E.00032
G1 X154.208 Y162.975 E.01912
G1 X154.118 Y162.34 E.01912
G1 X153.867 Y161.749 E.01912
G1 X153.471 Y161.244 E.01912
G1 X152.971 Y160.865 E.01869
G1 X152.418 Y160.635 E.01786
G1 X151.775 Y160.542 E.01933
G1 X148.225 Y160.542 E.10576
G1 X147.59 Y160.632 E.0191
G1 X146.999 Y160.883 E.01912
G1 X146.494 Y161.279 E.01912
G1 X146.109 Y161.792 E.01912
G1 X145.869 Y162.387 E.01912
G1 X145.79 Y163 E.0184
G1 X145.875 Y163.639 E.01921
G1 X146.12 Y164.23 E.01906
G1 X146.505 Y164.734 E.01889
G1 X147.014 Y165.127 E.01914
G1 X147.601 Y165.372 E.01896
G1 X148.225 Y165.458 E.01876
G1 X151.775 Y165.458 E.10576
G1 X152.469 Y165.344 E.02095
G1 X153.001 Y165.117 E.01721
G1 X153.506 Y164.721 E.01912
G1 X153.891 Y164.208 E.01912
G1 X154.112 Y163.66 E.01761
G1 E-1.3 F1800
G1 Z2.2 F18000
G1 X156.251 Y156.752 Z2.2
G1 Z1.8
G1 E1.3 F1800
;TYPE:Inner wall
;WIDTH:0.449999
G1 F7757.448
G1 X156.434 Y156.227 E.01788
G1 X156.557 Y155.638 E.01935
G1 X156.601 Y155.038 E.01935
G1 X156.566 Y154.437 E.01935
G1 X156.454 Y153.846 E.01935
G1 X156.265 Y153.274 E.01935
G1 X156.003 Y152.732 E.01935
G1 X155.673 Y152.229 E.01935
G1 X155.269 Y151.761 E.0199
G1 X154.804 Y151.351 E.01994
G1 X154.276 Y151.001 E.02037
G1 X153.726 Y150.735 E.01965
G1 X153.154 Y150.546 E.01935
G1 X152.563 Y150.434 E.01935
;WIDTH:0.493385
G1 F7010.308
G1 X152.302 Y150.395 E.00938
;WIDTH:0.53677
G1 F6394.441
G1 X152.042 Y150.356 E.01028
G1 X151.751 Y150.363 E.01135
;WIDTH:0.519381
G1 F6627.814
G1 X148.193 Y150.363 E.13389
;WIDTH:0.561896
G1 F6084.857
G1 X147.545 Y150.342 E.02659
G1 X147.426 Y150.359 E.00492
;WIDTH:0.528332
G1 F6505.603
G1 X147.307 Y150.376 E.00461
;WIDTH:0.494767
G1 F6988.858
G1 X146.714 Y150.398 E.02118
;WIDTH:0.449999
G1 F7757.448
G1 X141.999 Y150.398 E.15161
G1 X141.379 Y150.44 E.02001
G1 X140.773 Y150.566 E.0199
G1 X140.204 Y150.764 E.01935
G1 X139.667 Y151.035 E.01935
G1 X139.169 Y151.373 E.01935
G1 X138.72 Y151.774 E.01935
G1 X138.327 Y152.229 E.01935
G1 X137.997 Y152.732 E.01935
G1 X137.764 Y153.204 E.01691
G1 X137.566 Y153.773 E.01935
G1 X137.443 Y154.362 E.01935
G1 X137.399 Y154.962 E.01935
G1 X137.434 Y155.563 E.01935
G1 X137.546 Y156.154 E.01935
G1 X137.735 Y156.726 E.01935
G1 X137.997 Y157.268 E.01935
G1 X138.327 Y157.771 E.01935
G1 X138.72 Y158.226 E.01935
G1 X139.169 Y158.627 E.01935
G1 X139.667 Y158.965 E.01935
G1 X140.204 Y159.236 E.01935
G1 X140.773 Y159.434 E.01935
G1 X141.362 Y159.557 E.01935
G1 X141.961 Y159.601 E.01933
G1 X146.714 Y159.602 E.15283
;WIDTH:0.488273
G1 F7090.773
G1 X146.978 Y159.621 E.00932
;WIDTH:0.526547
G1 F6529.617
G1 X147.243 Y159.64 E.01012
;WIDTH:0.56482
G1 F6050.766
G1 X147.507 Y159.659 E.01092
G1 X148.249 Y159.637 E.03063
;WIDTH:0.519381
G1 F6627.814
G1 X152.072 Y159.637 E.14386
G1 X152.317 Y159.602 E.00934
;WIDTH:0.48469
G1 F7148.278
G1 X152.563 Y159.566 E.00866
;WIDTH:0.449999
G1 F7757.448
G1 X153.154 Y159.454 E.01935
G1 X153.726 Y159.265 E.01935
G1 X154.268 Y159.003 E.01935
G1 X154.771 Y158.673 E.01935
G1 X155.226 Y158.28 E.01935
G1 X155.627 Y157.831 E.01935
G1 X155.965 Y157.333 E.01935
G1 X156.236 Y156.796 E.01935
G1 X156.238 Y156.79 E.00019
G1 X155.884 Y156.622 F18000
;TYPE:Outer wall
;WIDTH:0.419999
G1 F6000
G1 X156.063 Y156.101 E.0164
G1 X156.172 Y155.562 E.0164
G1 X156.21 Y155.012 E.0164
G1 X156.175 Y154.463 E.0164
G1 X156.069 Y153.922 E.0164
G1 X155.894 Y153.4 E.0164
G1 X155.652 Y152.906 E.0164
G1 X155.347 Y152.447 E.0164
G1 X154.985 Y152.032 E.0164
G1 X154.572 Y151.668 E.0164
G1 X154.116 Y151.361 E.0164
G1 X153.622 Y151.116 E.0164
G1 X153.101 Y150.937 E.0164
G1 X152.562 Y150.828 E.0164
G1 X152.013 Y150.79 E.01638
G1 X141.999 Y150.79 E.29827
G1 X141.463 Y150.825 E.01601
G1 X140.924 Y150.93 E.01635
G1 X140.4 Y151.106 E.01645
G1 X139.906 Y151.348 E.0164
G1 X139.447 Y151.653 E.0164
G1 X139.032 Y152.015 E.0164
G1 X138.668 Y152.428 E.0164
G1 X138.348 Y152.906 E.01714
G1 X138.116 Y153.378 E.01567
G1 X137.937 Y153.899 E.0164
G1 X137.828 Y154.438 E.0164
G1 X137.79 Y154.988 E.0164
G1 X137.825 Y155.537 E.0164
G1 X137.931 Y156.078 E.0164
G1 X138.106 Y156.6 E.0164
G1 X138.348 Y157.094 E.0164
G1 X138.653 Y157.553 E.0164
G1 X139.015 Y157.968 E.0164
G1 X139.428 Y158.332 E.0164
G1 X139.884 Y158.639 E.0164
G1 X140.378 Y158.884 E.0164
G1 X140.899 Y159.063 E.0164
G1 X141.438 Y159.172 E.0164
G1 X141.987 Y159.21 E.01638
G1 X152.001 Y159.21 E.29827
G1 X152.537 Y159.175 E.01601
M73 P56 R8
G1 X153.078 Y159.069 E.0164
G1 X153.6 Y158.894 E.0164
G1 X154.094 Y158.652 E.0164
G1 X154.553 Y158.347 E.0164
G1 X154.968 Y157.985 E.0164
G1 X155.332 Y157.572 E.0164
G1 X155.639 Y157.116 E.0164
G1 X155.867 Y156.658 E.01521
G1 E-1.3 F1800
G1 Z2.2 F18000
G1 X150.737 Y183.252 Z2.2
G1 Z1.8
G1 E1.3 F1800
;TYPE:Inner wall
;WIDTH:0.449999
G1 F7757.448
G1 X150.612 Y183.223 E.00413
G1 X149.924 Y183.153 E.02222
G1 X149.19 Y183.269 E.02389
G1 X148.511 Y183.572 E.02392
G1 X147.933 Y184.04 E.02391
G1 X147.496 Y184.642 E.02391
G1 X147.23 Y185.336 E.02391
G1 X147.148 Y185.999 E.02148
G1 X147.153 Y188.077 E.0668
G1 X147.269 Y188.81 E.02388
G1 X147.572 Y189.489 E.02391
G1 X148.04 Y190.067 E.02391
G1 X148.642 Y190.504 E.02391
G1 X149.336 Y190.77 E.0239
G1 X150.076 Y190.847 E.02391
G1 X150.81 Y190.731 E.02391
G1 X151.489 Y190.428 E.02391
G1 X152.067 Y189.96 E.02391
G1 X152.504 Y189.358 E.02391
G1 X152.77 Y188.664 E.02391
G1 X152.852 Y188.001 E.02148
G1 X152.847 Y185.923 E.0668
G1 X152.731 Y185.19 E.02388
G1 X152.428 Y184.511 E.02391
G1 X151.96 Y183.933 E.02391
G1 X151.427 Y183.531 E.02146
G1 X150.81 Y183.269 E.02155
G1 X150.776 Y183.261 E.00114
G1 X150.577 Y183.617 F18000
;TYPE:Outer wall
;WIDTH:0.419999
G1 F6000
G1 X150.008 Y183.54 E.01709
G1 X149.376 Y183.621 E.01898
G1 X148.781 Y183.864 E.01915
G1 X148.267 Y184.254 E.01923
G1 X147.874 Y184.763 E.01913
G1 X147.624 Y185.363 E.01938
G1 X147.542 Y185.975 E.01838
G1 X147.54 Y188.001 E.06035
G1 X147.632 Y188.66 E.01983
G1 X147.883 Y189.251 E.01912
G1 X148.279 Y189.756 E.01912
G1 X148.792 Y190.141 E.01912
G1 X149.387 Y190.381 E.01912
G1 X150.025 Y190.458 E.01912
G1 X150.66 Y190.368 E.01912
G1 X151.251 Y190.117 E.01912
G1 X151.756 Y189.721 E.01912
G1 X152.131 Y189.229 E.01842
G1 X152.377 Y188.635 E.01914
G1 X152.458 Y188.025 E.01834
G1 X152.46 Y185.999 E.06035
G1 X152.376 Y185.363 E.01911
G1 X152.134 Y184.777 E.01889
G1 X151.745 Y184.266 E.01913
G1 X151.241 Y183.876 E.01899
G1 X150.647 Y183.627 E.01918
G1 X150.616 Y183.623 E.00092
G1 E-1.3 F1800
G1 Z2.2 F18000
G1 X156.263 Y196.052 Z2.2
G1 Z1.8
G1 E1.3 F1800
;TYPE:Sparse infill
;WIDTH:0.45
G1 F7757.437
G1 X157.892 Y196.052 E.05236
G1 X152.176 Y190.337 E.25991
G1 X152.336 Y190.177 E.00726
G1 X152.773 Y189.596 E.02339
G1 X153.091 Y188.824 E.02685
G1 X153.191 Y188.113 E.02306
G1 X153.194 Y187.209 E.02907
G1 X162.037 Y196.052 E.40212
G1 X162.969 Y196.052 E.02998
G1 X163.398 Y196.024 E.01383
G1 X163.789 Y195.946 E.01283
G1 X164.167 Y195.818 E.01283
G1 X164.525 Y195.641 E.01283
G1 X164.857 Y195.42 E.01283
G1 X165.217 Y195.087 E.01577
G1 X133.948 Y163.818 E1.42199
G1 X133.948 Y167.963 E.13329
G1 X148.976 Y182.991 E.68342
G1 X148.399 Y183.23 E.02009
G1 X147.765 Y183.712 E.02559
G1 X147.249 Y184.369 E.02687
G1 X146.94 Y185.1 E.02553
G1 X133.948 Y172.108 E.59081
G1 X133.948 Y176.253 E.13329
G1 X147.171 Y189.476 E.60133
G1 X147.292 Y189.692 E.00797
G1 X147.664 Y190.178 E.01967
G1 X147.822 Y190.336 E.00718
G1 X148.308 Y190.708 E.01967
G1 X148.524 Y190.829 E.00798
G1 X153.747 Y196.052 E.2375
G1 X149.602 Y196.052 E.13329
G1 X133.948 Y180.398 E.71186
G1 X133.948 Y184.543 E.13329
G1 X145.457 Y196.052 E.52336
G1 X141.312 Y196.052 E.13329
G1 X133.948 Y188.688 E.33486
G1 X133.948 Y192.833 E.13329
G1 X137.167 Y196.052 E.14637
G1 X136.602 Y196.024 E.01818
G1 X136.211 Y195.946 E.01283
G1 X135.833 Y195.818 E.01283
G1 X135.595 Y195.701 E.00852
G1 X166.052 Y156.989 F18000
G1 F7757.437
G1 X166.052 Y158.617 E.05236
G1 X154.891 Y147.456 E.50755
G1 X154.847 Y147.801 E.01119
G1 X154.548 Y148.547 E.02584
G1 X154.457 Y148.694 E.00557
G1 X154.078 Y149.188 E.02001
G1 X153.927 Y149.336 E.00679
G1 X153.442 Y149.708 E.01965
G1 X153.151 Y149.86 E.01059
G1 X153.631 Y150.341 E.02184
G1 X153.941 Y150.45 E.01058
G1 X154.44 Y150.696 E.01789
G1 X155.052 Y151.107 E.02371
G1 X155.501 Y151.503 E.01925
G1 X155.893 Y151.948 E.01906
G1 X156.31 Y152.571 E.0241
G1 X156.55 Y153.059 E.01749
G1 X156.659 Y153.369 E.01058
G1 X166.052 Y162.762 E.42714
G1 X166.052 Y166.907 E.13329
G1 X156.395 Y157.25 E.43914
G1 X156.31 Y157.428 E.00633
G1 X155.93 Y158.008 E.02231
G1 X155.461 Y158.535 E.02267
G1 X155.015 Y158.923 E.01902
G1 X154.519 Y159.258 E.01926
G1 X154.346 Y159.346 E.00624
G1 X166.052 Y171.052 E.53236
G1 X166.052 Y175.197 E.13329
G1 X154.794 Y163.939 E.51195
G1 X154.52 Y164.601 E.02302
G1 X154.086 Y165.177 E.02321
G1 X153.927 Y165.336 E.00722
G1 X153.377 Y165.754 E.02224
G1 X152.74 Y166.03 E.02231
G1 X166.052 Y179.342 E.60538
G1 X166.052 Y180.97 E.05236
G1 X166.052 Y190.149 F18000
G1 F7757.437
G1 X166.052 Y191.777 E.05236
G1 X133.948 Y159.673 E1.45995
G1 X133.948 Y155.528 E.13329
M73 P57 R8
G1 X166.052 Y187.632 E1.45995
G1 X166.052 Y183.487 E.13329
G1 X148.757 Y166.192 E.78648
G1 X148.137 Y166.191 E.01996
G1 X147.419 Y166.089 E.02329
G1 X146.752 Y165.82 E.02316
G1 X146.557 Y165.707 E.00724
G1 X145.965 Y165.239 E.02426
G1 X145.542 Y164.693 E.02221
G1 X145.43 Y164.498 E.00721
G1 X145.163 Y163.839 E.02287
G1 X145.059 Y163.113 E.02361
G1 X145.059 Y162.888 E.00721
G1 X145.104 Y162.54 E.01131
G1 X142.513 Y159.948 E.11785
G1 X141.995 Y159.948 E.01666
G1 X141.405 Y159.911 E.01899
G1 X140.67 Y159.765 E.02411
G1 X140.155 Y159.59 E.01749
G1 X139.572 Y159.31 E.02078
G1 X139.03 Y158.956 E.02083
G1 X138.465 Y158.461 E.02415
G1 X138.043 Y157.97 E.02083
G1 X137.69 Y157.428 E.02079
G1 X137.45 Y156.941 E.01747
G1 X137.235 Y156.331 E.02078
G1 X137.102 Y155.698 E.02082
G1 X137.052 Y155.001 E.02248
G1 X137.082 Y154.517 E.01559
G1 X133.948 Y151.383 E.14251
G1 X133.948 Y147.238 E.13329
G1 X138.365 Y151.655 E.20088
G1 X138.465 Y151.539 E.00491
G1 X138.947 Y151.108 E.02081
G1 X139.481 Y150.742 E.02081
G1 X140.059 Y150.45 E.02083
G1 X140.77 Y150.208 E.02415
G1 X141.017 Y150.162 E.00808
G1 X133.948 Y143.093 E.32146
G1 X133.948 Y138.948 E.13329
G1 X145.052 Y150.052 E.50496
G1 X146.68 Y150.052 E.05236
G1 E-1.3 F1800
G1 Z2.2 F18000
G1 X152.839 Y144.013 Z2.2
G1 Z1.8
G1 E1.3 F1800
G1 F7757.437
G1 X152.498 Y143.893 E.01162
G1 X151.814 Y143.804 E.0222
G1 X151.238 Y143.803 E.01852
G1 X133.948 Y126.513 E.78628
G1 X133.948 Y122.368 E.13329
G1 X166.052 Y154.472 E1.45995
G1 X166.052 Y150.327 E.13329
G1 X133.948 Y118.223 E1.45995
G1 X133.948 Y119.851 E.05236
G1 X133.948 Y129.03 F18000
G1 F7757.437
G1 X133.948 Y130.658 E.05236
G1 X147.261 Y143.971 E.60542
G1 X146.684 Y144.211 E.02008
G1 X146.073 Y144.663 E.02446
G1 X145.914 Y144.822 E.00722
G1 X145.542 Y145.308 E.01967
G1 X145.43 Y145.502 E.0072
G1 X145.204 Y146.059 E.01935
G1 X133.948 Y134.803 E.51188
G1 X133.948 Y133.175 E.05236
G1 X143.737 Y113.948 F18000
G1 F7757.437
G1 X142.108 Y113.948 E.05236
G1 X147.824 Y119.663 E.25991
G1 X147.664 Y119.823 E.00726
G1 X147.227 Y120.404 E.02339
G1 X146.909 Y121.176 E.02685
G1 X146.809 Y121.887 E.02306
G1 X146.806 Y122.791 E.02907
G1 X137.963 Y113.948 E.40212
G1 X137.031 Y113.948 E.02998
G1 X136.602 Y113.976 E.01383
G1 X136.211 Y114.054 E.01283
G1 X135.833 Y114.182 E.01283
G1 X135.475 Y114.359 E.01283
G1 X135.143 Y114.58 E.01283
G1 X134.783 Y114.913 E.01577
G1 X166.052 Y146.182 E1.42199
G1 X166.052 Y142.037 E.13329
G1 X151.024 Y127.009 E.68341
G1 X151.597 Y126.772 E.01993
G1 X152.235 Y126.288 E.02575
G1 X152.751 Y125.631 E.02688
G1 X153.06 Y124.9 E.02553
G1 X166.052 Y137.892 E.59081
G1 X166.052 Y133.747 E.13329
G1 X152.829 Y120.524 E.60133
G1 X152.708 Y120.308 E.00797
G1 X152.336 Y119.822 E.01967
G1 X152.178 Y119.664 E.00718
G1 X151.692 Y119.292 E.01967
G1 X151.476 Y119.171 E.00798
G1 X146.253 Y113.948 E.2375
G1 X150.398 Y113.948 E.13329
G1 X166.052 Y129.602 E.71186
G1 X166.052 Y125.457 E.13329
G1 X154.543 Y113.948 E.52336
G1 X158.688 Y113.948 E.13329
G1 X166.052 Y121.312 E.33486
G1 X166.052 Y117.167 E.13329
G1 X162.833 Y113.948 E.14637
G1 X163.398 Y113.976 E.01818
G1 X163.789 Y114.054 E.01283
G1 X164.167 Y114.182 E.01283
G1 X164.405 Y114.299 E.00852
;LAYER_CHANGE
;Z:2
;HEIGHT:0.2

G1 E-1.3 F1800
G92 E0
;_SET_FAN_SPEED_CHANGING_LAYER
G1 Z2.4 F18000
G1 X165.942 Y115.302 Z2.4
G1 Z2
G1 E1.3 F1800
;TYPE:Inner wall
;WIDTH:0.449999
G1 F7757.448
G1 X166.209 Y115.911 E.02139
G1 X166.368 Y116.557 E.02139
G1 X166.398 Y117.135 E.01863
G1 X166.398 Y193.031 E2.44053
G1 X166.324 Y193.661 E.0204
G1 X166.138 Y194.3 E.02139
G1 X165.818 Y194.883 E.02139
G1 X165.402 Y195.402 E.02139
G1 X164.883 Y195.818 E.02139
G1 X164.3 Y196.138 E.02139
G1 X163.661 Y196.324 E.02139
G1 X162.98 Y196.398 E.02202
G1 X136.969 Y196.398 E.83643
G1 X136.339 Y196.324 E.0204
G1 X135.7 Y196.138 E.02139
G1 X135.117 Y195.818 E.02139
G1 X134.598 Y195.402 E.02139
G1 X134.182 Y194.883 E.02139
G1 X133.862 Y194.3 E.02139
G1 X133.676 Y193.661 E.02139
G1 X133.602 Y192.98 E.02202
G1 X133.602 Y116.969 E2.44425
G1 X133.676 Y116.339 E.0204
G1 X133.862 Y115.7 E.02139
G1 X134.182 Y115.117 E.02139
G1 X134.598 Y114.598 E.02139
G1 X135.117 Y114.182 E.02139
G1 X135.7 Y113.862 E.02139
G1 X136.339 Y113.676 E.02139
G1 X137.02 Y113.602 E.02202
G1 X163.119 Y113.602 E.83926
G1 X163.879 Y113.719 E.02473
G1 X164.499 Y113.96 E.02138
G1 X165.068 Y114.305 E.02139
G1 X165.548 Y114.765 E.0214
G1 X165.918 Y115.269 E.0201
G1 X166.282 Y115.105 F18000
;TYPE:Outer wall
;WIDTH:0.419999
G1 F6000
G1 X166.581 Y115.784 E.0221
G1 X166.757 Y116.505 E.02211
G1 X166.79 Y117.135 E.01879
G1 X166.79 Y193.139 E2.26389
G1 X166.66 Y193.981 E.02537
G1 X166.392 Y194.672 E.0221
G1 X166.006 Y195.307 E.02211
G1 X165.493 Y195.843 E.02211
G1 X164.895 Y196.282 E.0221
G1 X164.216 Y196.581 E.0221
G1 X163.495 Y196.757 E.02211
G1 X162.993 Y196.79 E.01497
G1 X136.861 Y196.79 E.77839
G1 X136.019 Y196.66 E.02537
G1 X135.328 Y196.392 E.0221
G1 X134.693 Y196.006 E.02211
G1 X134.157 Y195.493 E.02211
G1 X133.718 Y194.895 E.0221
G1 X133.419 Y194.216 E.0221
G1 X133.243 Y193.495 E.02211
G1 X133.21 Y192.993 E.01497
G1 X133.21 Y116.861 E2.26772
G1 X133.34 Y116.019 E.02537
G1 X133.608 Y115.328 E.0221
G1 X133.994 Y114.693 E.02211
G1 X134.507 Y114.157 E.02211
G1 X135.105 Y113.718 E.0221
G1 X135.784 Y113.419 E.0221
G1 X136.505 Y113.243 E.02211
G1 X137.007 Y113.21 E.01497
G1 X163.139 Y113.21 E.77839
G1 X163.981 Y113.34 E.02537
G1 X164.672 Y113.608 E.0221
G1 X165.307 Y113.994 E.02211
G1 X165.843 Y114.507 E.02211
G1 X166.258 Y115.073 E.02092
G1 E-1.3 F1800
G1 Z2.4 F18000
G1 X148.587 Y119.538 Z2.4
G1 Z2
G1 E1.3 F1800
;TYPE:Inner wall
;WIDTH:0.449999
G1 F7757.448
G1 X148.511 Y119.572 E.00268
G1 X147.933 Y120.04 E.02391
G1 X147.496 Y120.642 E.02391
G1 X147.23 Y121.336 E.02391
G1 X147.148 Y121.999 E.02148
G1 X147.153 Y124.077 E.0668
G1 X147.269 Y124.81 E.02388
G1 X147.572 Y125.489 E.02391
G1 X148.04 Y126.067 E.02391
G1 X148.573 Y126.469 E.02146
G1 X149.19 Y126.731 E.02156
G1 X149.388 Y126.777 E.00655
G1 X150.076 Y126.847 E.02222
G1 X150.81 Y126.731 E.02391
G1 X151.489 Y126.428 E.02391
G1 X152.067 Y125.96 E.02391
G1 X152.504 Y125.358 E.02391
G1 X152.766 Y124.688 E.02313
G1 X152.852 Y124.001 E.02228
G1 X152.847 Y121.923 E.0668
G1 X152.731 Y121.19 E.02388
G1 X152.428 Y120.511 E.02391
G1 X151.96 Y119.933 E.02391
G1 X151.358 Y119.496 E.02391
G1 X150.664 Y119.23 E.0239
G1 X149.924 Y119.153 E.02391
G1 X149.19 Y119.269 E.02391
G1 X148.623 Y119.522 E.01994
G1 X148.749 Y119.883 F18000
;TYPE:Outer wall
;WIDTH:0.419999
G1 F6000
G1 X148.244 Y120.279 E.01912
G1 X147.869 Y120.771 E.01842
G1 X147.623 Y121.365 E.01914
G1 X147.542 Y121.975 E.01834
G1 X147.542 Y124.025 E.06108
G1 X147.632 Y124.66 E.01909
G1 X147.883 Y125.251 E.01912
G1 X148.279 Y125.756 E.01912
G1 X148.792 Y126.141 E.01912
G1 X149.44 Y126.388 E.02064
G1 X150.025 Y126.458 E.01755
G1 X150.66 Y126.368 E.01912
G1 X151.251 Y126.117 E.01912
G1 X151.733 Y125.746 E.01814
G1 X152.126 Y125.237 E.01913
G1 X152.376 Y124.637 E.01938
G1 X152.458 Y124.025 E.01838
G1 X152.458 Y121.975 E.06108
G1 X152.368 Y121.34 E.01909
G1 X152.117 Y120.749 E.01912
G1 X151.721 Y120.244 E.01912
G1 X151.208 Y119.859 E.01912
G1 X150.613 Y119.619 E.01912
G1 X149.975 Y119.542 E.01912
G1 X149.34 Y119.632 E.01912
G1 X148.786 Y119.868 E.01793
G1 E-1.3 F1800
G1 Z2.4 F18000
G1 X153.783 Y145.023 Z2.4
G1 Z2
G1 E1.3 F1800
M73 P58 R8
;TYPE:Inner wall
;WIDTH:0.449999
G1 F7757.448
G1 X153.71 Y144.933 E.00374
G1 X153.108 Y144.496 E.02391
G1 X152.49 Y144.246 E.02144
G1 X151.827 Y144.153 E.02154
G1 X148.249 Y144.148 E.11503
G1 X147.586 Y144.23 E.02149
G1 X147.381 Y144.294 E.00692
G1 X146.761 Y144.572 E.02185
G1 X146.183 Y145.04 E.02391
G1 X145.746 Y145.642 E.02391
G1 X145.48 Y146.336 E.02391
G1 X145.403 Y147.076 E.02391
G1 X145.519 Y147.81 E.02391
G1 X145.822 Y148.489 E.02391
G1 X146.29 Y149.067 E.02391
G1 X146.892 Y149.504 E.02391
;WIDTH:0.487299
G1 F7106.32
G1 X147.121 Y149.611 E.00887
;WIDTH:0.524598
G1 F6556.033
G1 X147.35 Y149.718 E.00962
;WIDTH:0.561897
G1 F6084.846
G1 X147.579 Y149.825 E.01036
G1 X148.249 Y149.887 E.0276
;WIDTH:0.519381
G1 F6627.814
G1 X151.938 Y149.887 E.13884
G1 X152.253 Y149.807 E.01222
;WIDTH:0.48469
G1 F7148.278
G1 X152.568 Y149.727 E.01133
;WIDTH:0.449999
G1 F7757.448
G1 X153.239 Y149.428 E.02365
G1 X153.817 Y148.96 E.02391
G1 X154.254 Y148.358 E.02391
G1 X154.52 Y147.664 E.02391
G1 X154.597 Y146.924 E.02391
G1 X154.481 Y146.19 E.02391
G1 X154.178 Y145.511 E.02391
G1 X153.808 Y145.055 E.01888
G1 X153.529 Y145.311 F18000
;TYPE:Outer wall
;WIDTH:0.419999
G1 F6000
G1 X153.495 Y145.266 E.00169
G1 X152.986 Y144.873 E.01914
G1 X152.399 Y144.628 E.01896
G1 X151.775 Y144.542 E.01876
G1 X148.225 Y144.542 E.10576
G1 X147.531 Y144.656 E.02095
G1 X146.999 Y144.883 E.01721
G1 X146.494 Y145.279 E.01912
G1 X146.109 Y145.792 E.01912
G1 X145.869 Y146.387 E.01912
G1 X145.792 Y147.025 E.01912
G1 X145.882 Y147.66 E.01912
G1 X146.133 Y148.251 E.01912
G1 X146.529 Y148.756 E.01912
G1 X147.042 Y149.141 E.01912
G1 X147.637 Y149.381 E.01912
G1 X148.249 Y149.46 E.01838
G1 X151.78 Y149.46 E.10517
G1 X152.418 Y149.365 E.0192
G1 X153.001 Y149.117 E.01887
G1 X153.504 Y148.723 E.01903
G1 X153.886 Y148.219 E.01885
G1 X154.128 Y147.631 E.01895
G1 X154.21 Y147 E.01894
G1 X154.126 Y146.363 E.01914
G1 X153.88 Y145.77 E.01914
G1 X153.554 Y145.343 E.01601
G1 E-1.3 F1800
G1 Z2.4 F18000
G1 X154.49 Y163.742 Z2.4
G1 Z2
G1 E1.3 F1800
;TYPE:Inner wall
;WIDTH:0.449999
G1 F7757.448
G1 X154.52 Y163.664 E.00268
G1 X154.597 Y162.924 E.02391
G1 X154.487 Y162.207 E.02332
G1 X154.221 Y161.576 E.02202
G1 X153.817 Y161.04 E.0216
G1 X153.479 Y160.756 E.01418
G1 X153.054 Y160.474 E.01643
G1 X152.414 Y160.23 E.02202
;WIDTH:0.486526
G1 F7118.7
G1 X152.082 Y160.172 E.0118
;WIDTH:0.523052
G1 F6577.138
G1 X151.751 Y160.113 E.01277
;WIDTH:0.519381
G1 F6627.814
G1 X148.204 Y160.113 E.1335
;WIDTH:0.561897
G1 F6084.846
G1 X147.579 Y160.175 E.02574
G1 X147.504 Y160.209 E.00338
;WIDTH:0.534419
G1 F6425.034
G1 X147.429 Y160.243 E.0032
;WIDTH:0.50694
G1 F6805.514
G1 X147.095 Y160.408 E.01365
;WIDTH:0.47847
G1 F7250.369
G1 X146.761 Y160.572 E.01281
;WIDTH:0.449999
G1 F7757.448
G1 X146.183 Y161.04 E.02391
G1 X145.746 Y161.642 E.02391
G1 X145.48 Y162.336 E.02391
G1 X145.403 Y162.924 E.01907
G1 X145.434 Y163.31 E.01243
G1 X145.519 Y163.81 E.01633
G1 X145.822 Y164.489 E.02391
G1 X146.29 Y165.067 E.02391
G1 X146.892 Y165.504 E.02391
G1 X147.51 Y165.754 E.02144
G1 X148.173 Y165.847 E.02154
G1 X151.751 Y165.852 E.11503
G1 X152.414 Y165.77 E.02149
G1 X152.619 Y165.706 E.00692
G1 X153.239 Y165.428 E.02185
G1 X153.817 Y164.96 E.02391
G1 X154.254 Y164.358 E.02391
G1 X154.476 Y163.779 E.01994
G1 X154.127 Y163.622 F18000
;TYPE:Outer wall
;WIDTH:0.419999
G1 F6000
G1 X154.131 Y163.613 E.00032
G1 X154.208 Y162.975 E.01912
G1 X154.118 Y162.34 E.01912
G1 X153.867 Y161.749 E.01912
G1 X153.471 Y161.244 E.01912
G1 X152.971 Y160.865 E.01869
G1 X152.388 Y160.624 E.01879
G1 X151.775 Y160.542 E.01842
G1 X148.225 Y160.542 E.10576
G1 X147.59 Y160.632 E.0191
G1 X146.999 Y160.883 E.01912
G1 X146.494 Y161.279 E.01912
G1 X146.109 Y161.792 E.01912
G1 X145.869 Y162.387 E.01912
G1 X145.79 Y163 E.0184
G1 X145.875 Y163.639 E.01921
G1 X146.12 Y164.23 E.01906
G1 X146.505 Y164.734 E.01889
G1 X147.014 Y165.127 E.01914
G1 X147.601 Y165.372 E.01896
G1 X148.225 Y165.458 E.01876
G1 X151.775 Y165.458 E.10576
G1 X152.469 Y165.344 E.02095
G1 X153.001 Y165.117 E.01721
G1 X153.506 Y164.721 E.01912
G1 X153.891 Y164.208 E.01912
G1 X154.112 Y163.659 E.01761
G1 E-1.3 F1800
G1 Z2.4 F18000
G1 X156.251 Y156.752 Z2.4
G1 Z2
G1 E1.3 F1800
;TYPE:Inner wall
;WIDTH:0.449999
G1 F7757.448
G1 X156.434 Y156.227 E.01788
G1 X156.557 Y155.638 E.01935
G1 X156.601 Y155.038 E.01935
G1 X156.566 Y154.437 E.01935
G1 X156.454 Y153.846 E.01935
G1 X156.265 Y153.274 E.01935
G1 X156.003 Y152.732 E.01935
G1 X155.673 Y152.229 E.01935
G1 X155.269 Y151.761 E.0199
G1 X154.804 Y151.351 E.01994
G1 X154.276 Y151.001 E.02037
G1 X153.726 Y150.735 E.01965
G1 X153.154 Y150.546 E.01935
G1 X152.563 Y150.434 E.01935
;WIDTH:0.493385
G1 F7010.308
G1 X152.302 Y150.395 E.00938
;WIDTH:0.53677
G1 F6394.441
G1 X152.042 Y150.356 E.01028
G1 X151.751 Y150.363 E.01135
;WIDTH:0.519381
G1 F6627.814
G1 X148.193 Y150.363 E.13389
;WIDTH:0.561897
G1 F6084.846
G1 X147.545 Y150.342 E.02659
G1 X147.426 Y150.359 E.00492
;WIDTH:0.528332
G1 F6505.603
G1 X147.307 Y150.376 E.00461
;WIDTH:0.494766
G1 F6988.874
G1 X146.714 Y150.398 E.02118
;WIDTH:0.449999
G1 F7757.448
G1 X141.999 Y150.398 E.15161
G1 X141.437 Y150.434 E.01811
G1 X140.848 Y150.546 E.0193
G1 X140.274 Y150.735 E.01941
G1 X139.732 Y150.997 E.01935
G1 X139.229 Y151.327 E.01935
G1 X138.774 Y151.72 E.01935
G1 X138.373 Y152.169 E.01935
G1 X138.035 Y152.667 E.01935
G1 X137.764 Y153.204 E.01935
G1 X137.566 Y153.773 E.01935
G1 X137.443 Y154.362 E.01935
G1 X137.399 Y154.962 E.01935
G1 X137.434 Y155.563 E.01935
G1 X137.546 Y156.154 E.01935
G1 X137.735 Y156.726 E.01935
G1 X137.997 Y157.268 E.01935
G1 X138.327 Y157.771 E.01936
G1 X138.72 Y158.226 E.01935
G1 X139.169 Y158.627 E.01935
G1 X139.667 Y158.965 E.01935
G1 X140.204 Y159.236 E.01935
G1 X140.773 Y159.434 E.01935
G1 X141.362 Y159.557 E.01935
G1 X141.961 Y159.601 E.01933
G1 X146.714 Y159.602 E.15283
;WIDTH:0.488273
G1 F7090.773
G1 X146.978 Y159.621 E.00932
;WIDTH:0.526547
G1 F6529.617
G1 X147.243 Y159.64 E.01012
;WIDTH:0.56482
G1 F6050.766
G1 X147.507 Y159.659 E.01092
G1 X148.249 Y159.637 E.03063
;WIDTH:0.519381
G1 F6627.814
G1 X152.072 Y159.637 E.14386
G1 X152.317 Y159.602 E.00934
;WIDTH:0.48469
G1 F7148.278
G1 X152.563 Y159.566 E.00866
;WIDTH:0.449999
G1 F7757.448
G1 X153.154 Y159.454 E.01935
G1 X153.726 Y159.265 E.01935
G1 X154.268 Y159.003 E.01935
G1 X154.771 Y158.673 E.01935
G1 X155.226 Y158.28 E.01935
G1 X155.627 Y157.831 E.01935
G1 X155.965 Y157.333 E.01935
G1 X156.236 Y156.796 E.01935
G1 X156.238 Y156.79 E.00019
G1 X155.884 Y156.622 F18000
;TYPE:Outer wall
;WIDTH:0.419999
G1 F6000
G1 X156.063 Y156.101 E.0164
G1 X156.172 Y155.562 E.0164
G1 X156.21 Y155.012 E.0164
G1 X156.175 Y154.463 E.0164
G1 X156.069 Y153.922 E.0164
G1 X155.894 Y153.4 E.0164
G1 X155.652 Y152.906 E.0164
G1 X155.347 Y152.447 E.0164
G1 X154.985 Y152.032 E.0164
G1 X154.572 Y151.668 E.0164
G1 X154.116 Y151.361 E.0164
G1 X153.622 Y151.116 E.0164
G1 X153.101 Y150.937 E.0164
G1 X152.562 Y150.828 E.0164
G1 X152.013 Y150.79 E.01638
G1 X141.999 Y150.79 E.29827
G1 X141.463 Y150.825 E.01601
G1 X140.924 Y150.93 E.01635
G1 X140.4 Y151.106 E.01645
G1 X139.906 Y151.348 E.0164
G1 X139.447 Y151.653 E.0164
G1 X139.032 Y152.015 E.0164
G1 X138.668 Y152.428 E.0164
G1 X138.361 Y152.885 E.0164
G1 X138.116 Y153.378 E.0164
G1 X137.937 Y153.899 E.0164
G1 X137.828 Y154.438 E.0164
G1 X137.79 Y154.988 E.0164
G1 X137.825 Y155.537 E.0164
G1 X137.931 Y156.078 E.0164
G1 X138.106 Y156.6 E.0164
G1 X138.348 Y157.094 E.0164
G1 X138.653 Y157.553 E.0164
G1 X139.015 Y157.968 E.0164
G1 X139.428 Y158.332 E.0164
G1 X139.884 Y158.639 E.0164
G1 X140.378 Y158.884 E.0164
G1 X140.899 Y159.063 E.0164
G1 X141.438 Y159.172 E.0164
G1 X141.987 Y159.21 E.01638
G1 X152.001 Y159.21 E.29827
G1 X152.537 Y159.175 E.01601
G1 X153.078 Y159.069 E.0164
G1 X153.6 Y158.894 E.0164
G1 X154.094 Y158.652 E.0164
G1 X154.553 Y158.347 E.0164
G1 X154.968 Y157.985 E.0164
G1 X155.332 Y157.572 E.0164
G1 X155.639 Y157.116 E.0164
G1 X155.867 Y156.658 E.01521
G1 E-1.3 F1800
G1 Z2.4 F18000
G1 X150.737 Y183.252 Z2.4
G1 Z2
G1 E1.3 F1800
;TYPE:Inner wall
;WIDTH:0.449999
G1 F7757.448
G1 X150.612 Y183.223 E.00413
G1 X149.924 Y183.153 E.02222
G1 X149.19 Y183.269 E.02391
G1 X148.511 Y183.572 E.02391
G1 X147.933 Y184.04 E.02391
G1 X147.496 Y184.642 E.02391
G1 X147.23 Y185.336 E.02391
G1 X147.148 Y185.999 E.02148
G1 X147.153 Y188.077 E.0668
G1 X147.269 Y188.81 E.02388
G1 X147.572 Y189.489 E.02391
G1 X148.04 Y190.067 E.02391
G1 X148.642 Y190.504 E.02391
G1 X149.336 Y190.77 E.0239
G1 X150.076 Y190.847 E.02391
G1 X150.81 Y190.731 E.02391
G1 X151.489 Y190.428 E.02391
G1 X152.067 Y189.96 E.02391
G1 X152.504 Y189.358 E.02391
G1 X152.77 Y188.664 E.02391
G1 X152.852 Y188.001 E.02148
G1 X152.847 Y185.923 E.0668
G1 X152.731 Y185.19 E.02388
G1 X152.428 Y184.511 E.02391
G1 X151.96 Y183.933 E.02391
G1 X151.427 Y183.531 E.02146
G1 X150.81 Y183.269 E.02156
G1 X150.776 Y183.261 E.00114
G1 X150.568 Y183.616 F18000
;TYPE:Outer wall
;WIDTH:0.419999
G1 F6000
G1 X150.008 Y183.54 E.01682
G1 X149.376 Y183.621 E.01899
G1 X148.781 Y183.864 E.01914
G1 X148.267 Y184.254 E.01923
G1 X147.874 Y184.763 E.01913
G1 X147.624 Y185.363 E.01938
G1 X147.542 Y185.975 E.01838
G1 X147.542 Y188.025 E.06108
G1 X147.632 Y188.66 E.01909
G1 X147.883 Y189.251 E.01912
G1 X148.279 Y189.756 E.01912
G1 X148.792 Y190.141 E.01912
G1 X149.387 Y190.381 E.01912
G1 X150.025 Y190.458 E.01912
G1 X150.66 Y190.368 E.01912
G1 X151.251 Y190.117 E.01912
G1 X151.756 Y189.721 E.01912
G1 X152.131 Y189.229 E.01842
G1 X152.377 Y188.635 E.01914
G1 X152.458 Y188.025 E.01834
G1 X152.46 Y185.999 E.06035
G1 X152.376 Y185.363 E.01911
G1 X152.134 Y184.777 E.01889
G1 X151.745 Y184.266 E.01913
G1 X151.241 Y183.876 E.01899
G1 X150.647 Y183.627 E.01918
G1 X150.607 Y183.622 E.00119
G1 E-1.3 F1800
G1 Z2.4 F18000
G1 X156.263 Y196.052 Z2.4
G1 Z2
G1 E1.3 F1800
;TYPE:Sparse infill
;WIDTH:0.45
G1 F7757.437
G1 X157.892 Y196.052 E.05236
G1 X152.176 Y190.337 E.25991
G1 X152.336 Y190.177 E.00726
G1 X152.773 Y189.596 E.02339
G1 X153.091 Y188.824 E.02685
G1 X153.191 Y188.113 E.02306
G1 X153.194 Y187.209 E.02907
G1 X162.037 Y196.052 E.40212
G1 X162.969 Y196.052 E.02998
G1 X163.398 Y196.024 E.01383
G1 X163.789 Y195.946 E.01283
G1 X164.167 Y195.818 E.01283
G1 X164.525 Y195.641 E.01283
G1 X164.857 Y195.42 E.01283
G1 X165.217 Y195.087 E.01577
G1 X133.948 Y163.818 E1.42199
G1 X133.948 Y159.673 E.13329
G1 X166.052 Y191.777 E1.45995
G1 X166.052 Y190.149 E.05236
G1 X166.052 Y180.97 F18000
G1 F7757.437
G1 X166.052 Y179.342 E.05236
G1 X152.733 Y166.023 E.60571
G1 X153.248 Y165.82 E.0178
G1 X153.443 Y165.707 E.00726
G1 X154.035 Y165.239 E.02426
G1 X154.458 Y164.693 E.02221
G1 X154.57 Y164.498 E.00722
G1 X154.795 Y163.94 E.01936
G1 X166.052 Y175.197 E.51191
G1 X166.052 Y171.052 E.13329
G1 X154.349 Y159.349 E.5322
G1 X155.052 Y158.893 E.02695
G1 X155.501 Y158.497 E.01925
G1 X155.893 Y158.052 E.01906
G1 X156.31 Y157.428 E.02413
G1 X156.395 Y157.25 E.00634
G1 X166.052 Y166.907 E.43914
G1 X166.052 Y162.762 E.13329
G1 X156.661 Y153.371 E.42707
G1 X156.59 Y153.156 E.00728
G1 X156.31 Y152.572 E.02081
G1 X155.93 Y151.992 E.02231
G1 X155.461 Y151.465 E.02267
G1 X155.015 Y151.077 E.01902
G1 X154.519 Y150.742 E.01926
G1 X153.942 Y150.45 E.0208
G1 X153.633 Y150.343 E.0105
G1 X153.149 Y149.859 E.02201
G1 X153.313 Y149.791 E.0057
G1 X153.926 Y149.337 E.02454
G1 X154.078 Y149.188 E.00683
G1 X154.489 Y148.649 E.02181
G1 X154.571 Y148.497 E.00554
G1 X154.813 Y147.91 E.02042
G1 X154.859 Y147.736 E.00579
G1 X154.893 Y147.458 E.009
G1 X166.052 Y158.617 E.50746
G1 X166.052 Y154.472 E.13329
G1 X133.948 Y122.368 E1.45995
G1 X133.948 Y126.513 E.13329
G1 X151.237 Y143.802 E.78623
G1 X151.764 Y143.802 E.01694
G1 X152.498 Y143.893 E.02379
G1 X152.838 Y144.013 E.01161
G1 E-1.3 F1800
G1 Z2.4 F18000
G1 X146.68 Y150.052 Z2.4
G1 Z2
G1 E1.3 F1800
G1 F7757.437
G1 X145.052 Y150.052 E.05236
G1 X133.948 Y138.948 E.50496
G1 X133.948 Y143.093 E.13329
G1 X141.02 Y150.165 E.32162
G1 X140.669 Y150.235 E.01151
G1 X140.059 Y150.45 E.02081
G1 X139.571 Y150.69 E.01749
G1 X138.947 Y151.107 E.02412
G1 X138.465 Y151.539 E.02083
G1 X138.365 Y151.655 E.00491
G1 X133.948 Y147.238 E.20088
G1 X133.948 Y151.383 E.13329
G1 X137.086 Y154.521 E.14272
G1 X137.051 Y155 E.01543
G1 X137.102 Y155.698 E.0225
G1 X137.235 Y156.331 E.02082
G1 X137.45 Y156.942 E.02081
G1 X137.742 Y157.519 E.02081
G1 X138.108 Y158.053 E.02081
G1 X138.54 Y158.535 E.02081
G1 X139.031 Y158.957 E.02081
G1 X139.572 Y159.31 E.02081
G1 X140.156 Y159.59 E.02081
G1 X140.77 Y159.792 E.02079
G1 X141.351 Y159.906 E.01902
G1 X141.943 Y159.946 E.0191
G1 X142.512 Y159.947 E.01828
G1 X145.104 Y162.54 E.11792
G1 X145.059 Y162.888 E.01131
G1 X145.059 Y163.113 E.00721
G1 X145.163 Y163.839 E.02361
G1 X145.43 Y164.498 E.02287
G1 X145.542 Y164.693 E.00721
G1 X145.966 Y165.239 E.02222
G1 X146.623 Y165.754 E.02686
G1 X147.419 Y166.089 E.02776
G1 X148.185 Y166.196 E.0249
G1 X148.761 Y166.196 E.01852
G1 X166.052 Y183.487 E.7863
G1 X166.052 Y187.632 E.13329
G1 X133.948 Y155.528 E1.45995
G1 X133.948 Y153.9 E.05236
G1 X133.948 Y166.335 F18000
G1 F7757.437
G1 X133.948 Y167.963 E.05236
G1 X148.976 Y182.991 E.68342
G1 X148.399 Y183.23 E.02009
G1 X147.765 Y183.712 E.02559
G1 X147.249 Y184.369 E.02687
G1 X146.94 Y185.1 E.02553
G1 X133.948 Y172.108 E.59081
G1 X133.948 Y176.253 E.13329
G1 X147.171 Y189.476 E.60133
G1 X147.292 Y189.692 E.00797
G1 X147.664 Y190.178 E.01967
G1 X147.822 Y190.336 E.00718
G1 X148.308 Y190.708 E.01967
G1 X148.524 Y190.829 E.00798
G1 X153.747 Y196.052 E.2375
G1 X149.602 Y196.052 E.13329
G1 X133.948 Y180.398 E.71186
G1 X133.948 Y184.543 E.13329
G1 X145.457 Y196.052 E.52336
G1 X141.312 Y196.052 E.13329
G1 X133.948 Y188.688 E.33486
G1 X133.948 Y192.833 E.13329
G1 X137.167 Y196.052 E.14637
G1 X136.602 Y196.024 E.01818
G1 X136.211 Y195.946 E.01283
G1 X135.833 Y195.818 E.01283
G1 X135.595 Y195.701 E.00852
G1 X166.052 Y143.665 F18000
G1 F7757.437
G1 X166.052 Y142.037 E.05236
G1 X151.024 Y127.009 E.68341
G1 X151.597 Y126.772 E.01993
G1 X152.235 Y126.288 E.02575
G1 X152.751 Y125.631 E.02688
G1 X153.06 Y124.9 E.02553
M73 P59 R8
G1 X166.052 Y137.892 E.59081
G1 X166.052 Y133.747 E.13329
G1 X152.829 Y120.524 E.60133
G1 X152.708 Y120.308 E.00797
G1 X152.336 Y119.822 E.01967
G1 X152.178 Y119.664 E.00718
G1 X151.692 Y119.292 E.01967
G1 X151.476 Y119.171 E.00798
G1 X146.253 Y113.948 E.2375
G1 X150.398 Y113.948 E.13329
G1 X166.052 Y129.602 E.71186
G1 X166.052 Y125.457 E.13329
G1 X154.543 Y113.948 E.52336
G1 X158.688 Y113.948 E.13329
G1 X166.052 Y121.312 E.33486
G1 X166.052 Y117.167 E.13329
G1 X162.833 Y113.948 E.14637
G1 X163.398 Y113.976 E.01818
G1 X163.789 Y114.054 E.01283
G1 X164.167 Y114.182 E.01283
G1 X164.405 Y114.299 E.00852
G1 X140.48 Y113.948 F18000
G1 F7757.437
G1 X142.108 Y113.948 E.05236
G1 X147.824 Y119.663 E.25991
G1 X147.664 Y119.823 E.00726
G1 X147.227 Y120.404 E.02339
G1 X146.909 Y121.176 E.02685
G1 X146.809 Y121.887 E.02306
G1 X146.806 Y122.791 E.02907
G1 X137.963 Y113.948 E.40212
G1 X137.031 Y113.948 E.02998
G1 X136.602 Y113.976 E.01383
G1 X136.211 Y114.054 E.01283
G1 X135.833 Y114.182 E.01283
G1 X135.475 Y114.359 E.01283
G1 X135.143 Y114.58 E.01283
G1 X134.783 Y114.913 E.01577
G1 X166.052 Y146.182 E1.42199
G1 X166.052 Y150.327 E.13329
G1 X133.948 Y118.223 E1.45995
G1 X133.948 Y119.851 E.05236
G1 X133.948 Y129.03 F18000
G1 F7757.437
G1 X133.948 Y130.658 E.05236
G1 X147.26 Y143.97 E.60538
G1 X146.623 Y144.246 E.02232
G1 X146.015 Y144.712 E.02463
G1 X145.543 Y145.307 E.02443
G1 X145.43 Y145.502 E.00724
G1 X145.204 Y146.059 E.01935
G1 X133.948 Y134.803 E.51188
G1 X133.948 Y133.175 E.05236
;LAYER_CHANGE
;Z:2.2
;HEIGHT:0.2

G1 E-1.3 F1800
G92 E0
;_SET_FAN_SPEED_CHANGING_LAYER
G1 Z2.6 F18000
G1 X165.942 Y115.302 Z2.6
G1 Z2.2
G1 E1.3 F1800
;TYPE:Inner wall
;WIDTH:0.449999
G1 F7757.448
G1 X166.209 Y115.911 E.02139
G1 X166.368 Y116.557 E.02139
G1 X166.398 Y117.135 E.01863
G1 X166.398 Y193.031 E2.44053
G1 X166.324 Y193.661 E.0204
G1 X166.138 Y194.3 E.02139
G1 X165.818 Y194.883 E.02139
G1 X165.402 Y195.402 E.02139
G1 X164.883 Y195.818 E.02139
G1 X164.3 Y196.138 E.02139
G1 X163.661 Y196.324 E.02139
G1 X162.98 Y196.398 E.02202
G1 X136.969 Y196.398 E.83643
G1 X136.339 Y196.324 E.0204
G1 X135.7 Y196.138 E.02139
G1 X135.117 Y195.818 E.02139
G1 X134.598 Y195.402 E.02139
G1 X134.182 Y194.883 E.02139
G1 X133.862 Y194.3 E.02139
G1 X133.676 Y193.661 E.02139
G1 X133.602 Y192.98 E.02202
G1 X133.602 Y116.969 E2.44425
G1 X133.676 Y116.339 E.0204
G1 X133.862 Y115.7 E.02139
G1 X134.182 Y115.117 E.02139
G1 X134.598 Y114.598 E.02139
G1 X135.117 Y114.182 E.02139
G1 X135.7 Y113.862 E.02139
G1 X136.339 Y113.676 E.02139
G1 X137.02 Y113.602 E.02202
G1 X163.119 Y113.602 E.83926
G1 X163.879 Y113.719 E.02473
G1 X164.499 Y113.96 E.02138
G1 X165.068 Y114.305 E.02139
G1 X165.548 Y114.765 E.0214
G1 X165.918 Y115.269 E.0201
G1 X166.282 Y115.105 F18000
;TYPE:Outer wall
;WIDTH:0.419999
G1 F6000
G1 X166.581 Y115.784 E.0221
G1 X166.757 Y116.505 E.02211
G1 X166.79 Y117.135 E.01879
G1 X166.79 Y193.139 E2.26389
G1 X166.66 Y193.981 E.02537
G1 X166.392 Y194.672 E.0221
G1 X166.006 Y195.307 E.02211
G1 X165.493 Y195.843 E.02211
G1 X164.895 Y196.282 E.0221
G1 X164.216 Y196.581 E.0221
G1 X163.495 Y196.757 E.02211
G1 X162.993 Y196.79 E.01497
G1 X136.861 Y196.79 E.77839
G1 X136.019 Y196.66 E.02537
G1 X135.328 Y196.392 E.0221
G1 X134.693 Y196.006 E.02211
G1 X134.157 Y195.493 E.02211
G1 X133.718 Y194.895 E.0221
G1 X133.419 Y194.216 E.0221
G1 X133.243 Y193.495 E.02211
G1 X133.21 Y192.993 E.01497
G1 X133.21 Y116.861 E2.26772
G1 X133.34 Y116.019 E.02537
G1 X133.608 Y115.328 E.0221
G1 X133.994 Y114.693 E.02211
G1 X134.507 Y114.157 E.02211
G1 X135.105 Y113.718 E.0221
G1 X135.784 Y113.419 E.0221
G1 X136.505 Y113.243 E.02211
G1 X137.007 Y113.21 E.01497
G1 X163.139 Y113.21 E.77839
G1 X163.981 Y113.34 E.02537
G1 X164.672 Y113.608 E.0221
G1 X165.307 Y113.994 E.02211
G1 X165.843 Y114.507 E.02211
G1 X166.258 Y115.073 E.02091
G1 E-1.3 F1800
G1 Z2.6 F18000
G1 X148.587 Y119.538 Z2.6
G1 Z2.2
G1 E1.3 F1800
;TYPE:Inner wall
;WIDTH:0.449999
G1 F7757.448
G1 X148.511 Y119.572 E.00268
G1 X147.933 Y120.04 E.02391
G1 X147.496 Y120.642 E.02391
G1 X147.23 Y121.336 E.02391
G1 X147.148 Y121.999 E.02148
G1 X147.153 Y124.077 E.0668
G1 X147.269 Y124.81 E.02388
G1 X147.572 Y125.489 E.02391
G1 X148.04 Y126.067 E.02391
G1 X148.573 Y126.469 E.02146
G1 X149.19 Y126.731 E.02156
G1 X149.388 Y126.777 E.00655
G1 X150.076 Y126.847 E.02222
G1 X150.81 Y126.731 E.02391
G1 X151.489 Y126.428 E.02391
G1 X152.067 Y125.96 E.02391
G1 X152.504 Y125.358 E.02391
G1 X152.766 Y124.688 E.02313
G1 X152.852 Y124.001 E.02228
G1 X152.847 Y121.923 E.0668
G1 X152.731 Y121.19 E.02388
G1 X152.428 Y120.511 E.02391
G1 X151.96 Y119.933 E.02391
G1 X151.358 Y119.496 E.02391
G1 X150.664 Y119.23 E.0239
G1 X149.924 Y119.153 E.02391
G1 X149.19 Y119.269 E.02391
G1 X148.623 Y119.522 E.01994
G1 X148.749 Y119.883 F18000
;TYPE:Outer wall
;WIDTH:0.419999
G1 F6000
G1 X148.244 Y120.279 E.01912
G1 X147.869 Y120.771 E.01842
G1 X147.623 Y121.365 E.01914
G1 X147.542 Y121.975 E.01834
G1 X147.542 Y124.025 E.06108
G1 X147.632 Y124.66 E.01909
G1 X147.883 Y125.251 E.01912
G1 X148.279 Y125.756 E.01912
G1 X148.792 Y126.141 E.01912
G1 X149.44 Y126.388 E.02064
G1 X150.025 Y126.458 E.01755
G1 X150.66 Y126.368 E.01912
G1 X151.251 Y126.117 E.01912
G1 X151.733 Y125.746 E.01814
G1 X152.126 Y125.237 E.01913
G1 X152.376 Y124.637 E.01938
G1 X152.458 Y124.025 E.01838
G1 X152.458 Y121.975 E.06108
G1 X152.368 Y121.34 E.01909
G1 X152.117 Y120.749 E.01912
G1 X151.721 Y120.244 E.01912
G1 X151.208 Y119.859 E.01912
G1 X150.613 Y119.619 E.01912
G1 X149.975 Y119.542 E.01912
G1 X149.34 Y119.632 E.01912
G1 X148.786 Y119.868 E.01793
G1 E-1.3 F1800
G1 Z2.6 F18000
G1 X153.783 Y145.023 Z2.6
G1 Z2.2
G1 E1.3 F1800
;TYPE:Inner wall
;WIDTH:0.449999
G1 F7757.448
G1 X153.71 Y144.933 E.00374
G1 X153.108 Y144.496 E.02391
G1 X152.49 Y144.246 E.02144
G1 X151.827 Y144.153 E.02154
G1 X148.249 Y144.148 E.11503
G1 X147.586 Y144.23 E.02149
G1 X147.381 Y144.294 E.00692
G1 X146.761 Y144.572 E.02185
G1 X146.183 Y145.04 E.02391
G1 X145.746 Y145.642 E.02391
G1 X145.48 Y146.336 E.02391
G1 X145.403 Y147.076 E.02391
G1 X145.519 Y147.81 E.02391
G1 X145.822 Y148.489 E.02391
G1 X146.29 Y149.067 E.02391
G1 X146.892 Y149.504 E.02391
;WIDTH:0.487299
G1 F7106.32
G1 X147.121 Y149.611 E.00887
;WIDTH:0.524598
G1 F6556.033
G1 X147.35 Y149.718 E.00962
;WIDTH:0.561897
G1 F6084.846
G1 X147.579 Y149.825 E.01036
G1 X148.249 Y149.887 E.0276
;WIDTH:0.519381
G1 F6627.814
G1 X151.938 Y149.887 E.13884
G1 X152.253 Y149.807 E.01222
;WIDTH:0.48469
G1 F7148.278
G1 X152.568 Y149.727 E.01133
;WIDTH:0.449999
G1 F7757.448
G1 X153.239 Y149.428 E.02365
G1 X153.811 Y148.967 E.02362
G1 X154.254 Y148.358 E.0242
G1 X154.52 Y147.664 E.02391
G1 X154.597 Y146.924 E.02391
G1 X154.481 Y146.19 E.02391
G1 X154.178 Y145.511 E.02391
G1 X153.808 Y145.055 E.01888
G1 X153.532 Y145.315 F18000
;TYPE:Outer wall
;WIDTH:0.419999
G1 F6000
G1 X153.495 Y145.266 E.00183
G1 X152.986 Y144.873 E.01914
G1 X152.399 Y144.628 E.01896
G1 X151.775 Y144.542 E.01876
G1 X148.225 Y144.542 E.10576
G1 X147.531 Y144.656 E.02095
G1 X146.999 Y144.883 E.01721
G1 X146.494 Y145.279 E.01912
G1 X146.109 Y145.792 E.01912
G1 X145.869 Y146.387 E.01912
G1 X145.792 Y147.025 E.01912
G1 X145.882 Y147.66 E.01912
G1 X146.133 Y148.251 E.01912
G1 X146.529 Y148.756 E.01912
G1 X147.042 Y149.141 E.01912
G1 X147.637 Y149.381 E.01912
G1 X148.249 Y149.46 E.01838
G1 X151.78 Y149.46 E.10517
G1 X152.418 Y149.365 E.0192
G1 X153.001 Y149.117 E.01887
G1 X153.504 Y148.723 E.01903
G1 X153.881 Y148.229 E.01851
G1 X154.128 Y147.631 E.01929
G1 X154.21 Y147 E.01894
G1 X154.126 Y146.363 E.01914
G1 X153.88 Y145.77 E.01914
G1 X153.556 Y145.347 E.01587
G1 E-1.3 F1800
G1 Z2.6 F18000
G1 X154.49 Y163.742 Z2.6
G1 Z2.2
G1 E1.3 F1800
;TYPE:Inner wall
;WIDTH:0.449999
G1 F7757.448
G1 X154.52 Y163.664 E.00268
G1 X154.597 Y162.924 E.02391
G1 X154.487 Y162.207 E.02332
G1 X154.221 Y161.576 E.02202
G1 X153.817 Y161.04 E.0216
G1 X153.479 Y160.756 E.01418
G1 X153.054 Y160.474 E.01643
G1 X152.414 Y160.23 E.02202
;WIDTH:0.486526
G1 F7118.7
G1 X152.082 Y160.172 E.0118
;WIDTH:0.523052
G1 F6577.138
G1 X151.751 Y160.113 E.01277
;WIDTH:0.519381
G1 F6627.814
G1 X148.204 Y160.113 E.1335
;WIDTH:0.561897
G1 F6084.846
G1 X147.579 Y160.175 E.02574
G1 X147.504 Y160.209 E.00338
;WIDTH:0.534418
G1 F6425.041
G1 X147.429 Y160.243 E.0032
;WIDTH:0.506939
G1 F6805.529
G1 X147.095 Y160.408 E.01365
;WIDTH:0.478469
G1 F7250.377
G1 X146.761 Y160.572 E.01281
;WIDTH:0.449999
G1 F7757.448
G1 X146.183 Y161.04 E.02391
G1 X145.746 Y161.642 E.02391
G1 X145.48 Y162.336 E.02391
G1 X145.403 Y162.924 E.01907
G1 X145.434 Y163.31 E.01243
G1 X145.519 Y163.81 E.01633
G1 X145.822 Y164.489 E.02391
G1 X146.29 Y165.067 E.02391
G1 X146.892 Y165.504 E.02391
G1 X147.51 Y165.754 E.02144
G1 X148.173 Y165.847 E.02154
G1 X151.751 Y165.852 E.11503
G1 X152.414 Y165.77 E.02149
G1 X152.619 Y165.706 E.00692
G1 X153.239 Y165.428 E.02185
G1 X153.817 Y164.96 E.02391
G1 X154.254 Y164.358 E.02391
G1 X154.476 Y163.779 E.01994
G1 X154.127 Y163.622 F18000
;TYPE:Outer wall
;WIDTH:0.419999
G1 F6000
G1 X154.131 Y163.613 E.00031
G1 X154.208 Y162.975 E.01912
G1 X154.118 Y162.34 E.01912
G1 X153.867 Y161.749 E.01912
G1 X153.471 Y161.244 E.01912
G1 X152.971 Y160.865 E.01869
G1 X152.388 Y160.624 E.01879
G1 X151.775 Y160.542 E.01842
G1 X148.225 Y160.542 E.10576
G1 X147.59 Y160.632 E.0191
G1 X146.999 Y160.883 E.01912
G1 X146.494 Y161.279 E.01912
G1 X146.109 Y161.792 E.01912
G1 X145.869 Y162.387 E.01912
G1 X145.79 Y163 E.0184
G1 X145.875 Y163.639 E.01921
G1 X146.12 Y164.23 E.01906
G1 X146.505 Y164.734 E.01889
G1 X147.014 Y165.127 E.01914
G1 X147.601 Y165.372 E.01896
G1 X148.225 Y165.458 E.01876
G1 X151.775 Y165.458 E.10576
G1 X152.469 Y165.344 E.02095
G1 X153.001 Y165.117 E.01721
G1 X153.506 Y164.721 E.01912
G1 X153.891 Y164.208 E.01912
G1 X154.112 Y163.659 E.01761
G1 E-1.3 F1800
G1 Z2.6 F18000
G1 X156.251 Y156.753 Z2.6
G1 Z2.2
G1 E1.3 F1800
;TYPE:Inner wall
;WIDTH:0.449999
G1 F7757.448
G1 X156.434 Y156.227 E.01788
G1 X156.557 Y155.638 E.01935
G1 X156.601 Y155.038 E.01935
G1 X156.566 Y154.437 E.01935
G1 X156.454 Y153.846 E.01935
G1 X156.265 Y153.274 E.01935
G1 X156.003 Y152.732 E.01935
G1 X155.673 Y152.229 E.01935
G1 X155.269 Y151.761 E.0199
G1 X154.804 Y151.351 E.01994
G1 X154.276 Y151.001 E.02037
G1 X153.726 Y150.735 E.01965
G1 X153.154 Y150.546 E.01935
G1 X152.563 Y150.434 E.01935
;WIDTH:0.493385
G1 F7010.308
G1 X152.302 Y150.395 E.00938
;WIDTH:0.53677
G1 F6394.441
G1 X152.042 Y150.356 E.01028
G1 X151.751 Y150.363 E.01135
;WIDTH:0.519381
G1 F6627.814
G1 X148.193 Y150.363 E.13389
;WIDTH:0.561897
G1 F6084.846
G1 X147.545 Y150.342 E.02659
G1 X147.426 Y150.359 E.00492
;WIDTH:0.528332
G1 F6505.597
G1 X147.307 Y150.376 E.00461
;WIDTH:0.494767
G1 F6988.858
G1 X146.714 Y150.398 E.02118
;WIDTH:0.449999
G1 F7757.448
G1 X141.999 Y150.398 E.15161
G1 X141.437 Y150.434 E.01811
G1 X140.848 Y150.546 E.0193
G1 X140.274 Y150.735 E.01941
G1 X139.732 Y150.997 E.01935
G1 X139.229 Y151.327 E.01935
G1 X138.774 Y151.72 E.01935
G1 X138.373 Y152.169 E.01935
G1 X138.035 Y152.667 E.01935
G1 X137.764 Y153.204 E.01935
G1 X137.566 Y153.773 E.01935
G1 X137.443 Y154.362 E.01935
G1 X137.399 Y154.962 E.01935
G1 X137.434 Y155.563 E.01935
G1 X137.546 Y156.154 E.01935
G1 X137.735 Y156.726 E.01935
G1 X137.997 Y157.268 E.01935
G1 X138.327 Y157.771 E.01936
G1 X138.72 Y158.226 E.01935
G1 X139.169 Y158.627 E.01935
G1 X139.667 Y158.965 E.01935
G1 X140.204 Y159.236 E.01935
G1 X140.773 Y159.434 E.01935
G1 X141.362 Y159.557 E.01935
G1 X141.961 Y159.601 E.01933
G1 X146.714 Y159.602 E.15283
;WIDTH:0.488273
G1 F7090.773
G1 X146.978 Y159.621 E.00932
;WIDTH:0.526547
G1 F6529.617
G1 X147.243 Y159.64 E.01012
;WIDTH:0.56482
G1 F6050.766
G1 X147.507 Y159.659 E.01092
G1 X148.249 Y159.637 E.03063
;WIDTH:0.519381
G1 F6627.814
G1 X152.072 Y159.637 E.14386
G1 X152.317 Y159.602 E.00934
;WIDTH:0.48469
G1 F7148.278
G1 X152.563 Y159.566 E.00866
;WIDTH:0.449999
G1 F7757.448
G1 X153.154 Y159.454 E.01935
G1 X153.726 Y159.265 E.01935
G1 X154.268 Y159.003 E.01935
G1 X154.771 Y158.673 E.01935
M73 P60 R8
G1 X155.226 Y158.28 E.01935
G1 X155.627 Y157.831 E.01935
G1 X155.965 Y157.333 E.01935
G1 X156.236 Y156.796 E.01935
G1 X156.238 Y156.79 E.00019
G1 X155.884 Y156.622 F18000
;TYPE:Outer wall
;WIDTH:0.419999
G1 F6000
G1 X156.063 Y156.101 E.0164
G1 X156.172 Y155.562 E.0164
G1 X156.21 Y155.012 E.0164
G1 X156.175 Y154.463 E.0164
G1 X156.069 Y153.922 E.0164
G1 X155.894 Y153.4 E.0164
G1 X155.652 Y152.906 E.0164
G1 X155.347 Y152.447 E.0164
G1 X154.985 Y152.032 E.0164
G1 X154.572 Y151.668 E.0164
G1 X154.116 Y151.361 E.0164
G1 X153.622 Y151.116 E.0164
G1 X153.101 Y150.937 E.0164
G1 X152.562 Y150.828 E.0164
G1 X152.013 Y150.79 E.01638
G1 X141.999 Y150.79 E.29827
G1 X141.463 Y150.825 E.01601
G1 X140.924 Y150.93 E.01635
G1 X140.4 Y151.106 E.01645
G1 X139.906 Y151.348 E.0164
G1 X139.447 Y151.653 E.0164
G1 X139.032 Y152.015 E.0164
G1 X138.668 Y152.428 E.0164
G1 X138.361 Y152.885 E.0164
G1 X138.116 Y153.378 E.0164
G1 X137.937 Y153.899 E.0164
G1 X137.828 Y154.438 E.0164
G1 X137.79 Y154.988 E.0164
G1 X137.825 Y155.537 E.0164
G1 X137.931 Y156.078 E.0164
G1 X138.106 Y156.6 E.0164
G1 X138.348 Y157.094 E.0164
G1 X138.653 Y157.553 E.0164
G1 X139.015 Y157.968 E.0164
G1 X139.428 Y158.332 E.0164
G1 X139.884 Y158.639 E.0164
G1 X140.378 Y158.884 E.0164
G1 X140.899 Y159.063 E.0164
G1 X141.438 Y159.172 E.0164
G1 X141.987 Y159.21 E.01638
G1 X152.001 Y159.21 E.29827
G1 X152.537 Y159.175 E.01601
G1 X153.078 Y159.069 E.0164
G1 X153.6 Y158.894 E.0164
G1 X154.094 Y158.652 E.0164
G1 X154.553 Y158.347 E.0164
G1 X154.968 Y157.985 E.0164
G1 X155.332 Y157.572 E.0164
G1 X155.639 Y157.116 E.0164
G1 X155.867 Y156.658 E.01521
G1 E-1.3 F1800
G1 Z2.6 F18000
G1 X150.737 Y183.252 Z2.6
G1 Z2.2
G1 E1.3 F1800
;TYPE:Inner wall
;WIDTH:0.449999
G1 F7757.448
G1 X150.612 Y183.223 E.00413
G1 X149.924 Y183.153 E.02222
G1 X149.19 Y183.269 E.02391
G1 X148.511 Y183.572 E.02391
G1 X147.933 Y184.04 E.02391
G1 X147.496 Y184.642 E.02391
G1 X147.23 Y185.336 E.02391
G1 X147.148 Y185.999 E.02148
G1 X147.153 Y188.077 E.0668
G1 X147.269 Y188.81 E.02388
G1 X147.572 Y189.489 E.02391
G1 X148.04 Y190.067 E.02391
G1 X148.642 Y190.504 E.02391
G1 X149.336 Y190.77 E.0239
G1 X150.076 Y190.847 E.02391
G1 X150.81 Y190.731 E.02391
G1 X151.489 Y190.428 E.02391
G1 X152.067 Y189.96 E.02391
G1 X152.504 Y189.358 E.02391
G1 X152.77 Y188.664 E.02391
G1 X152.852 Y188.001 E.02148
G1 X152.847 Y185.923 E.0668
G1 X152.731 Y185.19 E.02388
G1 X152.428 Y184.511 E.02391
G1 X151.96 Y183.933 E.02391
G1 X151.427 Y183.531 E.02146
G1 X150.81 Y183.269 E.02156
G1 X150.776 Y183.261 E.00114
G1 X150.559 Y183.615 F18000
;TYPE:Outer wall
;WIDTH:0.419999
G1 F6000
G1 X150.008 Y183.54 E.01655
G1 X149.376 Y183.621 E.01899
G1 X148.781 Y183.864 E.01914
G1 X148.267 Y184.254 E.01923
G1 X147.874 Y184.763 E.01913
G1 X147.624 Y185.363 E.01938
G1 X147.542 Y185.975 E.01838
G1 X147.542 Y188.025 E.06108
G1 X147.632 Y188.66 E.01909
G1 X147.883 Y189.251 E.01912
G1 X148.279 Y189.756 E.01912
G1 X148.792 Y190.141 E.01912
G1 X149.387 Y190.381 E.01912
G1 X150.025 Y190.458 E.01912
G1 X150.66 Y190.368 E.01912
G1 X151.251 Y190.117 E.01912
G1 X151.756 Y189.721 E.01912
G1 X152.131 Y189.229 E.01842
G1 X152.377 Y188.635 E.01914
G1 X152.458 Y188.025 E.01834
G1 X152.46 Y185.999 E.06035
G1 X152.376 Y185.363 E.01911
G1 X152.134 Y184.777 E.01889
G1 X151.745 Y184.266 E.01913
G1 X151.241 Y183.876 E.01899
G1 X150.647 Y183.627 E.01918
G1 X150.598 Y183.62 E.00146
G1 E-1.3 F1800
G1 Z2.6 F18000
G1 X156.263 Y196.052 Z2.6
G1 Z2.2
G1 E1.3 F1800
;TYPE:Sparse infill
;WIDTH:0.45
G1 F7757.437
G1 X157.892 Y196.052 E.05236
G1 X152.176 Y190.337 E.25991
G1 X152.336 Y190.177 E.00726
G1 X152.773 Y189.596 E.02339
G1 X153.091 Y188.824 E.02685
G1 X153.191 Y188.113 E.02306
G1 X153.194 Y187.209 E.02907
G1 X162.037 Y196.052 E.40212
G1 X162.969 Y196.052 E.02998
G1 X163.398 Y196.024 E.01383
G1 X163.789 Y195.946 E.01283
G1 X164.167 Y195.818 E.01283
G1 X164.525 Y195.641 E.01283
G1 X164.857 Y195.42 E.01283
G1 X165.217 Y195.087 E.01577
G1 X133.948 Y163.818 E1.42199
G1 X133.948 Y159.673 E.13329
G1 X166.052 Y191.777 E1.45995
G1 X166.052 Y190.149 E.05236
G1 X166.052 Y180.97 F18000
G1 F7757.437
G1 X166.052 Y179.342 E.05236
G1 X152.733 Y166.023 E.60571
G1 X153.248 Y165.82 E.0178
G1 X153.443 Y165.707 E.00726
G1 X154.035 Y165.239 E.02426
G1 X154.458 Y164.693 E.02221
G1 X154.57 Y164.498 E.00722
G1 X154.795 Y163.94 E.01936
G1 X166.052 Y175.197 E.51191
G1 X166.052 Y171.052 E.13329
G1 X154.349 Y159.349 E.5322
G1 X155.052 Y158.893 E.02695
G1 X155.501 Y158.497 E.01925
G1 X155.893 Y158.052 E.01906
G1 X156.31 Y157.428 E.02413
G1 X156.395 Y157.25 E.00634
G1 X166.052 Y166.907 E.43914
G1 X166.052 Y168.535 E.05236
G1 X135.595 Y195.701 F18000
G1 F7757.437
G1 X135.833 Y195.818 E.00852
G1 X136.211 Y195.946 E.01283
G1 X136.602 Y196.024 E.01283
G1 X137.167 Y196.052 E.01818
G1 X133.948 Y192.833 E.14637
G1 X133.948 Y188.688 E.13329
G1 X141.312 Y196.052 E.33486
G1 X145.457 Y196.052 E.13329
G1 X133.948 Y184.543 E.52336
G1 X133.948 Y180.398 E.13329
G1 X149.602 Y196.052 E.71186
G1 X153.747 Y196.052 E.13329
G1 X148.524 Y190.829 E.2375
G1 X148.308 Y190.708 E.00798
G1 X147.822 Y190.336 E.01967
G1 X147.664 Y190.178 E.00718
G1 X147.292 Y189.692 E.01967
G1 X147.171 Y189.476 E.00797
G1 X133.948 Y176.253 E.60133
G1 X133.948 Y172.108 E.13329
G1 X146.94 Y185.1 E.59081
G1 X147.249 Y184.369 E.02553
G1 X147.765 Y183.712 E.02687
G1 X148.399 Y183.23 E.02559
G1 X148.976 Y182.991 E.02009
G1 X133.948 Y167.963 E.68342
G1 X133.948 Y166.335 E.05236
G1 X133.948 Y153.9 F18000
G1 F7757.437
G1 X133.948 Y155.528 E.05236
G1 X166.052 Y187.632 E1.45995
G1 X166.052 Y183.487 E.13329
G1 X148.761 Y166.196 E.7863
G1 X148.185 Y166.196 E.01852
G1 X147.419 Y166.089 E.0249
G1 X146.623 Y165.754 E.02776
G1 X145.966 Y165.239 E.02686
G1 X145.542 Y164.693 E.02222
G1 X145.43 Y164.498 E.00721
G1 X145.163 Y163.839 E.02287
G1 X145.059 Y163.113 E.02361
G1 X145.059 Y162.888 E.00721
G1 X145.104 Y162.54 E.01131
G1 X142.512 Y159.947 E.11792
G1 X141.943 Y159.946 E.01828
G1 X141.351 Y159.906 E.0191
G1 X140.77 Y159.792 E.01902
G1 X140.156 Y159.59 E.02079
G1 X139.572 Y159.31 E.02081
G1 X139.031 Y158.957 E.02081
G1 X138.54 Y158.535 E.02081
G1 X138.108 Y158.053 E.02081
G1 X137.742 Y157.519 E.02081
G1 X137.45 Y156.942 E.02081
G1 X137.235 Y156.331 E.02081
G1 X137.102 Y155.698 E.02082
G1 X137.051 Y155 E.0225
G1 X137.086 Y154.521 E.01543
G1 X133.948 Y151.383 E.14272
G1 X133.948 Y147.238 E.13329
G1 X138.365 Y151.655 E.20088
G1 X138.465 Y151.539 E.00491
G1 X138.947 Y151.107 E.02083
G1 X139.571 Y150.69 E.02412
G1 X140.059 Y150.45 E.01749
G1 X140.669 Y150.235 E.02081
G1 X141.02 Y150.165 E.01151
G1 X133.948 Y143.093 E.32162
G1 X133.948 Y138.948 E.13329
G1 X145.052 Y150.052 E.50496
G1 X146.68 Y150.052 E.05236
G1 E-1.3 F1800
G1 Z2.6 F18000
G1 X156.941 Y154.966 Z2.6
G1 Z2.2
G1 E1.3 F1800
G1 F7757.437
G1 X156.898 Y154.303 E.02136
G1 X156.792 Y153.77 E.01749
G1 X156.661 Y153.371 E.01351
G1 X166.052 Y162.762 E.42707
G1 X166.052 Y158.617 E.13329
G1 X154.893 Y147.458 E.50746
G1 X154.859 Y147.736 E.009
G1 X154.813 Y147.91 E.00579
G1 X154.571 Y148.497 E.02042
G1 X154.489 Y148.649 E.00554
G1 X154.078 Y149.188 E.02181
G1 X153.926 Y149.337 E.00683
G1 X153.313 Y149.791 E.02454
G1 X153.149 Y149.859 E.0057
G1 X153.633 Y150.343 E.02201
G1 X153.942 Y150.45 E.0105
G1 X154.519 Y150.742 E.0208
G1 X155.058 Y151.113 E.02105
G1 E-1.3 F1800
G1 Z2.6 F18000
G1 X152.838 Y144.013 Z2.6
G1 Z2.2
G1 E1.3 F1800
G1 F7757.437
G1 X152.498 Y143.893 E.01161
G1 X151.764 Y143.802 E.02379
G1 X151.237 Y143.802 E.01694
G1 X133.948 Y126.513 E.78623
G1 X133.948 Y122.368 E.13329
G1 X166.052 Y154.472 E1.45995
G1 X166.052 Y156.1 E.05236
G1 X166.052 Y143.665 F18000
G1 F7757.437
G1 X166.052 Y142.037 E.05236
G1 X151.024 Y127.009 E.68341
G1 X151.597 Y126.772 E.01993
G1 X152.235 Y126.288 E.02575
G1 X152.751 Y125.631 E.02688
G1 X153.06 Y124.9 E.02553
G1 X166.052 Y137.892 E.59081
G1 X166.052 Y133.747 E.13329
G1 X152.829 Y120.524 E.60133
G1 X152.708 Y120.308 E.00797
G1 X152.336 Y119.822 E.01967
G1 X152.178 Y119.664 E.00718
G1 X151.692 Y119.292 E.01967
G1 X151.476 Y119.171 E.00798
G1 X146.253 Y113.948 E.2375
G1 X150.398 Y113.948 E.13329
G1 X166.052 Y129.602 E.71186
G1 X166.052 Y125.457 E.13329
G1 X154.543 Y113.948 E.52336
G1 X158.688 Y113.948 E.13329
G1 X166.052 Y121.312 E.33486
G1 X166.052 Y117.167 E.13329
G1 X162.833 Y113.948 E.14637
G1 X163.398 Y113.976 E.01818
G1 X163.789 Y114.054 E.01283
G1 X164.167 Y114.182 E.01283
G1 X164.405 Y114.299 E.00852
G1 X140.48 Y113.948 F18000
G1 F7757.437
G1 X142.108 Y113.948 E.05236
G1 X147.824 Y119.663 E.25991
G1 X147.664 Y119.823 E.00726
G1 X147.227 Y120.404 E.02339
G1 X146.909 Y121.176 E.02685
G1 X146.809 Y121.887 E.02306
G1 X146.806 Y122.791 E.02907
G1 X137.963 Y113.948 E.40212
G1 X137.031 Y113.948 E.02998
G1 X136.602 Y113.976 E.01383
G1 X136.211 Y114.054 E.01283
G1 X135.833 Y114.182 E.01283
G1 X135.475 Y114.359 E.01283
G1 X135.143 Y114.58 E.01283
G1 X134.783 Y114.913 E.01577
G1 X166.052 Y146.182 E1.42199
G1 X166.052 Y150.327 E.13329
G1 X133.948 Y118.223 E1.45995
G1 X133.948 Y119.851 E.05236
G1 X133.948 Y129.03 F18000
G1 F7757.437
M73 P61 R8
G1 X133.948 Y130.658 E.05236
G1 X147.26 Y143.97 E.60538
G1 X146.623 Y144.246 E.02232
G1 X146.015 Y144.712 E.02463
G1 X145.543 Y145.307 E.02443
G1 X145.43 Y145.502 E.00724
G1 X145.204 Y146.059 E.01935
G1 X133.948 Y134.803 E.51188
G1 X133.948 Y133.175 E.05236
;LAYER_CHANGE
;Z:2.4
;HEIGHT:0.2

G1 E-1.3 F1800
G92 E0
;_SET_FAN_SPEED_CHANGING_LAYER
G1 Z2.8 F18000
G1 X165.942 Y115.302 Z2.8
G1 Z2.4
G1 E1.3 F1800
;TYPE:Inner wall
;WIDTH:0.449999
G1 F7757.448
G1 X166.209 Y115.911 E.02139
G1 X166.368 Y116.557 E.02139
G1 X166.398 Y117.135 E.01863
G1 X166.398 Y193.031 E2.44053
G1 X166.324 Y193.661 E.0204
G1 X166.138 Y194.3 E.02139
G1 X165.818 Y194.883 E.02139
G1 X165.402 Y195.402 E.02139
G1 X164.883 Y195.818 E.02139
G1 X164.3 Y196.138 E.02139
G1 X163.661 Y196.324 E.02139
G1 X162.98 Y196.398 E.02202
G1 X136.969 Y196.398 E.83643
G1 X136.339 Y196.324 E.0204
G1 X135.7 Y196.138 E.02139
G1 X135.117 Y195.818 E.02139
G1 X134.598 Y195.402 E.02139
G1 X134.182 Y194.883 E.02139
G1 X133.862 Y194.3 E.02139
G1 X133.676 Y193.661 E.02139
G1 X133.602 Y192.98 E.02202
G1 X133.602 Y116.969 E2.44425
G1 X133.676 Y116.339 E.0204
G1 X133.862 Y115.7 E.02139
G1 X134.182 Y115.117 E.02139
G1 X134.598 Y114.598 E.02139
G1 X135.117 Y114.182 E.02139
G1 X135.7 Y113.862 E.02139
G1 X136.339 Y113.676 E.02139
G1 X137.02 Y113.602 E.02202
G1 X163.119 Y113.602 E.83926
G1 X163.879 Y113.719 E.02473
G1 X164.499 Y113.96 E.02138
G1 X165.068 Y114.305 E.02139
G1 X165.548 Y114.765 E.0214
G1 X165.918 Y115.269 E.0201
G1 X166.282 Y115.105 F18000
;TYPE:Outer wall
;WIDTH:0.419999
G1 F6000
G1 X166.581 Y115.784 E.0221
G1 X166.757 Y116.505 E.02211
G1 X166.79 Y117.135 E.01879
G1 X166.79 Y193.139 E2.26389
G1 X166.66 Y193.981 E.02537
G1 X166.392 Y194.672 E.0221
G1 X166.006 Y195.307 E.02211
G1 X165.493 Y195.843 E.02211
G1 X164.895 Y196.282 E.0221
G1 X164.216 Y196.581 E.0221
G1 X163.495 Y196.757 E.02211
G1 X162.993 Y196.79 E.01497
G1 X136.861 Y196.79 E.77839
G1 X136.019 Y196.66 E.02537
G1 X135.328 Y196.392 E.0221
G1 X134.693 Y196.006 E.02211
G1 X134.157 Y195.493 E.02211
G1 X133.718 Y194.895 E.0221
G1 X133.419 Y194.216 E.0221
G1 X133.243 Y193.495 E.02211
G1 X133.21 Y192.993 E.01497
G1 X133.21 Y116.861 E2.26772
G1 X133.34 Y116.019 E.02537
M73 P61 R7
G1 X133.608 Y115.328 E.0221
G1 X133.994 Y114.693 E.02211
G1 X134.507 Y114.157 E.02211
G1 X135.105 Y113.718 E.0221
G1 X135.784 Y113.419 E.0221
G1 X136.505 Y113.243 E.02211
G1 X137.007 Y113.21 E.01497
G1 X163.139 Y113.21 E.77839
G1 X163.981 Y113.34 E.02537
G1 X164.672 Y113.608 E.0221
G1 X165.307 Y113.994 E.02211
G1 X165.843 Y114.507 E.02211
G1 X166.258 Y115.073 E.02091
G1 E-1.3 F1800
G1 Z2.8 F18000
G1 X148.587 Y119.538 Z2.8
G1 Z2.4
G1 E1.3 F1800
;TYPE:Inner wall
;WIDTH:0.449999
G1 F7757.448
G1 X148.511 Y119.572 E.00268
G1 X147.933 Y120.04 E.02391
G1 X147.496 Y120.642 E.02391
G1 X147.23 Y121.336 E.02391
G1 X147.148 Y121.999 E.02148
G1 X147.153 Y124.077 E.0668
G1 X147.269 Y124.81 E.02388
G1 X147.572 Y125.489 E.02391
G1 X148.04 Y126.067 E.02391
G1 X148.573 Y126.469 E.02146
G1 X149.19 Y126.731 E.02156
G1 X149.388 Y126.777 E.00655
G1 X150.076 Y126.847 E.02222
G1 X150.81 Y126.731 E.02391
G1 X151.489 Y126.428 E.02391
G1 X152.067 Y125.96 E.02391
G1 X152.504 Y125.358 E.02391
G1 X152.766 Y124.688 E.02313
G1 X152.852 Y124.001 E.02228
G1 X152.847 Y121.923 E.0668
G1 X152.731 Y121.19 E.02388
G1 X152.428 Y120.511 E.02391
G1 X151.96 Y119.933 E.02391
G1 X151.358 Y119.496 E.02391
G1 X150.81 Y119.269 E.01907
G1 X150.311 Y119.167 E.01637
G1 X149.789 Y119.162 E.0168
G1 X149.19 Y119.269 E.01956
G1 X148.623 Y119.522 E.01995
G1 X148.749 Y119.883 F18000
;TYPE:Outer wall
;WIDTH:0.419999
G1 F6000
G1 X148.244 Y120.279 E.01912
G1 X147.869 Y120.771 E.01842
G1 X147.623 Y121.365 E.01914
G1 X147.542 Y121.975 E.01834
G1 X147.542 Y124.025 E.06108
G1 X147.632 Y124.66 E.01909
G1 X147.883 Y125.251 E.01912
G1 X148.279 Y125.756 E.01912
G1 X148.792 Y126.141 E.01912
G1 X149.44 Y126.388 E.02064
G1 X149.992 Y126.46 E.01659
G1 X150.624 Y126.379 E.01899
G1 X151.219 Y126.136 E.01914
G1 X151.733 Y125.746 E.01923
G1 X152.126 Y125.237 E.01913
G1 X152.376 Y124.637 E.01938
G1 X152.458 Y124.025 E.01838
G1 X152.458 Y121.975 E.06108
G1 X152.368 Y121.34 E.01909
G1 X152.117 Y120.749 E.01912
G1 X151.721 Y120.244 E.01912
G1 X151.208 Y119.859 E.01912
G1 X150.66 Y119.632 E.01766
G1 X150.333 Y119.563 E.00996
G1 X149.847 Y119.55 E.01448
G1 X149.34 Y119.632 E.01529
G1 X148.786 Y119.868 E.01793
G1 E-1.3 F1800
G1 Z2.8 F18000
G1 X153.95 Y145.23 Z2.8
G1 Z2.4
G1 E1.3 F1800
;TYPE:Inner wall
;WIDTH:0.449999
G1 F7757.448
G1 X153.71 Y144.933 E.01229
G1 X153.108 Y144.496 E.02391
G1 X152.49 Y144.246 E.02144
G1 X151.827 Y144.153 E.02154
G1 X148.249 Y144.148 E.11503
G1 X147.586 Y144.23 E.02149
G1 X147.381 Y144.294 E.00692
G1 X146.761 Y144.572 E.02185
G1 X146.183 Y145.04 E.02391
G1 X145.746 Y145.642 E.02391
G1 X145.48 Y146.336 E.02391
G1 X145.403 Y147.076 E.02391
G1 X145.519 Y147.81 E.02391
G1 X145.822 Y148.489 E.02391
G1 X146.29 Y149.067 E.02391
G1 X146.892 Y149.504 E.02391
;WIDTH:0.487299
G1 F7106.32
G1 X147.121 Y149.611 E.00887
;WIDTH:0.524598
G1 F6556.033
G1 X147.35 Y149.718 E.00962
;WIDTH:0.561897
G1 F6084.846
G1 X147.579 Y149.825 E.01036
G1 X148.249 Y149.887 E.0276
;WIDTH:0.519381
G1 F6627.814
G1 X151.938 Y149.887 E.13884
G1 X152.253 Y149.807 E.01222
;WIDTH:0.48469
G1 F7148.278
G1 X152.568 Y149.727 E.01133
;WIDTH:0.449999
G1 F7757.448
G1 X153.239 Y149.428 E.02365
G1 X153.71 Y149.067 E.01907
G1 X153.96 Y148.773 E.01241
G1 X154.254 Y148.358 E.01635
G1 X154.52 Y147.664 E.02391
G1 X154.597 Y146.924 E.02391
G1 X154.481 Y146.19 E.02391
G1 X154.178 Y145.511 E.02391
G1 X153.975 Y145.261 E.01034
G1 X153.535 Y145.319 F18000
;TYPE:Outer wall
;WIDTH:0.419999
G1 F6000
G1 X153.495 Y145.266 E.00197
G1 X152.986 Y144.873 E.01914
G1 X152.399 Y144.628 E.01896
G1 X151.775 Y144.542 E.01876
G1 X148.225 Y144.542 E.10576
G1 X147.531 Y144.656 E.02095
G1 X146.999 Y144.883 E.01721
G1 X146.494 Y145.279 E.01912
G1 X146.109 Y145.792 E.01912
G1 X145.869 Y146.387 E.01912
G1 X145.792 Y147.025 E.01912
G1 X145.882 Y147.66 E.01912
G1 X146.133 Y148.251 E.01912
G1 X146.529 Y148.756 E.01912
G1 X147.042 Y149.141 E.01912
G1 X147.637 Y149.381 E.01912
G1 X148.249 Y149.46 E.01838
G1 X151.78 Y149.46 E.10517
G1 X152.418 Y149.365 E.0192
G1 X153.001 Y149.117 E.01887
G1 X153.504 Y148.723 E.01903
G1 X153.881 Y148.229 E.01851
G1 X154.128 Y147.631 E.01929
G1 X154.21 Y147 E.01894
G1 X154.126 Y146.363 E.01914
G1 X153.88 Y145.77 E.01914
G1 X153.559 Y145.35 E.01572
G1 E-1.3 F1800
G1 Z2.8 F18000
G1 X154.49 Y163.741 Z2.8
G1 Z2.4
G1 E1.3 F1800
;TYPE:Inner wall
;WIDTH:0.449999
G1 F7757.448
G1 X154.52 Y163.664 E.00268
G1 X154.597 Y162.924 E.02391
G1 X154.487 Y162.207 E.02332
G1 X154.221 Y161.576 E.02202
G1 X153.817 Y161.04 E.0216
G1 X153.634 Y160.875 E.00791
G1 X153.149 Y160.516 E.01942
G1 X152.56 Y160.269 E.02054
;WIDTH:0.490352
G1 F7057.82
G1 X152.293 Y160.204 E.00974
;WIDTH:0.530705
G1 F6473.947
G1 X152.025 Y160.138 E.01061
G1 X151.751 Y160.113 E.01061
;WIDTH:0.519381
G1 F6627.814
G1 X148.204 Y160.113 E.1335
;WIDTH:0.561897
G1 F6084.846
G1 X147.579 Y160.175 E.02574
G1 X147.504 Y160.209 E.00338
;WIDTH:0.534419
G1 F6425.034
G1 X147.429 Y160.243 E.0032
;WIDTH:0.50694
G1 F6805.514
G1 X147.095 Y160.408 E.01365
;WIDTH:0.47847
G1 F7250.369
G1 X146.761 Y160.572 E.01281
;WIDTH:0.449999
G1 F7757.448
G1 X146.183 Y161.04 E.02391
G1 X145.746 Y161.642 E.02391
G1 X145.48 Y162.336 E.02391
G1 X145.403 Y162.924 E.01907
G1 X145.434 Y163.31 E.01243
G1 X145.519 Y163.81 E.01633
G1 X145.822 Y164.489 E.02391
G1 X146.29 Y165.067 E.02391
G1 X146.892 Y165.504 E.02391
G1 X147.51 Y165.754 E.02144
G1 X148.173 Y165.847 E.02154
G1 X151.751 Y165.852 E.11503
G1 X152.414 Y165.77 E.02149
G1 X152.619 Y165.706 E.00692
G1 X153.239 Y165.428 E.02185
G1 X153.817 Y164.96 E.02391
G1 X154.254 Y164.358 E.02391
G1 X154.476 Y163.779 E.01994
G1 X154.127 Y163.622 F18000
;TYPE:Outer wall
;WIDTH:0.419999
G1 F6000
G1 X154.131 Y163.613 E.00031
G1 X154.208 Y162.975 E.01912
G1 X154.118 Y162.34 E.01912
G1 X153.867 Y161.749 E.01912
G1 X153.471 Y161.244 E.01912
G1 X152.971 Y160.865 E.01869
G1 X152.388 Y160.624 E.01879
G1 X151.751 Y160.54 E.01916
G1 X148.225 Y160.542 E.10503
G1 X147.59 Y160.632 E.0191
G1 X146.999 Y160.883 E.01912
G1 X146.494 Y161.279 E.01912
G1 X146.109 Y161.792 E.01912
G1 X145.869 Y162.387 E.01912
G1 X145.79 Y163 E.0184
G1 X145.875 Y163.639 E.01921
G1 X146.12 Y164.23 E.01906
G1 X146.505 Y164.734 E.01889
G1 X147.014 Y165.127 E.01914
G1 X147.601 Y165.372 E.01896
G1 X148.225 Y165.458 E.01876
G1 X151.775 Y165.458 E.10576
G1 X152.469 Y165.344 E.02095
G1 X153.001 Y165.117 E.01721
G1 X153.506 Y164.721 E.01912
G1 X153.891 Y164.208 E.01912
G1 X154.112 Y163.659 E.01761
G1 E-1.3 F1800
G1 Z2.8 F18000
G1 X156.251 Y156.753 Z2.8
G1 Z2.4
G1 E1.3 F1800
;TYPE:Inner wall
;WIDTH:0.449999
G1 F7757.448
G1 X156.434 Y156.227 E.01788
G1 X156.557 Y155.638 E.01935
G1 X156.601 Y155.038 E.01935
G1 X156.566 Y154.437 E.01935
G1 X156.454 Y153.846 E.01935
G1 X156.265 Y153.274 E.01935
G1 X156.003 Y152.732 E.01935
G1 X155.673 Y152.229 E.01935
G1 X155.269 Y151.761 E.0199
G1 X154.804 Y151.351 E.01994
G1 X154.276 Y151.001 E.02037
G1 X153.726 Y150.735 E.01965
G1 X153.154 Y150.546 E.01935
G1 X152.563 Y150.434 E.01935
;WIDTH:0.493385
G1 F7010.308
G1 X152.302 Y150.395 E.00938
;WIDTH:0.53677
G1 F6394.441
G1 X152.042 Y150.356 E.01028
G1 X151.751 Y150.363 E.01135
;WIDTH:0.519381
G1 F6627.814
G1 X148.193 Y150.363 E.13389
;WIDTH:0.561897
G1 F6084.846
G1 X147.545 Y150.342 E.02659
G1 X147.426 Y150.359 E.00492
;WIDTH:0.528332
G1 F6505.603
G1 X147.307 Y150.376 E.00461
;WIDTH:0.494766
G1 F6988.874
G1 X146.714 Y150.398 E.02118
;WIDTH:0.449999
G1 F7757.448
G1 X141.999 Y150.398 E.15161
G1 X141.379 Y150.44 E.02001
G1 X140.773 Y150.566 E.0199
G1 X140.204 Y150.764 E.01935
G1 X139.667 Y151.035 E.01935
G1 X139.169 Y151.373 E.01935
G1 X138.72 Y151.774 E.01935
G1 X138.327 Y152.229 E.01935
G1 X137.997 Y152.732 E.01935
G1 X137.735 Y153.274 E.01935
G1 X137.546 Y153.846 E.01935
G1 X137.434 Y154.437 E.01935
G1 X137.398 Y155 E.01814
G1 X137.441 Y155.625 E.02015
G1 X137.566 Y156.227 E.01978
G1 X137.764 Y156.796 E.01935
G1 X138.035 Y157.333 E.01935
G1 X138.327 Y157.771 E.01692
G1 X138.72 Y158.226 E.01935
G1 X139.169 Y158.627 E.01935
G1 X139.667 Y158.965 E.01935
G1 X140.204 Y159.236 E.01935
G1 X140.773 Y159.434 E.01935
G1 X141.362 Y159.557 E.01935
G1 X141.961 Y159.601 E.01933
G1 X146.714 Y159.602 E.15283
;WIDTH:0.488273
G1 F7090.773
G1 X146.978 Y159.621 E.00932
;WIDTH:0.526547
G1 F6529.617
G1 X147.243 Y159.64 E.01012
;WIDTH:0.56482
G1 F6050.766
G1 X147.507 Y159.659 E.01092
G1 X148.249 Y159.637 E.03063
;WIDTH:0.519381
G1 F6627.814
G1 X152.072 Y159.637 E.14386
G1 X152.317 Y159.602 E.00934
;WIDTH:0.48469
G1 F7148.278
G1 X152.563 Y159.566 E.00866
;WIDTH:0.449999
G1 F7757.448
G1 X153.154 Y159.454 E.01935
G1 X153.726 Y159.265 E.01935
G1 X154.268 Y159.003 E.01935
G1 X154.771 Y158.673 E.01935
G1 X155.226 Y158.28 E.01935
G1 X155.627 Y157.831 E.01935
G1 X155.965 Y157.333 E.01935
G1 X156.236 Y156.796 E.01935
G1 X156.238 Y156.79 E.00019
G1 X155.884 Y156.622 F18000
;TYPE:Outer wall
;WIDTH:0.419999
G1 F6000
G1 X156.063 Y156.101 E.0164
G1 X156.172 Y155.562 E.0164
G1 X156.21 Y155.012 E.0164
G1 X156.175 Y154.463 E.0164
G1 X156.069 Y153.922 E.0164
G1 X155.894 Y153.4 E.0164
G1 X155.652 Y152.906 E.0164
G1 X155.347 Y152.447 E.0164
G1 X154.985 Y152.032 E.0164
G1 X154.572 Y151.668 E.0164
G1 X154.116 Y151.361 E.0164
G1 X153.622 Y151.116 E.0164
G1 X153.101 Y150.937 E.0164
G1 X152.562 Y150.828 E.0164
G1 X152.013 Y150.79 E.01638
G1 X141.999 Y150.79 E.29827
G1 X141.463 Y150.825 E.01601
G1 X140.924 Y150.93 E.01635
G1 X140.4 Y151.106 E.01645
G1 X139.906 Y151.348 E.0164
G1 X139.447 Y151.653 E.0164
G1 X139.032 Y152.015 E.0164
G1 X138.668 Y152.428 E.0164
G1 X138.361 Y152.885 E.0164
G1 X138.116 Y153.378 E.0164
G1 X137.937 Y153.899 E.0164
G1 X137.828 Y154.438 E.0164
G1 X137.79 Y154.988 E.0164
G1 X137.825 Y155.537 E.0164
G1 X137.931 Y156.078 E.0164
G1 X138.106 Y156.6 E.0164
G1 X138.361 Y157.115 E.01713
G1 X138.653 Y157.553 E.01567
G1 X139.015 Y157.968 E.0164
G1 X139.428 Y158.332 E.0164
G1 X139.884 Y158.639 E.0164
G1 X140.378 Y158.884 E.0164
G1 X140.899 Y159.063 E.0164
G1 X141.438 Y159.172 E.0164
G1 X141.987 Y159.21 E.01638
G1 X152.001 Y159.21 E.29827
G1 X152.537 Y159.175 E.01601
G1 X153.078 Y159.069 E.0164
G1 X153.6 Y158.894 E.0164
G1 X154.094 Y158.652 E.0164
G1 X154.553 Y158.347 E.0164
G1 X154.968 Y157.985 E.0164
G1 X155.332 Y157.572 E.0164
G1 X155.639 Y157.116 E.0164
G1 X155.867 Y156.658 E.01521
G1 E-1.3 F1800
G1 Z2.8 F18000
G1 X150.406 Y183.187 Z2.8
G1 Z2.4
G1 E1.3 F1800
;TYPE:Inner wall
;WIDTH:0.449999
G1 F7757.448
G1 X150.311 Y183.167 E.0031
G1 X149.789 Y183.162 E.0168
G1 X149.19 Y183.269 E.01956
G1 X148.511 Y183.572 E.02391
G1 X147.933 Y184.04 E.02391
G1 X147.496 Y184.642 E.02391
G1 X147.23 Y185.336 E.02391
G1 X147.148 Y185.999 E.02148
G1 X147.153 Y188.077 E.0668
G1 X147.269 Y188.81 E.02388
G1 X147.572 Y189.489 E.02391
G1 X148.04 Y190.067 E.02391
G1 X148.642 Y190.504 E.02391
G1 X149.336 Y190.77 E.0239
G1 X150.076 Y190.847 E.02391
G1 X150.81 Y190.731 E.02391
G1 X151.489 Y190.428 E.02391
G1 X152.067 Y189.96 E.02391
G1 X152.504 Y189.358 E.02391
G1 X152.77 Y188.664 E.02391
G1 X152.852 Y188.001 E.02148
G1 X152.847 Y185.923 E.0668
G1 X152.731 Y185.19 E.02388
G1 X152.428 Y184.511 E.02391
G1 X151.96 Y183.933 E.02391
G1 X151.427 Y183.531 E.02146
G1 X150.81 Y183.269 E.02156
G1 X150.445 Y183.195 E.01198
G1 X150.542 Y183.607 F18000
;TYPE:Outer wall
;WIDTH:0.419999
G1 F6000
G1 X150.333 Y183.563 E.00636
G1 X149.88 Y183.548 E.01351
G1 X149.374 Y183.621 E.01522
G1 X148.781 Y183.864 E.01909
G1 X148.267 Y184.254 E.01923
G1 X147.874 Y184.763 E.01913
G1 X147.624 Y185.363 E.01938
G1 X147.542 Y185.975 E.01838
G1 X147.54 Y188.001 E.06035
G1 X147.632 Y188.66 E.01983
G1 X147.883 Y189.251 E.01912
G1 X148.279 Y189.756 E.01912
G1 X148.792 Y190.141 E.01912
G1 X149.387 Y190.381 E.01912
G1 X150.025 Y190.458 E.01912
G1 X150.66 Y190.368 E.01912
G1 X151.251 Y190.117 E.01912
G1 X151.756 Y189.721 E.01912
G1 X152.131 Y189.229 E.01842
G1 X152.377 Y188.635 E.01914
G1 X152.458 Y188.025 E.01834
G1 X152.46 Y185.999 E.06035
G1 X152.376 Y185.363 E.01911
G1 X152.134 Y184.777 E.01889
G1 X151.745 Y184.266 E.01913
G1 X151.241 Y183.876 E.01899
G1 X150.66 Y183.632 E.01876
G1 X150.581 Y183.615 E.00241
G1 E-1.3 F1800
G1 Z2.8 F18000
G1 X133.948 Y182.295 Z2.8
G1 Z2.4
G1 E1.3 F1800
;TYPE:Sparse infill
;WIDTH:0.45
G1 F7757.437
G1 X133.948 Y180.667 E.05236
G1 X134.107 Y180.906 E.00925
G1 X134.456 Y181.256 E.01588
G1 X136.529 Y182.63 E.07996
G1 X136.878 Y182.979 E.01588
G1 X138.252 Y185.051 E.07996
G1 X138.601 Y185.401 E.01588
G1 X140.674 Y186.775 E.07996
G1 X141.023 Y187.124 E.01588
G1 X142.397 Y189.196 E.07996
G1 X142.746 Y189.546 E.01588
G1 X144.819 Y190.92 E.07996
G1 X145.168 Y191.269 E.01588
G1 X146.542 Y193.341 E.07996
G1 X146.891 Y193.691 E.01588
G1 X148.964 Y195.065 E.07996
G1 X149.313 Y195.414 E.01588
G1 X149.736 Y196.052 E.02461
G1 X145.591 Y196.052 E.13329
G1 X145.168 Y195.414 E.02461
G1 X144.819 Y195.065 E.01588
G1 X142.746 Y193.691 E.07996
G1 X142.397 Y193.341 E.01588
G1 X141.023 Y191.269 E.07996
G1 X140.674 Y190.92 E.01588
G1 X138.601 Y189.546 E.07996
G1 X138.252 Y189.196 E.01588
M73 P62 R7
G1 X136.878 Y187.124 E.07996
G1 X136.529 Y186.775 E.01588
G1 X134.456 Y185.401 E.07996
G1 X134.107 Y185.051 E.01588
G1 X133.948 Y184.812 E.00925
G1 X133.948 Y188.957 E.13329
G1 X134.107 Y189.196 E.00925
G1 X134.456 Y189.546 E.01588
G1 X136.529 Y190.92 E.07996
G1 X136.878 Y191.269 E.01588
G1 X138.252 Y193.341 E.07996
G1 X138.601 Y193.691 E.01588
G1 X140.674 Y195.065 E.07996
G1 X141.023 Y195.414 E.01588
G1 X141.446 Y196.052 E.02461
G1 X137.301 Y196.052 E.13329
G1 X136.878 Y195.414 E.02461
G1 X136.529 Y195.065 E.01588
G1 X134.456 Y193.691 E.07996
G1 X134.107 Y193.341 E.01588
G1 X133.958 Y193.116 E.00868
G1 X133.976 Y193.398 E.00908
G1 X134.054 Y193.789 E.01283
G1 X134.182 Y194.167 E.01283
G1 X134.359 Y194.525 E.01283
G1 X134.442 Y194.649 E.0048
G1 X140.346 Y113.948 F18000
G1 F7757.437
G1 X141.974 Y113.948 E.05236
G1 X142.397 Y114.586 E.02461
G1 X142.746 Y114.935 E.01588
G1 X144.819 Y116.309 E.07996
G1 X145.168 Y116.659 E.01588
G1 X146.542 Y118.731 E.07996
G1 X146.891 Y119.08 E.01588
G1 X147.802 Y119.684 E.03515
G1 X147.664 Y119.823 E.0063
G1 X147.227 Y120.404 E.02339
G1 X146.909 Y121.176 E.02685
G1 X146.809 Y121.887 E.02306
G1 X146.805 Y123.139 E.04026
G1 X146.542 Y122.876 E.01194
G1 X145.168 Y120.804 E.07996
G1 X144.819 Y120.454 E.01588
G1 X142.746 Y119.08 E.07996
G1 X142.397 Y118.731 E.01588
G1 X141.023 Y116.659 E.07996
G1 X140.674 Y116.309 E.01588
G1 X138.601 Y114.935 E.07996
G1 X138.252 Y114.586 E.01588
G1 X137.829 Y113.948 E.02461
G1 X137.031 Y113.948 E.02566
G1 X136.602 Y113.976 E.01383
G1 X136.211 Y114.054 E.01283
G1 X135.833 Y114.182 E.01283
G1 X135.475 Y114.359 E.01283
G1 X135.143 Y114.58 E.01283
G1 X134.843 Y114.843 E.01283
G1 X134.65 Y115.064 E.00943
G1 X136.529 Y116.309 E.07248
G1 X136.878 Y116.659 E.01588
G1 X138.252 Y118.731 E.07996
G1 X138.601 Y119.08 E.01588
G1 X140.674 Y120.454 E.07996
G1 X141.023 Y120.804 E.01588
G1 X142.397 Y122.876 E.07996
G1 X142.746 Y123.225 E.01588
G1 X144.819 Y124.599 E.07996
G1 X145.168 Y124.949 E.01588
G1 X146.542 Y127.021 E.07996
G1 X146.891 Y127.37 E.01588
G1 X148.964 Y128.744 E.07996
G1 X149.313 Y129.094 E.01588
G1 X150.687 Y131.166 E.07996
G1 X151.036 Y131.515 E.01588
G1 X153.109 Y132.889 E.07996
G1 X153.458 Y133.239 E.01588
G1 X154.832 Y135.311 E.07996
G1 X155.181 Y135.66 E.01588
G1 X157.254 Y137.034 E.07996
G1 X157.603 Y137.384 E.01588
G1 X158.977 Y139.456 E.07996
G1 X159.326 Y139.805 E.01588
G1 X161.399 Y141.18 E.07996
G1 X161.748 Y141.529 E.01588
G1 X163.122 Y143.601 E.07996
G1 X163.471 Y143.95 E.01588
G1 X165.544 Y145.325 E.07996
G1 X165.893 Y145.674 E.01588
G1 X166.052 Y145.913 E.00925
G1 X166.052 Y150.058 E.13329
G1 X165.893 Y149.819 E.00925
G1 X165.544 Y149.47 E.01588
G1 X163.471 Y148.095 E.07996
G1 X163.122 Y147.746 E.01588
G1 X161.748 Y145.674 E.07996
G1 X161.399 Y145.325 E.01588
G1 X159.326 Y143.95 E.07996
G1 X158.977 Y143.601 E.01588
G1 X157.603 Y141.529 E.07996
G1 X157.254 Y141.18 E.01588
G1 X155.181 Y139.805 E.07996
G1 X154.832 Y139.456 E.01588
G1 X153.458 Y137.384 E.07996
G1 X153.109 Y137.034 E.01588
G1 X151.036 Y135.66 E.07996
G1 X150.687 Y135.311 E.01588
G1 X149.313 Y133.239 E.07996
G1 X148.964 Y132.889 E.01588
G1 X146.891 Y131.515 E.07996
G1 X146.542 Y131.166 E.01588
G1 X145.168 Y129.094 E.07996
G1 X144.819 Y128.744 E.01588
G1 X142.746 Y127.37 E.07996
G1 X142.397 Y127.021 E.01588
G1 X141.023 Y124.949 E.07996
G1 X140.674 Y124.599 E.01588
G1 X138.601 Y123.225 E.07996
G1 X138.252 Y122.876 E.01588
G1 X136.878 Y120.804 E.07996
G1 X136.529 Y120.454 E.01588
G1 X134.456 Y119.08 E.07996
G1 X134.107 Y118.731 E.01588
G1 X133.948 Y118.491 E.00925
G1 X133.948 Y122.636 E.13329
G1 X134.107 Y122.876 E.00925
G1 X134.456 Y123.225 E.01588
G1 X136.529 Y124.599 E.07996
G1 X136.878 Y124.949 E.01588
G1 X138.252 Y127.021 E.07996
G1 X138.601 Y127.37 E.01588
G1 X140.674 Y128.744 E.07996
G1 X141.023 Y129.094 E.01588
G1 X142.397 Y131.166 E.07996
G1 X142.746 Y131.515 E.01588
G1 X144.819 Y132.889 E.07996
G1 X145.168 Y133.239 E.01588
G1 X146.542 Y135.311 E.07996
G1 X146.891 Y135.66 E.01588
G1 X148.964 Y137.034 E.07996
G1 X149.313 Y137.384 E.01588
G1 X150.687 Y139.456 E.07996
G1 X151.036 Y139.805 E.01588
G1 X153.109 Y141.18 E.07996
G1 X153.458 Y141.529 E.01588
G1 X154.832 Y143.601 E.07996
G1 X155.181 Y143.95 E.01588
G1 X157.254 Y145.325 E.07996
G1 X157.603 Y145.674 E.01588
G1 X158.977 Y147.746 E.07996
G1 X159.326 Y148.095 E.01588
G1 X161.399 Y149.47 E.07996
G1 X161.748 Y149.819 E.01588
G1 X163.122 Y151.891 E.07996
G1 X163.471 Y152.24 E.01588
G1 X165.544 Y153.615 E.07996
G1 X165.893 Y153.964 E.01588
G1 X166.052 Y154.203 E.00925
G1 X166.052 Y158.348 E.13329
G1 X165.893 Y158.109 E.00925
G1 X165.544 Y157.76 E.01588
G1 X163.471 Y156.385 E.07996
G1 X163.122 Y156.036 E.01588
G1 X161.748 Y153.964 E.07996
G1 X161.399 Y153.615 E.01588
G1 X159.326 Y152.24 E.07996
G1 X158.977 Y151.891 E.01588
G1 X157.603 Y149.819 E.07996
G1 X157.254 Y149.47 E.01588
G1 X155.181 Y148.095 E.07996
G1 X154.851 Y147.765 E.01501
G1 X154.813 Y147.91 E.00481
G1 X154.571 Y148.497 E.02042
G1 X154.489 Y148.649 E.00554
G1 X154.078 Y149.188 E.02181
G1 X153.926 Y149.337 E.00683
G1 X153.38 Y149.741 E.02185
G1 X153.458 Y149.819 E.00354
G1 X153.857 Y150.421 E.02322
G1 X154.519 Y150.742 E.02366
G1 X155.015 Y151.077 E.01926
G1 X155.461 Y151.465 E.01902
G1 X155.93 Y151.992 E.02267
G1 X156.31 Y152.572 E.02231
G1 X156.598 Y153.18 E.02163
G1 X157.254 Y153.615 E.02529
G1 X157.603 Y153.964 E.01588
G1 X158.977 Y156.036 E.07996
G1 X159.326 Y156.385 E.01588
G1 X161.399 Y157.76 E.07996
G1 X161.748 Y158.109 E.01588
G1 X163.122 Y160.181 E.07996
G1 X163.471 Y160.53 E.01588
G1 X165.544 Y161.905 E.07996
G1 X165.893 Y162.254 E.01588
G1 X166.052 Y162.493 E.00925
G1 X166.052 Y166.638 E.13329
G1 X165.893 Y166.399 E.00925
G1 X165.544 Y166.05 E.01588
G1 X163.471 Y164.675 E.07996
G1 X163.122 Y164.326 E.01588
G1 X161.748 Y162.254 E.07996
G1 X161.399 Y161.905 E.01588
G1 X159.326 Y160.53 E.07996
G1 X158.977 Y160.181 E.01588
G1 X157.603 Y158.109 E.07996
G1 X157.254 Y157.76 E.01588
G1 X156.417 Y157.205 E.03227
G1 X156.31 Y157.428 E.00797
G1 X155.893 Y158.052 E.02413
G1 X155.501 Y158.497 E.01906
G1 X155.052 Y158.893 E.01925
G1 X154.44 Y159.304 E.02371
G1 X154.297 Y159.375 E.00513
G1 X154.832 Y160.181 E.03113
G1 X155.181 Y160.53 E.01588
G1 X157.254 Y161.905 E.07996
G1 X157.603 Y162.254 E.01588
G1 X158.977 Y164.326 E.07996
G1 X159.326 Y164.675 E.01588
G1 X161.399 Y166.05 E.07996
G1 X161.748 Y166.399 E.01588
G1 X163.122 Y168.471 E.07996
G1 X163.471 Y168.82 E.01588
G1 X165.544 Y170.195 E.07996
G1 X165.893 Y170.544 E.01588
G1 X166.052 Y170.783 E.00925
G1 X166.052 Y174.929 E.13329
G1 X165.893 Y174.689 E.00925
G1 X165.544 Y174.34 E.01588
G1 X163.471 Y172.966 E.07996
G1 X163.122 Y172.616 E.01588
G1 X161.748 Y170.544 E.07996
G1 X161.399 Y170.195 E.01588
G1 X159.326 Y168.82 E.07996
G1 X158.977 Y168.471 E.01588
G1 X157.603 Y166.399 E.07996
G1 X157.254 Y166.05 E.01588
G1 X155.181 Y164.675 E.07996
G1 X154.832 Y164.326 E.01588
G1 X154.712 Y164.146 E.00697
G1 X154.57 Y164.498 E.01223
G1 X154.458 Y164.693 E.00722
G1 X154.035 Y165.239 E.02221
G1 X153.443 Y165.707 E.02426
G1 X153.248 Y165.82 E.00726
G1 X152.943 Y165.94 E.01052
G1 X153.109 Y166.05 E.00638
G1 X153.458 Y166.399 E.01588
G1 X154.832 Y168.471 E.07996
G1 X155.181 Y168.82 E.01588
G1 X157.254 Y170.195 E.07996
G1 X157.603 Y170.544 E.01588
G1 X158.977 Y172.616 E.07996
G1 X159.326 Y172.966 E.01588
G1 X161.399 Y174.34 E.07996
G1 X161.748 Y174.689 E.01588
G1 X163.122 Y176.761 E.07996
G1 X163.471 Y177.111 E.01588
G1 X165.544 Y178.485 E.07996
G1 X165.893 Y178.834 E.01588
G1 X166.052 Y179.074 E.00925
G1 X166.052 Y183.219 E.13329
G1 X165.893 Y182.979 E.00925
G1 X165.544 Y182.63 E.01588
G1 X163.471 Y181.256 E.07996
G1 X163.122 Y180.906 E.01588
G1 X161.748 Y178.834 E.07996
G1 X161.399 Y178.485 E.01588
G1 X159.326 Y177.111 E.07996
G1 X158.977 Y176.761 E.01588
G1 X157.603 Y174.689 E.07996
G1 X157.254 Y174.34 E.01588
G1 X155.181 Y172.966 E.07996
G1 X154.832 Y172.616 E.01588
G1 X153.458 Y170.544 E.07996
G1 X153.109 Y170.195 E.01588
G1 X151.036 Y168.82 E.07996
G1 X150.687 Y168.471 E.01588
G1 X149.313 Y166.399 E.07996
G1 X149.11 Y166.196 E.00921
G1 X148.179 Y166.196 E.02996
G1 X147.489 Y166.099 E.0224
G1 E-1.3 F1800
G1 Z2.8 F18000
G1 X144.759 Y159.947 Z2.8
G1 Z2.4
G1 E1.3 F1800
G1 F7757.437
G1 X146.387 Y159.948 E.05236
G1 X146.542 Y160.181 E.009
G1 X146.619 Y160.258 E.0035
G1 X146.072 Y160.664 E.0219
G1 X145.914 Y160.822 E.00718
G1 X145.542 Y161.308 E.01967
G1 X145.43 Y161.501 E.00718
G1 X145.196 Y162.066 E.01967
G1 X145.151 Y162.236 E.00567
G1 X144.819 Y161.905 E.01509
G1 X142.746 Y160.53 E.07996
G1 X142.397 Y160.181 E.01588
G1 X142.241 Y159.947 E.00906
G1 X141.943 Y159.946 E.00959
G1 X141.351 Y159.906 E.0191
G1 X140.77 Y159.792 E.01902
G1 X140.633 Y159.747 E.00465
G1 X133.948 Y166.603 F18000
G1 F7757.437
G1 X133.948 Y168.232 E.05236
G1 X134.107 Y168.471 E.00925
G1 X134.456 Y168.82 E.01588
G1 X136.529 Y170.195 E.07996
G1 X136.878 Y170.544 E.01588
G1 X138.252 Y172.616 E.07996
G1 X138.601 Y172.966 E.01588
G1 X140.674 Y174.34 E.07996
G1 X141.023 Y174.689 E.01588
G1 X142.397 Y176.761 E.07996
G1 X142.746 Y177.111 E.01588
G1 X144.819 Y178.485 E.07996
G1 X145.168 Y178.834 E.01588
G1 X146.542 Y180.906 E.07996
G1 X146.891 Y181.256 E.01588
G1 X148.964 Y182.63 E.07996
G1 X149.234 Y182.9 E.0123
G1 X149.175 Y182.909 E.00193
G1 X148.398 Y183.23 E.02702
G1 X147.715 Y183.761 E.02783
G1 X147.213 Y184.43 E.02688
G1 X146.91 Y185.171 E.02574
G1 X146.879 Y185.389 E.00707
G1 X146.542 Y185.051 E.01533
G1 X145.168 Y182.979 E.07996
G1 X144.819 Y182.63 E.01588
G1 X142.746 Y181.256 E.07996
G1 X142.397 Y180.906 E.01588
G1 X141.023 Y178.834 E.07996
G1 X140.674 Y178.485 E.01588
G1 X138.601 Y177.111 E.07996
G1 X138.252 Y176.761 E.01588
G1 X136.878 Y174.689 E.07996
G1 X136.529 Y174.34 E.01588
G1 X134.456 Y172.966 E.07996
G1 X134.107 Y172.616 E.01588
G1 X133.948 Y172.377 E.00925
G1 X133.948 Y176.522 E.13329
G1 X134.107 Y176.761 E.00925
G1 X134.456 Y177.111 E.01588
G1 X136.529 Y178.485 E.07996
G1 X136.878 Y178.834 E.01588
G1 X138.252 Y180.906 E.07996
G1 X138.601 Y181.256 E.01588
G1 X140.674 Y182.63 E.07996
G1 X141.023 Y182.979 E.01588
G1 X142.397 Y185.051 E.07996
G1 X142.746 Y185.401 E.01588
G1 X144.819 Y186.775 E.07996
G1 X145.168 Y187.124 E.01588
G1 X146.542 Y189.196 E.07996
G1 X146.891 Y189.546 E.01588
G1 X147.478 Y189.934 E.02263
G1 X147.664 Y190.178 E.00986
G1 X147.822 Y190.336 E.00718
G1 X148.308 Y190.708 E.01967
G1 X148.501 Y190.82 E.00719
G1 X149.109 Y191.065 E.02109
G1 X149.313 Y191.269 E.00926
G1 X150.687 Y193.341 E.07996
G1 X151.036 Y193.691 E.01588
G1 X153.109 Y195.065 E.07996
G1 X153.458 Y195.414 E.01588
G1 X153.881 Y196.052 E.02461
G1 X158.026 Y196.052 E.13329
G1 X157.603 Y195.414 E.02461
G1 X157.254 Y195.065 E.01588
G1 X155.181 Y193.691 E.07996
G1 X154.832 Y193.341 E.01588
G1 X153.458 Y191.269 E.07996
G1 X153.109 Y190.92 E.01588
G1 X152.198 Y190.316 E.03515
G1 X152.336 Y190.177 E.0063
G1 X152.773 Y189.596 E.02339
G1 X153.091 Y188.824 E.02685
G1 X153.191 Y188.113 E.02306
G1 X153.195 Y186.861 E.04026
G1 X153.458 Y187.124 E.01194
G1 X154.832 Y189.196 E.07996
G1 X155.181 Y189.546 E.01588
G1 X157.254 Y190.92 E.07996
G1 X157.603 Y191.269 E.01588
G1 X158.977 Y193.341 E.07996
G1 X159.326 Y193.691 E.01588
G1 X161.399 Y195.065 E.07996
G1 X161.748 Y195.414 E.01588
G1 X162.171 Y196.052 E.02461
G1 X162.969 Y196.052 E.02566
G1 X163.398 Y196.024 E.01383
G1 X163.789 Y195.946 E.01283
G1 X164.167 Y195.818 E.01283
G1 X164.525 Y195.641 E.01283
G1 X164.857 Y195.42 E.01283
G1 X165.157 Y195.157 E.01283
G1 X165.35 Y194.936 E.00943
G1 X163.471 Y193.691 E.07248
G1 X163.122 Y193.341 E.01588
G1 X161.748 Y191.269 E.07996
G1 X161.399 Y190.92 E.01588
G1 X159.326 Y189.546 E.07996
G1 X158.977 Y189.196 E.01588
G1 X157.603 Y187.124 E.07996
G1 X157.254 Y186.775 E.01588
G1 X155.181 Y185.401 E.07996
G1 X154.832 Y185.051 E.01588
G1 X153.458 Y182.979 E.07996
G1 X153.109 Y182.63 E.01588
G1 X151.036 Y181.256 E.07996
G1 X150.687 Y180.906 E.01588
G1 X149.313 Y178.834 E.07996
G1 X148.964 Y178.485 E.01588
G1 X146.891 Y177.111 E.07996
G1 X146.542 Y176.761 E.01588
G1 X145.168 Y174.689 E.07996
G1 X144.819 Y174.34 E.01588
G1 X142.746 Y172.966 E.07996
G1 X142.397 Y172.616 E.01588
G1 X141.023 Y170.544 E.07996
G1 X140.674 Y170.195 E.01588
G1 X138.601 Y168.82 E.07996
G1 X138.252 Y168.471 E.01588
G1 X136.878 Y166.399 E.07996
G1 X136.529 Y166.05 E.01588
G1 X134.456 Y164.675 E.07996
G1 X134.107 Y164.326 E.01588
G1 X133.948 Y164.087 E.00925
G1 X133.948 Y159.942 E.13329
G1 X134.107 Y160.181 E.00925
G1 X134.456 Y160.53 E.01588
G1 X136.529 Y161.905 E.07996
G1 X136.878 Y162.254 E.01588
G1 X138.252 Y164.326 E.07996
G1 X138.601 Y164.675 E.01588
G1 X140.674 Y166.05 E.07996
G1 X141.023 Y166.399 E.01588
G1 X142.397 Y168.471 E.07996
G1 X142.746 Y168.82 E.01588
G1 X144.819 Y170.195 E.07996
G1 X145.168 Y170.544 E.01588
G1 X146.542 Y172.616 E.07996
G1 X146.891 Y172.966 E.01588
G1 X148.964 Y174.34 E.07996
G1 X149.313 Y174.689 E.01588
G1 X150.687 Y176.761 E.07996
G1 X151.036 Y177.111 E.01588
G1 X153.109 Y178.485 E.07996
G1 X153.458 Y178.834 E.01588
G1 X154.832 Y180.906 E.07996
G1 X155.181 Y181.256 E.01588
G1 X157.254 Y182.63 E.07996
G1 X157.603 Y182.979 E.01588
G1 X158.977 Y185.051 E.07996
G1 X159.326 Y185.401 E.01588
G1 X161.399 Y186.775 E.07996
G1 X161.748 Y187.124 E.01588
G1 X163.122 Y189.196 E.07996
G1 X163.471 Y189.546 E.01588
G1 X165.544 Y190.92 E.07996
G1 X165.893 Y191.269 E.01588
G1 X166.052 Y191.509 E.00925
G1 X166.052 Y187.364 E.13329
G1 X165.893 Y187.124 E.00925
G1 X165.544 Y186.775 E.01588
G1 X163.471 Y185.401 E.07996
G1 X163.122 Y185.051 E.01588
G1 X161.748 Y182.979 E.07996
G1 X161.399 Y182.63 E.01588
G1 X159.326 Y181.256 E.07996
G1 X158.977 Y180.906 E.01588
G1 X157.603 Y178.834 E.07996
G1 X157.254 Y178.485 E.01588
G1 X155.181 Y177.111 E.07996
G1 X154.832 Y176.761 E.01588
G1 X153.458 Y174.689 E.07996
G1 X153.109 Y174.34 E.01588
G1 X151.036 Y172.966 E.07996
G1 X150.687 Y172.616 E.01588
G1 X149.313 Y170.544 E.07996
G1 X148.964 Y170.195 E.01588
G1 X146.891 Y168.82 E.07996
G1 X146.542 Y168.471 E.01588
G1 X145.168 Y166.399 E.07996
G1 X144.819 Y166.05 E.01588
G1 X142.746 Y164.675 E.07996
G1 X142.397 Y164.326 E.01588
G1 X141.023 Y162.254 E.07996
G1 X140.674 Y161.905 E.01588
G1 X138.601 Y160.53 E.07996
G1 X138.252 Y160.181 E.01588
G1 X136.878 Y158.109 E.07996
G1 X136.529 Y157.76 E.01588
G1 X134.456 Y156.385 E.07996
G1 X134.107 Y156.036 E.01588
G1 X133.948 Y155.797 E.00925
G1 X133.948 Y151.652 E.13329
G1 X134.107 Y151.891 E.00925
G1 X134.456 Y152.24 E.01588
G1 X136.529 Y153.615 E.07996
G1 X136.878 Y153.964 E.01588
G1 X137.102 Y154.302 E.01307
G1 X137.235 Y153.669 E.0208
G1 X137.41 Y153.155 E.01747
G1 X137.69 Y152.572 E.02078
G1 X138.043 Y152.03 E.02081
G1 X138.213 Y151.833 E.00838
G1 X136.878 Y149.819 E.0777
G1 X136.529 Y149.47 E.01588
G1 X134.456 Y148.095 E.07996
G1 X134.107 Y147.746 E.01588
G1 X133.948 Y147.507 E.00925
G1 X133.948 Y143.362 E.13329
G1 X134.107 Y143.601 E.00925
G1 X134.456 Y143.95 E.01588
G1 X136.529 Y145.325 E.07996
G1 X136.878 Y145.674 E.01588
G1 X138.252 Y147.746 E.07996
G1 X138.601 Y148.095 E.01588
G1 X140.674 Y149.47 E.07996
G1 X141.023 Y149.819 E.01588
G1 X141.226 Y150.125 E.0118
G1 X141.405 Y150.089 E.00589
G1 X141.995 Y150.052 E.01899
G1 X145.323 Y150.052 E.10701
G1 X145.168 Y149.819 E.009
G1 X144.819 Y149.47 E.01588
G1 X142.746 Y148.095 E.07996
G1 X142.397 Y147.746 E.01588
G1 X141.023 Y145.674 E.07996
G1 X140.674 Y145.325 E.01588
G1 X138.601 Y143.95 E.07996
G1 X138.252 Y143.601 E.01588
G1 X136.878 Y141.529 E.07996
G1 X136.529 Y141.18 E.01588
G1 X134.456 Y139.805 E.07996
G1 X134.107 Y139.456 E.01588
G1 X133.948 Y139.217 E.00925
G1 X133.948 Y135.071 E.13329
G1 X134.107 Y135.311 E.00925
G1 X134.456 Y135.66 E.01588
G1 X136.529 Y137.034 E.07996
G1 X136.878 Y137.384 E.01588
G1 X138.252 Y139.456 E.07996
G1 X138.601 Y139.805 E.01588
G1 X140.674 Y141.18 E.07996
G1 X141.023 Y141.529 E.01588
G1 X142.397 Y143.601 E.07996
G1 X142.746 Y143.95 E.01588
G1 X144.819 Y145.325 E.07996
G1 X145.168 Y145.674 E.01588
G1 X145.287 Y145.854 E.00695
G1 X145.43 Y145.502 E.01222
G1 X145.543 Y145.307 E.00724
G1 X146.015 Y144.712 E.02443
G1 X146.623 Y144.246 E.02463
G1 X147.055 Y144.059 E.01513
G1 X146.891 Y143.95 E.00632
G1 X146.542 Y143.601 E.01588
G1 X145.168 Y141.529 E.07996
G1 X144.819 Y141.18 E.01588
G1 X142.746 Y139.805 E.07996
G1 X142.397 Y139.456 E.01588
G1 X141.023 Y137.384 E.07996
G1 X140.674 Y137.034 E.01588
G1 X138.601 Y135.66 E.07996
G1 X138.252 Y135.311 E.01588
G1 X136.878 Y133.239 E.07996
G1 X136.529 Y132.889 E.01588
G1 X134.456 Y131.515 E.07996
G1 X134.107 Y131.166 E.01588
G1 X133.948 Y130.926 E.00925
G1 X133.948 Y126.781 E.13329
G1 X134.107 Y127.021 E.00925
G1 X134.456 Y127.37 E.01588
G1 X136.529 Y128.744 E.07996
G1 X136.878 Y129.094 E.01588
G1 X138.252 Y131.166 E.07996
G1 X138.601 Y131.515 E.01588
G1 X140.674 Y132.889 E.07996
G1 X141.023 Y133.239 E.01588
G1 X142.397 Y135.311 E.07996
G1 X142.746 Y135.66 E.01588
G1 X144.819 Y137.034 E.07996
G1 X145.168 Y137.384 E.01588
G1 X146.542 Y139.456 E.07996
G1 X146.891 Y139.805 E.01588
G1 X148.964 Y141.18 E.07996
G1 X149.313 Y141.529 E.01588
G1 X150.687 Y143.601 E.07996
G1 X150.888 Y143.802 E.00913
G1 X151.764 Y143.802 E.02817
G1 X152.51 Y143.896 E.02418
G1 X166.052 Y143.397 F18000
G1 F7757.437
G1 X166.052 Y141.768 E.05236
G1 X165.893 Y141.529 E.00925
G1 X165.544 Y141.18 E.01588
G1 X163.471 Y139.805 E.07996
G1 X163.122 Y139.456 E.01588
G1 X161.748 Y137.384 E.07996
G1 X161.399 Y137.034 E.01588
G1 X159.326 Y135.66 E.07996
G1 X158.977 Y135.311 E.01588
G1 X157.603 Y133.239 E.07996
G1 X157.254 Y132.889 E.01588
M73 P63 R7
G1 X155.181 Y131.515 E.07996
G1 X154.832 Y131.166 E.01588
G1 X153.458 Y129.094 E.07996
G1 X153.109 Y128.744 E.01588
G1 X151.036 Y127.37 E.07996
G1 X150.765 Y127.099 E.01232
G1 X150.824 Y127.091 E.00191
G1 X151.601 Y126.77 E.02704
G1 X152.235 Y126.288 E.02559
G1 X152.751 Y125.631 E.02687
G1 X153.09 Y124.83 E.02797
G1 X153.121 Y124.611 E.0071
G1 X153.458 Y124.949 E.01533
G1 X154.832 Y127.021 E.07996
G1 X155.181 Y127.37 E.01588
G1 X157.254 Y128.744 E.07996
G1 X157.603 Y129.094 E.01588
G1 X158.977 Y131.166 E.07996
G1 X159.326 Y131.515 E.01588
G1 X161.399 Y132.889 E.07996
G1 X161.748 Y133.239 E.01588
G1 X163.122 Y135.311 E.07996
G1 X163.471 Y135.66 E.01588
G1 X165.544 Y137.034 E.07996
G1 X165.893 Y137.384 E.01588
G1 X166.052 Y137.623 E.00925
G1 X166.052 Y133.478 E.13329
G1 X165.893 Y133.239 E.00925
G1 X165.544 Y132.889 E.01588
G1 X163.471 Y131.515 E.07996
G1 X163.122 Y131.166 E.01588
G1 X161.748 Y129.094 E.07996
G1 X161.399 Y128.744 E.01588
G1 X159.326 Y127.37 E.07996
G1 X158.977 Y127.021 E.01588
G1 X157.603 Y124.949 E.07996
G1 X157.254 Y124.599 E.01588
G1 X155.181 Y123.225 E.07996
G1 X154.832 Y122.876 E.01588
G1 X153.458 Y120.804 E.07996
G1 X153.109 Y120.454 E.01588
G1 X152.522 Y120.066 E.02263
G1 X152.336 Y119.822 E.00986
G1 X152.178 Y119.664 E.00718
G1 X151.692 Y119.292 E.01967
G1 X151.499 Y119.18 E.00719
G1 X150.889 Y118.933 E.02117
G1 X150.687 Y118.731 E.00918
G1 X149.313 Y116.659 E.07996
G1 X148.964 Y116.309 E.01588
G1 X146.891 Y114.935 E.07996
G1 X146.542 Y114.586 E.01588
G1 X146.119 Y113.948 E.02461
G1 X150.264 Y113.948 E.13329
G1 X150.687 Y114.586 E.02461
G1 X151.036 Y114.935 E.01588
G1 X153.109 Y116.309 E.07996
G1 X153.458 Y116.659 E.01588
G1 X154.832 Y118.731 E.07996
G1 X155.181 Y119.08 E.01588
G1 X157.254 Y120.454 E.07996
G1 X157.603 Y120.804 E.01588
G1 X158.977 Y122.876 E.07996
G1 X159.326 Y123.225 E.01588
G1 X161.399 Y124.599 E.07996
G1 X161.748 Y124.949 E.01588
G1 X163.122 Y127.021 E.07996
G1 X163.471 Y127.37 E.01588
G1 X165.544 Y128.744 E.07996
G1 X165.893 Y129.094 E.01588
G1 X166.052 Y129.333 E.00925
G1 X166.052 Y125.188 E.13329
G1 X165.893 Y124.949 E.00925
G1 X165.544 Y124.599 E.01588
G1 X163.471 Y123.225 E.07996
G1 X163.122 Y122.876 E.01588
G1 X161.748 Y120.804 E.07996
G1 X161.399 Y120.454 E.01588
G1 X159.326 Y119.08 E.07996
G1 X158.977 Y118.731 E.01588
G1 X157.603 Y116.659 E.07996
G1 X157.254 Y116.309 E.01588
G1 X155.181 Y114.935 E.07996
G1 X154.832 Y114.586 E.01588
G1 X154.409 Y113.948 E.02461
G1 X158.554 Y113.948 E.13329
G1 X158.977 Y114.586 E.02461
G1 X159.326 Y114.935 E.01588
G1 X161.399 Y116.309 E.07996
G1 X161.748 Y116.659 E.01588
G1 X163.122 Y118.731 E.07996
G1 X163.471 Y119.08 E.01588
G1 X165.544 Y120.454 E.07996
G1 X165.893 Y120.804 E.01588
G1 X166.052 Y121.043 E.00925
G1 X166.042 Y116.884 E.13376
G1 X165.893 Y116.659 E.00868
G1 X165.544 Y116.309 E.01588
G1 X163.471 Y114.935 E.07996
G1 X163.122 Y114.586 E.01588
G1 X162.699 Y113.948 E.02461
G1 X163.398 Y113.976 E.02249
G1 X163.789 Y114.054 E.01283
G1 X164.167 Y114.182 E.01283
G1 X164.284 Y114.24 E.0042
;LAYER_CHANGE
;Z:2.6
;HEIGHT:0.2

G1 E-1.3 F1800
G92 E0
;_SET_FAN_SPEED_CHANGING_LAYER
G1 Z3 F18000
G1 X165.942 Y115.302 Z3
G1 Z2.6
G1 E1.3 F1800
;TYPE:Inner wall
;WIDTH:0.449999
G1 F7757.448
G1 X166.209 Y115.911 E.02139
G1 X166.368 Y116.557 E.02139
G1 X166.398 Y117.135 E.01863
G1 X166.398 Y193.031 E2.44053
G1 X166.324 Y193.661 E.0204
G1 X166.138 Y194.3 E.02139
G1 X165.818 Y194.883 E.02139
G1 X165.402 Y195.402 E.02139
G1 X164.883 Y195.818 E.02139
G1 X164.3 Y196.138 E.02139
G1 X163.661 Y196.324 E.02139
G1 X162.98 Y196.398 E.02202
G1 X136.969 Y196.398 E.83643
G1 X136.339 Y196.324 E.0204
G1 X135.7 Y196.138 E.02139
G1 X135.117 Y195.818 E.02139
G1 X134.598 Y195.402 E.02139
G1 X134.182 Y194.883 E.02139
G1 X133.862 Y194.3 E.02139
G1 X133.676 Y193.661 E.02139
G1 X133.602 Y192.98 E.02202
G1 X133.602 Y116.969 E2.44425
G1 X133.676 Y116.339 E.0204
G1 X133.862 Y115.7 E.02139
G1 X134.182 Y115.117 E.02139
G1 X134.598 Y114.598 E.02139
G1 X135.117 Y114.182 E.02138
G1 X135.7 Y113.862 E.0214
G1 X136.339 Y113.676 E.02139
G1 X137.02 Y113.602 E.02202
G1 X163.119 Y113.602 E.83926
G1 X163.879 Y113.719 E.02473
G1 X164.499 Y113.96 E.02138
G1 X165.068 Y114.305 E.02139
G1 X165.548 Y114.765 E.0214
G1 X165.918 Y115.269 E.0201
G1 X166.282 Y115.105 F18000
;TYPE:Outer wall
;WIDTH:0.419999
G1 F6000
G1 X166.581 Y115.784 E.0221
G1 X166.757 Y116.505 E.02211
G1 X166.79 Y117.135 E.01879
G1 X166.79 Y193.139 E2.26389
G1 X166.66 Y193.981 E.02537
G1 X166.392 Y194.672 E.0221
G1 X166.006 Y195.307 E.02211
G1 X165.493 Y195.843 E.02211
G1 X164.895 Y196.282 E.0221
G1 X164.216 Y196.581 E.0221
G1 X163.495 Y196.757 E.02211
G1 X162.993 Y196.79 E.01497
G1 X136.861 Y196.79 E.77839
G1 X136.019 Y196.66 E.02537
G1 X135.328 Y196.392 E.0221
G1 X134.693 Y196.006 E.02211
G1 X134.157 Y195.493 E.02211
G1 X133.718 Y194.895 E.0221
G1 X133.419 Y194.216 E.0221
G1 X133.243 Y193.495 E.02211
G1 X133.21 Y192.993 E.01497
G1 X133.21 Y116.861 E2.26772
G1 X133.34 Y116.019 E.02537
G1 X133.608 Y115.328 E.0221
G1 X133.994 Y114.693 E.02211
G1 X134.507 Y114.157 E.02211
G1 X135.105 Y113.718 E.0221
G1 X135.784 Y113.419 E.0221
G1 X136.505 Y113.243 E.02211
G1 X137.007 Y113.21 E.01497
G1 X163.139 Y113.21 E.77839
G1 X163.981 Y113.34 E.02537
G1 X164.672 Y113.608 E.0221
G1 X165.307 Y113.994 E.02211
G1 X165.843 Y114.507 E.02211
G1 X166.258 Y115.073 E.02091
G1 E-1.3 F1800
G1 Z3 F18000
G1 X148.587 Y119.538 Z3
G1 Z2.6
G1 E1.3 F1800
;TYPE:Inner wall
;WIDTH:0.449999
G1 F7757.448
G1 X148.511 Y119.572 E.00268
G1 X147.933 Y120.04 E.02391
G1 X147.496 Y120.642 E.02391
G1 X147.23 Y121.336 E.02391
G1 X147.148 Y121.999 E.02148
G1 X147.153 Y124.077 E.0668
G1 X147.269 Y124.81 E.02388
G1 X147.572 Y125.489 E.02391
G1 X148.04 Y126.067 E.02391
G1 X148.573 Y126.469 E.02146
G1 X149.19 Y126.731 E.02155
G1 X149.388 Y126.777 E.00655
G1 X150.076 Y126.847 E.02222
G1 X150.81 Y126.731 E.02391
G1 X151.489 Y126.428 E.02391
G1 X152.067 Y125.96 E.02391
G1 X152.504 Y125.358 E.02391
G1 X152.766 Y124.688 E.02313
G1 X152.852 Y124.001 E.02228
G1 X152.847 Y121.923 E.0668
G1 X152.731 Y121.19 E.02388
G1 X152.428 Y120.511 E.02391
G1 X151.96 Y119.933 E.02391
G1 X151.358 Y119.496 E.02391
G1 X150.81 Y119.269 E.01907
G1 X150.313 Y119.167 E.0163
G1 X149.805 Y119.161 E.01635
G1 X149.19 Y119.269 E.02008
G1 X148.623 Y119.522 E.01995
G1 X148.749 Y119.883 F18000
;TYPE:Outer wall
;WIDTH:0.419999
G1 F6000
G1 X148.244 Y120.279 E.01912
G1 X147.869 Y120.771 E.01842
G1 X147.623 Y121.365 E.01914
G1 X147.542 Y121.975 E.01834
G1 X147.54 Y124.001 E.06035
G1 X147.624 Y124.637 E.01911
G1 X147.866 Y125.223 E.01889
G1 X148.255 Y125.734 E.01913
G1 X148.759 Y126.124 E.01899
G1 X149.353 Y126.373 E.01918
G1 X149.992 Y126.46 E.0192
G1 X150.624 Y126.379 E.01899
G1 X151.219 Y126.136 E.01914
G1 X151.733 Y125.746 E.01923
G1 X152.126 Y125.237 E.01913
G1 X152.376 Y124.637 E.01938
G1 X152.458 Y124.025 E.01838
G1 X152.458 Y121.975 E.06108
G1 X152.368 Y121.34 E.01909
G1 X152.117 Y120.749 E.01912
G1 X151.721 Y120.244 E.01912
G1 X151.208 Y119.859 E.01912
G1 X150.66 Y119.632 E.01766
G1 X150.333 Y119.563 E.00996
G1 X149.862 Y119.549 E.01403
G1 X149.34 Y119.632 E.01574
G1 X148.786 Y119.868 E.01793
G1 E-1.3 F1800
G1 Z3 F18000
G1 X153.792 Y145.021 Z3
G1 Z2.6
G1 E1.3 F1800
;TYPE:Inner wall
;WIDTH:0.449999
G1 F7757.448
G1 X153.747 Y144.964 E.00233
G1 X153.108 Y144.496 E.02548
G1 X152.49 Y144.246 E.02144
G1 X151.827 Y144.153 E.02154
G1 X148.249 Y144.148 E.11503
G1 X147.586 Y144.23 E.02149
G1 X147.381 Y144.294 E.00692
G1 X146.761 Y144.572 E.02185
G1 X146.183 Y145.04 E.02391
G1 X145.746 Y145.642 E.02391
G1 X145.48 Y146.336 E.02391
G1 X145.403 Y147.076 E.02391
G1 X145.519 Y147.81 E.02391
G1 X145.822 Y148.489 E.02391
G1 X146.29 Y149.067 E.02391
G1 X146.892 Y149.504 E.02391
;WIDTH:0.487299
G1 F7106.32
G1 X147.121 Y149.611 E.00887
;WIDTH:0.524598
G1 F6556.033
G1 X147.35 Y149.718 E.00962
;WIDTH:0.561897
G1 F6084.846
G1 X147.579 Y149.825 E.01036
G1 X148.249 Y149.887 E.0276
;WIDTH:0.519381
G1 F6627.814
G1 X151.938 Y149.887 E.13884
G1 X152.253 Y149.807 E.01222
;WIDTH:0.48469
G1 F7148.278
G1 X152.568 Y149.727 E.01133
;WIDTH:0.449999
G1 F7757.448
G1 X153.239 Y149.428 E.02365
G1 X153.71 Y149.067 E.01907
G1 X153.96 Y148.773 E.01241
G1 X154.254 Y148.358 E.01635
G1 X154.52 Y147.664 E.02391
G1 X154.597 Y146.924 E.02391
G1 X154.481 Y146.19 E.02391
G1 X154.178 Y145.511 E.02391
G1 X153.817 Y145.053 E.01875
G1 X153.538 Y145.322 F18000
;TYPE:Outer wall
;WIDTH:0.419999
G1 F6000
G1 X153.495 Y145.266 E.00212
G1 X152.986 Y144.873 E.01914
G1 X152.399 Y144.628 E.01896
G1 X151.775 Y144.542 E.01876
G1 X148.225 Y144.542 E.10576
G1 X147.531 Y144.656 E.02095
G1 X146.999 Y144.883 E.01721
G1 X146.494 Y145.279 E.01912
G1 X146.109 Y145.792 E.01912
G1 X145.869 Y146.387 E.01912
G1 X145.792 Y147.025 E.01912
G1 X145.882 Y147.66 E.01912
G1 X146.133 Y148.251 E.01912
G1 X146.529 Y148.756 E.01912
G1 X147.042 Y149.141 E.01912
G1 X147.637 Y149.381 E.01912
G1 X148.249 Y149.46 E.01838
G1 X151.78 Y149.46 E.10517
G1 X152.418 Y149.365 E.0192
G1 X153.001 Y149.117 E.01887
G1 X153.504 Y148.723 E.01903
G1 X153.881 Y148.229 E.01851
G1 X154.128 Y147.631 E.01929
G1 X154.21 Y147 E.01894
G1 X154.126 Y146.363 E.01914
G1 X153.88 Y145.77 E.01914
G1 X153.562 Y145.354 E.01558
G1 E-1.3 F1800
G1 Z3 F18000
G1 X154.49 Y163.741 Z3
G1 Z2.6
G1 E1.3 F1800
;TYPE:Inner wall
;WIDTH:0.449999
G1 F7757.448
G1 X154.52 Y163.664 E.00268
G1 X154.597 Y162.924 E.02391
G1 X154.487 Y162.207 E.02332
G1 X154.221 Y161.576 E.02202
G1 X153.817 Y161.04 E.0216
G1 X153.634 Y160.875 E.00791
G1 X153.149 Y160.516 E.01942
G1 X152.56 Y160.269 E.02054
;WIDTH:0.490352
G1 F7057.82
G1 X152.293 Y160.204 E.00974
;WIDTH:0.530705
G1 F6473.947
G1 X152.025 Y160.138 E.01061
G1 X151.751 Y160.113 E.01061
;WIDTH:0.519381
G1 F6627.814
G1 X148.204 Y160.113 E.1335
;WIDTH:0.561897
G1 F6084.846
G1 X147.579 Y160.175 E.02574
G1 X147.504 Y160.209 E.00338
;WIDTH:0.534418
G1 F6425.041
G1 X147.429 Y160.243 E.0032
;WIDTH:0.506939
G1 F6805.529
G1 X147.095 Y160.408 E.01365
;WIDTH:0.478469
G1 F7250.377
G1 X146.761 Y160.572 E.01281
;WIDTH:0.449999
G1 F7757.448
G1 X146.183 Y161.04 E.02391
G1 X145.746 Y161.642 E.02391
G1 X145.48 Y162.336 E.02391
G1 X145.403 Y162.924 E.01907
G1 X145.434 Y163.31 E.01243
G1 X145.519 Y163.81 E.01633
G1 X145.822 Y164.489 E.02391
G1 X146.29 Y165.067 E.02391
G1 X146.892 Y165.504 E.02391
G1 X147.51 Y165.754 E.02144
G1 X148.173 Y165.847 E.02154
G1 X151.751 Y165.852 E.11503
G1 X152.414 Y165.77 E.02149
G1 X152.619 Y165.706 E.00692
G1 X153.239 Y165.428 E.02185
G1 X153.817 Y164.96 E.02391
G1 X154.254 Y164.358 E.02391
G1 X154.476 Y163.779 E.01994
G1 X154.127 Y163.622 F18000
;TYPE:Outer wall
;WIDTH:0.419999
G1 F6000
G1 X154.131 Y163.613 E.00031
G1 X154.208 Y162.975 E.01912
G1 X154.118 Y162.34 E.01912
G1 X153.867 Y161.749 E.01912
G1 X153.471 Y161.244 E.01912
G1 X152.971 Y160.865 E.01869
G1 X152.388 Y160.624 E.01879
G1 X151.751 Y160.54 E.01916
G1 X148.225 Y160.542 E.10503
G1 X147.59 Y160.632 E.0191
G1 X146.999 Y160.883 E.01912
G1 X146.494 Y161.279 E.01912
G1 X146.109 Y161.792 E.01912
G1 X145.869 Y162.387 E.01912
G1 X145.79 Y163 E.0184
G1 X145.875 Y163.639 E.01921
G1 X146.12 Y164.23 E.01906
G1 X146.505 Y164.734 E.01889
G1 X147.014 Y165.127 E.01914
G1 X147.601 Y165.372 E.01896
G1 X148.225 Y165.458 E.01876
G1 X151.775 Y165.458 E.10576
G1 X152.469 Y165.344 E.02095
G1 X153.001 Y165.117 E.01721
G1 X153.506 Y164.721 E.01912
G1 X153.891 Y164.208 E.01912
G1 X154.112 Y163.659 E.01762
G1 E-1.3 F1800
G1 Z3 F18000
G1 X156.251 Y156.753 Z3
G1 Z2.6
G1 E1.3 F1800
;TYPE:Inner wall
;WIDTH:0.449999
G1 F7757.448
G1 X156.434 Y156.227 E.01788
G1 X156.557 Y155.638 E.01935
G1 X156.601 Y155.038 E.01935
G1 X156.566 Y154.437 E.01935
G1 X156.454 Y153.846 E.01935
G1 X156.265 Y153.274 E.01935
G1 X156.003 Y152.732 E.01935
G1 X155.673 Y152.229 E.01935
G1 X155.269 Y151.761 E.0199
G1 X154.804 Y151.351 E.01994
G1 X154.276 Y151.001 E.02037
G1 X153.726 Y150.735 E.01965
G1 X153.154 Y150.546 E.01935
G1 X152.563 Y150.434 E.01935
;WIDTH:0.493385
G1 F7010.308
G1 X152.302 Y150.395 E.00938
;WIDTH:0.53677
G1 F6394.441
G1 X152.042 Y150.356 E.01028
G1 X151.751 Y150.363 E.01135
;WIDTH:0.519381
G1 F6627.814
G1 X148.193 Y150.363 E.13389
;WIDTH:0.561897
G1 F6084.846
G1 X147.545 Y150.342 E.02659
G1 X147.426 Y150.359 E.00492
;WIDTH:0.528332
G1 F6505.603
G1 X147.307 Y150.376 E.00461
;WIDTH:0.494766
G1 F6988.874
G1 X146.714 Y150.398 E.02118
;WIDTH:0.449999
G1 F7757.448
G1 X141.999 Y150.398 E.15161
G1 X141.437 Y150.434 E.01811
G1 X140.848 Y150.546 E.0193
G1 X140.274 Y150.735 E.01941
G1 X139.732 Y150.997 E.01935
G1 X139.229 Y151.327 E.01935
G1 X138.774 Y151.72 E.01935
G1 X138.373 Y152.169 E.01935
G1 X138.035 Y152.667 E.01935
G1 X137.764 Y153.204 E.01935
G1 X137.566 Y153.773 E.01935
G1 X137.443 Y154.362 E.01935
G1 X137.399 Y154.962 E.01935
G1 X137.434 Y155.563 E.01935
G1 X137.546 Y156.154 E.01935
G1 X137.735 Y156.726 E.01935
G1 X137.997 Y157.268 E.01935
G1 X138.327 Y157.771 E.01935
G1 X138.72 Y158.226 E.01935
G1 X139.169 Y158.627 E.01935
G1 X139.667 Y158.965 E.01935
G1 X140.204 Y159.236 E.01935
G1 X140.773 Y159.434 E.01935
G1 X141.362 Y159.557 E.01935
G1 X141.961 Y159.601 E.01933
G1 X146.714 Y159.602 E.15283
;WIDTH:0.488273
G1 F7090.773
G1 X146.978 Y159.621 E.00932
;WIDTH:0.526547
G1 F6529.617
G1 X147.243 Y159.64 E.01012
;WIDTH:0.56482
G1 F6050.766
G1 X147.507 Y159.659 E.01092
G1 X148.249 Y159.637 E.03063
;WIDTH:0.519381
G1 F6627.814
G1 X152.072 Y159.637 E.14386
G1 X152.317 Y159.602 E.00934
;WIDTH:0.48469
G1 F7148.278
G1 X152.563 Y159.566 E.00866
;WIDTH:0.449999
G1 F7757.448
G1 X153.154 Y159.454 E.01935
G1 X153.726 Y159.265 E.01935
G1 X154.268 Y159.003 E.01935
G1 X154.771 Y158.673 E.01935
G1 X155.226 Y158.28 E.01935
G1 X155.627 Y157.831 E.01935
G1 X155.965 Y157.333 E.01935
G1 X156.236 Y156.796 E.01935
G1 X156.238 Y156.79 E.00019
G1 X155.884 Y156.622 F18000
;TYPE:Outer wall
;WIDTH:0.419999
G1 F6000
G1 X156.063 Y156.101 E.0164
G1 X156.172 Y155.562 E.0164
G1 X156.21 Y155.012 E.0164
G1 X156.175 Y154.463 E.0164
G1 X156.069 Y153.922 E.0164
G1 X155.894 Y153.4 E.0164
G1 X155.652 Y152.906 E.0164
G1 X155.347 Y152.447 E.0164
G1 X154.985 Y152.032 E.0164
G1 X154.572 Y151.668 E.0164
G1 X154.116 Y151.361 E.0164
G1 X153.622 Y151.116 E.0164
G1 X153.101 Y150.937 E.0164
G1 X152.562 Y150.828 E.0164
G1 X152.013 Y150.79 E.01638
G1 X141.999 Y150.79 E.29827
G1 X141.463 Y150.825 E.01601
G1 X140.924 Y150.93 E.01635
G1 X140.4 Y151.106 E.01645
G1 X139.906 Y151.348 E.0164
G1 X139.447 Y151.653 E.0164
G1 X139.032 Y152.015 E.0164
G1 X138.668 Y152.428 E.0164
G1 X138.361 Y152.885 E.0164
G1 X138.116 Y153.378 E.0164
G1 X137.937 Y153.899 E.0164
G1 X137.828 Y154.438 E.0164
G1 X137.79 Y154.988 E.0164
G1 X137.825 Y155.537 E.0164
G1 X137.931 Y156.078 E.0164
G1 X138.106 Y156.6 E.0164
G1 X138.348 Y157.094 E.0164
G1 X138.653 Y157.553 E.0164
G1 X139.015 Y157.968 E.0164
G1 X139.428 Y158.332 E.0164
G1 X139.884 Y158.639 E.0164
G1 X140.378 Y158.884 E.0164
G1 X140.899 Y159.063 E.0164
G1 X141.438 Y159.172 E.0164
G1 X141.987 Y159.21 E.01638
G1 X152.001 Y159.21 E.29827
G1 X152.537 Y159.175 E.01601
G1 X153.078 Y159.069 E.0164
G1 X153.6 Y158.894 E.0164
G1 X154.094 Y158.652 E.0164
G1 X154.553 Y158.347 E.0164
G1 X154.968 Y157.985 E.0164
G1 X155.332 Y157.572 E.0164
G1 X155.639 Y157.116 E.0164
G1 X155.867 Y156.658 E.01521
G1 E-1.3 F1800
G1 Z3 F18000
G1 X150.406 Y183.187 Z3
G1 Z2.6
G1 E1.3 F1800
;TYPE:Inner wall
;WIDTH:0.449999
G1 F7757.448
G1 X150.313 Y183.167 E.00305
G1 X149.805 Y183.161 E.01635
G1 X149.19 Y183.269 E.02008
G1 X148.511 Y183.572 E.02391
G1 X147.933 Y184.04 E.02391
G1 X147.496 Y184.642 E.02391
G1 X147.23 Y185.336 E.02391
G1 X147.148 Y185.999 E.02148
G1 X147.153 Y188.077 E.0668
G1 X147.269 Y188.81 E.02388
G1 X147.572 Y189.489 E.02391
G1 X148.04 Y190.067 E.02391
M73 P64 R7
G1 X148.642 Y190.504 E.02391
G1 X149.336 Y190.77 E.0239
G1 X150.076 Y190.847 E.02391
G1 X150.81 Y190.731 E.02391
G1 X151.489 Y190.428 E.02391
G1 X152.067 Y189.96 E.02391
G1 X152.504 Y189.358 E.02391
G1 X152.77 Y188.664 E.02391
G1 X152.852 Y188.001 E.02148
G1 X152.847 Y185.923 E.0668
G1 X152.731 Y185.19 E.02388
G1 X152.428 Y184.511 E.02391
G1 X151.96 Y183.933 E.02391
G1 X151.427 Y183.531 E.02146
G1 X150.81 Y183.269 E.02155
G1 X150.446 Y183.195 E.01196
G1 X150.533 Y183.605 F18000
;TYPE:Outer wall
;WIDTH:0.419999
G1 F6000
G1 X150.333 Y183.563 E.0061
G1 X149.895 Y183.547 E.01305
G1 X149.374 Y183.621 E.01567
G1 X148.781 Y183.864 E.0191
G1 X148.267 Y184.254 E.01923
G1 X147.874 Y184.763 E.01913
G1 X147.624 Y185.363 E.01938
G1 X147.542 Y185.975 E.01838
G1 X147.542 Y188.025 E.06108
G1 X147.632 Y188.66 E.01909
G1 X147.883 Y189.251 E.01912
G1 X148.279 Y189.756 E.01912
G1 X148.792 Y190.141 E.01912
G1 X149.387 Y190.381 E.01912
G1 X150.025 Y190.458 E.01912
G1 X150.66 Y190.368 E.01912
G1 X151.251 Y190.117 E.01912
G1 X151.756 Y189.721 E.01912
G1 X152.131 Y189.229 E.01842
G1 X152.377 Y188.635 E.01914
G1 X152.458 Y188.025 E.01834
G1 X152.46 Y185.999 E.06035
G1 X152.376 Y185.363 E.01911
G1 X152.134 Y184.777 E.01889
G1 X151.745 Y184.266 E.01913
G1 X151.241 Y183.876 E.01899
G1 X150.66 Y183.632 E.01876
G1 X150.573 Y183.613 E.00266
G1 E-1.3 F1800
G1 Z3 F18000
G1 X133.948 Y179.473 Z3
G1 Z2.6
G1 E1.3 F1800
;TYPE:Sparse infill
;WIDTH:0.45
G1 F7757.437
G1 X133.948 Y181.101 E.05236
G1 X134.456 Y181.609 E.0231
G1 X136.529 Y182.276 E.07001
G1 X137.231 Y182.979 E.03196
G1 X137.898 Y185.051 E.07001
G1 X138.601 Y185.754 E.03196
G1 X140.674 Y186.421 E.07001
G1 X141.376 Y187.124 E.03196
G1 X142.043 Y189.196 E.07001
G1 X142.746 Y189.899 E.03196
G1 X144.819 Y190.566 E.07001
G1 X145.521 Y191.269 E.03196
G1 X146.189 Y193.341 E.07001
G1 X146.891 Y194.044 E.03196
G1 X148.964 Y194.711 E.07001
G1 X149.666 Y195.414 E.03196
G1 X149.872 Y196.052 E.02155
G1 X145.727 Y196.052 E.13329
G1 X145.521 Y195.414 E.02155
G1 X144.819 Y194.711 E.03196
G1 X142.746 Y194.044 E.07001
G1 X142.043 Y193.341 E.03196
G1 X141.376 Y191.269 E.07001
G1 X140.674 Y190.566 E.03196
G1 X138.601 Y189.899 E.07001
G1 X137.898 Y189.196 E.03196
G1 X137.231 Y187.124 E.07001
G1 X136.529 Y186.421 E.03196
G1 X134.456 Y185.754 E.07001
G1 X133.948 Y185.246 E.0231
G1 X133.948 Y189.391 E.13329
G1 X134.456 Y189.899 E.0231
G1 X136.529 Y190.566 E.07001
G1 X137.231 Y191.269 E.03196
G1 X137.898 Y193.341 E.07001
G1 X138.601 Y194.044 E.03196
G1 X140.674 Y194.711 E.07001
G1 X141.376 Y195.414 E.03196
G1 X141.582 Y196.052 E.02155
G1 X137.437 Y196.052 E.13329
G1 X137.231 Y195.414 E.02155
G1 X136.529 Y194.711 E.03196
G1 X134.456 Y194.044 E.07001
G1 X134.017 Y193.605 E.01995
G1 X134.054 Y193.789 E.00603
G1 X134.182 Y194.167 E.01283
G1 X134.359 Y194.525 E.01283
G1 X134.58 Y194.857 E.01283
G1 X134.741 Y195.04 E.00785
G1 X166.052 Y156.286 F18000
G1 F7757.437
G1 X166.052 Y157.914 E.05236
G1 X165.544 Y157.406 E.02311
G1 X163.471 Y156.739 E.07001
G1 X162.769 Y156.036 E.03196
G1 X162.102 Y153.964 E.07001
G1 X161.399 Y153.261 E.03196
G1 X159.326 Y152.594 E.07001
G1 X158.624 Y151.891 E.03196
G1 X157.957 Y149.819 E.07001
G1 X157.254 Y149.116 E.03196
G1 X155.181 Y148.449 E.07001
G1 X154.763 Y148.031 E.01901
G1 X154.571 Y148.497 E.01621
G1 X154.489 Y148.649 E.00554
G1 X154.078 Y149.188 E.02181
G1 X153.926 Y149.337 E.00683
G1 X153.583 Y149.591 E.01372
G1 X153.811 Y149.819 E.01038
G1 X154.029 Y150.494 E.02281
G1 X154.519 Y150.742 E.01765
G1 X155.015 Y151.077 E.01926
G1 X155.461 Y151.465 E.01902
G1 X155.93 Y151.992 E.02267
G1 X156.31 Y152.572 E.02231
G1 X156.529 Y153.028 E.01625
G1 X157.254 Y153.261 E.02448
G1 X157.957 Y153.964 E.03196
G1 X158.624 Y156.036 E.07001
G1 X159.326 Y156.739 E.03196
G1 X161.399 Y157.406 E.07001
G1 X162.102 Y158.109 E.03196
G1 X162.769 Y160.181 E.07001
G1 X163.471 Y160.884 E.03196
G1 X165.544 Y161.551 E.07001
G1 X166.052 Y162.059 E.02311
G1 X166.052 Y166.204 E.13329
G1 X165.544 Y165.696 E.02311
G1 X163.471 Y165.029 E.07001
G1 X162.769 Y164.326 E.03196
G1 X162.102 Y162.254 E.07001
G1 X161.399 Y161.551 E.03196
G1 X159.326 Y160.884 E.07001
G1 X158.624 Y160.181 E.03196
G1 X157.957 Y158.109 E.07001
G1 X157.254 Y157.406 E.03196
G1 X156.446 Y157.146 E.0273
G1 X156.31 Y157.428 E.01007
G1 X155.893 Y158.052 E.02413
G1 X155.501 Y158.497 E.01906
G1 X155.052 Y158.893 E.01925
G1 X154.44 Y159.304 E.02371
G1 X154.23 Y159.408 E.00755
G1 X154.479 Y160.181 E.02613
G1 X155.181 Y160.884 E.03196
G1 X157.254 Y161.551 E.07001
G1 X157.957 Y162.254 E.03196
G1 X158.624 Y164.326 E.07001
G1 X159.326 Y165.029 E.03196
G1 X161.399 Y165.696 E.07001
G1 X162.102 Y166.399 E.03196
G1 X162.769 Y168.471 E.07001
G1 X163.471 Y169.174 E.03196
G1 X165.544 Y169.841 E.07001
G1 X166.052 Y170.349 E.02311
G1 X166.052 Y174.494 E.13329
G1 X165.544 Y173.986 E.02311
G1 X163.471 Y173.319 E.07001
G1 X162.769 Y172.616 E.03196
G1 X162.102 Y170.544 E.07001
G1 X161.399 Y169.841 E.03196
G1 X159.326 Y169.174 E.07001
G1 X158.624 Y168.471 E.03196
G1 X157.957 Y166.399 E.07001
G1 X157.254 Y165.696 E.03196
G1 X155.181 Y165.029 E.07001
G1 X154.593 Y164.441 E.02674
G1 X154.458 Y164.693 E.00919
G1 X154.035 Y165.239 E.02221
G1 X153.443 Y165.707 E.02426
G1 X153.237 Y165.825 E.00763
G1 X153.811 Y166.399 E.02612
G1 X154.479 Y168.471 E.07001
G1 X155.181 Y169.174 E.03196
G1 X157.254 Y169.841 E.07001
G1 X157.957 Y170.544 E.03196
G1 X158.624 Y172.616 E.07001
G1 X159.326 Y173.319 E.03196
G1 X161.399 Y173.986 E.07001
G1 X162.102 Y174.689 E.03196
G1 X162.769 Y176.761 E.07001
G1 X163.471 Y177.464 E.03196
G1 X165.544 Y178.131 E.07001
G1 X166.052 Y178.639 E.02311
G1 X166.052 Y182.784 E.13329
G1 X165.544 Y182.276 E.02311
G1 X163.471 Y181.609 E.07001
G1 X162.769 Y180.906 E.03196
G1 X162.102 Y178.834 E.07001
G1 X161.399 Y178.131 E.03196
G1 X159.326 Y177.464 E.07001
G1 X158.624 Y176.761 E.03196
G1 X157.957 Y174.689 E.07001
G1 X157.254 Y173.986 E.03196
G1 X155.181 Y173.319 E.07001
G1 X154.479 Y172.616 E.03196
G1 X153.811 Y170.544 E.07001
G1 X153.109 Y169.841 E.03196
G1 X151.036 Y169.174 E.07001
G1 X150.334 Y168.471 E.03196
G1 X149.666 Y166.399 E.07001
G1 X149.464 Y166.197 E.00919
G1 X148.18 Y166.196 E.04131
G1 X147.839 Y166.148 E.01105
G1 E-1.3 F1800
G1 Z3 F18000
G1 X144.485 Y159.947 Z3
G1 Z2.6
G1 E1.3 F1800
G1 F7757.437
G1 X146.113 Y159.948 E.05236
G1 X146.189 Y160.181 E.00788
G1 X146.411 Y160.404 E.01014
G1 X146.072 Y160.664 E.01374
G1 X145.914 Y160.822 E.00718
G1 X145.542 Y161.308 E.01967
G1 X145.43 Y161.501 E.00718
G1 X145.237 Y161.969 E.01628
G1 X144.819 Y161.551 E.019
G1 X142.746 Y160.884 E.07001
G1 X142.043 Y160.181 E.03196
G1 X141.968 Y159.946 E.00793
G1 X141.351 Y159.906 E.01989
G1 X140.77 Y159.792 E.01902
G1 X140.373 Y159.662 E.01344
G1 X133.948 Y167.038 F18000
G1 F7757.437
G1 X133.948 Y168.666 E.05236
G1 X134.456 Y169.174 E.02311
G1 X136.529 Y169.841 E.07001
G1 X137.231 Y170.544 E.03196
G1 X137.898 Y172.616 E.07001
G1 X138.601 Y173.319 E.03196
G1 X140.674 Y173.986 E.07001
G1 X141.376 Y174.689 E.03196
G1 X142.043 Y176.761 E.07001
G1 X142.746 Y177.464 E.03196
G1 X144.819 Y178.131 E.07001
G1 X145.521 Y178.834 E.03196
G1 X146.189 Y180.906 E.07001
G1 X146.891 Y181.609 E.03196
G1 X148.964 Y182.276 E.07001
G1 X149.542 Y182.854 E.02628
G1 X149.175 Y182.909 E.01193
G1 X148.398 Y183.23 E.02703
G1 X147.715 Y183.761 E.02783
G1 X147.213 Y184.43 E.02688
G1 X146.91 Y185.171 E.02574
G1 X146.835 Y185.698 E.01713
G1 X146.189 Y185.051 E.02942
G1 X145.521 Y182.979 E.07001
G1 X144.819 Y182.276 E.03196
G1 X142.746 Y181.609 E.07001
G1 X142.043 Y180.906 E.03196
G1 X141.376 Y178.834 E.07001
G1 X140.674 Y178.131 E.03196
G1 X138.601 Y177.464 E.07001
G1 X137.898 Y176.761 E.03196
G1 X137.231 Y174.689 E.07001
G1 X136.529 Y173.986 E.03196
G1 X134.456 Y173.319 E.07001
G1 X133.948 Y172.811 E.02311
G1 X133.948 Y176.956 E.13329
G1 X134.456 Y177.464 E.02311
G1 X136.529 Y178.131 E.07001
G1 X137.231 Y178.834 E.03196
G1 X137.898 Y180.906 E.07001
G1 X138.601 Y181.609 E.03196
G1 X140.674 Y182.276 E.07001
G1 X141.376 Y182.979 E.03196
G1 X142.043 Y185.051 E.07001
G1 X142.746 Y185.754 E.03196
G1 X144.819 Y186.421 E.07001
G1 X145.521 Y187.124 E.03196
G1 X146.189 Y189.196 E.07001
G1 X146.891 Y189.899 E.03196
G1 X147.634 Y190.138 E.02509
G1 X147.822 Y190.336 E.00877
G1 X148.308 Y190.708 E.01967
G1 X148.501 Y190.82 E.00719
G1 X149.066 Y191.054 E.01967
G1 X149.283 Y191.112 E.0072
G1 X149.541 Y191.143 E.00837
G1 X149.666 Y191.269 E.00572
G1 X150.334 Y193.341 E.07001
G1 X151.036 Y194.044 E.03196
G1 X153.109 Y194.711 E.07001
G1 X153.811 Y195.414 E.03196
G1 X154.017 Y196.052 E.02155
G1 X158.162 Y196.052 E.13329
G1 X157.957 Y195.414 E.02155
G1 X157.254 Y194.711 E.03196
G1 X155.181 Y194.044 E.07001
G1 X154.479 Y193.341 E.03196
G1 X153.811 Y191.269 E.07001
G1 X153.109 Y190.566 E.03196
G1 X152.23 Y190.283 E.02969
G1 X152.336 Y190.177 E.00483
G1 X152.773 Y189.596 E.02339
G1 X153.091 Y188.824 E.02685
G1 X153.191 Y188.113 E.02306
G1 X153.196 Y186.509 E.05159
G1 X153.811 Y187.124 E.02797
G1 X154.479 Y189.196 E.07001
G1 X155.181 Y189.899 E.03196
G1 X157.254 Y190.566 E.07001
G1 X157.957 Y191.269 E.03196
G1 X158.624 Y193.341 E.07001
G1 X159.326 Y194.044 E.03196
G1 X161.399 Y194.711 E.07001
G1 X162.102 Y195.414 E.03196
G1 X162.307 Y196.052 E.02155
G1 X162.969 Y196.052 E.02129
G1 X163.398 Y196.024 E.01383
G1 X163.789 Y195.946 E.01283
G1 X164.167 Y195.818 E.01283
G1 X164.525 Y195.641 E.01283
G1 X164.857 Y195.42 E.01283
G1 X165.157 Y195.157 E.01283
G1 X165.42 Y194.857 E.01283
G1 X165.522 Y194.704 E.0059
G1 X163.471 Y194.044 E.06926
G1 X162.769 Y193.341 E.03196
G1 X162.102 Y191.269 E.07001
G1 X161.399 Y190.566 E.03196
G1 X159.326 Y189.899 E.07001
G1 X158.624 Y189.196 E.03196
G1 X157.957 Y187.124 E.07001
G1 X157.254 Y186.421 E.03196
G1 X155.181 Y185.754 E.07001
G1 X154.479 Y185.051 E.03196
G1 X153.811 Y182.979 E.07001
G1 X153.109 Y182.276 E.03196
G1 X151.036 Y181.609 E.07001
G1 X150.334 Y180.906 E.03196
G1 X149.666 Y178.834 E.07001
G1 X148.964 Y178.131 E.03196
G1 X146.891 Y177.464 E.07001
G1 X146.189 Y176.761 E.03196
G1 X145.521 Y174.689 E.07001
G1 X144.819 Y173.986 E.03196
G1 X142.746 Y173.319 E.07001
G1 X142.043 Y172.616 E.03196
G1 X141.376 Y170.544 E.07001
G1 X140.674 Y169.841 E.03196
G1 X138.601 Y169.174 E.07001
G1 X137.898 Y168.471 E.03196
G1 X137.231 Y166.399 E.07001
G1 X136.529 Y165.696 E.03196
G1 X134.456 Y165.029 E.07001
G1 X133.948 Y164.521 E.02311
G1 X133.948 Y160.376 E.13329
G1 X134.456 Y160.884 E.0231
G1 X136.529 Y161.551 E.07001
G1 X137.231 Y162.254 E.03196
G1 X137.898 Y164.326 E.07001
G1 X138.601 Y165.029 E.03196
G1 X140.674 Y165.696 E.07001
G1 X141.376 Y166.399 E.03196
G1 X142.043 Y168.471 E.07001
G1 X142.746 Y169.174 E.03196
G1 X144.819 Y169.841 E.07001
G1 X145.521 Y170.544 E.03196
G1 X146.189 Y172.616 E.07001
G1 X146.891 Y173.319 E.03196
G1 X148.964 Y173.986 E.07001
G1 X149.666 Y174.689 E.03196
G1 X150.334 Y176.761 E.07001
G1 X151.036 Y177.464 E.03196
G1 X153.109 Y178.131 E.07001
G1 X153.811 Y178.834 E.03196
G1 X154.479 Y180.906 E.07001
G1 X155.181 Y181.609 E.03196
G1 X157.254 Y182.276 E.07001
G1 X157.957 Y182.979 E.03196
G1 X158.624 Y185.051 E.07001
G1 X159.326 Y185.754 E.03196
G1 X161.399 Y186.421 E.07001
G1 X162.102 Y187.124 E.03196
G1 X162.769 Y189.196 E.07001
G1 X163.471 Y189.899 E.03196
G1 X165.544 Y190.566 E.07001
G1 X166.052 Y191.074 E.02311
G1 X166.052 Y186.929 E.13329
G1 X165.544 Y186.421 E.02311
G1 X163.471 Y185.754 E.07001
G1 X162.769 Y185.051 E.03196
G1 X162.102 Y182.979 E.07001
G1 X161.399 Y182.276 E.03196
G1 X159.326 Y181.609 E.07001
G1 X158.624 Y180.906 E.03196
G1 X157.957 Y178.834 E.07001
G1 X157.254 Y178.131 E.03196
G1 X155.181 Y177.464 E.07001
G1 X154.479 Y176.761 E.03196
G1 X153.811 Y174.689 E.07001
G1 X153.109 Y173.986 E.03196
G1 X151.036 Y173.319 E.07001
G1 X150.334 Y172.616 E.03196
G1 X149.666 Y170.544 E.07001
G1 X148.964 Y169.841 E.03196
G1 X146.891 Y169.174 E.07001
G1 X146.189 Y168.471 E.03196
G1 X145.521 Y166.399 E.07001
G1 X144.819 Y165.696 E.03196
G1 X142.746 Y165.029 E.07001
G1 X142.043 Y164.326 E.03196
G1 X141.376 Y162.254 E.07001
G1 X140.674 Y161.551 E.03196
G1 X138.601 Y160.884 E.07001
G1 X137.898 Y160.181 E.03196
G1 X137.231 Y158.109 E.07001
G1 X136.529 Y157.406 E.03196
G1 X134.456 Y156.739 E.07001
G1 X133.948 Y156.231 E.0231
G1 X133.948 Y152.086 E.13329
G1 X134.456 Y152.594 E.02311
G1 X136.529 Y153.261 E.07001
G1 X137.184 Y153.916 E.02978
G1 X137.235 Y153.669 E.0081
G1 X137.41 Y153.155 E.01747
G1 X137.69 Y152.572 E.02078
G1 X138.041 Y152.034 E.02068
G1 X137.898 Y151.891 E.00649
G1 X137.231 Y149.819 E.07001
G1 X136.529 Y149.116 E.03196
G1 X134.456 Y148.449 E.07001
G1 X133.948 Y147.941 E.02311
G1 X133.948 Y143.796 E.13329
G1 X134.456 Y144.304 E.02311
G1 X136.529 Y144.971 E.07001
G1 X137.231 Y145.674 E.03196
G1 X137.898 Y147.746 E.07001
G1 X138.601 Y148.449 E.03196
G1 X140.674 Y149.116 E.07001
G1 X141.376 Y149.819 E.03196
G1 X141.462 Y150.085 E.009
G1 X141.995 Y150.052 E.01716
G1 X145.596 Y150.052 E.11582
G1 X145.521 Y149.819 E.00788
G1 X144.819 Y149.116 E.03196
G1 X142.746 Y148.449 E.07001
G1 X142.043 Y147.746 E.03196
G1 X141.376 Y145.674 E.07001
G1 X140.674 Y144.971 E.03196
G1 X138.601 Y144.304 E.07001
G1 X137.898 Y143.601 E.03196
G1 X137.231 Y141.529 E.07001
G1 X136.529 Y140.826 E.03196
G1 X134.456 Y140.159 E.07001
G1 X133.948 Y139.651 E.02311
G1 X133.948 Y135.506 E.13329
G1 X134.456 Y136.014 E.02311
G1 X136.529 Y136.681 E.07001
G1 X137.231 Y137.384 E.03196
G1 X137.898 Y139.456 E.07001
G1 X138.601 Y140.159 E.03196
G1 X140.674 Y140.826 E.07001
G1 X141.376 Y141.529 E.03196
G1 X142.043 Y143.601 E.07001
G1 X142.746 Y144.304 E.03196
G1 X144.819 Y144.971 E.07001
G1 X145.407 Y145.559 E.02674
G1 X145.543 Y145.307 E.00922
G1 X146.015 Y144.712 E.02443
G1 X146.623 Y144.246 E.02463
G1 X146.77 Y144.182 E.00514
G1 X146.189 Y143.601 E.02643
G1 X145.521 Y141.529 E.07001
G1 X144.819 Y140.826 E.03196
G1 X142.746 Y140.159 E.07001
G1 X142.043 Y139.456 E.03196
G1 X141.376 Y137.384 E.07001
G1 X140.674 Y136.681 E.03196
M73 P65 R7
G1 X138.601 Y136.014 E.07001
G1 X137.898 Y135.311 E.03196
G1 X137.231 Y133.239 E.07001
G1 X136.529 Y132.536 E.03196
G1 X134.456 Y131.869 E.07001
G1 X133.948 Y131.361 E.02311
G1 X133.948 Y129.732 E.05236
G1 X133.948 Y120.554 F18000
G1 F7757.437
G1 X133.948 Y118.926 E.05236
G1 X134.456 Y119.434 E.02311
G1 X136.529 Y120.101 E.07001
G1 X137.231 Y120.804 E.03196
G1 X137.898 Y122.876 E.07001
G1 X138.601 Y123.579 E.03196
G1 X140.674 Y124.246 E.07001
G1 X141.376 Y124.949 E.03196
G1 X142.043 Y127.021 E.07001
G1 X142.746 Y127.724 E.03196
G1 X144.819 Y128.391 E.07001
G1 X145.521 Y129.094 E.03196
G1 X146.189 Y131.166 E.07001
G1 X146.891 Y131.869 E.03196
G1 X148.964 Y132.536 E.07001
G1 X149.666 Y133.239 E.03196
G1 X150.334 Y135.311 E.07001
G1 X151.036 Y136.014 E.03196
G1 X153.109 Y136.681 E.07001
G1 X153.811 Y137.384 E.03196
G1 X154.479 Y139.456 E.07001
G1 X155.181 Y140.159 E.03196
G1 X157.254 Y140.826 E.07001
G1 X157.957 Y141.529 E.03196
G1 X158.624 Y143.601 E.07001
G1 X159.326 Y144.304 E.03196
G1 X161.399 Y144.971 E.07001
G1 X162.102 Y145.674 E.03196
G1 X162.769 Y147.746 E.07001
G1 X163.471 Y148.449 E.03196
G1 X165.544 Y149.116 E.07001
G1 X166.052 Y149.624 E.02311
G1 X166.052 Y153.769 E.13329
G1 X165.544 Y153.261 E.02311
G1 X163.471 Y152.594 E.07001
G1 X162.769 Y151.891 E.03196
G1 X162.102 Y149.819 E.07001
G1 X161.399 Y149.116 E.03196
G1 X159.326 Y148.449 E.07001
G1 X158.624 Y147.746 E.03196
G1 X157.957 Y145.674 E.07001
G1 X157.254 Y144.971 E.03196
G1 X155.181 Y144.304 E.07001
G1 X154.479 Y143.601 E.03196
G1 X153.811 Y141.529 E.07001
G1 X153.109 Y140.826 E.03196
G1 X151.036 Y140.159 E.07001
G1 X150.334 Y139.456 E.03196
G1 X149.666 Y137.384 E.07001
G1 X148.964 Y136.681 E.03196
G1 X146.891 Y136.014 E.07001
G1 X146.189 Y135.311 E.03196
G1 X145.521 Y133.239 E.07001
G1 X144.819 Y132.536 E.03196
G1 X142.746 Y131.869 E.07001
G1 X142.043 Y131.166 E.03196
G1 X141.376 Y129.094 E.07001
G1 X140.674 Y128.391 E.03196
G1 X138.601 Y127.724 E.07001
G1 X137.898 Y127.021 E.03196
G1 X137.231 Y124.949 E.07001
G1 X136.529 Y124.246 E.03196
G1 X134.456 Y123.579 E.07001
G1 X133.948 Y123.071 E.02311
G1 X133.948 Y127.216 E.13329
G1 X134.456 Y127.724 E.02311
G1 X136.529 Y128.391 E.07001
G1 X137.231 Y129.094 E.03196
G1 X137.898 Y131.166 E.07001
G1 X138.601 Y131.869 E.03196
G1 X140.674 Y132.536 E.07001
G1 X141.376 Y133.239 E.03196
G1 X142.043 Y135.311 E.07001
G1 X142.746 Y136.014 E.03196
G1 X144.819 Y136.681 E.07001
G1 X145.521 Y137.384 E.03196
G1 X146.189 Y139.456 E.07001
G1 X146.891 Y140.159 E.03196
G1 X148.964 Y140.826 E.07001
G1 X149.666 Y141.529 E.03196
G1 X150.334 Y143.601 E.07001
G1 X150.534 Y143.802 E.00913
G1 X151.764 Y143.802 E.03954
G1 X152.16 Y143.851 E.01282
G1 X148.86 Y126.966 F18000
G1 F7757.437
G1 X149.066 Y127.054 E.00718
G1 X149.283 Y127.112 E.00724
G1 X150.036 Y127.199 E.02437
G1 X150.454 Y127.142 E.01358
G1 X151.036 Y127.724 E.02648
G1 X153.109 Y128.391 E.07001
G1 X153.811 Y129.094 E.03196
G1 X154.479 Y131.166 E.07001
G1 X155.181 Y131.869 E.03196
G1 X157.254 Y132.536 E.07001
G1 X157.957 Y133.239 E.03196
G1 X158.624 Y135.311 E.07001
G1 X159.326 Y136.014 E.03196
G1 X161.399 Y136.681 E.07001
G1 X162.102 Y137.384 E.03196
G1 X162.769 Y139.456 E.07001
G1 X163.471 Y140.159 E.03196
G1 X165.544 Y140.826 E.07001
G1 X166.052 Y141.334 E.02311
G1 X166.052 Y145.479 E.13329
G1 X165.544 Y144.971 E.02311
G1 X163.471 Y144.304 E.07001
G1 X162.769 Y143.601 E.03196
G1 X162.102 Y141.529 E.07001
G1 X161.399 Y140.826 E.03196
G1 X159.326 Y140.159 E.07001
G1 X158.624 Y139.456 E.03196
G1 X157.957 Y137.384 E.07001
G1 X157.254 Y136.681 E.03196
G1 X155.181 Y136.014 E.07001
G1 X154.479 Y135.311 E.03196
G1 X153.811 Y133.239 E.07001
G1 X153.109 Y132.536 E.03196
G1 X151.036 Y131.869 E.07001
G1 X150.334 Y131.166 E.03196
G1 X149.666 Y129.094 E.07001
G1 X148.964 Y128.391 E.03196
G1 X146.891 Y127.724 E.07001
G1 X146.189 Y127.021 E.03196
G1 X145.521 Y124.949 E.07001
G1 X144.819 Y124.246 E.03196
G1 X142.746 Y123.579 E.07001
G1 X142.043 Y122.876 E.03196
G1 X141.376 Y120.804 E.07001
G1 X140.674 Y120.101 E.03196
G1 X138.601 Y119.434 E.07001
G1 X137.898 Y118.731 E.03196
G1 X137.231 Y116.659 E.07001
G1 X136.529 Y115.956 E.03196
G1 X134.478 Y115.296 E.06926
G1 X134.58 Y115.143 E.0059
G1 X134.843 Y114.843 E.01283
G1 X135.143 Y114.58 E.01283
G1 X135.475 Y114.359 E.01283
G1 X135.833 Y114.182 E.01283
G1 X136.211 Y114.054 E.01283
G1 X136.602 Y113.976 E.01283
G1 X137.031 Y113.948 E.01383
G1 X137.693 Y113.948 E.02129
G1 X137.898 Y114.586 E.02155
G1 X138.601 Y115.289 E.03196
G1 X140.674 Y115.956 E.07001
G1 X141.376 Y116.659 E.03196
G1 X142.043 Y118.731 E.07001
G1 X142.746 Y119.434 E.03196
G1 X144.819 Y120.101 E.07001
G1 X145.521 Y120.804 E.03196
G1 X146.189 Y122.876 E.07001
G1 X146.804 Y123.491 E.02797
G1 X146.809 Y121.887 E.05159
G1 X146.909 Y121.176 E.02306
G1 X147.227 Y120.404 E.02685
G1 X147.664 Y119.823 E.02339
G1 X147.77 Y119.717 E.00483
G1 X146.891 Y119.434 E.02969
G1 X146.189 Y118.731 E.03196
G1 X145.521 Y116.659 E.07001
G1 X144.819 Y115.956 E.03196
G1 X142.746 Y115.289 E.07001
G1 X142.043 Y114.586 E.03196
G1 X141.838 Y113.948 E.02155
G1 X145.983 Y113.948 E.13329
G1 X146.189 Y114.586 E.02155
G1 X146.891 Y115.289 E.03196
G1 X148.964 Y115.956 E.07001
G1 X149.666 Y116.659 E.03196
G1 X150.334 Y118.731 E.07001
G1 X150.443 Y118.841 E.00499
G1 X150.774 Y118.898 E.01079
G1 X150.936 Y118.947 E.00544
G1 X151.499 Y119.18 E.01959
G1 X151.692 Y119.292 E.00719
G1 X152.178 Y119.664 E.01967
G1 X152.366 Y119.862 E.00877
G1 X153.109 Y120.101 E.02509
G1 X153.811 Y120.804 E.03196
G1 X154.479 Y122.876 E.07001
G1 X155.181 Y123.579 E.03196
G1 X157.254 Y124.246 E.07001
G1 X157.957 Y124.949 E.03196
G1 X158.624 Y127.021 E.07001
G1 X159.326 Y127.724 E.03196
G1 X161.399 Y128.391 E.07001
G1 X162.102 Y129.094 E.03196
G1 X162.769 Y131.166 E.07001
G1 X163.471 Y131.869 E.03196
G1 X165.544 Y132.536 E.07001
G1 X166.052 Y133.044 E.02311
G1 X166.052 Y137.189 E.13329
G1 X165.544 Y136.681 E.02311
G1 X163.471 Y136.014 E.07001
G1 X162.769 Y135.311 E.03196
G1 X162.102 Y133.239 E.07001
G1 X161.399 Y132.536 E.03196
G1 X159.326 Y131.869 E.07001
G1 X158.624 Y131.166 E.03196
G1 X157.957 Y129.094 E.07001
G1 X157.254 Y128.391 E.03196
G1 X155.181 Y127.724 E.07001
G1 X154.479 Y127.021 E.03196
G1 X153.811 Y124.949 E.07001
G1 X153.165 Y124.302 E.02942
G1 X153.191 Y124.113 E.00612
G1 X153.196 Y122.675 E.04624
G1 X165.259 Y114.96 F18000
G1 F7757.437
G1 X165.42 Y115.143 E.00785
G1 X165.641 Y115.475 E.01283
G1 X165.818 Y115.833 E.01283
G1 X165.946 Y116.211 E.01283
G1 X165.983 Y116.395 E.00603
G1 X165.544 Y115.956 E.01995
G1 X163.471 Y115.289 E.07001
G1 X162.769 Y114.586 E.03196
G1 X162.563 Y113.948 E.02155
G1 X158.418 Y113.948 E.13329
G1 X158.624 Y114.586 E.02155
G1 X159.326 Y115.289 E.03196
G1 X161.399 Y115.956 E.07001
G1 X162.102 Y116.659 E.03196
G1 X162.769 Y118.731 E.07001
G1 X163.471 Y119.434 E.03196
G1 X165.544 Y120.101 E.07001
G1 X166.052 Y120.609 E.02311
G1 X166.052 Y124.754 E.13329
G1 X165.544 Y124.246 E.02311
G1 X163.471 Y123.579 E.07001
G1 X162.769 Y122.876 E.03196
G1 X162.102 Y120.804 E.07001
G1 X161.399 Y120.101 E.03196
G1 X159.326 Y119.434 E.07001
G1 X158.624 Y118.731 E.03196
G1 X157.957 Y116.659 E.07001
G1 X157.254 Y115.956 E.03196
G1 X155.181 Y115.289 E.07001
G1 X154.479 Y114.586 E.03196
G1 X154.273 Y113.948 E.02155
G1 X150.128 Y113.948 E.13329
G1 X150.334 Y114.586 E.02155
G1 X151.036 Y115.289 E.03196
G1 X153.109 Y115.956 E.07001
G1 X153.811 Y116.659 E.03196
G1 X154.479 Y118.731 E.07001
G1 X155.181 Y119.434 E.03196
G1 X157.254 Y120.101 E.07001
G1 X157.957 Y120.804 E.03196
G1 X158.624 Y122.876 E.07001
G1 X159.326 Y123.579 E.03196
G1 X161.399 Y124.246 E.07001
G1 X162.102 Y124.949 E.03196
G1 X162.769 Y127.021 E.07001
G1 X163.471 Y127.724 E.03196
G1 X165.544 Y128.391 E.07001
G1 X166.052 Y128.899 E.02311
G1 X166.052 Y130.527 E.05236
M106 S183
;LAYER_CHANGE
;Z:2.8
;HEIGHT:0.2

G1 E-1.3 F1800
G92 E0
;_SET_FAN_SPEED_CHANGING_LAYER
G1 Z3.2 F18000
G1 X165.942 Y115.302 Z3.2
G1 Z2.8
G1 E1.3 F1800
;TYPE:Inner wall
;WIDTH:0.449999
G1 F7757.448
G1 X166.21 Y115.911 E.02139
G1 X166.368 Y116.557 E.02139
G1 X166.398 Y117.135 E.01862
G1 X166.398 Y193.031 E2.44054
G1 X166.324 Y193.661 E.0204
G1 X166.138 Y194.3 E.02139
G1 X165.818 Y194.883 E.02139
G1 X165.402 Y195.402 E.02139
G1 X164.883 Y195.818 E.02138
G1 X164.3 Y196.138 E.0214
G1 X163.661 Y196.324 E.02139
G1 X162.98 Y196.398 E.02202
G1 X136.969 Y196.398 E.83643
G1 X136.339 Y196.324 E.0204
G1 X135.7 Y196.138 E.02139
G1 X135.117 Y195.818 E.02139
G1 X134.598 Y195.402 E.02139
G1 X134.182 Y194.883 E.02139
G1 X133.862 Y194.3 E.02139
G1 X133.676 Y193.661 E.02139
G1 X133.602 Y192.98 E.02202
G1 X133.602 Y116.969 E2.44426
G1 X133.676 Y116.339 E.02039
G1 X133.862 Y115.7 E.02139
G1 X134.182 Y115.117 E.02139
G1 X134.598 Y114.598 E.02139
G1 X135.117 Y114.182 E.02138
G1 X135.7 Y113.862 E.0214
G1 X136.339 Y113.676 E.02139
G1 X137.02 Y113.602 E.02202
G1 X163.207 Y113.613 E.84209
G1 X163.879 Y113.719 E.02189
G1 X164.5 Y113.961 E.02142
G1 X165.068 Y114.305 E.02136
G1 X165.549 Y114.766 E.02141
G1 X165.918 Y115.269 E.02009
G1 X166.282 Y115.105 F18000
;TYPE:Outer wall
;WIDTH:0.419999
G1 F6000
G1 X166.581 Y115.785 E.02211
G1 X166.757 Y116.505 E.0221
G1 X166.79 Y117.135 E.01878
G1 X166.79 Y193.139 E2.2639
G1 X166.66 Y193.981 E.02537
G1 X166.392 Y194.672 E.0221
G1 X166.006 Y195.307 E.02211
G1 X165.493 Y195.843 E.02211
G1 X164.895 Y196.282 E.0221
G1 X164.216 Y196.581 E.0221
G1 X163.495 Y196.757 E.02211
G1 X162.993 Y196.79 E.01497
G1 X136.861 Y196.79 E.77839
G1 X136.019 Y196.66 E.02537
G1 X135.328 Y196.392 E.0221
G1 X134.693 Y196.006 E.02211
G1 X134.157 Y195.493 E.02211
G1 X133.718 Y194.895 E.0221
G1 X133.419 Y194.216 E.0221
G1 X133.243 Y193.495 E.02211
G1 X133.21 Y192.993 E.01497
G1 X133.21 Y116.861 E2.26772
G1 X133.34 Y116.019 E.02537
G1 X133.608 Y115.328 E.0221
G1 X133.994 Y114.693 E.02211
G1 X134.507 Y114.157 E.02211
G1 X135.105 Y113.718 E.0221
G1 X135.784 Y113.419 E.0221
G1 X136.505 Y113.243 E.02211
G1 X137.007 Y113.21 E.01497
G1 X163.163 Y113.221 E.7791
G1 X163.713 Y113.286 E.01649
G1 X164.211 Y113.418 E.01534
G1 X164.673 Y113.609 E.01491
G1 X165.307 Y113.994 E.02208
G1 X165.843 Y114.507 E.02212
G1 X166.258 Y115.073 E.0209
G1 E-1.3 F1800
G1 Z3.2 F18000
G1 X148.587 Y119.538 Z3.2
G1 Z2.8
G1 E1.3 F1800
M73 P66 R7
;TYPE:Inner wall
;WIDTH:0.449999
G1 F7757.448
G1 X148.511 Y119.572 E.00268
G1 X147.933 Y120.04 E.02391
G1 X147.496 Y120.642 E.02391
G1 X147.23 Y121.336 E.02391
G1 X147.148 Y121.999 E.02148
G1 X147.153 Y124.077 E.0668
G1 X147.269 Y124.81 E.02388
G1 X147.572 Y125.489 E.02391
G1 X148.04 Y126.067 E.02391
G1 X148.608 Y126.488 E.02272
G1 X149.19 Y126.731 E.02029
G1 X149.388 Y126.777 E.00655
G1 X150.076 Y126.847 E.02222
G1 X150.81 Y126.731 E.02391
G1 X151.489 Y126.428 E.02391
G1 X152.067 Y125.96 E.02391
G1 X152.504 Y125.358 E.02391
G1 X152.766 Y124.688 E.02313
G1 X152.852 Y124.001 E.02228
G1 X152.847 Y121.923 E.0668
G1 X152.731 Y121.19 E.02388
G1 X152.428 Y120.511 E.02391
G1 X151.96 Y119.933 E.02391
G1 X151.358 Y119.496 E.02391
G1 X150.81 Y119.269 E.01907
G1 X150.41 Y119.178 E.01321
G1 X149.821 Y119.16 E.01893
G1 X149.19 Y119.269 E.0206
G1 X148.623 Y119.522 E.01995
G1 X148.749 Y119.883 F18000
;TYPE:Outer wall
;WIDTH:0.419999
G1 F6000
G1 X148.244 Y120.279 E.01912
G1 X147.869 Y120.771 E.01842
G1 X147.623 Y121.365 E.01914
G1 X147.542 Y121.975 E.01834
G1 X147.54 Y124.001 E.06035
G1 X147.624 Y124.637 E.01911
G1 X147.874 Y125.237 E.01938
G1 X148.267 Y125.746 E.01913
G1 X148.781 Y126.136 E.01923
G1 X149.353 Y126.373 E.01844
G1 X149.992 Y126.46 E.0192
G1 X150.624 Y126.379 E.01897
G1 X151.222 Y126.135 E.01925
G1 X151.733 Y125.746 E.01914
G1 X152.126 Y125.237 E.01913
G1 X152.376 Y124.637 E.01938
G1 X152.458 Y124.025 E.01838
G1 X152.458 Y121.975 E.06108
G1 X152.368 Y121.34 E.01909
G1 X152.117 Y120.749 E.01912
G1 X151.721 Y120.244 E.01912
G1 X151.208 Y119.859 E.01912
G1 X150.66 Y119.632 E.01766
G1 X150.333 Y119.563 E.00995
G1 X149.877 Y119.548 E.01358
G1 X149.34 Y119.632 E.0162
G1 X148.786 Y119.868 E.01793
G1 E-1.3 F1800
G1 Z3.2 F18000
G1 X154.015 Y145.285 Z3.2
G1 Z2.8
G1 E1.3 F1800
;TYPE:Inner wall
;WIDTH:0.449999
G1 F7757.448
G1 X153.963 Y145.207 E.00301
G1 X153.423 Y144.695 E.02392
G1 X152.83 Y144.36 E.02191
G1 X152.197 Y144.187 E.0211
G1 X151.771 Y144.148 E.01374
G1 X148.249 Y144.148 E.11326
G1 X147.586 Y144.23 E.02149
G1 X147.381 Y144.294 E.00692
G1 X146.761 Y144.572 E.02185
G1 X146.183 Y145.04 E.02391
G1 X145.746 Y145.642 E.02391
G1 X145.48 Y146.336 E.02391
G1 X145.403 Y147.076 E.02391
G1 X145.519 Y147.81 E.02391
G1 X145.822 Y148.489 E.02391
G1 X146.29 Y149.067 E.02391
G1 X146.892 Y149.504 E.02391
;WIDTH:0.487299
G1 F7106.32
G1 X147.121 Y149.611 E.00887
;WIDTH:0.524598
G1 F6556.033
G1 X147.35 Y149.718 E.00962
;WIDTH:0.561897
G1 F6084.846
G1 X147.579 Y149.825 E.01036
G1 X148.249 Y149.887 E.0276
;WIDTH:0.519381
G1 F6627.814
G1 X151.938 Y149.887 E.13884
G1 X152.253 Y149.807 E.01222
;WIDTH:0.48469
G1 F7148.278
G1 X152.568 Y149.727 E.01133
;WIDTH:0.449999
G1 F7757.448
G1 X153.239 Y149.428 E.02365
G1 X153.71 Y149.067 E.01907
G1 X153.96 Y148.773 E.01241
G1 X154.254 Y148.358 E.01635
G1 X154.52 Y147.664 E.02391
G1 X154.597 Y146.924 E.02391
G1 X154.483 Y146.197 E.02368
G1 X154.252 Y145.643 E.01928
G1 X154.037 Y145.318 E.01255
G1 X153.537 Y145.337 F18000
;TYPE:Outer wall
;WIDTH:0.419999
G1 F6000
G1 X153.253 Y145.053 E.01197
G1 X152.7 Y144.731 E.01906
G1 X152.095 Y144.566 E.01869
G1 X151.757 Y144.54 E.01009
G1 X148.225 Y144.542 E.10523
G1 X147.531 Y144.656 E.02095
G1 X146.999 Y144.883 E.01721
G1 X146.494 Y145.279 E.01912
G1 X146.109 Y145.792 E.01912
G1 X145.869 Y146.387 E.01912
G1 X145.792 Y147.025 E.01912
G1 X145.882 Y147.66 E.01912
G1 X146.133 Y148.251 E.01912
G1 X146.529 Y148.756 E.01912
G1 X147.042 Y149.141 E.01912
G1 X147.637 Y149.381 E.01912
G1 X148.249 Y149.46 E.01838
G1 X151.78 Y149.46 E.10517
G1 X152.418 Y149.365 E.0192
G1 X153.001 Y149.117 E.01887
G1 X153.504 Y148.723 E.01903
G1 X153.881 Y148.229 E.01851
G1 X154.128 Y147.631 E.01929
G1 X154.21 Y147 E.01894
G1 X154.126 Y146.364 E.0191
G1 X153.935 Y145.88 E.0155
G1 X153.7 Y145.5 E.01332
G1 X153.566 Y145.366 E.00565
G1 E-1.3 F1800
G1 Z3.2 F18000
G1 X154.481 Y163.765 Z3.2
G1 Z2.8
G1 E1.3 F1800
;TYPE:Inner wall
;WIDTH:0.449999
G1 F7757.448
G1 X154.52 Y163.664 E.00349
G1 X154.597 Y162.924 E.02391
G1 X154.493 Y162.223 E.02278
G1 X154.272 Y161.678 E.01893
G1 X154 Y161.247 E.01639
G1 X153.423 Y160.695 E.02567
G1 X152.77 Y160.341 E.02391
;WIDTH:0.496788
G1 F6957.738
G1 X152.203 Y160.164 E.02128
;WIDTH:0.519381
G1 F6627.814
G1 X151.751 Y160.113 E.01712
G1 X148.204 Y160.113 E.1335
;WIDTH:0.561897
G1 F6084.846
G1 X147.579 Y160.175 E.02574
G1 X147.504 Y160.209 E.00338
;WIDTH:0.534419
G1 F6425.034
G1 X147.429 Y160.243 E.0032
;WIDTH:0.50694
G1 F6805.514
G1 X147.095 Y160.408 E.01365
;WIDTH:0.47847
G1 F7250.369
M73 P66 R6
G1 X146.761 Y160.572 E.01281
;WIDTH:0.449999
G1 F7757.448
G1 X146.183 Y161.04 E.02391
G1 X145.746 Y161.642 E.02391
G1 X145.48 Y162.336 E.02391
G1 X145.403 Y162.924 E.01907
G1 X145.434 Y163.31 E.01243
G1 X145.519 Y163.81 E.01633
G1 X145.822 Y164.489 E.02391
G1 X146.29 Y165.067 E.02391
G1 X146.892 Y165.504 E.02391
G1 X147.51 Y165.754 E.02144
G1 X148.173 Y165.847 E.02154
G1 X151.751 Y165.852 E.11503
G1 X152.414 Y165.77 E.02149
G1 X152.619 Y165.706 E.00692
G1 X153.239 Y165.428 E.02185
G1 X153.817 Y164.96 E.02391
G1 X154.254 Y164.358 E.02391
G1 X154.467 Y163.802 E.01913
G1 X154.128 Y163.623 F18000
;TYPE:Outer wall
;WIDTH:0.419999
G1 F6000
G1 X154.21 Y163 E.01872
G1 X154.131 Y162.387 E.0184
G1 X153.997 Y162.035 E.01123
G1 X153.712 Y161.518 E.01759
G1 X153.227 Y161.035 E.0204
G1 X152.668 Y160.719 E.01912
G1 X152.095 Y160.566 E.01766
G1 X151.763 Y160.54 E.00993
G1 X148.225 Y160.542 E.1054
G1 X147.59 Y160.632 E.0191
G1 X146.999 Y160.883 E.01912
G1 X146.494 Y161.279 E.01912
G1 X146.109 Y161.792 E.01912
G1 X145.869 Y162.387 E.01912
G1 X145.79 Y163 E.0184
G1 X145.875 Y163.639 E.01921
G1 X146.12 Y164.23 E.01906
G1 X146.505 Y164.734 E.01889
G1 X147.014 Y165.127 E.01914
G1 X147.601 Y165.372 E.01896
G1 X148.225 Y165.458 E.01876
G1 X151.751 Y165.46 E.10503
G1 X152.376 Y165.379 E.01879
G1 X152.972 Y165.135 E.01917
G1 X153.483 Y164.746 E.01913
G1 X153.88 Y164.23 E.01938
G1 X154.116 Y163.661 E.01836
G1 E-1.3 F1800
G1 Z3.2 F18000
G1 X156.251 Y156.753 Z3.2
G1 Z2.8
G1 E1.3 F1800
;TYPE:Inner wall
;WIDTH:0.449999
G1 F7757.448
G1 X156.434 Y156.227 E.01788
G1 X156.557 Y155.638 E.01935
G1 X156.601 Y155.038 E.01935
G1 X156.566 Y154.437 E.01935
G1 X156.454 Y153.846 E.01935
G1 X156.265 Y153.274 E.01935
G1 X156.003 Y152.732 E.01935
G1 X155.673 Y152.229 E.01935
G1 X155.269 Y151.761 E.0199
G1 X154.804 Y151.351 E.01994
G1 X154.276 Y151.001 E.02037
G1 X153.726 Y150.735 E.01965
G1 X153.154 Y150.546 E.01935
G1 X152.563 Y150.434 E.01935
;WIDTH:0.493385
G1 F7010.308
G1 X152.302 Y150.395 E.00938
;WIDTH:0.53677
G1 F6394.441
G1 X152.042 Y150.356 E.01028
G1 X151.751 Y150.363 E.01135
;WIDTH:0.519381
G1 F6627.814
G1 X148.193 Y150.363 E.13389
;WIDTH:0.561897
G1 F6084.846
G1 X147.545 Y150.342 E.02659
G1 X147.426 Y150.359 E.00492
;WIDTH:0.528332
G1 F6505.603
G1 X147.307 Y150.376 E.00461
;WIDTH:0.494766
G1 F6988.874
G1 X146.714 Y150.398 E.02118
;WIDTH:0.449999
G1 F7757.448
G1 X141.999 Y150.398 E.15161
G1 X141.437 Y150.434 E.01811
G1 X140.848 Y150.546 E.0193
G1 X140.274 Y150.735 E.01941
G1 X139.732 Y150.997 E.01935
G1 X139.229 Y151.327 E.01935
G1 X138.774 Y151.72 E.01935
G1 X138.373 Y152.169 E.01935
G1 X138.035 Y152.667 E.01935
G1 X137.764 Y153.204 E.01935
G1 X137.566 Y153.773 E.01935
G1 X137.443 Y154.362 E.01935
G1 X137.399 Y154.962 E.01935
G1 X137.434 Y155.563 E.01935
G1 X137.546 Y156.154 E.01935
G1 X137.735 Y156.726 E.01935
G1 X137.997 Y157.268 E.01935
G1 X138.327 Y157.771 E.01935
G1 X138.72 Y158.226 E.01935
G1 X139.169 Y158.627 E.01935
G1 X139.667 Y158.965 E.01935
G1 X140.204 Y159.236 E.01935
G1 X140.773 Y159.434 E.01935
G1 X141.362 Y159.557 E.01935
G1 X141.961 Y159.601 E.01933
G1 X146.714 Y159.602 E.15283
;WIDTH:0.488273
G1 F7090.773
G1 X146.978 Y159.621 E.00932
;WIDTH:0.526547
G1 F6529.617
G1 X147.243 Y159.64 E.01012
;WIDTH:0.56482
G1 F6050.766
G1 X147.507 Y159.659 E.01092
G1 X148.249 Y159.637 E.03063
;WIDTH:0.519381
G1 F6627.814
G1 X152.067 Y159.637 E.1437
G1 X152.315 Y159.602 E.00942
;WIDTH:0.48469
G1 F7148.278
G1 X152.563 Y159.566 E.00873
;WIDTH:0.449999
G1 F7757.448
G1 X153.154 Y159.454 E.01935
G1 X153.726 Y159.265 E.01935
G1 X154.268 Y159.003 E.01935
G1 X154.771 Y158.673 E.01935
G1 X155.226 Y158.28 E.01935
G1 X155.627 Y157.831 E.01935
G1 X155.965 Y157.333 E.01935
G1 X156.236 Y156.796 E.01935
G1 X156.238 Y156.79 E.00019
G1 X155.884 Y156.622 F18000
;TYPE:Outer wall
;WIDTH:0.419999
G1 F6000
G1 X156.063 Y156.101 E.0164
G1 X156.172 Y155.562 E.0164
G1 X156.21 Y155.012 E.0164
G1 X156.175 Y154.463 E.0164
G1 X156.069 Y153.922 E.0164
G1 X155.894 Y153.4 E.0164
G1 X155.652 Y152.906 E.0164
G1 X155.347 Y152.447 E.0164
G1 X154.985 Y152.032 E.0164
G1 X154.572 Y151.668 E.0164
G1 X154.116 Y151.361 E.0164
G1 X153.622 Y151.116 E.0164
G1 X153.101 Y150.937 E.0164
G1 X152.562 Y150.828 E.0164
G1 X152.013 Y150.79 E.01638
G1 X141.999 Y150.79 E.29827
G1 X141.463 Y150.825 E.01601
G1 X140.924 Y150.93 E.01635
G1 X140.4 Y151.106 E.01645
G1 X139.906 Y151.348 E.0164
G1 X139.447 Y151.653 E.0164
G1 X139.032 Y152.015 E.0164
G1 X138.668 Y152.428 E.0164
G1 X138.361 Y152.885 E.0164
G1 X138.116 Y153.378 E.0164
G1 X137.937 Y153.899 E.0164
G1 X137.828 Y154.438 E.0164
G1 X137.79 Y154.988 E.0164
G1 X137.825 Y155.537 E.0164
G1 X137.931 Y156.078 E.0164
G1 X138.106 Y156.6 E.0164
G1 X138.348 Y157.094 E.0164
G1 X138.653 Y157.553 E.0164
G1 X139.015 Y157.968 E.0164
G1 X139.428 Y158.332 E.0164
G1 X139.884 Y158.639 E.0164
G1 X140.378 Y158.884 E.0164
G1 X140.899 Y159.063 E.0164
G1 X141.438 Y159.172 E.0164
G1 X141.987 Y159.21 E.01638
G1 X152.001 Y159.21 E.29827
G1 X152.537 Y159.175 E.01601
G1 X153.078 Y159.069 E.0164
G1 X153.6 Y158.894 E.0164
G1 X154.094 Y158.652 E.0164
G1 X154.553 Y158.347 E.0164
G1 X154.968 Y157.985 E.0164
G1 X155.332 Y157.572 E.0164
G1 X155.639 Y157.115 E.0164
G1 X155.867 Y156.658 E.01521
G1 E-1.3 F1800
G1 Z3.2 F18000
G1 X150.347 Y183.173 Z3.2
G1 Z2.8
G1 E1.3 F1800
;TYPE:Inner wall
;WIDTH:0.449999
G1 F7757.448
G1 X149.821 Y183.16 E.01693
G1 X149.19 Y183.269 E.0206
G1 X148.511 Y183.572 E.02391
G1 X147.933 Y184.04 E.02391
G1 X147.496 Y184.642 E.02391
G1 X147.245 Y185.261 E.02149
G1 X147.153 Y185.923 E.0215
G1 X147.148 Y188.001 E.0668
G1 X147.269 Y188.81 E.02632
G1 X147.572 Y189.489 E.02391
G1 X148.04 Y190.067 E.02391
G1 X148.642 Y190.504 E.02391
G1 X149.336 Y190.77 E.0239
G1 X150.076 Y190.847 E.02391
G1 X150.81 Y190.731 E.02391
G1 X151.489 Y190.428 E.02391
G1 X152.067 Y189.96 E.02391
G1 X152.504 Y189.358 E.02391
G1 X152.77 Y188.664 E.02391
G1 X152.852 Y188.001 E.02148
G1 X152.847 Y185.923 E.0668
G1 X152.731 Y185.19 E.02388
G1 X152.428 Y184.511 E.02391
G1 X151.96 Y183.933 E.02391
G1 X151.427 Y183.531 E.02146
G1 X150.81 Y183.269 E.02155
G1 X150.387 Y183.174 E.01393
G1 X150.525 Y183.603 F18000
;TYPE:Outer wall
;WIDTH:0.419999
G1 F6000
G1 X150.333 Y183.563 E.00585
G1 X149.91 Y183.546 E.01259
G1 X149.375 Y183.621 E.01612
G1 X148.781 Y183.864 E.0191
G1 X148.267 Y184.254 E.01923
G1 X147.874 Y184.763 E.01913
G1 X147.624 Y185.363 E.01938
G1 X147.542 Y185.975 E.01838
G1 X147.54 Y188.001 E.06035
G1 X147.632 Y188.66 E.01983
G1 X147.883 Y189.251 E.01912
G1 X148.279 Y189.756 E.01912
G1 X148.792 Y190.141 E.01912
G1 X149.387 Y190.381 E.01912
G1 X150.025 Y190.458 E.01912
G1 X150.66 Y190.368 E.01912
G1 X151.251 Y190.117 E.01912
G1 X151.756 Y189.721 E.01912
G1 X152.131 Y189.229 E.01842
G1 X152.377 Y188.635 E.01914
G1 X152.458 Y188.025 E.01834
G1 X152.46 Y185.999 E.06035
G1 X152.376 Y185.363 E.01911
G1 X152.134 Y184.777 E.01889
G1 X151.745 Y184.266 E.01913
G1 X151.241 Y183.876 E.01899
G1 X150.66 Y183.632 E.01876
G1 X150.564 Y183.612 E.00292
G1 X151.422 Y183.154 F18000
;TYPE:Sparse infill
;WIDTH:0.45
G1 F7757.437
G1 X150.905 Y182.935 E.01808
G1 X150.437 Y182.831 E.0154
G1 X149.85 Y182.809 E.01888
G1 X148.964 Y181.923 E.04032
G1 X146.891 Y181.963 E.06666
G1 X145.835 Y180.906 E.04804
G1 X145.875 Y178.834 E.06666
G1 X144.819 Y177.778 E.04804
G1 X142.746 Y177.818 E.06666
G1 X141.69 Y176.761 E.04804
G1 X141.73 Y174.689 E.06666
G1 X140.674 Y173.633 E.04804
G1 X138.601 Y173.673 E.06666
G1 X137.545 Y172.616 E.04804
G1 X137.585 Y170.544 E.06666
G1 X136.529 Y169.488 E.04804
G1 X134.456 Y169.528 E.06666
G1 X133.948 Y169.02 E.02311
G1 X133.948 Y173.165 E.13329
G1 X134.456 Y173.673 E.02311
G1 X136.529 Y173.633 E.06666
G1 X137.585 Y174.689 E.04804
G1 X137.545 Y176.761 E.06666
G1 X138.601 Y177.818 E.04804
G1 X140.674 Y177.778 E.06666
G1 X141.73 Y178.834 E.04804
G1 X141.69 Y180.906 E.06666
G1 X142.746 Y181.963 E.04804
G1 X144.819 Y181.923 E.06666
G1 X145.875 Y182.979 E.04804
G1 X145.835 Y185.051 E.06666
G1 X146.808 Y186.025 E.04426
G1 X146.809 Y185.887 E.00444
G1 X146.91 Y185.171 E.02325
G1 X147.2 Y184.461 E.02467
G1 X133.948 Y192.499 F18000
G1 F7757.437
G1 X133.948 Y192.969 E.0151
G1 X133.976 Y193.398 E.01383
G1 X134.054 Y193.789 E.01283
G1 X134.16 Y194.102 E.01061
G1 X134.456 Y194.398 E.01347
G1 X136.529 Y194.358 E.06666
G1 X137.585 Y195.414 E.04804
G1 X137.573 Y196.052 E.02052
G1 X141.718 Y196.052 E.13329
G1 X141.73 Y195.414 E.02052
G1 X140.674 Y194.358 E.04804
G1 X138.601 Y194.398 E.06666
G1 X137.545 Y193.341 E.04804
G1 X137.585 Y191.269 E.06666
G1 X136.529 Y190.213 E.04804
G1 X134.456 Y190.253 E.06666
G1 X133.948 Y189.745 E.02311
G1 X133.948 Y185.6 E.13329
G1 X134.456 Y186.108 E.02311
G1 X136.529 Y186.068 E.06666
G1 X137.585 Y187.124 E.04804
G1 X137.545 Y189.196 E.06666
G1 X138.601 Y190.253 E.04804
G1 X140.674 Y190.213 E.06666
G1 X141.73 Y191.269 E.04804
G1 X141.69 Y193.341 E.06666
G1 X142.746 Y194.398 E.04804
G1 X144.819 Y194.358 E.06666
G1 X145.875 Y195.414 E.04804
G1 X145.863 Y196.052 E.02052
G1 X150.008 Y196.052 E.13329
G1 X150.02 Y195.414 E.02052
G1 X148.964 Y194.358 E.04804
G1 X146.891 Y194.398 E.06666
G1 X145.835 Y193.341 E.04804
G1 X145.875 Y191.269 E.06666
G1 X144.819 Y190.213 E.04804
G1 X142.746 Y190.253 E.06666
G1 X141.69 Y189.196 E.04804
G1 X141.73 Y187.124 E.06666
G1 X140.674 Y186.068 E.04804
G1 X138.601 Y186.108 E.06666
G1 X137.545 Y185.051 E.04804
G1 X137.585 Y182.979 E.06666
G1 X136.529 Y181.923 E.04804
G1 X134.456 Y181.963 E.06666
G1 X133.948 Y181.455 E.02311
G1 X133.948 Y177.31 E.13329
G1 X134.456 Y177.818 E.02311
G1 X136.529 Y177.778 E.06666
G1 X137.585 Y178.834 E.04804
G1 X137.545 Y180.906 E.06666
G1 X138.601 Y181.963 E.04804
G1 X140.674 Y181.923 E.06666
G1 X141.73 Y182.979 E.04804
G1 X141.69 Y185.051 E.06666
G1 X142.746 Y186.108 E.04804
G1 X144.819 Y186.068 E.06666
G1 X145.875 Y187.124 E.04804
G1 X145.835 Y189.196 E.06666
G1 X146.891 Y190.253 E.04804
G1 X147.723 Y190.237 E.02676
G1 X147.822 Y190.336 E.0045
G1 X148.308 Y190.708 E.01967
G1 X148.501 Y190.82 E.00719
G1 X149.066 Y191.054 E.01967
G1 X149.283 Y191.112 E.0072
G1 X149.943 Y191.192 E.02141
G1 X150.02 Y191.269 E.00349
G1 X149.98 Y193.341 E.06666
G1 X151.036 Y194.398 E.04804
G1 X153.109 Y194.358 E.06666
G1 X154.165 Y195.414 E.04804
G1 X154.153 Y196.052 E.02052
G1 X158.298 Y196.052 E.13329
G1 X158.31 Y195.414 E.02052
G1 X157.254 Y194.358 E.04804
G1 X155.181 Y194.398 E.06666
G1 X154.125 Y193.341 E.04804
G1 X154.165 Y191.269 E.06666
G1 X153.109 Y190.213 E.04804
G1 X152.285 Y190.229 E.0265
G1 X152.773 Y189.596 E.02571
G1 X153.091 Y188.824 E.02685
G1 X153.191 Y188.113 E.02306
G1 X153.198 Y186.156 E.06293
G1 X154.165 Y187.124 E.044
G1 X154.125 Y189.196 E.06666
G1 X155.181 Y190.253 E.04804
G1 X157.254 Y190.213 E.06666
G1 X158.31 Y191.269 E.04804
G1 X158.27 Y193.341 E.06666
G1 X159.326 Y194.398 E.04804
G1 X161.399 Y194.358 E.06666
G1 X162.455 Y195.414 E.04804
G1 X162.443 Y196.052 E.02052
G1 X162.969 Y196.052 E.01692
G1 X163.398 Y196.024 E.01383
G1 X163.789 Y195.946 E.01283
G1 X164.167 Y195.818 E.01283
G1 X164.525 Y195.641 E.01283
G1 X164.857 Y195.42 E.01283
G1 X165.157 Y195.157 E.01283
G1 X165.42 Y194.857 E.01283
G1 X165.664 Y194.478 E.01449
G1 X165.544 Y194.358 E.00548
G1 X163.471 Y194.398 E.06666
G1 X162.415 Y193.341 E.04804
G1 X162.455 Y191.269 E.06666
G1 X161.399 Y190.213 E.04804
G1 X159.326 Y190.253 E.06666
G1 X158.27 Y189.196 E.04804
G1 X158.31 Y187.124 E.06666
G1 X157.254 Y186.068 E.04804
G1 X155.181 Y186.108 E.06666
G1 X154.125 Y185.051 E.04804
G1 X154.165 Y182.979 E.06666
G1 X153.109 Y181.923 E.04804
G1 X151.036 Y181.963 E.06666
G1 X149.98 Y180.906 E.04804
G1 X150.02 Y178.834 E.06666
G1 X148.964 Y177.778 E.04804
G1 X146.891 Y177.818 E.06666
G1 X145.835 Y176.761 E.04804
G1 X145.875 Y174.689 E.06666
G1 X144.819 Y173.633 E.04804
G1 X142.746 Y173.673 E.06666
G1 X141.69 Y172.616 E.04804
G1 X141.73 Y170.544 E.06666
G1 X140.674 Y169.488 E.04804
G1 X138.601 Y169.528 E.06666
G1 X137.545 Y168.471 E.04804
G1 X137.585 Y166.399 E.06666
G1 X136.529 Y165.343 E.04804
G1 X134.456 Y165.383 E.06666
G1 X133.948 Y164.875 E.02311
G1 X133.948 Y160.729 E.13329
G1 X134.456 Y161.238 E.02311
G1 X136.529 Y161.198 E.06666
G1 X137.585 Y162.254 E.04804
G1 X137.545 Y164.326 E.06666
G1 X138.601 Y165.383 E.04804
G1 X140.674 Y165.343 E.06666
G1 X141.73 Y166.399 E.04804
G1 X141.69 Y168.471 E.06666
G1 X142.746 Y169.528 E.04804
G1 X144.819 Y169.488 E.06666
G1 X145.875 Y170.544 E.04804
G1 X145.835 Y172.616 E.06666
G1 X146.891 Y173.673 E.04804
G1 X148.964 Y173.633 E.06666
G1 X150.02 Y174.689 E.04804
G1 X149.98 Y176.761 E.06666
G1 X151.036 Y177.818 E.04804
G1 X153.109 Y177.778 E.06666
G1 X154.165 Y178.834 E.04804
G1 X154.125 Y180.906 E.06666
G1 X155.181 Y181.963 E.04804
G1 X157.254 Y181.923 E.06666
G1 X158.31 Y182.979 E.04804
G1 X158.27 Y185.051 E.06666
G1 X159.326 Y186.108 E.04804
G1 X161.399 Y186.068 E.06666
G1 X162.455 Y187.124 E.04804
G1 X162.415 Y189.196 E.06666
G1 X163.471 Y190.253 E.04804
G1 X165.544 Y190.213 E.06666
G1 X166.052 Y190.721 E.02311
G1 X166.052 Y186.576 E.13329
G1 X165.544 Y186.068 E.02311
G1 X163.471 Y186.108 E.06666
G1 X162.415 Y185.051 E.04804
G1 X162.455 Y182.979 E.06666
G1 X161.399 Y181.923 E.04804
G1 X159.326 Y181.963 E.06666
G1 X158.27 Y180.906 E.04804
G1 X158.31 Y178.834 E.06666
M73 P67 R6
G1 X157.254 Y177.778 E.04804
G1 X155.181 Y177.818 E.06666
G1 X154.125 Y176.761 E.04804
G1 X154.165 Y174.689 E.06666
G1 X153.109 Y173.633 E.04804
G1 X151.036 Y173.673 E.06666
G1 X149.98 Y172.616 E.04804
G1 X150.02 Y170.544 E.06666
G1 X148.964 Y169.488 E.04804
G1 X146.891 Y169.528 E.06666
G1 X145.835 Y168.471 E.04804
G1 X145.875 Y166.399 E.06666
G1 X144.819 Y165.343 E.04804
G1 X142.746 Y165.383 E.06666
G1 X141.69 Y164.326 E.04804
G1 X141.73 Y162.254 E.06666
G1 X140.674 Y161.198 E.04804
G1 X138.601 Y161.238 E.06666
G1 X137.545 Y160.181 E.04804
G1 X137.585 Y158.109 E.06666
G1 X136.529 Y157.052 E.04804
G1 X134.456 Y157.093 E.06666
G1 X133.948 Y156.584 E.02311
G1 X133.948 Y152.439 E.13329
G1 X134.456 Y152.948 E.0231
G1 X136.529 Y152.907 E.06666
G1 X137.249 Y153.628 E.03277
G1 X137.41 Y153.155 E.01607
G1 X137.69 Y152.572 E.02078
G1 X137.901 Y152.248 E.01247
G1 X137.545 Y151.891 E.01621
G1 X137.585 Y149.819 E.06666
G1 X136.529 Y148.762 E.04804
G1 X134.456 Y148.802 E.06666
G1 X133.948 Y148.294 E.0231
G1 X133.948 Y144.149 E.13329
G1 X134.456 Y144.657 E.02311
G1 X136.529 Y144.617 E.06666
G1 X137.585 Y145.674 E.04804
G1 X137.545 Y147.746 E.06666
G1 X138.601 Y148.802 E.04804
G1 X140.674 Y148.762 E.06666
G1 X141.73 Y149.819 E.04804
G1 X141.725 Y150.069 E.00804
G1 X141.995 Y150.052 E.00869
G1 X145.87 Y150.052 E.12463
G1 X145.875 Y149.819 E.0075
G1 X144.819 Y148.762 E.04804
G1 X142.746 Y148.802 E.06666
G1 X141.69 Y147.746 E.04804
G1 X141.73 Y145.674 E.06666
G1 X140.674 Y144.617 E.04804
G1 X138.601 Y144.657 E.06666
G1 X137.545 Y143.601 E.04804
G1 X137.585 Y141.529 E.06666
G1 X136.529 Y140.472 E.04804
G1 X134.456 Y140.512 E.06666
G1 X133.948 Y140.004 E.02311
G1 X133.948 Y135.859 E.13329
G1 X134.456 Y136.367 E.0231
G1 X136.529 Y136.327 E.06666
G1 X137.585 Y137.384 E.04804
G1 X137.545 Y139.456 E.06666
G1 X138.601 Y140.512 E.04804
G1 X140.674 Y140.472 E.06666
G1 X141.73 Y141.529 E.04804
G1 X141.69 Y143.601 E.06666
G1 X142.746 Y144.657 E.04804
G1 X144.819 Y144.617 E.06666
G1 X145.53 Y145.329 E.03234
G1 X146.015 Y144.712 E.02524
G1 X146.542 Y144.308 E.02133
G1 X145.835 Y143.601 E.03215
G1 X145.875 Y141.529 E.06666
G1 X144.819 Y140.472 E.04804
G1 X142.746 Y140.512 E.06666
G1 X141.69 Y139.456 E.04804
G1 X141.73 Y137.384 E.06666
G1 X140.674 Y136.327 E.04804
G1 X138.601 Y136.367 E.06666
G1 X137.545 Y135.311 E.04804
G1 X137.585 Y133.239 E.06666
G1 X136.529 Y132.182 E.04804
G1 X134.456 Y132.222 E.06666
G1 X133.948 Y131.714 E.02311
G1 X133.948 Y130.086 E.05236
G1 X133.948 Y120.908 F18000
G1 F7757.437
G1 X133.948 Y119.279 E.05236
G1 X134.456 Y119.787 E.02311
G1 X136.529 Y119.747 E.06666
G1 X137.585 Y120.804 E.04804
G1 X137.545 Y122.876 E.06666
G1 X138.601 Y123.932 E.04804
G1 X140.674 Y123.892 E.06666
G1 X141.73 Y124.949 E.04804
G1 X141.69 Y127.021 E.06666
G1 X142.746 Y128.077 E.04804
G1 X144.819 Y128.037 E.06666
G1 X145.875 Y129.094 E.04804
G1 X145.835 Y131.166 E.06666
G1 X146.891 Y132.222 E.04804
G1 X148.964 Y132.182 E.06666
G1 X150.02 Y133.239 E.04804
G1 X149.98 Y135.311 E.06666
G1 X151.036 Y136.367 E.04804
G1 X153.109 Y136.327 E.06666
G1 X154.165 Y137.384 E.04804
G1 X154.125 Y139.456 E.06666
G1 X155.181 Y140.512 E.04804
G1 X157.254 Y140.472 E.06666
G1 X158.31 Y141.529 E.04804
G1 X158.27 Y143.601 E.06666
G1 X159.326 Y144.657 E.04804
G1 X161.399 Y144.617 E.06666
G1 X162.455 Y145.674 E.04804
G1 X162.415 Y147.746 E.06666
G1 X163.471 Y148.802 E.04804
G1 X165.544 Y148.762 E.06666
G1 X166.052 Y149.271 E.02311
G1 X166.052 Y145.125 E.13329
G1 X165.544 Y144.617 E.02311
G1 X163.471 Y144.657 E.06666
G1 X162.415 Y143.601 E.04804
G1 X162.455 Y141.529 E.06666
G1 X161.399 Y140.472 E.04804
G1 X159.326 Y140.512 E.06666
G1 X158.27 Y139.456 E.04804
G1 X158.31 Y137.384 E.06666
G1 X157.254 Y136.327 E.04804
G1 X155.181 Y136.367 E.06666
G1 X154.125 Y135.311 E.04804
G1 X154.165 Y133.239 E.06666
G1 X153.109 Y132.182 E.04804
G1 X151.036 Y132.222 E.06666
G1 X149.98 Y131.166 E.04804
G1 X150.02 Y129.094 E.06666
G1 X148.964 Y128.037 E.04804
G1 X146.891 Y128.077 E.06666
G1 X145.835 Y127.021 E.04804
G1 X145.875 Y124.949 E.06666
G1 X144.819 Y123.892 E.04804
G1 X142.746 Y123.932 E.06666
G1 X141.69 Y122.876 E.04804
G1 X141.73 Y120.804 E.06666
G1 X140.674 Y119.747 E.04804
G1 X138.601 Y119.787 E.06666
G1 X137.545 Y118.731 E.04804
G1 X137.585 Y116.659 E.06666
G1 X136.529 Y115.602 E.04804
G1 X134.456 Y115.642 E.06666
G1 X134.336 Y115.522 E.00548
G1 X134.58 Y115.143 E.01449
G1 X134.843 Y114.843 E.01283
G1 X135.143 Y114.58 E.01283
G1 X135.475 Y114.359 E.01283
G1 X135.833 Y114.182 E.01283
G1 X136.211 Y114.054 E.01283
G1 X136.601 Y113.976 E.0128
G1 X137.139 Y113.948 E.01734
G1 X137.557 Y113.948 E.01343
G1 X137.545 Y114.586 E.02051
G1 X138.601 Y115.642 E.04804
G1 X140.674 Y115.602 E.06666
G1 X141.73 Y116.659 E.04804
G1 X141.69 Y118.731 E.06666
G1 X142.746 Y119.787 E.04804
G1 X144.819 Y119.747 E.06666
G1 X145.875 Y120.804 E.04804
G1 X145.835 Y122.876 E.06666
G1 X146.802 Y123.844 E.044
G1 X146.809 Y121.887 E.06293
G1 X146.909 Y121.176 E.02306
G1 X147.227 Y120.404 E.02685
G1 X147.715 Y119.771 E.02571
G1 X146.891 Y119.787 E.0265
G1 X145.835 Y118.731 E.04804
G1 X145.875 Y116.659 E.06666
G1 X144.819 Y115.602 E.04804
G1 X142.746 Y115.642 E.06666
G1 X141.69 Y114.586 E.04804
G1 X141.702 Y113.95 E.02045
G1 X145.847 Y113.952 E.13329
G1 X145.835 Y114.586 E.0204
G1 X146.891 Y115.642 E.04804
G1 X148.964 Y115.602 E.06666
G1 X150.02 Y116.659 E.04804
G1 X149.98 Y118.731 E.06666
G1 X150.068 Y118.819 E.004
G1 X150.335 Y118.822 E.0086
G1 X150.774 Y118.898 E.01432
G1 X150.936 Y118.947 E.00544
G1 X151.499 Y119.18 E.01959
G1 X151.692 Y119.292 E.00719
G1 X152.178 Y119.664 E.01967
G1 X152.277 Y119.763 E.0045
G1 X153.109 Y119.747 E.02676
G1 X154.165 Y120.804 E.04804
G1 X154.125 Y122.876 E.06666
G1 X155.181 Y123.932 E.04804
G1 X157.254 Y123.892 E.06666
G1 X158.31 Y124.949 E.04804
G1 X158.27 Y127.021 E.06666
G1 X159.326 Y128.077 E.04804
G1 X161.399 Y128.037 E.06666
G1 X162.455 Y129.094 E.04804
G1 X162.415 Y131.166 E.06666
G1 X163.471 Y132.222 E.04804
G1 X165.544 Y132.182 E.06666
G1 X166.052 Y132.69 E.02311
G1 X166.052 Y128.545 E.13329
G1 X165.544 Y128.037 E.02311
G1 X163.471 Y128.077 E.06666
G1 X162.415 Y127.021 E.04804
G1 X162.455 Y124.949 E.06666
G1 X161.399 Y123.892 E.04804
G1 X159.326 Y123.932 E.06666
G1 X158.27 Y122.876 E.04804
G1 X158.31 Y120.804 E.06666
G1 X157.254 Y119.747 E.04804
G1 X155.181 Y119.787 E.06666
G1 X154.125 Y118.731 E.04804
G1 X154.165 Y116.659 E.06666
G1 X153.109 Y115.602 E.04804
G1 X151.036 Y115.642 E.06666
G1 X149.98 Y114.586 E.04804
G1 X149.992 Y113.954 E.02034
G1 X154.137 Y113.955 E.13329
G1 X154.125 Y114.586 E.02028
G1 X155.181 Y115.642 E.04804
G1 X157.254 Y115.602 E.06666
G1 X158.31 Y116.659 E.04804
G1 X158.27 Y118.731 E.06666
G1 X159.326 Y119.787 E.04804
G1 X161.399 Y119.747 E.06666
G1 X162.455 Y120.804 E.04804
G1 X162.415 Y122.876 E.06666
G1 X163.471 Y123.932 E.04804
G1 X165.544 Y123.892 E.06666
G1 X166.052 Y124.4 E.02311
G1 X166.052 Y120.255 E.13329
G1 X165.544 Y119.747 E.02311
G1 X163.471 Y119.787 E.06666
G1 X162.415 Y118.731 E.04804
G1 X162.455 Y116.659 E.06666
G1 X161.399 Y115.602 E.04804
G1 X159.326 Y115.642 E.06666
G1 X158.27 Y114.586 E.04804
G1 X158.282 Y113.957 E.02023
G1 X162.427 Y113.959 E.13329
G1 X162.415 Y114.586 E.02017
G1 X163.471 Y115.642 E.04804
G1 X165.544 Y115.602 E.06666
G1 X165.84 Y115.898 E.01347
G1 X165.946 Y116.211 E.01061
G1 X166.024 Y116.602 E.01283
G1 X166.052 Y117.031 E.01383
G1 X166.052 Y117.501 E.0151
G1 X152.792 Y125.536 F18000
G1 F7757.437
G1 X153.09 Y124.83 E.02465
G1 X153.191 Y124.113 E.02327
G1 X153.192 Y123.975 E.00444
G1 X154.165 Y124.949 E.04426
G1 X154.125 Y127.021 E.06666
G1 X155.181 Y128.077 E.04804
G1 X157.254 Y128.037 E.06666
G1 X158.31 Y129.094 E.04804
G1 X158.27 Y131.166 E.06666
G1 X159.326 Y132.222 E.04804
G1 X161.399 Y132.182 E.06666
G1 X162.455 Y133.239 E.04804
G1 X162.415 Y135.311 E.06666
G1 X163.471 Y136.367 E.04804
G1 X165.544 Y136.327 E.06666
G1 X166.052 Y136.835 E.02311
G1 X166.052 Y140.98 E.13329
G1 X165.544 Y140.472 E.02311
G1 X163.471 Y140.512 E.06666
G1 X162.415 Y139.456 E.04804
G1 X162.455 Y137.384 E.06666
G1 X161.399 Y136.327 E.04804
G1 X159.326 Y136.367 E.06666
G1 X158.27 Y135.311 E.04804
G1 X158.31 Y133.239 E.06666
G1 X157.254 Y132.182 E.04804
G1 X155.181 Y132.222 E.06666
G1 X154.125 Y131.166 E.04804
G1 X154.165 Y129.094 E.06666
G1 X153.109 Y128.037 E.04804
G1 X151.036 Y128.077 E.06666
G1 X150.142 Y127.183 E.04066
G1 X150.036 Y127.199 E.00344
G1 X149.283 Y127.112 E.02438
G1 X149.066 Y127.054 E.00724
G1 X148.571 Y126.843 E.0173
G1 X151.809 Y143.806 F18000
G1 F7757.437
G1 X150.181 Y143.802 E.05236
G1 X149.98 Y143.601 E.00913
G1 X150.02 Y141.529 E.06666
G1 X148.964 Y140.472 E.04804
G1 X146.891 Y140.512 E.06666
G1 X145.835 Y139.456 E.04804
G1 X145.875 Y137.384 E.06666
G1 X144.819 Y136.327 E.04804
G1 X142.746 Y136.367 E.06666
G1 X141.69 Y135.311 E.04804
G1 X141.73 Y133.239 E.06666
G1 X140.674 Y132.182 E.04804
G1 X138.601 Y132.222 E.06666
G1 X137.545 Y131.166 E.04804
G1 X137.585 Y129.094 E.06666
G1 X136.529 Y128.037 E.04804
G1 X134.456 Y128.077 E.06666
G1 X133.948 Y127.569 E.02311
G1 X133.948 Y123.424 E.13329
G1 X134.456 Y123.932 E.02311
G1 X136.529 Y123.892 E.06666
G1 X137.585 Y124.949 E.04804
G1 X137.545 Y127.021 E.06666
G1 X138.601 Y128.077 E.04804
G1 X140.674 Y128.037 E.06666
G1 X141.73 Y129.094 E.04804
G1 X141.69 Y131.166 E.06666
G1 X142.746 Y132.222 E.04804
G1 X144.819 Y132.182 E.06666
G1 X145.875 Y133.239 E.04804
G1 X145.835 Y135.311 E.06666
G1 X146.891 Y136.367 E.04804
G1 X148.964 Y136.327 E.06666
G1 X150.02 Y137.384 E.04804
G1 X149.98 Y139.456 E.06666
G1 X151.036 Y140.512 E.04804
G1 X153.109 Y140.472 E.06666
G1 X154.165 Y141.529 E.04804
G1 X154.125 Y143.601 E.06666
G1 X155.181 Y144.657 E.04804
G1 X157.254 Y144.617 E.06666
G1 X158.31 Y145.674 E.04804
G1 X158.27 Y147.746 E.06666
G1 X159.326 Y148.802 E.04804
G1 X161.399 Y148.762 E.06666
G1 X162.455 Y149.819 E.04804
G1 X162.415 Y151.891 E.06666
G1 X163.471 Y152.948 E.04804
G1 X165.544 Y152.907 E.06666
G1 X166.052 Y153.416 E.02311
G1 X166.052 Y157.561 E.13329
G1 X165.544 Y157.052 E.02311
G1 X163.471 Y157.093 E.06666
G1 X162.415 Y156.036 E.04804
G1 X162.455 Y153.964 E.06666
G1 X161.399 Y152.907 E.04804
G1 X159.326 Y152.948 E.06666
G1 X158.27 Y151.891 E.04804
G1 X158.31 Y149.819 E.06666
G1 X157.254 Y148.762 E.04804
G1 X155.181 Y148.802 E.06666
G1 X154.657 Y148.279 E.02382
G1 X154.489 Y148.649 E.01307
G1 X154.078 Y149.188 E.02181
G1 X153.789 Y149.442 E.01239
G1 X154.165 Y149.819 E.01712
G1 X154.151 Y150.556 E.02371
G1 X154.519 Y150.742 E.01326
G1 X155.015 Y151.077 E.01926
G1 X155.461 Y151.465 E.01902
G1 X155.93 Y151.992 E.02267
G1 X156.31 Y152.572 E.02231
G1 X156.478 Y152.922 E.01249
G1 X157.254 Y152.907 E.02494
G1 X158.31 Y153.964 E.04804
G1 X158.27 Y156.036 E.06666
G1 X159.326 Y157.093 E.04804
G1 X161.399 Y157.052 E.06666
G1 X162.455 Y158.109 E.04804
G1 X162.415 Y160.181 E.06666
G1 X163.471 Y161.238 E.04804
G1 X165.544 Y161.198 E.06666
G1 X166.052 Y161.706 E.02311
G1 X166.052 Y165.851 E.13329
G1 X165.544 Y165.343 E.02311
G1 X163.471 Y165.383 E.06666
G1 X162.415 Y164.326 E.04804
G1 X162.455 Y162.254 E.06666
G1 X161.399 Y161.198 E.04804
G1 X159.326 Y161.238 E.06666
G1 X158.27 Y160.181 E.04804
G1 X158.31 Y158.109 E.06666
G1 X157.254 Y157.052 E.04804
G1 X156.486 Y157.067 E.02468
G1 X156.258 Y157.519 E.01627
G1 X155.913 Y158.029 E.0198
G1 X155.508 Y158.49 E.01972
G1 X155.053 Y158.893 E.01957
G1 X154.455 Y159.296 E.02318
G1 X154.139 Y159.452 E.01133
G1 X154.125 Y160.181 E.02344
G1 X155.181 Y161.238 E.04804
G1 X157.254 Y161.198 E.06666
G1 X158.31 Y162.254 E.04804
G1 X158.27 Y164.326 E.06666
G1 X159.326 Y165.383 E.04804
G1 X161.399 Y165.343 E.06666
G1 X162.455 Y166.399 E.04804
G1 X162.415 Y168.471 E.06666
G1 X163.471 Y169.528 E.04804
G1 X165.544 Y169.488 E.06666
M73 P68 R6
G1 X166.052 Y169.996 E.02311
G1 X166.052 Y174.141 E.13329
G1 X165.544 Y173.633 E.02311
G1 X163.471 Y173.673 E.06666
G1 X162.415 Y172.616 E.04804
G1 X162.455 Y170.544 E.06666
G1 X161.399 Y169.488 E.04804
G1 X159.326 Y169.528 E.06666
G1 X158.27 Y168.471 E.04804
G1 X158.31 Y166.399 E.06666
G1 X157.254 Y165.343 E.04804
G1 X155.181 Y165.383 E.06666
G1 X154.468 Y164.67 E.03243
G1 X154.086 Y165.177 E.02043
G1 X153.927 Y165.336 E.00722
G1 X153.458 Y165.692 E.01894
G1 X154.165 Y166.399 E.03214
G1 X154.125 Y168.471 E.06666
G1 X155.181 Y169.528 E.04804
G1 X157.254 Y169.488 E.06666
G1 X158.31 Y170.544 E.04804
G1 X158.27 Y172.616 E.06666
G1 X159.326 Y173.673 E.04804
G1 X161.399 Y173.633 E.06666
G1 X162.455 Y174.689 E.04804
G1 X162.415 Y176.761 E.06666
G1 X163.471 Y177.818 E.04804
G1 X165.544 Y177.778 E.06666
G1 X166.052 Y178.286 E.02311
G1 X166.052 Y182.431 E.13329
G1 X165.544 Y181.923 E.02311
G1 X163.471 Y181.963 E.06666
G1 X162.415 Y180.906 E.04804
G1 X162.455 Y178.834 E.06666
G1 X161.399 Y177.778 E.04804
G1 X159.326 Y177.818 E.06666
G1 X158.27 Y176.761 E.04804
G1 X158.31 Y174.689 E.06666
G1 X157.254 Y173.633 E.04804
G1 X155.181 Y173.673 E.06666
G1 X154.125 Y172.616 E.04804
G1 X154.165 Y170.544 E.06666
G1 X153.109 Y169.488 E.04804
G1 X151.036 Y169.528 E.06666
G1 X149.98 Y168.471 E.04804
G1 X150.02 Y166.399 E.06666
G1 X149.818 Y166.197 E.00918
G1 X148.19 Y166.196 E.05236
G1 E-1.3 F1800
G1 Z3.2 F18000
G1 X144.211 Y159.947 Z3.2
G1 Z2.8
G1 E1.3 F1800
G1 F7757.437
G1 X145.839 Y159.948 E.05236
G1 X145.835 Y160.181 E.00751
G1 X146.211 Y160.558 E.01712
G1 X146.072 Y160.664 E.00564
G1 X145.914 Y160.822 E.00718
G1 X145.542 Y161.308 E.01967
G1 X145.43 Y161.501 E.00718
G1 X145.34 Y161.719 E.00758
G1 X144.819 Y161.198 E.02371
G1 X142.746 Y161.238 E.06666
G1 X141.69 Y160.181 E.04804
G1 X141.695 Y159.929 E.0081
G1 X141.351 Y159.906 E.01109
G1 X140.77 Y159.792 E.01902
G1 X140.115 Y159.571 E.02223
M106 S181
;LAYER_CHANGE
;Z:3
;HEIGHT:0.2

G1 E-1.3 F1800
G92 E0
;_SET_FAN_SPEED_CHANGING_LAYER
G1 Z3.4 F18000
G1 X165.942 Y115.302 Z3.4
G1 Z3
G1 E1.3 F1800
;TYPE:Inner wall
;WIDTH:0.449999
G1 F7757.448
G1 X166.209 Y115.911 E.02139
G1 X166.368 Y116.557 E.02139
G1 X166.398 Y117.135 E.01862
G1 X166.398 Y193.031 E2.44054
G1 X166.324 Y193.661 E.0204
G1 X166.138 Y194.3 E.02139
G1 X165.818 Y194.883 E.02139
G1 X165.402 Y195.402 E.02139
G1 X164.883 Y195.818 E.02138
G1 X164.3 Y196.138 E.0214
G1 X163.661 Y196.324 E.02139
G1 X162.98 Y196.398 E.02202
G1 X136.969 Y196.398 E.83643
G1 X136.339 Y196.324 E.0204
G1 X135.7 Y196.138 E.02139
G1 X135.117 Y195.818 E.02139
G1 X134.598 Y195.402 E.02139
G1 X134.182 Y194.883 E.02139
G1 X133.862 Y194.3 E.02139
G1 X133.676 Y193.661 E.02139
G1 X133.602 Y192.98 E.02202
G1 X133.602 Y116.969 E2.44426
G1 X133.676 Y116.339 E.02039
G1 X133.862 Y115.7 E.02139
G1 X134.182 Y115.117 E.02139
G1 X134.598 Y114.598 E.02139
G1 X135.117 Y114.182 E.02138
G1 X135.7 Y113.862 E.0214
G1 X136.339 Y113.676 E.02139
G1 X137.02 Y113.602 E.02202
G1 X163.185 Y113.611 E.84139
G1 X163.879 Y113.719 E.02258
G1 X164.499 Y113.96 E.0214
G1 X165.068 Y114.305 E.02138
G1 X165.548 Y114.765 E.0214
G1 X165.918 Y115.269 E.0201
G1 X166.282 Y115.105 F18000
;TYPE:Outer wall
;WIDTH:0.419999
G1 F6000
G1 X166.581 Y115.784 E.0221
G1 X166.757 Y116.505 E.02211
G1 X166.79 Y117.135 E.01878
G1 X166.79 Y193.139 E2.2639
G1 X166.66 Y193.981 E.02537
G1 X166.392 Y194.672 E.0221
G1 X166.006 Y195.307 E.02211
G1 X165.493 Y195.843 E.02211
G1 X164.895 Y196.282 E.0221
G1 X164.216 Y196.581 E.0221
G1 X163.495 Y196.757 E.02211
G1 X162.993 Y196.79 E.01497
G1 X136.861 Y196.79 E.77839
G1 X136.019 Y196.66 E.02537
G1 X135.328 Y196.392 E.0221
G1 X134.693 Y196.006 E.02211
G1 X134.157 Y195.493 E.02211
G1 X133.718 Y194.895 E.0221
G1 X133.419 Y194.216 E.0221
G1 X133.243 Y193.495 E.02211
G1 X133.21 Y192.993 E.01497
G1 X133.21 Y116.861 E2.26772
G1 X133.34 Y116.019 E.02537
G1 X133.608 Y115.328 E.0221
G1 X133.994 Y114.693 E.02211
G1 X134.507 Y114.157 E.02211
G1 X135.105 Y113.718 E.0221
G1 X135.784 Y113.419 E.0221
G1 X136.505 Y113.243 E.02211
G1 X137.007 Y113.21 E.01497
G1 X163.205 Y113.219 E.78036
G1 X163.981 Y113.34 E.02337
G1 X164.673 Y113.609 E.02211
G1 X165.307 Y113.994 E.0221
G1 X165.843 Y114.507 E.02211
G1 X166.258 Y115.073 E.02091
G1 E-1.3 F1800
G1 Z3.4 F18000
G1 X148.587 Y119.538 Z3.4
G1 Z3
G1 E1.3 F1800
;TYPE:Inner wall
;WIDTH:0.449999
G1 F7757.448
G1 X148.511 Y119.572 E.00268
G1 X147.933 Y120.04 E.02391
G1 X147.496 Y120.642 E.02391
G1 X147.23 Y121.336 E.02391
G1 X147.148 Y121.999 E.02148
G1 X147.153 Y124.077 E.0668
G1 X147.269 Y124.81 E.02388
G1 X147.572 Y125.489 E.02391
G1 X148.04 Y126.067 E.02391
G1 X148.573 Y126.469 E.02146
G1 X149.19 Y126.731 E.02155
G1 X149.388 Y126.777 E.00655
G1 X150.076 Y126.847 E.02222
G1 X150.81 Y126.731 E.02391
G1 X151.489 Y126.428 E.02391
G1 X152.067 Y125.96 E.02391
G1 X152.504 Y125.358 E.02391
G1 X152.766 Y124.688 E.02313
G1 X152.852 Y124.001 E.02228
G1 X152.847 Y121.923 E.0668
G1 X152.731 Y121.19 E.02388
G1 X152.428 Y120.511 E.02391
G1 X151.96 Y119.933 E.02391
G1 X151.358 Y119.496 E.02391
G1 X150.81 Y119.269 E.01907
G1 X150.41 Y119.178 E.0132
G1 X149.837 Y119.159 E.01842
G1 X149.19 Y119.269 E.02111
G1 X148.623 Y119.522 E.01995
G1 X148.749 Y119.883 F18000
;TYPE:Outer wall
;WIDTH:0.419999
G1 F6000
G1 X148.244 Y120.279 E.01912
G1 X147.869 Y120.771 E.01842
G1 X147.623 Y121.365 E.01914
G1 X147.542 Y121.975 E.01834
G1 X147.54 Y124.001 E.06035
G1 X147.624 Y124.637 E.01911
G1 X147.866 Y125.223 E.01889
G1 X148.255 Y125.734 E.01913
G1 X148.759 Y126.124 E.01899
G1 X149.353 Y126.373 E.01918
G1 X149.992 Y126.46 E.0192
G1 X150.624 Y126.379 E.01897
G1 X151.222 Y126.135 E.01925
G1 X151.733 Y125.746 E.01914
G1 X152.126 Y125.237 E.01913
G1 X152.376 Y124.637 E.01938
G1 X152.458 Y124.025 E.01838
G1 X152.458 Y121.975 E.06108
G1 X152.368 Y121.34 E.01909
G1 X152.117 Y120.749 E.01912
G1 X151.721 Y120.244 E.01912
G1 X151.208 Y119.859 E.01912
G1 X150.66 Y119.632 E.01766
G1 X150.333 Y119.563 E.00995
G1 X149.892 Y119.547 E.01313
G1 X149.34 Y119.632 E.01665
G1 X148.786 Y119.868 E.01793
G1 E-1.3 F1800
G1 Z3.4 F18000
G1 X154.014 Y145.283 Z3.4
G1 Z3
G1 E1.3 F1800
;TYPE:Inner wall
;WIDTH:0.449999
G1 F7757.448
G1 X153.963 Y145.207 E.00295
G1 X153.423 Y144.695 E.02392
G1 X152.83 Y144.36 E.02191
G1 X152.197 Y144.187 E.0211
G1 X151.789 Y144.149 E.01318
G1 X148.249 Y144.148 E.11381
G1 X147.586 Y144.23 E.02149
G1 X147.381 Y144.294 E.00692
G1 X146.761 Y144.572 E.02185
G1 X146.183 Y145.04 E.02391
G1 X145.746 Y145.642 E.02391
G1 X145.48 Y146.336 E.02391
G1 X145.403 Y147.076 E.02391
G1 X145.519 Y147.81 E.02391
G1 X145.822 Y148.489 E.02391
G1 X146.29 Y149.067 E.02391
G1 X146.892 Y149.504 E.02391
;WIDTH:0.487299
G1 F7106.32
G1 X147.121 Y149.611 E.00887
;WIDTH:0.524598
G1 F6556.033
G1 X147.35 Y149.718 E.00962
;WIDTH:0.561897
G1 F6084.846
G1 X147.579 Y149.825 E.01036
G1 X148.249 Y149.887 E.0276
;WIDTH:0.519381
G1 F6627.814
G1 X151.938 Y149.887 E.13884
G1 X152.253 Y149.807 E.01222
;WIDTH:0.48469
G1 F7148.278
G1 X152.568 Y149.727 E.01133
;WIDTH:0.449999
G1 F7757.448
G1 X153.239 Y149.428 E.02365
G1 X153.71 Y149.067 E.01907
G1 X153.96 Y148.773 E.01241
G1 X154.254 Y148.358 E.01635
G1 X154.52 Y147.664 E.02391
G1 X154.597 Y146.924 E.02391
G1 X154.506 Y146.264 E.02143
G1 X154.245 Y145.628 E.0221
G1 X154.036 Y145.317 E.01206
G1 X153.54 Y145.34 F18000
;TYPE:Outer wall
;WIDTH:0.419999
G1 F6000
G1 X153.253 Y145.053 E.0121
G1 X152.7 Y144.731 E.01906
G1 X152.095 Y144.566 E.01869
G1 X151.763 Y144.54 E.00993
G1 X148.225 Y144.542 E.10539
G1 X147.531 Y144.656 E.02095
G1 X146.999 Y144.883 E.01721
G1 X146.494 Y145.279 E.01912
G1 X146.109 Y145.792 E.01912
G1 X145.869 Y146.387 E.01912
G1 X145.792 Y147.025 E.01912
G1 X145.882 Y147.66 E.01912
G1 X146.133 Y148.251 E.01912
G1 X146.529 Y148.756 E.01912
G1 X147.042 Y149.141 E.01912
G1 X147.637 Y149.381 E.01912
G1 X148.249 Y149.46 E.01838
G1 X151.78 Y149.46 E.10517
G1 X152.418 Y149.365 E.0192
G1 X153.001 Y149.117 E.01887
G1 X153.504 Y148.723 E.01903
G1 X153.881 Y148.229 E.01851
G1 X154.128 Y147.631 E.01929
G1 X154.21 Y147 E.01894
G1 X154.126 Y146.364 E.01911
G1 X153.928 Y145.867 E.01595
G1 X153.699 Y145.5 E.01288
G1 X153.569 Y145.369 E.00551
G1 E-1.3 F1800
G1 Z3.4 F18000
G1 X156.251 Y156.753 Z3.4
G1 Z3
G1 E1.3 F1800
;TYPE:Inner wall
;WIDTH:0.449999
G1 F7757.448
G1 X156.434 Y156.227 E.01788
G1 X156.557 Y155.638 E.01935
G1 X156.601 Y155.038 E.01935
G1 X156.566 Y154.437 E.01935
G1 X156.454 Y153.846 E.01935
G1 X156.265 Y153.274 E.01935
G1 X156.003 Y152.732 E.01935
G1 X155.673 Y152.229 E.01935
G1 X155.269 Y151.761 E.0199
G1 X154.804 Y151.351 E.01994
G1 X154.276 Y151.001 E.02037
G1 X153.726 Y150.735 E.01965
G1 X153.154 Y150.546 E.01935
G1 X152.563 Y150.434 E.01935
;WIDTH:0.493385
G1 F7010.308
G1 X152.302 Y150.395 E.00938
;WIDTH:0.53677
G1 F6394.441
G1 X152.042 Y150.356 E.01028
G1 X151.751 Y150.363 E.01135
;WIDTH:0.519381
G1 F6627.814
G1 X148.193 Y150.363 E.13389
;WIDTH:0.561897
G1 F6084.846
G1 X147.545 Y150.342 E.02659
G1 X147.426 Y150.359 E.00492
;WIDTH:0.528332
G1 F6505.603
G1 X147.307 Y150.376 E.00461
;WIDTH:0.494766
G1 F6988.874
G1 X146.714 Y150.398 E.02118
;WIDTH:0.449999
G1 F7757.448
G1 X141.999 Y150.398 E.15161
G1 X141.437 Y150.434 E.01811
G1 X140.848 Y150.546 E.0193
G1 X140.274 Y150.735 E.01941
G1 X139.732 Y150.997 E.01935
G1 X139.229 Y151.327 E.01935
G1 X138.774 Y151.72 E.01935
G1 X138.373 Y152.169 E.01935
G1 X138.035 Y152.667 E.01935
G1 X137.764 Y153.204 E.01935
G1 X137.566 Y153.773 E.01935
G1 X137.443 Y154.362 E.01935
G1 X137.399 Y154.962 E.01935
G1 X137.434 Y155.563 E.01935
G1 X137.546 Y156.154 E.01935
G1 X137.735 Y156.726 E.01935
G1 X137.997 Y157.268 E.01935
G1 X138.327 Y157.771 E.01935
G1 X138.72 Y158.226 E.01935
G1 X139.169 Y158.627 E.01935
G1 X139.667 Y158.965 E.01935
G1 X140.204 Y159.236 E.01935
G1 X140.773 Y159.434 E.01935
G1 X141.362 Y159.557 E.01935
G1 X141.961 Y159.601 E.01933
G1 X146.714 Y159.602 E.15283
;WIDTH:0.488273
G1 F7090.773
G1 X146.978 Y159.621 E.00932
;WIDTH:0.526547
G1 F6529.617
G1 X147.243 Y159.64 E.01012
;WIDTH:0.56482
G1 F6050.766
G1 X147.507 Y159.659 E.01092
G1 X148.249 Y159.637 E.03063
;WIDTH:0.519381
G1 F6627.814
G1 X152.067 Y159.637 E.1437
G1 X152.315 Y159.602 E.00942
;WIDTH:0.48469
G1 F7148.278
G1 X152.563 Y159.566 E.00873
;WIDTH:0.449999
G1 F7757.448
G1 X153.154 Y159.454 E.01935
G1 X153.726 Y159.265 E.01935
G1 X154.268 Y159.003 E.01935
G1 X154.771 Y158.673 E.01935
G1 X155.226 Y158.28 E.01935
G1 X155.627 Y157.831 E.01935
G1 X155.965 Y157.333 E.01935
G1 X156.236 Y156.796 E.01935
G1 X156.238 Y156.79 E.00019
G1 X155.884 Y156.622 F18000
;TYPE:Outer wall
;WIDTH:0.419999
G1 F6000
G1 X156.063 Y156.101 E.0164
G1 X156.172 Y155.562 E.0164
G1 X156.21 Y155.012 E.0164
G1 X156.175 Y154.463 E.0164
G1 X156.069 Y153.922 E.0164
G1 X155.894 Y153.4 E.0164
G1 X155.652 Y152.906 E.0164
G1 X155.347 Y152.447 E.0164
G1 X154.985 Y152.032 E.0164
G1 X154.572 Y151.668 E.0164
G1 X154.116 Y151.361 E.0164
G1 X153.622 Y151.116 E.0164
G1 X153.101 Y150.937 E.0164
G1 X152.562 Y150.828 E.0164
G1 X152.013 Y150.79 E.01638
G1 X141.999 Y150.79 E.29827
G1 X141.463 Y150.825 E.01601
G1 X140.924 Y150.93 E.01635
G1 X140.4 Y151.106 E.01645
G1 X139.906 Y151.348 E.0164
G1 X139.447 Y151.653 E.0164
G1 X139.032 Y152.015 E.0164
G1 X138.668 Y152.428 E.0164
G1 X138.361 Y152.885 E.0164
G1 X138.116 Y153.378 E.0164
G1 X137.937 Y153.899 E.0164
G1 X137.828 Y154.438 E.0164
G1 X137.79 Y154.988 E.0164
G1 X137.825 Y155.537 E.0164
G1 X137.931 Y156.078 E.0164
G1 X138.106 Y156.6 E.0164
G1 X138.348 Y157.094 E.0164
G1 X138.653 Y157.553 E.0164
G1 X139.015 Y157.968 E.0164
G1 X139.428 Y158.332 E.0164
G1 X139.884 Y158.639 E.0164
G1 X140.378 Y158.884 E.0164
G1 X140.899 Y159.063 E.0164
G1 X141.438 Y159.172 E.0164
G1 X141.987 Y159.21 E.01638
G1 X152.001 Y159.21 E.29827
G1 X152.537 Y159.175 E.01601
G1 X153.078 Y159.069 E.0164
G1 X153.6 Y158.894 E.0164
G1 X154.094 Y158.652 E.0164
G1 X154.553 Y158.347 E.0164
G1 X154.968 Y157.985 E.0164
G1 X155.332 Y157.572 E.0164
G1 X155.639 Y157.115 E.0164
G1 X155.867 Y156.658 E.01521
G1 E-1.3 F1800
G1 Z3.4 F18000
G1 X154.481 Y163.765 Z3.4
G1 Z3
G1 E1.3 F1800
;TYPE:Inner wall
;WIDTH:0.449999
G1 F7757.448
G1 X154.52 Y163.664 E.00349
G1 X154.597 Y162.924 E.02391
G1 X154.483 Y162.195 E.02372
G1 X154.245 Y161.628 E.01978
G1 X153.912 Y161.156 E.01857
G1 X153.423 Y160.695 E.02161
G1 X152.77 Y160.341 E.02391
;WIDTH:0.496788
G1 F6957.738
G1 X152.203 Y160.164 E.02128
;WIDTH:0.519381
G1 F6627.814
G1 X151.751 Y160.113 E.01712
G1 X148.204 Y160.113 E.1335
;WIDTH:0.561897
G1 F6084.846
G1 X147.579 Y160.175 E.02574
G1 X147.504 Y160.209 E.00338
;WIDTH:0.534419
G1 F6425.034
G1 X147.429 Y160.243 E.0032
;WIDTH:0.50694
G1 F6805.514
G1 X147.095 Y160.408 E.01365
;WIDTH:0.47847
G1 F7250.369
G1 X146.761 Y160.572 E.01281
;WIDTH:0.449999
G1 F7757.448
G1 X146.183 Y161.04 E.02391
G1 X145.746 Y161.642 E.02391
G1 X145.48 Y162.336 E.02391
G1 X145.403 Y162.924 E.01907
G1 X145.434 Y163.31 E.01243
G1 X145.519 Y163.81 E.01633
G1 X145.822 Y164.489 E.02391
G1 X146.29 Y165.067 E.02391
G1 X146.892 Y165.504 E.02391
G1 X147.565 Y165.766 E.02322
G1 X148.24 Y165.852 E.02189
G1 X151.827 Y165.847 E.11533
G1 X152.414 Y165.77 E.01905
G1 X152.619 Y165.706 E.00692
G1 X153.239 Y165.428 E.02185
G1 X153.817 Y164.96 E.02391
G1 X154.254 Y164.358 E.02391
G1 X154.467 Y163.802 E.01913
G1 X154.128 Y163.623 F18000
;TYPE:Outer wall
;WIDTH:0.419999
G1 F6000
G1 X154.21 Y163 E.01872
G1 X154.129 Y162.377 E.01872
G1 X153.92 Y161.849 E.0169
G1 X153.635 Y161.433 E.01502
G1 X153.227 Y161.035 E.01699
G1 X152.668 Y160.719 E.01912
G1 X152.095 Y160.566 E.01766
G1 X151.763 Y160.54 E.00993
G1 X148.225 Y160.542 E.1054
G1 X147.59 Y160.632 E.0191
G1 X146.999 Y160.883 E.01912
G1 X146.494 Y161.279 E.01912
G1 X146.109 Y161.792 E.01912
G1 X145.869 Y162.387 E.01912
G1 X145.79 Y163 E.0184
G1 X145.875 Y163.639 E.01921
G1 X146.12 Y164.23 E.01906
G1 X146.505 Y164.734 E.01889
G1 X147.014 Y165.127 E.01914
G1 X147.601 Y165.372 E.01896
G1 X148.225 Y165.458 E.01876
G1 X151.775 Y165.458 E.10576
G1 X152.376 Y165.379 E.01806
G1 X152.972 Y165.135 E.01917
G1 X153.483 Y164.746 E.01913
G1 X153.88 Y164.23 E.01938
G1 X154.116 Y163.661 E.01836
G1 E-1.3 F1800
G1 Z3.4 F18000
G1 X150.348 Y183.173 Z3.4
G1 Z3
G1 E1.3 F1800
;TYPE:Inner wall
;WIDTH:0.449999
G1 F7757.448
G1 X149.837 Y183.159 E.01645
G1 X149.19 Y183.269 E.02111
G1 X148.511 Y183.572 E.02391
G1 X147.933 Y184.04 E.02391
M73 P69 R6
G1 X147.496 Y184.642 E.02391
G1 X147.245 Y185.261 E.02149
G1 X147.153 Y185.923 E.0215
G1 X147.148 Y188.001 E.0668
G1 X147.269 Y188.81 E.02632
G1 X147.572 Y189.489 E.02391
G1 X148.04 Y190.067 E.02391
G1 X148.642 Y190.504 E.02391
G1 X149.336 Y190.77 E.0239
G1 X150.076 Y190.847 E.02391
G1 X150.81 Y190.731 E.02391
G1 X151.489 Y190.428 E.02391
G1 X152.067 Y189.96 E.02391
G1 X152.504 Y189.358 E.02391
G1 X152.77 Y188.664 E.02391
G1 X152.852 Y188.001 E.02148
G1 X152.847 Y185.923 E.0668
G1 X152.731 Y185.19 E.02388
G1 X152.428 Y184.511 E.02391
G1 X151.96 Y183.933 E.02391
G1 X151.427 Y183.531 E.02146
G1 X150.81 Y183.269 E.02155
G1 X150.388 Y183.175 E.0139
G1 X150.517 Y183.602 F18000
;TYPE:Outer wall
;WIDTH:0.419999
G1 F6000
G1 X150.333 Y183.563 E.0056
G1 X149.926 Y183.545 E.01214
G1 X149.375 Y183.621 E.01657
G1 X148.781 Y183.864 E.01911
G1 X148.267 Y184.254 E.01923
G1 X147.874 Y184.763 E.01913
G1 X147.624 Y185.363 E.01938
G1 X147.542 Y185.975 E.01838
G1 X147.54 Y188.001 E.06035
G1 X147.632 Y188.66 E.01983
G1 X147.883 Y189.251 E.01912
G1 X148.279 Y189.756 E.01912
G1 X148.792 Y190.141 E.01912
G1 X149.387 Y190.381 E.01912
G1 X150.025 Y190.458 E.01912
G1 X150.66 Y190.368 E.01912
G1 X151.251 Y190.117 E.01912
G1 X151.756 Y189.721 E.01912
G1 X152.131 Y189.229 E.01842
G1 X152.377 Y188.635 E.01914
G1 X152.458 Y188.025 E.01834
G1 X152.46 Y185.999 E.06035
G1 X152.376 Y185.363 E.01911
G1 X152.134 Y184.777 E.01889
G1 X151.745 Y184.266 E.01913
G1 X151.241 Y183.876 E.01899
G1 X150.66 Y183.632 E.01876
G1 X150.556 Y183.61 E.00316
G1 E-1.3 F1800
G1 Z3.4 F18000
G1 X151.789 Y166.195 Z3.4
G1 Z3
G1 E1.3 F1800
;TYPE:Sparse infill
;WIDTH:0.45
G1 F7757.437
G1 X150.161 Y166.197 E.05236
G1 X149.959 Y166.399 E.00917
G1 X150.041 Y168.471 E.0667
G1 X148.964 Y169.549 E.04899
G1 X146.891 Y169.467 E.0667
G1 X145.814 Y170.544 E.04899
G1 X145.896 Y172.616 E.0667
G1 X144.819 Y173.694 E.04899
G1 X142.746 Y173.612 E.0667
G1 X141.669 Y174.689 E.04899
G1 X141.751 Y176.761 E.0667
G1 X140.674 Y177.839 E.04899
G1 X138.601 Y177.757 E.0667
G1 X137.524 Y178.834 E.04899
G1 X137.606 Y180.906 E.0667
G1 X136.529 Y181.984 E.04899
G1 X134.456 Y181.902 E.0667
G1 X133.948 Y182.41 E.02311
G1 X133.948 Y178.265 E.13329
G1 X134.456 Y177.757 E.02311
G1 X136.529 Y177.839 E.0667
G1 X137.606 Y176.761 E.04899
G1 X137.524 Y174.689 E.0667
G1 X138.601 Y173.612 E.04899
G1 X140.674 Y173.694 E.0667
G1 X141.751 Y172.616 E.04899
G1 X141.669 Y170.544 E.0667
G1 X142.746 Y169.467 E.04899
G1 X144.819 Y169.549 E.0667
G1 X145.896 Y168.471 E.04899
G1 X145.814 Y166.399 E.0667
G1 X146.531 Y165.682 E.03259
G1 X145.966 Y165.239 E.02309
G1 X145.538 Y164.685 E.02252
G1 X144.819 Y165.403 E.03269
G1 X142.746 Y165.322 E.0667
G1 X141.669 Y166.399 E.04899
G1 X141.751 Y168.471 E.0667
G1 X140.674 Y169.549 E.04899
G1 X138.601 Y169.467 E.0667
G1 X137.524 Y170.544 E.04899
G1 X137.606 Y172.616 E.0667
G1 X136.529 Y173.694 E.04899
G1 X134.456 Y173.612 E.0667
G1 X133.948 Y174.12 E.02311
G1 X133.948 Y172.491 E.05236
G1 X166.052 Y192.533 F18000
G1 F7757.437
G1 X166.052 Y192.969 E.01402
G1 X166.024 Y193.398 E.01383
G1 X165.946 Y193.789 E.01283
G1 X165.829 Y194.133 E.01168
G1 X165.544 Y194.419 E.01298
G1 X163.471 Y194.337 E.0667
G1 X162.394 Y195.414 E.04899
G1 X162.419 Y196.052 E.02053
G1 X158.274 Y196.052 E.13329
G1 X158.249 Y195.414 E.02053
G1 X159.326 Y194.337 E.04899
G1 X161.399 Y194.419 E.0667
G1 X162.476 Y193.341 E.04899
G1 X162.394 Y191.269 E.0667
G1 X163.471 Y190.192 E.04899
G1 X165.544 Y190.274 E.0667
G1 X166.052 Y189.766 E.02311
G1 X166.052 Y185.621 E.13329
G1 X165.544 Y186.129 E.02311
G1 X163.471 Y186.047 E.0667
G1 X162.394 Y187.124 E.04899
G1 X162.476 Y189.196 E.0667
G1 X161.399 Y190.274 E.04899
G1 X159.326 Y190.192 E.0667
G1 X158.249 Y191.269 E.04899
G1 X158.331 Y193.341 E.0667
G1 X157.254 Y194.419 E.04899
G1 X155.181 Y194.337 E.0667
G1 X154.104 Y195.414 E.04899
G1 X154.129 Y196.052 E.02053
G1 X149.984 Y196.052 E.13329
G1 X149.959 Y195.414 E.02053
G1 X151.036 Y194.337 E.04899
G1 X153.109 Y194.419 E.0667
G1 X154.186 Y193.341 E.04899
G1 X154.104 Y191.269 E.0667
G1 X155.181 Y190.192 E.04899
G1 X157.254 Y190.274 E.0667
G1 X158.331 Y189.196 E.04899
G1 X158.249 Y187.124 E.0667
G1 X159.326 Y186.047 E.04899
G1 X161.399 Y186.129 E.0667
G1 X162.476 Y185.051 E.04899
G1 X162.394 Y182.979 E.0667
G1 X163.471 Y181.902 E.04899
G1 X165.544 Y181.984 E.0667
G1 X166.052 Y181.475 E.02311
G1 X166.052 Y177.33 E.13329
G1 X165.544 Y177.839 E.02311
G1 X163.471 Y177.757 E.0667
G1 X162.394 Y178.834 E.04899
G1 X162.476 Y180.906 E.0667
G1 X161.399 Y181.984 E.04899
G1 X159.326 Y181.902 E.0667
G1 X158.249 Y182.979 E.04899
G1 X158.331 Y185.051 E.0667
G1 X157.254 Y186.129 E.04899
G1 X155.181 Y186.047 E.0667
G1 X154.104 Y187.124 E.04899
G1 X154.186 Y189.196 E.0667
G1 X153.109 Y190.274 E.04899
G1 X152.273 Y190.241 E.0269
G1 X152.178 Y190.336 E.00432
G1 X151.692 Y190.708 E.01967
G1 X151.499 Y190.82 E.00719
G1 X150.935 Y191.053 E.01962
G1 X150.752 Y191.106 E.00613
G1 X150.033 Y191.195 E.02331
G1 X149.959 Y191.269 E.00335
G1 X150.041 Y193.341 E.0667
G1 X148.964 Y194.419 E.04899
G1 X146.891 Y194.337 E.0667
G1 X145.814 Y195.414 E.04899
G1 X145.839 Y196.052 E.02053
G1 X141.694 Y196.052 E.13329
G1 X141.669 Y195.414 E.02053
G1 X142.746 Y194.337 E.04899
G1 X144.819 Y194.419 E.0667
G1 X145.896 Y193.341 E.04899
G1 X145.814 Y191.269 E.0667
G1 X146.891 Y190.192 E.04899
G1 X147.711 Y190.224 E.02637
G1 X147.292 Y189.692 E.02176
G1 X147.18 Y189.498 E.00721
G1 X146.908 Y188.822 E.02343
G1 X146.802 Y188.01 E.02635
G1 X146.808 Y186.13 E.06044
G1 X145.814 Y187.124 E.0452
G1 X145.896 Y189.196 E.0667
G1 X144.819 Y190.274 E.04899
G1 X142.746 Y190.192 E.0667
G1 X141.669 Y191.269 E.04899
G1 X141.751 Y193.341 E.0667
G1 X140.674 Y194.419 E.04899
G1 X138.601 Y194.337 E.0667
G1 X137.524 Y195.414 E.04899
G1 X137.549 Y196.052 E.02053
G1 X137.031 Y196.052 E.01666
G1 X136.602 Y196.024 E.01383
G1 X136.211 Y195.946 E.01283
G1 X135.833 Y195.818 E.01283
G1 X135.475 Y195.641 E.01283
G1 X135.143 Y195.42 E.01283
G1 X134.843 Y195.157 E.01283
G1 X134.58 Y194.857 E.01283
G1 X134.329 Y194.464 E.01499
G1 X134.456 Y194.337 E.00579
G1 X136.529 Y194.419 E.0667
G1 X137.606 Y193.341 E.04899
G1 X137.524 Y191.269 E.0667
G1 X138.601 Y190.192 E.04899
G1 X140.674 Y190.274 E.0667
G1 X141.751 Y189.196 E.04899
G1 X141.669 Y187.124 E.0667
G1 X142.746 Y186.047 E.04899
G1 X144.819 Y186.129 E.0667
G1 X145.896 Y185.051 E.04899
G1 X145.814 Y182.979 E.0667
G1 X146.891 Y181.902 E.04899
G1 X148.964 Y181.984 E.0667
G1 X150.041 Y180.906 E.04899
G1 X149.959 Y178.834 E.0667
G1 X151.036 Y177.757 E.04899
G1 X153.109 Y177.839 E.0667
G1 X154.186 Y176.761 E.04899
G1 X154.104 Y174.689 E.0667
G1 X155.181 Y173.612 E.04899
G1 X157.254 Y173.694 E.0667
G1 X158.331 Y172.616 E.04899
G1 X158.249 Y170.544 E.0667
G1 X159.326 Y169.467 E.04899
G1 X161.399 Y169.549 E.0667
G1 X162.476 Y168.471 E.04899
G1 X162.394 Y166.399 E.0667
G1 X163.471 Y165.322 E.04899
G1 X165.544 Y165.403 E.0667
G1 X166.052 Y164.895 E.02311
G1 X166.052 Y169.04 E.13329
G1 X165.544 Y169.549 E.02311
G1 X163.471 Y169.467 E.0667
G1 X162.394 Y170.544 E.04899
G1 X162.476 Y172.616 E.0667
G1 X161.399 Y173.694 E.04899
G1 X159.326 Y173.612 E.0667
G1 X158.249 Y174.689 E.04899
G1 X158.331 Y176.761 E.0667
G1 X157.254 Y177.839 E.04899
G1 X155.181 Y177.757 E.0667
G1 X154.104 Y178.834 E.04899
G1 X154.186 Y180.906 E.0667
G1 X153.109 Y181.984 E.04899
G1 X151.036 Y181.902 E.0667
G1 X150.12 Y182.818 E.04168
G1 X150.437 Y182.831 E.01022
G1 X150.905 Y182.935 E.01539
G1 X151.602 Y183.23 E.02435
G1 X152.235 Y183.711 E.02556
G1 X152.707 Y184.307 E.02444
G1 X152.82 Y184.502 E.00724
G1 X153.09 Y185.172 E.02323
G1 X153.198 Y186.039 E.02811
G1 X154.186 Y185.051 E.04493
G1 X154.104 Y182.979 E.0667
G1 X155.181 Y181.902 E.04899
G1 X157.254 Y181.984 E.0667
G1 X158.331 Y180.906 E.04899
G1 X158.249 Y178.834 E.0667
G1 X159.326 Y177.757 E.04899
G1 X161.399 Y177.839 E.0667
G1 X162.476 Y176.761 E.04899
G1 X162.394 Y174.689 E.0667
G1 X163.471 Y173.612 E.04899
G1 X165.544 Y173.694 E.0667
G1 X166.052 Y173.185 E.02311
G1 X166.052 Y174.814 E.05236
G1 X166.052 Y162.379 F18000
G1 F7757.437
G1 X166.052 Y160.75 E.05236
G1 X165.544 Y161.258 E.02311
G1 X163.471 Y161.177 E.0667
G1 X162.394 Y162.254 E.04899
G1 X162.476 Y164.326 E.0667
G1 X161.399 Y165.403 E.04899
G1 X159.326 Y165.322 E.0667
G1 X158.249 Y166.399 E.04899
G1 X158.331 Y168.471 E.0667
G1 X157.254 Y169.549 E.04899
G1 X155.181 Y169.467 E.0667
G1 X154.104 Y170.544 E.04899
G1 X154.186 Y172.616 E.0667
G1 X153.109 Y173.694 E.04899
G1 X151.036 Y173.612 E.0667
G1 X149.959 Y174.689 E.04899
G1 X150.041 Y176.761 E.0667
G1 X148.964 Y177.839 E.04899
G1 X146.891 Y177.757 E.0667
G1 X145.814 Y178.834 E.04899
G1 X145.896 Y180.906 E.0667
G1 X144.819 Y181.984 E.04899
G1 X142.746 Y181.902 E.0667
G1 X141.669 Y182.979 E.04899
G1 X141.751 Y185.051 E.0667
G1 X140.674 Y186.129 E.04899
G1 X138.601 Y186.047 E.0667
G1 X137.524 Y187.124 E.04899
G1 X137.606 Y189.196 E.0667
G1 X136.529 Y190.274 E.04899
G1 X134.456 Y190.192 E.0667
G1 X133.948 Y190.7 E.0231
G1 X133.948 Y186.555 E.13329
G1 X134.456 Y186.047 E.02311
G1 X136.529 Y186.129 E.0667
G1 X137.606 Y185.051 E.04899
G1 X137.524 Y182.979 E.0667
G1 X138.601 Y181.902 E.04899
G1 X140.674 Y181.984 E.0667
G1 X141.751 Y180.906 E.04899
G1 X141.669 Y178.834 E.0667
G1 X142.746 Y177.757 E.04899
G1 X144.819 Y177.839 E.0667
G1 X145.896 Y176.761 E.04899
G1 X145.814 Y174.689 E.0667
G1 X146.891 Y173.612 E.04899
G1 X148.964 Y173.694 E.0667
G1 X150.041 Y172.616 E.04899
G1 X149.959 Y170.544 E.0667
G1 X151.036 Y169.467 E.04899
G1 X153.109 Y169.549 E.0667
G1 X154.186 Y168.471 E.04899
G1 X154.104 Y166.399 E.0667
G1 X155.181 Y165.322 E.04899
G1 X157.254 Y165.403 E.0667
G1 X158.331 Y164.326 E.04899
G1 X158.249 Y162.254 E.0667
G1 X159.326 Y161.177 E.04899
G1 X161.399 Y161.258 E.0667
G1 X162.476 Y160.181 E.04899
G1 X162.394 Y158.109 E.0667
G1 X163.471 Y157.032 E.04899
G1 X165.544 Y157.113 E.0667
G1 X166.052 Y156.605 E.02311
G1 X166.052 Y152.46 E.13329
G1 X165.544 Y152.968 E.02311
G1 X163.471 Y152.887 E.0667
G1 X162.394 Y153.964 E.04899
G1 X162.476 Y156.036 E.0667
G1 X161.399 Y157.113 E.04899
G1 X159.326 Y157.032 E.0667
G1 X158.249 Y158.109 E.04899
G1 X158.331 Y160.181 E.0667
G1 X157.254 Y161.258 E.04899
G1 X155.181 Y161.177 E.0667
G1 X154.655 Y161.703 E.02395
G1 X154.574 Y161.506 E.00684
G1 X154.268 Y161.028 E.01826
G1 X153.806 Y160.561 E.02113
G1 X154.186 Y160.181 E.01727
G1 X154.157 Y159.444 E.02374
G1 X154.455 Y159.296 E.0107
G1 X155.053 Y158.893 E.02318
G1 X155.507 Y158.491 E.01951
G1 X155.913 Y158.029 E.01978
G1 X156.258 Y157.519 E.0198
G1 X156.479 Y157.083 E.01571
G1 X157.254 Y157.113 E.02495
G1 X158.331 Y156.036 E.04899
G1 X158.249 Y153.964 E.0667
G1 X159.326 Y152.887 E.04899
G1 X161.399 Y152.968 E.0667
G1 X162.476 Y151.891 E.04899
G1 X162.394 Y149.819 E.0667
G1 X163.471 Y148.742 E.04899
G1 X165.544 Y148.823 E.0667
G1 X166.052 Y148.315 E.02311
G1 X166.052 Y144.17 E.13329
G1 X165.544 Y144.678 E.02311
G1 X163.471 Y144.597 E.0667
G1 X162.394 Y145.674 E.04899
G1 X162.476 Y147.746 E.0667
G1 X161.399 Y148.823 E.04899
G1 X159.326 Y148.742 E.0667
G1 X158.249 Y149.819 E.04899
G1 X158.331 Y151.891 E.0667
G1 X157.254 Y152.968 E.04899
G1 X156.486 Y152.938 E.02471
G1 X156.31 Y152.572 E.01305
G1 X155.93 Y151.992 E.02231
G1 X155.461 Y151.465 E.02267
G1 X155.015 Y151.077 E.01902
G1 X154.519 Y150.742 E.01926
G1 X154.133 Y150.547 E.01391
G1 X154.104 Y149.819 E.02343
G1 X155.181 Y148.742 E.04899
G1 X157.254 Y148.823 E.0667
G1 X158.331 Y147.746 E.04899
G1 X158.249 Y145.674 E.0667
G1 X159.326 Y144.597 E.04899
G1 X161.399 Y144.678 E.0667
G1 X162.476 Y143.601 E.04899
G1 X162.394 Y141.529 E.0667
G1 X163.471 Y140.451 E.04899
G1 X165.544 Y140.533 E.0667
G1 X166.052 Y140.025 E.02311
G1 X166.052 Y135.88 E.13329
G1 X165.544 Y136.388 E.02311
G1 X163.471 Y136.306 E.0667
G1 X162.394 Y137.384 E.04899
G1 X162.476 Y139.456 E.0667
G1 X161.399 Y140.533 E.04899
G1 X159.326 Y140.451 E.0667
G1 X158.249 Y141.529 E.04899
G1 X158.331 Y143.601 E.0667
G1 X157.254 Y144.678 E.04899
G1 X155.181 Y144.597 E.0667
G1 X154.456 Y145.322 E.03297
G1 X154.277 Y145.038 E.01079
G1 X153.782 Y144.536 E.02266
G1 X153.603 Y144.4 E.00723
G1 X153.465 Y144.322 E.0051
G1 X154.186 Y143.601 E.03278
G1 X154.104 Y141.529 E.0667
G1 X155.181 Y140.451 E.04899
G1 X157.254 Y140.533 E.0667
G1 X158.331 Y139.456 E.04899
G1 X158.249 Y137.384 E.0667
G1 X159.326 Y136.306 E.04899
G1 X161.399 Y136.388 E.0667
M73 P70 R6
G1 X162.476 Y135.311 E.04899
G1 X162.394 Y133.239 E.0667
G1 X163.471 Y132.161 E.04899
G1 X165.544 Y132.243 E.0667
G1 X166.052 Y131.735 E.02311
G1 X166.052 Y127.59 E.13329
G1 X165.544 Y128.098 E.02311
G1 X163.471 Y128.016 E.0667
G1 X162.394 Y129.094 E.04899
G1 X162.476 Y131.166 E.0667
G1 X161.399 Y132.243 E.04899
G1 X159.326 Y132.161 E.0667
G1 X158.249 Y133.239 E.04899
G1 X158.331 Y135.311 E.0667
G1 X157.254 Y136.388 E.04899
G1 X155.181 Y136.306 E.0667
G1 X154.104 Y137.384 E.04899
G1 X154.186 Y139.456 E.0667
G1 X153.109 Y140.533 E.04899
G1 X151.036 Y140.451 E.0667
G1 X149.959 Y141.529 E.04899
G1 X150.041 Y143.601 E.0667
G1 X149.84 Y143.802 E.00913
G1 X148.212 Y143.805 E.05235
G1 E-1.3 F1800
G1 Z3.4 F18000
G1 X144.195 Y150.052 Z3.4
G1 Z3
G1 E1.3 F1800
G1 F7757.437
G1 X145.823 Y150.052 E.05236
G1 X145.814 Y149.819 E.0075
G1 X146.2 Y149.433 E.01753
G1 X146.072 Y149.336 E.00516
G1 X145.914 Y149.178 E.00718
G1 X145.542 Y148.692 E.01967
G1 X145.43 Y148.499 E.00718
G1 X145.346 Y148.296 E.00707
G1 X144.819 Y148.823 E.02399
G1 X142.746 Y148.742 E.0667
G1 X141.669 Y149.819 E.04899
G1 X141.679 Y150.072 E.00814
G1 X141.405 Y150.089 E.00882
G1 X140.669 Y150.235 E.02413
G1 X140.1 Y150.435 E.01941
G1 E-1.3 F1800
G1 Z3.4 F18000
G1 X146.77 Y160.176 Z3.4
G1 Z3
G1 E1.3 F1800
G1 F7757.437
G1 X147.118 Y159.988 E.01271
G1 X146.707 Y159.948 E.01326
G1 X145.887 Y159.948 E.02639
G1 X145.896 Y160.181 E.00751
G1 X144.819 Y161.258 E.04899
G1 X142.746 Y161.177 E.0667
G1 X141.669 Y162.254 E.04899
G1 X141.751 Y164.326 E.0667
G1 X140.674 Y165.403 E.04899
G1 X138.601 Y165.322 E.0667
G1 X137.524 Y166.399 E.04899
G1 X137.606 Y168.471 E.0667
G1 X136.529 Y169.549 E.04899
G1 X134.456 Y169.467 E.0667
G1 X133.948 Y169.975 E.02311
G1 X133.948 Y165.83 E.13329
G1 X134.456 Y165.322 E.02311
G1 X136.529 Y165.403 E.0667
G1 X137.606 Y164.326 E.04899
G1 X137.524 Y162.254 E.0667
G1 X138.601 Y161.177 E.04899
G1 X140.674 Y161.258 E.0667
G1 X141.751 Y160.181 E.04899
G1 X141.741 Y159.933 E.00801
G1 X141.351 Y159.906 E.01258
G1 X140.77 Y159.792 E.01902
G1 X140.157 Y159.591 E.02075
G1 X133.948 Y160.056 F18000
G1 F7757.437
G1 X133.948 Y161.685 E.05236
G1 X134.456 Y161.177 E.02311
G1 X136.529 Y161.258 E.0667
G1 X137.606 Y160.181 E.04899
G1 X137.524 Y158.109 E.0667
G1 X137.893 Y157.74 E.01679
G1 X137.742 Y157.519 E.00859
G1 X137.45 Y156.942 E.02081
G1 X137.255 Y156.387 E.01891
G1 X136.529 Y157.113 E.03303
G1 X134.456 Y157.032 E.0667
G1 X133.948 Y157.54 E.02311
G1 X133.948 Y153.395 E.13329
G1 X134.456 Y152.887 E.02311
G1 X136.529 Y152.968 E.0667
G1 X137.606 Y151.891 E.04899
G1 X137.524 Y149.819 E.0667
G1 X138.601 Y148.742 E.04899
G1 X140.674 Y148.823 E.0667
G1 X141.751 Y147.746 E.04899
G1 X141.669 Y145.674 E.0667
G1 X142.746 Y144.597 E.04899
G1 X144.819 Y144.678 E.0667
G1 X145.896 Y143.601 E.04899
G1 X145.814 Y141.529 E.0667
G1 X146.891 Y140.451 E.04899
G1 X148.964 Y140.533 E.0667
G1 X150.041 Y139.456 E.04899
G1 X149.959 Y137.384 E.0667
G1 X151.036 Y136.306 E.04899
G1 X153.109 Y136.388 E.0667
G1 X154.186 Y135.311 E.04899
G1 X154.104 Y133.239 E.0667
G1 X155.181 Y132.161 E.04899
G1 X157.254 Y132.243 E.0667
G1 X158.331 Y131.166 E.04899
G1 X158.249 Y129.094 E.0667
G1 X159.326 Y128.016 E.04899
G1 X161.399 Y128.098 E.0667
G1 X162.476 Y127.021 E.04899
G1 X162.394 Y124.949 E.0667
G1 X163.471 Y123.871 E.04899
G1 X165.544 Y123.953 E.0667
G1 X166.052 Y123.445 E.02311
G1 X166.052 Y119.3 E.13329
G1 X165.544 Y119.808 E.02311
G1 X163.471 Y119.726 E.0667
G1 X162.394 Y120.804 E.04899
G1 X162.476 Y122.876 E.0667
G1 X161.399 Y123.953 E.04899
G1 X159.326 Y123.871 E.0667
G1 X158.249 Y124.949 E.04899
G1 X158.331 Y127.021 E.0667
G1 X157.254 Y128.098 E.04899
G1 X155.181 Y128.016 E.0667
G1 X154.104 Y129.094 E.04899
G1 X154.186 Y131.166 E.0667
G1 X153.109 Y132.243 E.04899
G1 X151.036 Y132.161 E.0667
G1 X149.959 Y133.239 E.04899
G1 X150.041 Y135.311 E.0667
G1 X148.964 Y136.388 E.04899
G1 X146.891 Y136.306 E.0667
G1 X145.814 Y137.384 E.04899
G1 X145.896 Y139.456 E.0667
G1 X144.819 Y140.533 E.04899
G1 X142.746 Y140.451 E.0667
G1 X141.669 Y141.529 E.04899
G1 X141.751 Y143.601 E.0667
G1 X140.674 Y144.678 E.04899
G1 X138.601 Y144.597 E.0667
G1 X137.524 Y145.674 E.04899
G1 X137.606 Y147.746 E.0667
G1 X136.529 Y148.823 E.04899
G1 X134.456 Y148.742 E.0667
G1 X133.948 Y149.25 E.02311
G1 X133.948 Y145.105 E.13329
G1 X134.456 Y144.597 E.02311
G1 X136.529 Y144.678 E.0667
G1 X137.606 Y143.601 E.04899
G1 X137.524 Y141.529 E.0667
G1 X138.601 Y140.451 E.04899
G1 X140.674 Y140.533 E.0667
G1 X141.751 Y139.456 E.04899
G1 X141.669 Y137.384 E.0667
G1 X142.746 Y136.306 E.04899
G1 X144.819 Y136.388 E.0667
G1 X145.896 Y135.311 E.04899
G1 X145.814 Y133.239 E.0667
G1 X146.891 Y132.161 E.04899
G1 X148.964 Y132.243 E.0667
G1 X150.041 Y131.166 E.04899
G1 X149.959 Y129.094 E.0667
G1 X151.036 Y128.016 E.04899
G1 X153.109 Y128.098 E.0667
G1 X154.186 Y127.021 E.04899
G1 X154.104 Y124.949 E.0667
G1 X155.181 Y123.871 E.04899
G1 X157.254 Y123.953 E.0667
G1 X158.331 Y122.876 E.04899
G1 X158.249 Y120.804 E.0667
G1 X159.326 Y119.726 E.04899
G1 X161.399 Y119.808 E.0667
G1 X162.476 Y118.731 E.04899
G1 X162.394 Y116.659 E.0667
G1 X163.471 Y115.581 E.04899
G1 X165.544 Y115.663 E.0667
G1 X165.671 Y115.536 E.00579
G1 X165.42 Y115.143 E.01499
G1 X165.157 Y114.843 E.01283
G1 X164.857 Y114.58 E.01283
G1 X164.525 Y114.359 E.01283
G1 X164.167 Y114.182 E.01283
G1 X163.789 Y114.054 E.01283
G1 X163.398 Y113.976 E.01283
G1 X163.112 Y113.957 E.00921
G1 X162.451 Y113.957 E.02126
G1 X162.476 Y114.586 E.02024
G1 X161.399 Y115.663 E.04899
G1 X159.326 Y115.581 E.0667
G1 X158.249 Y116.659 E.04899
G1 X158.331 Y118.731 E.0667
G1 X157.254 Y119.808 E.04899
G1 X155.181 Y119.726 E.0667
G1 X154.104 Y120.804 E.04899
G1 X154.186 Y122.876 E.0667
G1 X153.192 Y123.87 E.0452
G1 X153.198 Y121.99 E.06044
G1 X153.092 Y121.178 E.02635
G1 X152.82 Y120.502 E.02343
G1 X152.708 Y120.308 E.00721
G1 X152.289 Y119.776 E.02176
G1 X153.109 Y119.808 E.02637
G1 X154.186 Y118.731 E.04899
G1 X154.104 Y116.659 E.0667
G1 X155.181 Y115.581 E.04899
G1 X157.254 Y115.663 E.0667
G1 X158.331 Y114.586 E.04899
G1 X158.306 Y113.956 E.02028
G1 X154.161 Y113.954 E.13329
G1 X154.186 Y114.586 E.02033
G1 X153.109 Y115.663 E.04899
G1 X151.036 Y115.581 E.0667
G1 X149.959 Y116.659 E.04899
G1 X150.041 Y118.731 E.0667
G1 X149.955 Y118.817 E.0039
G1 X149.799 Y118.815 E.00501
G1 X149.247 Y118.894 E.01795
G1 X149.065 Y118.947 E.00609
G1 X148.501 Y119.18 E.01962
G1 X148.308 Y119.292 E.00719
G1 X147.822 Y119.664 E.01967
G1 X147.727 Y119.759 E.00432
G1 X146.891 Y119.726 E.0269
G1 X145.814 Y120.804 E.04899
G1 X145.896 Y122.876 E.0667
G1 X144.819 Y123.953 E.04899
G1 X142.746 Y123.871 E.0667
G1 X141.669 Y124.949 E.04899
G1 X141.751 Y127.021 E.0667
G1 X140.674 Y128.098 E.04899
G1 X138.601 Y128.016 E.0667
G1 X137.524 Y129.094 E.04899
G1 X137.606 Y131.166 E.0667
G1 X136.529 Y132.243 E.04899
G1 X134.456 Y132.161 E.0667
G1 X133.948 Y132.67 E.02311
G1 X133.948 Y128.525 E.13329
G1 X134.456 Y128.016 E.02311
G1 X136.529 Y128.098 E.0667
G1 X137.606 Y127.021 E.04899
G1 X137.524 Y124.949 E.0667
G1 X138.601 Y123.871 E.04899
G1 X140.674 Y123.953 E.0667
G1 X141.751 Y122.876 E.04899
G1 X141.669 Y120.804 E.0667
G1 X142.746 Y119.726 E.04899
G1 X144.819 Y119.808 E.0667
G1 X145.896 Y118.731 E.04899
G1 X145.814 Y116.659 E.0667
G1 X146.891 Y115.581 E.04899
G1 X148.964 Y115.663 E.0667
G1 X150.041 Y114.586 E.04899
G1 X150.016 Y113.953 E.02038
G1 X145.871 Y113.951 E.13329
G1 X145.896 Y114.586 E.02043
G1 X144.819 Y115.663 E.04899
G1 X142.746 Y115.581 E.0667
G1 X141.669 Y116.659 E.04899
G1 X141.751 Y118.731 E.0667
G1 X140.674 Y119.808 E.04899
G1 X138.601 Y119.726 E.0667
G1 X137.524 Y120.804 E.04899
G1 X137.606 Y122.876 E.0667
G1 X136.529 Y123.953 E.04899
G1 X134.456 Y123.871 E.0667
G1 X133.948 Y124.379 E.02311
G1 X133.948 Y120.234 E.13329
G1 X134.456 Y119.726 E.02311
G1 X136.529 Y119.808 E.0667
G1 X137.606 Y118.731 E.04899
G1 X137.524 Y116.659 E.0667
G1 X138.601 Y115.581 E.04899
G1 X140.674 Y115.663 E.0667
G1 X141.751 Y114.586 E.04899
G1 X141.726 Y113.95 E.02048
G1 X137.581 Y113.948 E.13329
G1 X137.606 Y114.586 E.02052
G1 X136.529 Y115.663 E.04899
G1 X134.456 Y115.581 E.0667
G1 X134.171 Y115.867 E.01298
G1 X134.054 Y116.211 E.01168
G1 X133.976 Y116.602 E.01283
G1 X133.948 Y117.031 E.01383
G1 X133.948 Y117.467 E.01402
G1 X147.195 Y125.525 F18000
G1 F7757.437
G1 X146.91 Y124.828 E.02422
G1 X146.802 Y123.961 E.02811
G1 X145.814 Y124.949 E.04493
G1 X145.896 Y127.021 E.0667
G1 X144.819 Y128.098 E.04899
G1 X142.746 Y128.016 E.0667
G1 X141.669 Y129.094 E.04899
G1 X141.751 Y131.166 E.0667
G1 X140.674 Y132.243 E.04899
G1 X138.601 Y132.161 E.0667
G1 X137.524 Y133.239 E.04899
G1 X137.606 Y135.311 E.0667
G1 X136.529 Y136.388 E.04899
G1 X134.456 Y136.306 E.0667
G1 X133.948 Y136.815 E.02311
G1 X133.948 Y140.96 E.13329
G1 X134.456 Y140.451 E.02311
G1 X136.529 Y140.533 E.0667
G1 X137.606 Y139.456 E.04899
G1 X137.524 Y137.384 E.0667
G1 X138.601 Y136.306 E.04899
G1 X140.674 Y136.388 E.0667
G1 X141.751 Y135.311 E.04899
G1 X141.669 Y133.239 E.0667
G1 X142.746 Y132.161 E.04899
G1 X144.819 Y132.243 E.0667
G1 X145.896 Y131.166 E.04899
G1 X145.814 Y129.094 E.0667
G1 X146.891 Y128.016 E.04899
G1 X148.964 Y128.098 E.0667
G1 X149.881 Y127.181 E.04173
G1 X150.036 Y127.199 E.00502
G1 X150.865 Y127.079 E.02692
G1 X151.45 Y126.833 E.02043
M106 S173
;LAYER_CHANGE
;Z:3.2
;HEIGHT:0.2

G1 E-1.3 F1800
G92 E0
;_SET_FAN_SPEED_CHANGING_LAYER
G1 Z3.6 F18000
G1 X165.942 Y115.302 Z3.6
G1 Z3.2
G1 E1.3 F1800
;TYPE:Inner wall
;WIDTH:0.449999
G1 F7757.448
G1 X166.209 Y115.911 E.02139
G1 X166.368 Y116.557 E.02139
G1 X166.398 Y117.135 E.01862
G1 X166.398 Y193.031 E2.44054
G1 X166.324 Y193.661 E.0204
G1 X166.138 Y194.3 E.02139
G1 X165.818 Y194.883 E.02139
G1 X165.402 Y195.402 E.02139
G1 X164.883 Y195.818 E.02139
G1 X164.3 Y196.138 E.02139
G1 X163.661 Y196.324 E.02139
G1 X162.98 Y196.398 E.02202
G1 X136.969 Y196.398 E.83643
G1 X136.339 Y196.324 E.0204
G1 X135.7 Y196.138 E.02139
G1 X135.117 Y195.818 E.02139
G1 X134.598 Y195.402 E.02139
G1 X134.182 Y194.883 E.02139
G1 X133.862 Y194.3 E.02139
G1 X133.676 Y193.661 E.02139
G1 X133.602 Y192.98 E.02202
G1 X133.602 Y116.969 E2.44425
G1 X133.676 Y116.339 E.02039
G1 X133.862 Y115.7 E.02139
G1 X134.182 Y115.117 E.02139
G1 X134.598 Y114.598 E.02139
G1 X135.117 Y114.182 E.02139
G1 X135.7 Y113.862 E.02139
G1 X136.339 Y113.676 E.02139
G1 X137.02 Y113.602 E.02202
G1 X163.169 Y113.61 E.84087
G1 X163.879 Y113.719 E.0231
M73 P71 R6
G1 X164.499 Y113.96 E.02138
G1 X165.068 Y114.305 E.02139
G1 X165.548 Y114.765 E.0214
G1 X165.918 Y115.269 E.0201
G1 X166.282 Y115.105 F18000
;TYPE:Outer wall
;WIDTH:0.419999
G1 F6000
G1 X166.581 Y115.784 E.0221
G1 X166.757 Y116.505 E.02211
G1 X166.79 Y117.135 E.01878
G1 X166.79 Y193.139 E2.2639
G1 X166.66 Y193.981 E.02537
M73 P71 R5
G1 X166.392 Y194.672 E.0221
G1 X166.006 Y195.307 E.02211
G1 X165.493 Y195.843 E.02211
G1 X164.895 Y196.282 E.0221
G1 X164.216 Y196.581 E.0221
G1 X163.495 Y196.757 E.02211
G1 X162.993 Y196.79 E.01497
G1 X136.861 Y196.79 E.77839
G1 X136.019 Y196.66 E.02537
G1 X135.328 Y196.392 E.0221
G1 X134.693 Y196.006 E.02211
G1 X134.157 Y195.493 E.02211
G1 X133.718 Y194.895 E.0221
G1 X133.419 Y194.216 E.0221
G1 X133.243 Y193.495 E.02211
G1 X133.21 Y192.993 E.01497
G1 X133.21 Y116.861 E2.26772
G1 X133.34 Y116.019 E.02537
G1 X133.608 Y115.328 E.0221
G1 X133.994 Y114.693 E.02211
G1 X134.507 Y114.157 E.02211
G1 X135.105 Y113.718 E.0221
G1 X135.784 Y113.419 E.0221
G1 X136.505 Y113.243 E.02211
G1 X137.007 Y113.21 E.01497
G1 X163.189 Y113.218 E.77988
G1 X163.981 Y113.34 E.02386
G1 X164.672 Y113.608 E.0221
G1 X165.307 Y113.994 E.02211
G1 X165.843 Y114.507 E.02211
G1 X166.258 Y115.073 E.02091
G1 E-1.3 F1800
G1 Z3.6 F18000
G1 X148.587 Y119.538 Z3.6
G1 Z3.2
G1 E1.3 F1800
;TYPE:Inner wall
;WIDTH:0.449999
G1 F7757.448
G1 X148.511 Y119.572 E.00268
G1 X147.933 Y120.04 E.02391
G1 X147.496 Y120.642 E.02391
G1 X147.23 Y121.336 E.02391
G1 X147.148 Y121.999 E.02148
G1 X147.153 Y124.077 E.0668
G1 X147.245 Y124.739 E.0215
G1 X147.572 Y125.489 E.02632
G1 X148.04 Y126.067 E.02391
G1 X148.573 Y126.469 E.02146
G1 X149.19 Y126.731 E.02155
G1 X149.388 Y126.777 E.00655
G1 X150.076 Y126.847 E.02222
G1 X150.81 Y126.731 E.02391
G1 X151.489 Y126.428 E.02391
G1 X152.067 Y125.96 E.02391
G1 X152.504 Y125.358 E.02391
G1 X152.766 Y124.688 E.02313
G1 X152.852 Y124.001 E.02228
G1 X152.847 Y121.923 E.0668
G1 X152.731 Y121.19 E.02388
G1 X152.428 Y120.511 E.02391
G1 X151.96 Y119.933 E.02391
G1 X151.358 Y119.496 E.02391
G1 X150.81 Y119.269 E.01907
G1 X150.41 Y119.178 E.0132
G1 X149.853 Y119.158 E.01791
G1 X149.19 Y119.269 E.02162
G1 X148.623 Y119.522 E.01995
G1 X148.749 Y119.883 F18000
;TYPE:Outer wall
;WIDTH:0.419999
G1 F6000
G1 X148.244 Y120.279 E.01912
G1 X147.869 Y120.771 E.01842
G1 X147.623 Y121.365 E.01914
G1 X147.542 Y121.975 E.01834
G1 X147.54 Y124.001 E.06035
G1 X147.62 Y124.62 E.01861
G1 X147.866 Y125.223 E.01939
G1 X148.255 Y125.734 E.01913
G1 X148.759 Y126.124 E.01899
G1 X149.353 Y126.373 E.01918
G1 X149.992 Y126.46 E.0192
G1 X150.624 Y126.379 E.01897
G1 X151.222 Y126.135 E.01925
G1 X151.733 Y125.746 E.01914
G1 X152.126 Y125.237 E.01913
G1 X152.376 Y124.637 E.01938
G1 X152.458 Y124.025 E.01838
G1 X152.458 Y121.975 E.06108
G1 X152.368 Y121.34 E.01909
G1 X152.117 Y120.749 E.01912
G1 X151.721 Y120.244 E.01912
G1 X151.208 Y119.859 E.01912
G1 X150.66 Y119.632 E.01766
G1 X150.333 Y119.563 E.00995
G1 X149.907 Y119.546 E.01269
G1 X149.34 Y119.632 E.0171
G1 X148.786 Y119.868 E.01793
G1 E-1.3 F1800
G1 Z3.6 F18000
G1 X154.014 Y145.284 Z3.6
G1 Z3.2
G1 E1.3 F1800
;TYPE:Inner wall
;WIDTH:0.449999
G1 F7757.448
G1 X153.963 Y145.207 E.00297
G1 X153.423 Y144.695 E.02392
G1 X152.83 Y144.36 E.02191
G1 X152.197 Y144.187 E.0211
G1 X151.789 Y144.149 E.01319
G1 X148.249 Y144.148 E.11381
G1 X147.586 Y144.23 E.02149
G1 X147.381 Y144.294 E.00692
G1 X146.761 Y144.572 E.02185
G1 X146.183 Y145.04 E.02391
G1 X145.746 Y145.642 E.02391
G1 X145.48 Y146.336 E.02391
G1 X145.403 Y147.076 E.02391
G1 X145.519 Y147.81 E.02391
G1 X145.822 Y148.489 E.02391
G1 X146.29 Y149.067 E.02391
G1 X146.892 Y149.504 E.02391
;WIDTH:0.487299
G1 F7106.315
G1 X147.121 Y149.611 E.00887
;WIDTH:0.524599
G1 F6556.024
G1 X147.35 Y149.718 E.00962
;WIDTH:0.561898
G1 F6084.834
G1 X147.579 Y149.825 E.01036
G1 X148.249 Y149.887 E.0276
;WIDTH:0.519381
G1 F6627.814
G1 X151.938 Y149.887 E.13884
G1 X152.253 Y149.807 E.01222
;WIDTH:0.48469
G1 F7148.278
G1 X152.568 Y149.727 E.01133
;WIDTH:0.449999
G1 F7757.448
G1 X153.239 Y149.428 E.02365
G1 X153.71 Y149.067 E.01907
G1 X153.96 Y148.773 E.01241
G1 X154.254 Y148.358 E.01635
G1 X154.52 Y147.664 E.02391
G1 X154.597 Y146.924 E.02391
G1 X154.482 Y146.194 E.02376
G1 X154.263 Y145.658 E.01864
G1 X154.036 Y145.317 E.01316
G1 X153.543 Y145.343 F18000
;TYPE:Outer wall
;WIDTH:0.419999
G1 F6000
G1 X153.253 Y145.053 E.01222
G1 X152.7 Y144.731 E.01906
G1 X152.095 Y144.566 E.01869
G1 X151.763 Y144.54 E.00993
G1 X148.225 Y144.542 E.10539
G1 X147.531 Y144.656 E.02095
G1 X146.999 Y144.883 E.01721
G1 X146.494 Y145.279 E.01912
G1 X146.109 Y145.792 E.01912
G1 X145.869 Y146.387 E.01912
G1 X145.792 Y147.025 E.01912
G1 X145.882 Y147.66 E.01912
G1 X146.133 Y148.251 E.01912
G1 X146.529 Y148.756 E.01912
G1 X147.042 Y149.141 E.01912
G1 X147.637 Y149.381 E.01912
G1 X148.249 Y149.46 E.01838
G1 X151.763 Y149.46 E.10466
G1 X152.418 Y149.365 E.0197
G1 X153.001 Y149.117 E.01887
G1 X153.504 Y148.723 E.01903
G1 X153.881 Y148.229 E.01851
G1 X154.128 Y147.631 E.01929
G1 X154.21 Y147 E.01894
G1 X154.126 Y146.364 E.01911
G1 X153.921 Y145.853 E.01639
G1 X153.699 Y145.499 E.01245
G1 X153.572 Y145.372 E.00537
G1 E-1.3 F1800
G1 Z3.6 F18000
G1 X156.251 Y156.753 Z3.6
G1 Z3.2
G1 E1.3 F1800
;TYPE:Inner wall
;WIDTH:0.449999
G1 F7757.448
G1 X156.434 Y156.227 E.01788
G1 X156.557 Y155.638 E.01935
G1 X156.601 Y155.038 E.01935
G1 X156.566 Y154.437 E.01935
G1 X156.454 Y153.846 E.01935
G1 X156.265 Y153.274 E.01935
G1 X156.003 Y152.732 E.01935
G1 X155.673 Y152.229 E.01935
G1 X155.269 Y151.761 E.0199
G1 X154.804 Y151.351 E.01994
G1 X154.276 Y151.001 E.02037
G1 X153.726 Y150.735 E.01965
G1 X153.154 Y150.546 E.01935
G1 X152.563 Y150.434 E.01935
;WIDTH:0.493385
G1 F7010.308
G1 X152.302 Y150.395 E.00938
;WIDTH:0.53677
G1 F6394.441
G1 X152.042 Y150.356 E.01028
G1 X151.751 Y150.363 E.01135
;WIDTH:0.519381
G1 F6627.814
G1 X148.193 Y150.363 E.13389
;WIDTH:0.561898
G1 F6084.834
G1 X147.545 Y150.342 E.02659
G1 X147.426 Y150.359 E.00492
;WIDTH:0.528333
G1 F6505.59
G1 X147.307 Y150.376 E.00461
;WIDTH:0.494767
G1 F6988.858
G1 X146.714 Y150.398 E.02118
;WIDTH:0.449999
G1 F7757.448
G1 X141.999 Y150.398 E.15161
G1 X141.379 Y150.44 E.02001
G1 X140.773 Y150.566 E.0199
G1 X140.204 Y150.764 E.01935
G1 X139.667 Y151.035 E.01935
G1 X139.169 Y151.373 E.01935
G1 X138.72 Y151.774 E.01935
G1 X138.327 Y152.229 E.01935
G1 X137.997 Y152.732 E.01935
G1 X137.735 Y153.274 E.01935
G1 X137.546 Y153.846 E.01935
G1 X137.434 Y154.437 E.01935
G1 X137.398 Y155 E.01814
G1 X137.441 Y155.625 E.02015
G1 X137.566 Y156.227 E.01978
G1 X137.764 Y156.796 E.01935
G1 X138.035 Y157.333 E.01935
G1 X138.373 Y157.831 E.01935
G1 X138.72 Y158.226 E.01692
G1 X139.169 Y158.627 E.01935
G1 X139.667 Y158.965 E.01935
G1 X140.204 Y159.236 E.01935
G1 X140.773 Y159.434 E.01935
G1 X141.362 Y159.557 E.01935
G1 X141.961 Y159.601 E.01933
G1 X146.714 Y159.602 E.15283
;WIDTH:0.488273
G1 F7090.773
G1 X146.978 Y159.621 E.00932
;WIDTH:0.526547
G1 F6529.617
G1 X147.243 Y159.64 E.01012
;WIDTH:0.56482
G1 F6050.766
G1 X147.507 Y159.659 E.01092
G1 X148.249 Y159.637 E.03063
;WIDTH:0.519381
G1 F6627.814
G1 X152.067 Y159.637 E.1437
G1 X152.315 Y159.602 E.00942
;WIDTH:0.48469
G1 F7148.278
G1 X152.563 Y159.566 E.00873
;WIDTH:0.449999
G1 F7757.448
G1 X153.154 Y159.454 E.01935
G1 X153.726 Y159.265 E.01935
G1 X154.268 Y159.003 E.01935
G1 X154.771 Y158.673 E.01935
G1 X155.226 Y158.28 E.01935
G1 X155.627 Y157.831 E.01935
G1 X155.965 Y157.333 E.01935
G1 X156.236 Y156.796 E.01935
G1 X156.238 Y156.79 E.00019
G1 X155.884 Y156.622 F18000
;TYPE:Outer wall
;WIDTH:0.419999
G1 F6000
G1 X156.063 Y156.101 E.0164
G1 X156.172 Y155.562 E.0164
G1 X156.21 Y155.012 E.0164
G1 X156.175 Y154.463 E.0164
G1 X156.069 Y153.922 E.0164
G1 X155.894 Y153.4 E.0164
G1 X155.652 Y152.906 E.0164
G1 X155.347 Y152.447 E.0164
G1 X154.985 Y152.032 E.0164
G1 X154.572 Y151.668 E.0164
G1 X154.116 Y151.361 E.0164
G1 X153.622 Y151.116 E.0164
G1 X153.101 Y150.937 E.0164
G1 X152.562 Y150.828 E.0164
G1 X152.013 Y150.79 E.01638
G1 X141.999 Y150.79 E.29827
G1 X141.463 Y150.825 E.01601
G1 X140.924 Y150.93 E.01635
G1 X140.4 Y151.106 E.01645
G1 X139.906 Y151.348 E.0164
G1 X139.447 Y151.653 E.0164
G1 X139.032 Y152.015 E.0164
G1 X138.668 Y152.428 E.0164
G1 X138.361 Y152.885 E.0164
G1 X138.116 Y153.378 E.0164
G1 X137.937 Y153.899 E.0164
G1 X137.828 Y154.438 E.0164
G1 X137.79 Y154.988 E.0164
G1 X137.825 Y155.537 E.0164
G1 X137.931 Y156.078 E.0164
G1 X138.106 Y156.6 E.0164
G1 X138.348 Y157.094 E.0164
G1 X138.668 Y157.572 E.01714
G1 X139.015 Y157.968 E.01567
G1 X139.428 Y158.332 E.0164
G1 X139.884 Y158.639 E.0164
G1 X140.378 Y158.884 E.0164
G1 X140.899 Y159.063 E.0164
G1 X141.438 Y159.172 E.0164
G1 X141.987 Y159.21 E.01638
G1 X152.001 Y159.21 E.29827
G1 X152.537 Y159.175 E.01601
G1 X153.078 Y159.069 E.0164
G1 X153.6 Y158.894 E.0164
G1 X154.094 Y158.652 E.0164
G1 X154.553 Y158.347 E.0164
G1 X154.968 Y157.985 E.0164
G1 X155.332 Y157.572 E.0164
G1 X155.639 Y157.116 E.0164
G1 X155.867 Y156.658 E.01521
G1 E-1.3 F1800
G1 Z3.6 F18000
G1 X154.481 Y163.765 Z3.6
G1 Z3.2
G1 E1.3 F1800
;TYPE:Inner wall
;WIDTH:0.449999
G1 F7757.448
G1 X154.52 Y163.664 E.00349
G1 X154.597 Y162.924 E.02391
G1 X154.482 Y162.194 E.02376
G1 X154.237 Y161.613 E.02029
G1 X153.912 Y161.156 E.01803
G1 X153.423 Y160.695 E.02161
G1 X152.77 Y160.341 E.02391
;WIDTH:0.496788
G1 F6957.738
G1 X152.203 Y160.164 E.02128
;WIDTH:0.519381
G1 F6627.814
G1 X151.751 Y160.113 E.01712
G1 X148.204 Y160.113 E.1335
;WIDTH:0.561897
G1 F6084.846
G1 X147.579 Y160.175 E.02574
G1 X147.504 Y160.209 E.00338
;WIDTH:0.534418
G1 F6425.041
G1 X147.429 Y160.243 E.0032
;WIDTH:0.506939
G1 F6805.529
G1 X147.095 Y160.408 E.01365
;WIDTH:0.478469
G1 F7250.377
G1 X146.761 Y160.572 E.01281
;WIDTH:0.449999
G1 F7757.448
G1 X146.183 Y161.04 E.02391
G1 X145.746 Y161.642 E.02391
G1 X145.48 Y162.336 E.02391
G1 X145.403 Y162.924 E.01907
G1 X145.434 Y163.31 E.01243
G1 X145.519 Y163.81 E.01633
G1 X145.822 Y164.489 E.02391
G1 X146.29 Y165.067 E.02391
G1 X146.892 Y165.504 E.02391
G1 X147.51 Y165.754 E.02144
G1 X148.173 Y165.847 E.02154
G1 X151.756 Y165.852 E.11519
G1 X152.414 Y165.77 E.02132
G1 X152.619 Y165.706 E.00692
G1 X153.239 Y165.428 E.02185
G1 X153.817 Y164.96 E.02391
G1 X154.254 Y164.358 E.02391
G1 X154.467 Y163.802 E.01913
G1 X154.128 Y163.623 F18000
;TYPE:Outer wall
;WIDTH:0.419999
G1 F6000
G1 X154.21 Y163 E.01871
G1 X154.13 Y162.383 E.01853
G1 X153.921 Y161.853 E.01697
G1 X153.635 Y161.433 E.01514
G1 X153.227 Y161.035 E.01699
G1 X152.668 Y160.719 E.01912
G1 X152.095 Y160.566 E.01766
G1 X151.763 Y160.54 E.00993
G1 X148.225 Y160.542 E.1054
G1 X147.59 Y160.632 E.0191
G1 X146.999 Y160.883 E.01912
G1 X146.494 Y161.279 E.01912
G1 X146.109 Y161.792 E.01912
G1 X145.869 Y162.387 E.01912
G1 X145.79 Y163 E.0184
G1 X145.875 Y163.639 E.01921
G1 X146.12 Y164.23 E.01906
G1 X146.505 Y164.734 E.01889
G1 X147.014 Y165.127 E.01914
G1 X147.601 Y165.372 E.01896
G1 X148.225 Y165.458 E.01876
G1 X151.752 Y165.46 E.10508
G1 X152.376 Y165.379 E.01874
G1 X152.972 Y165.135 E.01917
G1 X153.483 Y164.746 E.01913
G1 X153.88 Y164.23 E.01938
G1 X154.116 Y163.661 E.01837
G1 E-1.3 F1800
G1 Z3.6 F18000
G1 X150.349 Y183.173 Z3.6
G1 Z3.2
G1 E1.3 F1800
;TYPE:Inner wall
;WIDTH:0.449999
G1 F7757.448
G1 X149.853 Y183.158 E.01597
G1 X149.265 Y183.244 E.01912
G1 X148.511 Y183.572 E.02644
G1 X147.933 Y184.04 E.02391
G1 X147.496 Y184.642 E.02391
G1 X147.23 Y185.336 E.02391
G1 X147.148 Y185.999 E.02148
G1 X147.153 Y188.077 E.0668
G1 X147.269 Y188.81 E.02388
G1 X147.572 Y189.489 E.02391
G1 X148.04 Y190.067 E.02391
G1 X148.642 Y190.504 E.02391
G1 X149.336 Y190.77 E.0239
G1 X150.076 Y190.847 E.02391
G1 X150.81 Y190.731 E.02391
G1 X151.489 Y190.428 E.02391
G1 X152.067 Y189.96 E.02391
G1 X152.504 Y189.358 E.02391
G1 X152.77 Y188.664 E.02391
G1 X152.852 Y188.001 E.02148
G1 X152.847 Y185.923 E.0668
G1 X152.731 Y185.19 E.02388
G1 X152.428 Y184.511 E.02391
G1 X151.96 Y183.933 E.02391
G1 X151.427 Y183.531 E.02146
G1 X150.81 Y183.269 E.02155
G1 X150.389 Y183.175 E.01386
G1 X150.502 Y183.598 F18000
;TYPE:Outer wall
;WIDTH:0.419999
G1 F6000
G1 X150.333 Y183.563 E.00513
G1 X149.941 Y183.544 E.01168
G1 X149.375 Y183.621 E.01703
G1 X148.781 Y183.864 E.01911
G1 X148.267 Y184.254 E.01923
G1 X147.874 Y184.763 E.01913
G1 X147.624 Y185.363 E.01938
G1 X147.542 Y185.975 E.01838
G1 X147.542 Y188.025 E.06108
G1 X147.632 Y188.66 E.01909
G1 X147.883 Y189.251 E.01912
G1 X148.279 Y189.756 E.01912
G1 X148.792 Y190.141 E.01912
G1 X149.387 Y190.381 E.01912
G1 X150.025 Y190.458 E.01912
G1 X150.66 Y190.368 E.01912
G1 X151.251 Y190.117 E.01912
G1 X151.756 Y189.721 E.01912
G1 X152.131 Y189.229 E.01842
G1 X152.377 Y188.635 E.01914
G1 X152.458 Y188.025 E.01834
G1 X152.46 Y185.999 E.06035
G1 X152.376 Y185.363 E.01911
G1 X152.134 Y184.777 E.01889
G1 X151.745 Y184.266 E.01913
G1 X151.241 Y183.876 E.01899
G1 X150.66 Y183.632 E.01876
G1 X150.541 Y183.607 E.00363
G1 X149.873 Y182.794 F18000
;TYPE:Internal solid infill
;WIDTH:0.38292
G1 F9287.925
G1 X149.153 Y182.901 E.01955
G1 X148.391 Y183.217 E.02214
G1 X147.755 Y183.701 E.02148
G1 X147.236 Y184.361 E.02255
G1 X146.896 Y185.166 E.02347
G1 X146.793 Y185.896 E.01981
G1 X146.788 Y188.021 E.05707
G1 X146.901 Y188.845 E.02233
G1 X147.18 Y189.528 E.01982
G1 X147.652 Y190.169 E.02139
G1 X148.294 Y190.703 E.02241
G1 X148.503 Y190.826 E.00654
G1 X149.089 Y191.065 E.017
G1 X149.976 Y191.212 E.02413
G1 X150.743 Y191.123 E.02073
G1 X151.489 Y190.829 E.02154
G1 X152.169 Y190.348 E.02238
G1 X152.772 Y189.623 E.0253
G1 X153.099 Y188.846 E.02265
G1 X153.207 Y188.114 E.01986
G1 X153.213 Y185.989 E.05708
G1 X153.105 Y185.168 E.02225
G1 X152.829 Y184.485 E.01978
G1 X152.261 Y183.72 E.02559
G1 X151.625 Y183.229 E.02157
G1 X150.913 Y182.921 E.02084
G1 X150.425 Y182.83 E.01331
G1 X149.913 Y182.796 E.0138
G1 X146.519 Y185.241 F18000
;TYPE:Sparse infill
;WIDTH:0.45
G1 F7757.437
G1 X146.432 Y185.859 E.02009
G1 X146.428 Y186.863 E.03227
G1 X146.168 Y187.124 E.01186
G1 X145.542 Y189.196 E.06961
G1 X144.819 Y189.92 E.03291
G1 X142.746 Y190.545 E.06961
G1 X142.023 Y191.269 E.03291
G1 X141.397 Y193.341 E.06961
G1 X140.674 Y194.065 E.03291
G1 X138.601 Y194.69 E.06961
G1 X137.878 Y195.414 E.03291
G1 X137.799 Y195.675 E.00876
G1 X137.043 Y195.675 E.02429
G1 X136.651 Y195.649 E.01264
G1 X136.308 Y195.581 E.01124
G1 X135.978 Y195.469 E.01124
G1 X135.664 Y195.314 E.01124
G1 X135.373 Y195.12 E.01124
G1 X135.111 Y194.889 E.01124
G1 X134.88 Y194.627 E.01124
G1 X134.845 Y194.573 E.00206
G1 X136.529 Y194.065 E.05657
G1 X137.252 Y193.341 E.03291
G1 X137.878 Y191.269 E.06961
G1 X138.601 Y190.545 E.03291
G1 X140.674 Y189.92 E.06961
G1 X141.397 Y189.196 E.03291
G1 X142.023 Y187.124 E.06961
G1 X142.746 Y186.4 E.03291
G1 X144.819 Y185.775 E.06961
G1 X145.542 Y185.051 E.03291
G1 X146.168 Y182.979 E.06961
G1 X146.891 Y182.255 E.03291
G1 X148.964 Y181.63 E.06961
G1 X149.687 Y180.906 E.03291
G1 X150.313 Y178.834 E.06961
G1 X151.036 Y178.11 E.03291
G1 X153.109 Y177.485 E.06961
G1 X153.832 Y176.761 E.03291
G1 X154.458 Y174.689 E.06961
G1 X155.181 Y173.965 E.03291
G1 X157.254 Y173.34 E.06961
G1 X157.977 Y172.616 E.03291
G1 X158.603 Y170.544 E.06961
G1 X159.326 Y169.82 E.03291
G1 X161.399 Y169.195 E.06961
G1 X162.122 Y168.471 E.03291
G1 X162.748 Y166.399 E.06961
G1 X163.471 Y165.675 E.03291
G1 X165.544 Y165.05 E.06961
G1 X165.675 Y164.919 E.00596
G1 X165.675 Y169.064 E.13329
G1 X165.544 Y169.195 E.00596
G1 X163.471 Y169.82 E.06961
G1 X162.748 Y170.544 E.03291
G1 X162.122 Y172.616 E.06961
G1 X161.399 Y173.34 E.03291
G1 X159.326 Y173.965 E.06961
G1 X158.603 Y174.689 E.03291
G1 X157.977 Y176.761 E.06961
G1 X157.254 Y177.485 E.03291
G1 X155.181 Y178.11 E.06961
G1 X154.458 Y178.834 E.03291
G1 X153.832 Y180.906 E.06961
G1 X153.109 Y181.63 E.03291
G1 X151.036 Y182.255 E.06961
G1 X150.772 Y182.519 E.012
G1 X151.026 Y182.576 E.00835
G1 X151.792 Y182.902 E.02678
G1 X152.5 Y183.44 E.0286
G1 X153.02 Y184.094 E.02686
G1 X153.16 Y184.336 E.00899
G1 X153.458 Y185.075 E.02562
G1 X153.499 Y185.385 E.01005
G1 X153.832 Y185.051 E.01518
G1 X154.458 Y182.979 E.06961
G1 X155.181 Y182.255 E.03291
G1 X157.254 Y181.63 E.06961
G1 X157.977 Y180.906 E.03291
G1 X158.603 Y178.834 E.06961
G1 X159.326 Y178.11 E.03291
G1 X161.399 Y177.485 E.06961
G1 X162.122 Y176.761 E.03291
G1 X162.748 Y174.689 E.06961
G1 X163.471 Y173.965 E.03291
G1 X165.544 Y173.34 E.06961
G1 X165.675 Y173.209 E.00596
G1 X165.675 Y174.837 E.05236
G1 X165.675 Y162.402 F18000
G1 F7757.437
G1 X165.675 Y160.774 E.05236
G1 X165.544 Y160.905 E.00596
G1 X163.471 Y161.53 E.06961
G1 X162.748 Y162.254 E.03291
G1 X162.122 Y164.326 E.06961
G1 X161.399 Y165.05 E.03291
G1 X159.326 Y165.675 E.06961
G1 X158.603 Y166.399 E.03291
G1 X157.977 Y168.471 E.06961
G1 X157.254 Y169.195 E.03291
G1 X155.181 Y169.82 E.06961
G1 X154.458 Y170.544 E.03291
G1 X153.832 Y172.616 E.06961
G1 X153.109 Y173.34 E.03291
G1 X151.036 Y173.965 E.06961
G1 X150.313 Y174.689 E.03291
G1 X149.687 Y176.761 E.06961
G1 X148.964 Y177.485 E.03291
G1 X146.891 Y178.11 E.06961
G1 X146.168 Y178.834 E.03291
G1 X145.542 Y180.906 E.06961
G1 X144.819 Y181.63 E.03291
G1 X142.746 Y182.255 E.06961
G1 X142.023 Y182.979 E.03291
G1 X141.397 Y185.051 E.06961
G1 X140.674 Y185.775 E.03291
G1 X138.601 Y186.4 E.06961
G1 X137.878 Y187.124 E.03291
G1 X137.252 Y189.196 E.06961
G1 X136.529 Y189.92 E.03291
G1 X134.456 Y190.545 E.06961
G1 X134.325 Y190.676 E.00596
G1 X134.325 Y189.048 E.05236
G1 X143.572 Y195.675 F18000
M73 P72 R5
G1 F7757.437
G1 X141.944 Y195.675 E.05236
G1 X142.023 Y195.414 E.00876
G1 X142.746 Y194.69 E.03291
G1 X144.819 Y194.065 E.06961
G1 X145.542 Y193.341 E.03291
G1 X146.168 Y191.269 E.06961
G1 X146.891 Y190.545 E.03291
G1 X147.362 Y190.403 E.01582
G1 X147.573 Y190.62 E.00972
G1 X148.098 Y191.022 E.02126
G1 X148.334 Y191.159 E.00878
G1 X148.945 Y191.412 E.02126
G1 X149.211 Y191.483 E.00885
G1 X150 Y191.579 E.02559
G1 X150.227 Y191.551 E.00736
G1 X149.687 Y193.341 E.06013
G1 X148.964 Y194.065 E.03291
G1 X146.891 Y194.69 E.06961
G1 X146.168 Y195.414 E.03291
G1 X146.089 Y195.675 E.00876
G1 X150.234 Y195.675 E.13329
G1 X150.313 Y195.414 E.00876
G1 X151.036 Y194.69 E.03291
G1 X153.109 Y194.065 E.06961
G1 X153.832 Y193.341 E.03291
G1 X154.458 Y191.269 E.06961
G1 X155.181 Y190.545 E.03291
G1 X157.254 Y189.92 E.06961
G1 X157.977 Y189.196 E.03291
G1 X158.603 Y187.124 E.06961
G1 X159.326 Y186.4 E.03291
G1 X161.399 Y185.775 E.06961
G1 X162.122 Y185.051 E.03291
G1 X162.748 Y182.979 E.06961
G1 X163.471 Y182.255 E.03291
G1 X165.544 Y181.63 E.06961
G1 X165.675 Y181.499 E.00596
G1 X165.675 Y177.354 E.13329
G1 X165.544 Y177.485 E.00596
G1 X163.471 Y178.11 E.06961
G1 X162.748 Y178.834 E.03291
G1 X162.122 Y180.906 E.06961
G1 X161.399 Y181.63 E.03291
G1 X159.326 Y182.255 E.06961
G1 X158.603 Y182.979 E.03291
G1 X157.977 Y185.051 E.06961
G1 X157.254 Y185.775 E.03291
G1 X155.181 Y186.4 E.06961
G1 X154.458 Y187.124 E.03291
G1 X153.832 Y189.196 E.06961
G1 X153.109 Y189.92 E.03291
G1 X152.969 Y189.962 E.00468
G1 X152.622 Y190.425 E.01861
G1 X152.427 Y190.62 E.00886
G1 X151.902 Y191.022 E.02126
G1 X151.805 Y191.079 E.00363
G1 X156.007 Y195.675 F18000
G1 F7757.437
G1 X154.379 Y195.675 E.05236
G1 X154.458 Y195.414 E.00876
G1 X155.181 Y194.69 E.03291
G1 X157.254 Y194.065 E.06961
G1 X157.977 Y193.341 E.03291
G1 X158.603 Y191.269 E.06961
G1 X159.326 Y190.545 E.03291
G1 X161.399 Y189.92 E.06961
G1 X162.122 Y189.196 E.03291
G1 X162.748 Y187.124 E.06961
G1 X163.471 Y186.4 E.03291
G1 X165.544 Y185.775 E.06961
G1 X165.675 Y185.644 E.00596
G1 X165.675 Y189.789 E.13329
G1 X165.544 Y189.92 E.00596
G1 X163.471 Y190.545 E.06961
G1 X162.748 Y191.269 E.03291
G1 X162.122 Y193.341 E.06961
G1 X161.399 Y194.065 E.03291
G1 X159.326 Y194.69 E.06961
G1 X158.603 Y195.414 E.03291
G1 X158.524 Y195.675 E.00876
G1 X162.669 Y195.675 E.13329
G1 X162.748 Y195.414 E.00876
G1 X163.471 Y194.69 E.03291
G1 X165.431 Y194.099 E.06581
G1 X165.581 Y193.692 E.01397
G1 X165.649 Y193.349 E.01124
G1 X165.675 Y192.957 E.01264
G1 X165.675 Y192.506 E.0145
G1 X166.036 Y192.963 F18000
;TYPE:Internal solid infill
;WIDTH:0.38292
G1 F9287.925
G1 X166.036 Y117.032 E2.03934
G1 X166.004 Y116.584 E.01206
G1 X165.81 Y115.859 E.02016
G1 X165.419 Y115.17 E.02126
G1 X164.863 Y114.607 E.02127
G1 X164.18 Y114.206 E.02126
G1 X163.413 Y114.007 E.02126
G1 X163.055 Y113.97 E.00969
G1 X137.136 Y113.964 E.69612
G1 X136.582 Y113.996 E.0149
G1 X135.858 Y114.19 E.02011
G1 X135.17 Y114.581 E.02126
G1 X134.607 Y115.137 E.02127
G1 X134.206 Y115.82 E.02126
G1 X133.996 Y116.584 E.02126
G1 X133.964 Y117.037 E.0122
G1 X133.964 Y192.974 E2.03948
G1 X133.996 Y193.416 E.01192
G1 X134.19 Y194.141 E.02016
G1 X134.581 Y194.83 E.02126
G1 X135.137 Y195.393 E.02127
G1 X135.82 Y195.794 E.02126
G1 X136.584 Y196.004 E.02126
G1 X137.037 Y196.036 E.0122
G1 X162.974 Y196.036 E.6966
G1 X163.416 Y196.004 E.01192
G1 X164.141 Y195.81 E.02016
G1 X164.83 Y195.419 E.02126
G1 X165.393 Y194.863 E.02127
G1 X165.794 Y194.18 E.02126
G1 X166.004 Y193.416 E.02126
G1 X166.034 Y193.003 E.01112
G1 X151.887 Y166.563 F18000
;TYPE:Sparse infill
;WIDTH:0.45
G1 F7757.437
G1 X150.26 Y166.574 E.05234
G1 X149.687 Y168.471 E.06372
G1 X148.964 Y169.195 E.03291
G1 X146.891 Y169.82 E.06961
G1 X146.168 Y170.544 E.03291
G1 X145.542 Y172.616 E.06961
G1 X144.819 Y173.34 E.03291
G1 X142.746 Y173.965 E.06961
G1 X142.023 Y174.689 E.03291
G1 X141.397 Y176.761 E.06961
G1 X140.674 Y177.485 E.03291
G1 X138.601 Y178.11 E.06961
G1 X137.878 Y178.834 E.03291
G1 X137.252 Y180.906 E.06961
G1 X136.529 Y181.63 E.03291
G1 X134.456 Y182.255 E.06961
G1 X134.325 Y182.386 E.00596
G1 X134.325 Y186.531 E.13329
G1 X134.456 Y186.4 E.00596
G1 X136.529 Y185.775 E.06961
G1 X137.252 Y185.051 E.03291
G1 X137.878 Y182.979 E.06961
G1 X138.601 Y182.255 E.03291
G1 X140.674 Y181.63 E.06961
G1 X141.397 Y180.906 E.03291
G1 X142.023 Y178.834 E.06961
G1 X142.746 Y178.11 E.03291
G1 X144.819 Y177.485 E.06961
G1 X145.542 Y176.761 E.03291
G1 X146.168 Y174.689 E.06961
G1 X146.891 Y173.965 E.03291
G1 X148.964 Y173.34 E.06961
G1 X149.687 Y172.616 E.03291
G1 X150.313 Y170.544 E.06961
G1 X151.036 Y169.82 E.03291
G1 X153.109 Y169.195 E.06961
G1 X153.832 Y168.471 E.03291
G1 X154.458 Y166.399 E.06961
G1 X155.181 Y165.675 E.03291
G1 X157.254 Y165.05 E.06961
G1 X157.977 Y164.326 E.03291
G1 X158.603 Y162.254 E.06961
G1 X159.326 Y161.53 E.03291
G1 X161.399 Y160.905 E.06961
G1 X162.122 Y160.181 E.03291
G1 X162.748 Y158.109 E.06961
G1 X163.471 Y157.385 E.03291
G1 X165.544 Y156.76 E.06961
G1 X165.675 Y156.629 E.00596
G1 X165.675 Y152.484 E.13329
G1 X165.544 Y152.615 E.00596
G1 X163.471 Y153.24 E.06961
G1 X162.748 Y153.964 E.03291
G1 X162.122 Y156.036 E.06961
G1 X161.399 Y156.76 E.03291
G1 X159.326 Y157.385 E.06961
G1 X158.603 Y158.109 E.03291
G1 X157.977 Y160.181 E.06961
G1 X157.254 Y160.905 E.03291
G1 X155.181 Y161.53 E.06961
G1 X155.044 Y161.667 E.00623
G1 X154.861 Y161.253 E.01457
G1 X154.435 Y160.66 E.02348
G1 X154.102 Y160.324 E.01519
G1 X153.707 Y160.032 E.01581
G1 X154.088 Y159.898 E.01297
G1 X154.642 Y159.624 E.01988
G1 X155.284 Y159.192 E.02489
G1 X155.773 Y158.759 E.02098
G1 X156.196 Y158.278 E.0206
G1 X156.609 Y157.659 E.02394
G1 X156.916 Y157.038 E.02227
G1 X156.982 Y156.842 E.00667
G1 X157.254 Y156.76 E.00912
G1 X157.977 Y156.036 E.03291
G1 X158.603 Y153.964 E.06961
G1 X159.326 Y153.24 E.03291
G1 X161.399 Y152.615 E.06961
G1 X162.122 Y151.891 E.03291
G1 X162.748 Y149.819 E.06961
G1 X163.471 Y149.095 E.03291
G1 X165.544 Y148.47 E.06961
G1 X165.675 Y148.339 E.00596
G1 X165.675 Y144.194 E.13329
G1 X165.544 Y144.325 E.00596
G1 X163.471 Y144.95 E.06961
G1 X162.748 Y145.674 E.03291
G1 X162.122 Y147.746 E.06961
G1 X161.399 Y148.47 E.03291
G1 X159.326 Y149.095 E.06961
G1 X158.603 Y149.819 E.03291
G1 X157.977 Y151.891 E.06961
G1 X157.254 Y152.615 E.03291
G1 X156.813 Y152.748 E.01481
G1 X156.639 Y152.386 E.0129
G1 X156.23 Y151.762 E.024
G1 X155.727 Y151.197 E.02432
G1 X155.246 Y150.777 E.02055
G1 X154.71 Y150.416 E.02077
G1 X154.335 Y150.226 E.01352
G1 X154.458 Y149.819 E.01369
G1 X155.181 Y149.095 E.03291
G1 X157.254 Y148.47 E.06961
G1 X157.977 Y147.746 E.03291
G1 X158.603 Y145.674 E.06961
G1 X159.326 Y144.95 E.03291
G1 X161.399 Y144.325 E.06961
G1 X162.122 Y143.601 E.03291
G1 X162.748 Y141.529 E.06961
G1 X163.471 Y140.805 E.03291
G1 X165.544 Y140.18 E.06961
G1 X165.675 Y140.049 E.00596
G1 X165.675 Y135.904 E.13329
G1 X165.544 Y136.035 E.00596
G1 X163.471 Y136.66 E.06961
G1 X162.748 Y137.384 E.03291
G1 X162.122 Y139.456 E.06961
G1 X161.399 Y140.18 E.03291
G1 X159.326 Y140.805 E.06961
G1 X158.603 Y141.529 E.03291
G1 X157.977 Y143.601 E.06961
G1 X157.254 Y144.325 E.03291
G1 X155.181 Y144.95 E.06961
G1 X154.868 Y145.264 E.01426
G1 X154.438 Y144.664 E.02371
G1 X154.099 Y144.321 E.01553
G1 X153.718 Y144.031 E.01538
G1 X153.516 Y143.918 E.00745
G1 X153.832 Y143.601 E.01441
G1 X154.458 Y141.529 E.06961
G1 X155.181 Y140.805 E.03291
G1 X157.254 Y140.18 E.06961
G1 X157.977 Y139.456 E.03291
G1 X158.603 Y137.384 E.06961
G1 X159.326 Y136.66 E.03291
G1 X161.399 Y136.035 E.06961
G1 X162.122 Y135.311 E.03291
G1 X162.748 Y133.239 E.06961
G1 X163.471 Y132.515 E.03291
G1 X165.544 Y131.89 E.06961
G1 X165.675 Y131.759 E.00596
G1 X165.675 Y127.614 E.13329
G1 X165.544 Y127.745 E.00596
G1 X163.471 Y128.37 E.06961
G1 X162.748 Y129.094 E.03291
G1 X162.122 Y131.166 E.06961
G1 X161.399 Y131.89 E.03291
G1 X159.326 Y132.515 E.06961
G1 X158.603 Y133.239 E.03291
G1 X157.977 Y135.311 E.06961
G1 X157.254 Y136.035 E.03291
G1 X155.181 Y136.66 E.06961
G1 X154.458 Y137.384 E.03291
G1 X153.832 Y139.456 E.06961
G1 X153.109 Y140.18 E.03291
G1 X151.036 Y140.805 E.06961
G1 X150.313 Y141.529 E.03291
G1 X149.741 Y143.425 E.06369
G1 X148.217 Y143.425 E.04898
G1 X147.426 Y143.522 E.02563
G1 X147.186 Y143.591 E.00803
G1 X146.431 Y143.918 E.02647
G1 X145.749 Y144.441 E.02762
G1 X145.23 Y145.094 E.02683
G1 X145.09 Y145.336 E.00898
G1 X144.796 Y146.062 E.02519
G1 X144.681 Y146.861 E.02595
G1 X144.681 Y147.136 E.00887
G1 X144.768 Y147.792 E.02126
G1 X144.838 Y148.055 E.00877
G1 X144.954 Y148.335 E.00972
G1 X144.819 Y148.47 E.00615
G1 X142.746 Y149.095 E.06961
G1 X142.166 Y149.675 E.02636
G1 X141.357 Y149.714 E.02607
G1 X140.556 Y149.875 E.02627
G1 E-1.3 F1800
G1 Z3.6 F18000
G1 X153.167 Y159.825 Z3.6
G1 Z3.2
G1 E1.3 F1800
;TYPE:Internal solid infill
;WIDTH:0.38292
G1 F9287.925
G1 X153.938 Y159.568 E.02184
G1 X154.472 Y159.304 E.01598
G1 X155.068 Y158.897 E.0194
G1 X155.523 Y158.496 E.01629
G1 X155.929 Y158.029 E.01661
G1 X156.296 Y157.477 E.0178
G1 X156.581 Y156.901 E.01727
G1 X156.807 Y156.224 E.01915
G1 X156.917 Y155.672 E.01513
G1 X156.962 Y155.052 E.0167
G1 X156.911 Y154.29 E.02052
G1 X156.777 Y153.656 E.01739
G1 X156.6 Y153.141 E.01464
G1 X156.318 Y152.556 E.01744
G1 X155.934 Y151.974 E.01871
G1 X155.465 Y151.448 E.01895
G1 X155.017 Y151.059 E.01593
G1 X154.518 Y150.724 E.01613
G1 X153.937 Y150.432 E.01745
G1 X153.264 Y150.205 E.01909
;WIDTH:0.404002
G1 F8745.644
G1 X153.192 Y150.165 E.00235
;WIDTH:0.446166
G1 F7831.187
G1 X153.12 Y150.125 E.00262
;WIDTH:0.48833
G1 F7089.86
G1 X153.048 Y150.085 E.0029
;WIDTH:0.530494
G1 F6476.749
G1 X152.976 Y150.044 E.00317
G1 X153.049 Y149.99 E.00348
;WIDTH:0.48833
G1 F7089.86
G1 X153.121 Y149.936 E.00318
;WIDTH:0.446166
G1 F7831.187
G1 X153.193 Y149.882 E.00288
;WIDTH:0.383014
G1 F9285.364
G1 X153.921 Y149.36 E.02406
G1 X154.483 Y148.664 E.02404
G1 X154.844 Y147.85 E.02392
G1 X154.947 Y147.123 E.01974
G1 X154.869 Y146.295 E.02232
G1 X154.582 Y145.513 E.02238
G1 X154.286 Y145.048 E.01482
G1 X153.859 Y144.593 E.01675
G1 X153.517 Y144.345 E.01135
G1 X152.941 Y144.033 E.01761
G1 X152.378 Y143.862 E.01581
G1 X151.779 Y143.788 E.01623
G1 X148.23 Y143.788 E.09534
G1 X147.471 Y143.886 E.02055
G1 X146.637 Y144.223 E.02418
G1 X146.02 Y144.689 E.02076
G1 X145.53 Y145.298 E.021
G1 X145.157 Y146.134 E.0246
G1 X145.045 Y146.875 E.02013
G1 X145.132 Y147.705 E.02241
G1 X145.421 Y148.487 E.02242
G1 X145.902 Y149.169 E.02242
G1 X146.532 Y149.717 E.02243
;WIDTH:0.405983
G1 F8697.924
G1 X146.58 Y149.771 E.00206
;WIDTH:0.452109
G1 F7717.448
G1 X146.628 Y149.824 E.00232
;WIDTH:0.498235
G1 F6935.626
G1 X146.676 Y149.877 E.00258
;WIDTH:0.544361
G1 F6297.64
G1 X146.724 Y149.931 E.00284
G1 X146.659 Y149.957 E.00275
;WIDTH:0.498235
G1 F6935.626
G1 X146.595 Y149.984 E.0025
;WIDTH:0.452109
G1 F7717.448
G1 X146.531 Y150.01 E.00225
;WIDTH:0.382986
G1 F9286.146
G1 X146.467 Y150.036 E.00187
G1 X141.989 Y150.037 E.12027
G1 X141.393 Y150.075 E.01606
G1 X140.655 Y150.224 E.02023
G1 X140.044 Y150.44 E.01739
G1 X139.555 Y150.683 E.01469
G1 X138.929 Y151.102 E.02023
G1 X138.447 Y151.536 E.01744
G1 X138.025 Y152.03 E.01744
G1 X137.672 Y152.574 E.01744
G1 X137.392 Y153.158 E.01739
G1 X137.218 Y153.675 E.01464
G1 X137.086 Y154.311 E.01745
G1 X137.037 Y155.011 E.01888
G1 X137.089 Y155.71 E.01883
G1 X137.224 Y156.345 E.01743
G1 X137.44 Y156.957 E.01743
G1 X137.735 Y157.536 E.01744
G1 X138.102 Y158.071 E.01744
G1 X138.536 Y158.553 E.01744
G1 X139.03 Y158.975 E.01743
G1 X139.574 Y159.328 E.01744
G1 X140.16 Y159.608 E.01744
G1 X140.776 Y159.809 E.0174
G1 X141.359 Y159.922 E.01595
G1 X141.948 Y159.962 E.01587
G1 X146.468 Y159.964 E.12141
;WIDTH:0.405516
G1 F8709.14
G1 X146.531 Y159.99 E.00197
;WIDTH:0.450707
G1 F7743.991
G1 X146.595 Y160.016 E.00222
;WIDTH:0.495898
G1 F6971.416
G1 X146.659 Y160.042 E.00246
;WIDTH:0.541089
G1 F6339.009
G1 X146.722 Y160.068 E.00271
G1 X146.677 Y160.122 E.00279
;WIDTH:0.495898
G1 F6971.416
G1 X146.632 Y160.177 E.00254
;WIDTH:0.450707
G1 F7743.991
G1 X146.586 Y160.231 E.00228
;WIDTH:0.382999
G1 F9285.785
G1 X146.541 Y160.286 E.0019
G1 X146.052 Y160.678 E.01683
G1 X145.547 Y161.294 E.02139
G1 X145.198 Y162.051 E.02242
G1 X145.056 Y162.874 E.02241
G1 X145.144 Y163.819 E.02552
G1 X145.412 Y164.495 E.01953
G1 X145.939 Y165.231 E.02431
G1 X146.598 Y165.755 E.02262
G1 X147.395 Y166.096 E.02329
G1 X148.17 Y166.21 E.02104
G1 X151.777 Y166.212 E.0969
G1 X152.528 Y166.117 E.02033
G1 X153.362 Y165.771 E.02425
G1 X153.926 Y165.35 E.01891
G1 X154.513 Y164.624 E.02508
G1 X154.811 Y163.949 E.01983
G1 X154.903 Y163.445 E.01375
G1 X154.956 Y162.93 E.01391
G1 X154.865 Y162.256 E.01827
G1 X154.662 Y161.69 E.01615
G1 X154.47 Y161.314 E.01134
G1 X154.16 Y160.896 E.01399
G1 X153.793 Y160.536 E.01382
G1 X153.144 Y160.12 E.0207
;WIDTH:0.40219
G1 F8789.766
G1 X153.102 Y160.077 E.0017
;WIDTH:0.440729
G1 F7938.229
G1 X153.06 Y160.034 E.00189
;WIDTH:0.479268
G1 F7237.11
G1 X153.019 Y159.991 E.00207
;WIDTH:0.517807
G1 F6649.788
G1 X152.977 Y159.948 E.00225
G1 X153.016 Y159.923 E.00175
;WIDTH:0.479268
G1 F7237.11
G1 X153.055 Y159.897 E.0016
;WIDTH:0.440729
G1 F7938.229
G1 X153.094 Y159.872 E.00146
;WIDTH:0.421459
G1 F8342.323
G1 X153.133 Y159.847 E.00139
G1 E-1.3 F1800
G1 Z3.6 F18000
G1 X134.325 Y176.613 Z3.6
G1 Z3.2
G1 E1.3 F1800
;TYPE:Sparse infill
;WIDTH:0.45
G1 F7757.437
G1 X134.325 Y178.241 E.05236
G1 X134.456 Y178.11 E.00596
G1 X136.529 Y177.485 E.06961
G1 X137.252 Y176.761 E.03291
G1 X137.878 Y174.689 E.06961
G1 X138.601 Y173.965 E.03291
G1 X140.674 Y173.34 E.06961
G1 X141.397 Y172.616 E.03291
G1 X142.023 Y170.544 E.06961
G1 X142.746 Y169.82 E.03291
G1 X144.819 Y169.195 E.06961
G1 X145.542 Y168.471 E.03291
G1 X146.168 Y166.399 E.06961
G1 X146.468 Y166.098 E.01367
G1 X145.696 Y165.507 E.03127
G1 X145.228 Y164.903 E.02455
G1 X145.132 Y164.737 E.0062
G1 X144.819 Y165.05 E.01425
G1 X142.746 Y165.675 E.06961
G1 X142.023 Y166.399 E.03291
G1 X141.397 Y168.471 E.06961
G1 X140.674 Y169.195 E.03291
G1 X138.601 Y169.82 E.06961
G1 X137.878 Y170.544 E.03291
G1 X137.252 Y172.616 E.06961
G1 X136.529 Y173.34 E.03291
G1 X134.456 Y173.965 E.06961
G1 X134.325 Y174.096 E.00596
G1 X134.325 Y169.951 E.13329
G1 X134.456 Y169.82 E.00596
G1 X136.529 Y169.195 E.06961
G1 X137.252 Y168.471 E.03291
G1 X137.878 Y166.399 E.06961
G1 X138.601 Y165.675 E.03291
G1 X140.674 Y165.05 E.06961
G1 X141.397 Y164.326 E.03291
G1 X142.023 Y162.254 E.06961
G1 X142.746 Y161.53 E.03291
G1 X144.819 Y160.905 E.06961
G1 X145.399 Y160.325 E.02638
G1 X141.93 Y160.324 E.11155
G1 X141.299 Y160.28 E.02035
G1 X140.674 Y160.905 E.02843
G1 X138.601 Y161.53 E.06961
G1 X137.878 Y162.254 E.03291
G1 X137.252 Y164.326 E.06961
G1 X136.529 Y165.05 E.03291
G1 X134.456 Y165.675 E.06961
G1 X134.325 Y165.806 E.00596
G1 X134.325 Y161.661 E.13329
G1 X134.456 Y161.53 E.00596
G1 X136.529 Y160.905 E.06961
G1 X137.252 Y160.181 E.03291
G1 X137.82 Y158.298 E.06326
G1 X137.417 Y157.712 E.02289
G1 X137.102 Y157.09 E.0224
G1 X136.869 Y156.42 E.02283
G1 X136.529 Y156.76 E.01546
G1 X134.456 Y157.385 E.06961
G1 X134.325 Y157.516 E.00596
G1 X134.325 Y153.371 E.13329
G1 X134.456 Y153.24 E.00596
G1 X136.529 Y152.615 E.06961
G1 X137.252 Y151.891 E.03291
G1 X137.878 Y149.819 E.06961
G1 X138.601 Y149.095 E.03291
G1 X140.674 Y148.47 E.06961
G1 X141.397 Y147.746 E.03291
G1 X142.023 Y145.674 E.06961
M73 P73 R5
G1 X142.746 Y144.95 E.03291
G1 X144.819 Y144.325 E.06961
G1 X145.542 Y143.601 E.03291
G1 X146.168 Y141.529 E.06961
G1 X146.891 Y140.805 E.03291
G1 X148.964 Y140.18 E.06961
G1 X149.687 Y139.456 E.03291
G1 X150.313 Y137.384 E.06961
G1 X151.036 Y136.66 E.03291
G1 X153.109 Y136.035 E.06961
G1 X153.832 Y135.311 E.03291
G1 X154.458 Y133.239 E.06961
G1 X155.181 Y132.515 E.03291
G1 X157.254 Y131.89 E.06961
G1 X157.977 Y131.166 E.03291
G1 X158.603 Y129.094 E.06961
G1 X159.326 Y128.37 E.03291
G1 X161.399 Y127.745 E.06961
G1 X162.122 Y127.021 E.03291
G1 X162.748 Y124.949 E.06961
G1 X163.471 Y124.225 E.03291
G1 X165.544 Y123.6 E.06961
G1 X165.675 Y123.469 E.00596
G1 X165.675 Y119.324 E.13329
G1 X165.544 Y119.455 E.00596
G1 X163.471 Y120.08 E.06961
G1 X162.748 Y120.804 E.03291
G1 X162.122 Y122.876 E.06961
G1 X161.399 Y123.6 E.03291
G1 X159.326 Y124.225 E.06961
G1 X158.603 Y124.949 E.03291
G1 X157.977 Y127.021 E.06961
G1 X157.254 Y127.745 E.03291
G1 X155.181 Y128.37 E.06961
G1 X154.458 Y129.094 E.03291
G1 X153.832 Y131.166 E.06961
G1 X153.109 Y131.89 E.03291
G1 X151.036 Y132.515 E.06961
G1 X150.313 Y133.239 E.03291
G1 X149.687 Y135.311 E.06961
G1 X148.964 Y136.035 E.03291
G1 X146.891 Y136.66 E.06961
G1 X146.168 Y137.384 E.03291
G1 X145.542 Y139.456 E.06961
G1 X144.819 Y140.18 E.03291
G1 X142.746 Y140.805 E.06961
G1 X142.023 Y141.529 E.03291
G1 X141.397 Y143.601 E.06961
G1 X140.674 Y144.325 E.03291
G1 X138.601 Y144.95 E.06961
G1 X137.878 Y145.674 E.03291
G1 X137.252 Y147.746 E.06961
G1 X136.529 Y148.47 E.03291
G1 X134.456 Y149.095 E.06961
G1 X134.325 Y149.226 E.00596
G1 X134.325 Y145.081 E.13329
G1 X134.456 Y144.95 E.00596
G1 X136.529 Y144.325 E.06961
G1 X137.252 Y143.601 E.03291
G1 X137.878 Y141.529 E.06961
G1 X138.601 Y140.805 E.03291
G1 X140.674 Y140.18 E.06961
G1 X141.397 Y139.456 E.03291
G1 X142.023 Y137.384 E.06961
G1 X142.746 Y136.66 E.03291
G1 X144.819 Y136.035 E.06961
G1 X145.542 Y135.311 E.03291
G1 X146.168 Y133.239 E.06961
G1 X146.891 Y132.515 E.03291
G1 X148.964 Y131.89 E.06961
G1 X149.687 Y131.166 E.03291
G1 X150.313 Y129.094 E.06961
G1 X151.036 Y128.37 E.03291
G1 X153.109 Y127.745 E.06961
G1 X153.832 Y127.021 E.03291
G1 X154.458 Y124.949 E.06961
G1 X155.181 Y124.225 E.03291
G1 X157.254 Y123.6 E.06961
G1 X157.977 Y122.876 E.03291
G1 X158.603 Y120.804 E.06961
G1 X159.326 Y120.08 E.03291
G1 X161.399 Y119.455 E.06961
G1 X162.122 Y118.731 E.03291
G1 X162.748 Y116.659 E.06961
G1 X163.471 Y115.935 E.03291
G1 X165.155 Y115.427 E.05657
G1 X164.889 Y115.111 E.01329
G1 X164.627 Y114.88 E.01124
G1 X164.336 Y114.686 E.01124
G1 X164.022 Y114.531 E.01124
G1 X163.692 Y114.419 E.01124
G1 X163.349 Y114.351 E.01124
G1 X163.048 Y114.331 E.0097
G1 X162.199 Y114.331 E.02728
G1 X162.122 Y114.586 E.00857
G1 X161.399 Y115.31 E.03291
G1 X159.326 Y115.935 E.06961
G1 X158.603 Y116.659 E.03291
G1 X157.977 Y118.731 E.06961
G1 X157.254 Y119.455 E.03291
G1 X155.181 Y120.08 E.06961
G1 X154.458 Y120.804 E.03291
G1 X153.832 Y122.876 E.06961
G1 X153.572 Y123.137 E.01186
G1 X153.568 Y124.141 E.03227
G1 X153.456 Y124.931 E.02569
G1 X153.079 Y125.825 E.03118
G1 X152.501 Y126.559 E.03005
G1 X151.79 Y127.1 E.02873
G1 X150.947 Y127.449 E.02934
G1 X150.023 Y127.577 E.02998
G1 X149.23 Y127.479 E.02571
G1 X148.964 Y127.745 E.01209
G1 X146.891 Y128.37 E.06961
G1 X146.168 Y129.094 E.03291
G1 X145.542 Y131.166 E.06961
G1 X144.819 Y131.89 E.03291
G1 X142.746 Y132.515 E.06961
G1 X142.023 Y133.239 E.03291
G1 X141.397 Y135.311 E.06961
G1 X140.674 Y136.035 E.03291
G1 X138.601 Y136.66 E.06961
G1 X137.878 Y137.384 E.03291
G1 X137.252 Y139.456 E.06961
G1 X136.529 Y140.18 E.03291
G1 X134.456 Y140.805 E.06961
G1 X134.325 Y140.936 E.00596
G1 X134.325 Y136.791 E.13329
G1 X134.456 Y136.66 E.00596
G1 X136.529 Y136.035 E.06961
G1 X137.252 Y135.311 E.03291
G1 X137.878 Y133.239 E.06961
G1 X138.601 Y132.515 E.03291
G1 X140.674 Y131.89 E.06961
G1 X141.397 Y131.166 E.03291
G1 X142.023 Y129.094 E.06961
G1 X142.746 Y128.37 E.03291
G1 X144.819 Y127.745 E.06961
G1 X145.542 Y127.021 E.03291
G1 X146.168 Y124.949 E.06961
G1 X146.501 Y124.615 E.01518
G1 X146.535 Y124.869 E.00825
G1 X146.688 Y125.286 E.01427
G1 X146.887 Y125.745 E.01609
G1 X146.967 Y125.884 E.00514
G1 X147.13 Y126.095 E.00859
G1 X150.011 Y127.211 F18000
;TYPE:Internal solid infill
;WIDTH:0.38292
G1 F9287.925
G1 X150.851 Y127.097 E.02276
G1 X151.607 Y126.783 E.022
G1 X152.245 Y126.299 E.02151
G1 X152.764 Y125.639 E.02255
G1 X153.104 Y124.834 E.02347
G1 X153.207 Y124.104 E.01981
G1 X153.213 Y121.989 E.05679
G1 X153.106 Y121.174 E.02208
G1 X152.82 Y120.472 E.02036
G1 X152.348 Y119.831 E.02139
G1 X151.706 Y119.297 E.02241
G1 X150.953 Y118.937 E.02242
G1 X150.358 Y118.826 E.01628
G1 X149.803 Y118.801 E.01491
G1 X149.223 Y118.895 E.01577
G1 X148.511 Y119.171 E.02051
G1 X147.831 Y119.652 E.02238
G1 X147.228 Y120.377 E.0253
G1 X146.901 Y121.154 E.02265
G1 X146.793 Y121.886 E.01986
G1 X146.788 Y124.021 E.05736
G1 X146.895 Y124.812 E.02143
G1 X147.171 Y125.491 E.01969
G1 X147.732 Y126.272 E.02583
G1 X148.336 Y126.741 E.02053
G1 X149.053 Y127.056 E.02105
G1 X149.972 Y127.205 E.02498
G1 E-1.3 F1800
G1 Z3.6 F18000
G1 X148.195 Y118.921 Z3.6
G1 Z3.2
G1 E1.3 F1800
;TYPE:Sparse infill
;WIDTH:0.45
G1 F7757.437
G1 X148.098 Y118.978 E.00363
G1 X147.573 Y119.38 E.02126
G1 X147.378 Y119.575 E.00886
G1 X147.031 Y120.038 E.01861
G1 X146.891 Y120.08 E.00468
G1 X146.168 Y120.804 E.03291
G1 X145.542 Y122.876 E.06961
G1 X144.819 Y123.6 E.03291
G1 X142.746 Y124.225 E.06961
G1 X142.023 Y124.949 E.03291
G1 X141.397 Y127.021 E.06961
G1 X140.674 Y127.745 E.03291
G1 X138.601 Y128.37 E.06961
G1 X137.878 Y129.094 E.03291
G1 X137.252 Y131.166 E.06961
G1 X136.529 Y131.89 E.03291
G1 X134.456 Y132.515 E.06961
G1 X134.325 Y132.646 E.00596
G1 X134.325 Y128.501 E.13329
G1 X134.456 Y128.37 E.00596
G1 X136.529 Y127.745 E.06961
G1 X137.252 Y127.021 E.03291
G1 X137.878 Y124.949 E.06961
G1 X138.601 Y124.225 E.03291
G1 X140.674 Y123.6 E.06961
G1 X141.397 Y122.876 E.03291
G1 X142.023 Y120.804 E.06961
G1 X142.746 Y120.08 E.03291
G1 X144.819 Y119.455 E.06961
G1 X145.542 Y118.731 E.03291
G1 X146.168 Y116.659 E.06961
G1 X146.891 Y115.935 E.03291
G1 X148.964 Y115.31 E.06961
G1 X149.687 Y114.586 E.03291
G1 X149.765 Y114.328 E.00866
G1 X145.62 Y114.327 E.13328
G1 X145.542 Y114.586 E.00869
G1 X144.819 Y115.31 E.03291
G1 X142.746 Y115.935 E.06961
G1 X142.023 Y116.659 E.03291
G1 X141.397 Y118.731 E.06961
G1 X140.674 Y119.455 E.03291
G1 X138.601 Y120.08 E.06961
G1 X137.878 Y120.804 E.03291
G1 X137.252 Y122.876 E.06961
G1 X136.529 Y123.6 E.03291
G1 X134.456 Y124.225 E.06961
G1 X134.325 Y124.356 E.00596
G1 X134.325 Y120.211 E.13329
G1 X134.456 Y120.08 E.00596
G1 X136.529 Y119.455 E.06961
G1 X137.252 Y118.731 E.03291
G1 X137.878 Y116.659 E.06961
G1 X138.601 Y115.935 E.03291
G1 X140.674 Y115.31 E.06961
G1 X141.397 Y114.586 E.03291
G1 X141.476 Y114.326 E.00873
G1 X137.331 Y114.325 E.13328
G1 X137.252 Y114.586 E.00876
G1 X136.529 Y115.31 E.03291
G1 X134.569 Y115.901 E.06581
G1 X134.419 Y116.308 E.01397
G1 X134.351 Y116.651 E.01124
G1 X134.325 Y117.043 E.01264
G1 X134.325 Y117.494 E.0145
G1 X152.282 Y114.329 F18000
G1 F7757.437
G1 X153.91 Y114.329 E.05236
G1 X153.832 Y114.586 E.00863
G1 X153.109 Y115.31 E.03291
G1 X151.036 Y115.935 E.06961
G1 X150.313 Y116.659 E.03291
G1 X149.775 Y118.44 E.05982
G1 X150.141 Y118.442 E.01175
G1 X150.774 Y118.515 E.02049
G1 X151.063 Y118.592 E.00963
G1 X151.666 Y118.841 E.02098
G1 X151.902 Y118.978 E.00878
G1 X152.427 Y119.38 E.02126
G1 X152.638 Y119.597 E.00972
G1 X153.109 Y119.455 E.01582
G1 X153.832 Y118.731 E.03291
G1 X154.458 Y116.659 E.06961
G1 X155.181 Y115.935 E.03291
G1 X157.254 Y115.31 E.06961
G1 X157.977 Y114.586 E.03291
G1 X158.055 Y114.33 E.0086
G1 X159.683 Y114.33 E.05236
M106 S102
;LAYER_CHANGE
;Z:3.4
;HEIGHT:0.2

G1 E-1.3 F1800
G92 E0
;_SET_FAN_SPEED_CHANGING_LAYER
G1 Z3.8 F18000
G1 X165.942 Y115.302 Z3.8
G1 Z3.4
G1 E1.3 F1800
;TYPE:Inner wall
;WIDTH:0.449999
G1 F7757.448
G1 X166.209 Y115.911 E.02139
G1 X166.368 Y116.557 E.02139
G1 X166.398 Y117.135 E.01863
G1 X166.398 Y193.031 E2.44053
G1 X166.324 Y193.661 E.0204
G1 X166.138 Y194.3 E.02139
G1 X165.818 Y194.883 E.02139
G1 X165.402 Y195.402 E.02139
G1 X164.883 Y195.818 E.02139
G1 X164.3 Y196.138 E.02139
G1 X163.661 Y196.324 E.02139
G1 X162.98 Y196.398 E.02202
G1 X136.969 Y196.398 E.83643
G1 X136.339 Y196.324 E.0204
G1 X135.7 Y196.138 E.02139
G1 X135.117 Y195.818 E.02139
G1 X134.598 Y195.402 E.02139
G1 X134.182 Y194.883 E.02139
G1 X133.862 Y194.3 E.02139
G1 X133.676 Y193.661 E.02139
G1 X133.602 Y192.98 E.02202
G1 X133.602 Y116.969 E2.44425
G1 X133.676 Y116.339 E.0204
G1 X133.862 Y115.7 E.02139
G1 X134.182 Y115.117 E.02139
G1 X134.598 Y114.598 E.02139
G1 X135.117 Y114.182 E.02139
G1 X135.7 Y113.862 E.02139
G1 X136.339 Y113.676 E.02139
G1 X137.02 Y113.602 E.02202
G1 X163.158 Y113.608 E.84051
G1 X163.879 Y113.719 E.02346
G1 X164.499 Y113.96 E.02138
G1 X165.068 Y114.305 E.02139
G1 X165.548 Y114.765 E.0214
G1 X165.918 Y115.269 E.0201
G1 X166.282 Y115.105 F18000
;TYPE:Outer wall
;WIDTH:0.419999
G1 F6000
G1 X166.581 Y115.784 E.0221
G1 X166.757 Y116.505 E.02211
G1 X166.79 Y117.135 E.01878
G1 X166.79 Y193.139 E2.2639
G1 X166.66 Y193.981 E.02537
G1 X166.392 Y194.672 E.0221
G1 X166.006 Y195.307 E.02211
G1 X165.493 Y195.843 E.02211
G1 X164.895 Y196.282 E.0221
G1 X164.216 Y196.581 E.0221
G1 X163.495 Y196.757 E.02211
G1 X162.993 Y196.79 E.01497
G1 X136.861 Y196.79 E.77839
G1 X136.019 Y196.66 E.02537
G1 X135.328 Y196.392 E.0221
G1 X134.693 Y196.006 E.02211
G1 X134.157 Y195.493 E.02211
G1 X133.718 Y194.895 E.0221
G1 X133.419 Y194.216 E.0221
G1 X133.243 Y193.495 E.02211
G1 X133.21 Y192.993 E.01497
G1 X133.21 Y116.861 E2.26772
G1 X133.34 Y116.019 E.02537
G1 X133.608 Y115.328 E.0221
G1 X133.994 Y114.693 E.02211
G1 X134.507 Y114.157 E.02211
G1 X135.105 Y113.718 E.0221
G1 X135.784 Y113.419 E.0221
G1 X136.505 Y113.243 E.02211
G1 X137.007 Y113.21 E.01497
G1 X163.178 Y113.216 E.77955
G1 X163.981 Y113.34 E.02419
G1 X164.672 Y113.608 E.0221
G1 X165.307 Y113.994 E.02211
G1 X165.843 Y114.507 E.02211
G1 X166.258 Y115.073 E.02091
G1 E-1.3 F1800
G1 Z3.8 F18000
G1 X148.587 Y119.538 Z3.8
G1 Z3.4
G1 E1.3 F1800
;TYPE:Inner wall
;WIDTH:0.449999
G1 F7757.448
G1 X148.511 Y119.572 E.00268
G1 X147.933 Y120.04 E.02391
G1 X147.529 Y120.576 E.0216
G1 X147.23 Y121.336 E.02625
G1 X147.148 Y121.999 E.02148
G1 X147.153 Y124.077 E.0668
G1 X147.269 Y124.81 E.02388
G1 X147.572 Y125.489 E.02391
G1 X148.04 Y126.067 E.02391
G1 X148.573 Y126.469 E.02146
G1 X149.19 Y126.731 E.02155
G1 X149.388 Y126.777 E.00655
G1 X150.076 Y126.847 E.02222
G1 X150.81 Y126.731 E.02391
G1 X151.489 Y126.428 E.02391
G1 X152.067 Y125.96 E.02391
G1 X152.504 Y125.358 E.02391
G1 X152.766 Y124.688 E.02313
G1 X152.852 Y124.001 E.02228
G1 X152.847 Y121.923 E.0668
G1 X152.731 Y121.19 E.02388
G1 X152.428 Y120.511 E.02391
G1 X151.96 Y119.933 E.02391
G1 X151.358 Y119.496 E.02391
G1 X150.655 Y119.229 E.02419
G1 X149.869 Y119.157 E.02537
G1 X149.19 Y119.269 E.02213
G1 X148.623 Y119.522 E.01995
G1 X148.75 Y119.883 F18000
;TYPE:Outer wall
;WIDTH:0.419999
G1 F6000
M73 P74 R5
G1 X148.749 Y119.883 E.00001
G1 X148.244 Y120.279 E.01912
G1 X147.869 Y120.771 E.01842
G1 X147.623 Y121.365 E.01914
G1 X147.542 Y121.975 E.01834
G1 X147.54 Y124.001 E.06035
G1 X147.624 Y124.637 E.01911
G1 X147.866 Y125.223 E.01889
G1 X148.255 Y125.734 E.01913
G1 X148.759 Y126.124 E.01899
G1 X149.353 Y126.373 E.01918
G1 X149.992 Y126.46 E.0192
G1 X150.624 Y126.379 E.01899
G1 X151.219 Y126.136 E.01914
G1 X151.733 Y125.746 E.01923
G1 X152.126 Y125.237 E.01913
G1 X152.376 Y124.637 E.01938
G1 X152.458 Y124.025 E.01838
G1 X152.458 Y121.975 E.06108
G1 X152.368 Y121.34 E.01909
G1 X152.117 Y120.749 E.01912
G1 X151.721 Y120.244 E.01912
G1 X151.208 Y119.859 E.01912
G1 X150.61 Y119.619 E.0192
G1 X149.923 Y119.545 E.02058
G1 X149.34 Y119.632 E.01755
G1 X148.787 Y119.867 E.01791
G1 E-1.3 F1800
G1 Z3.8 F18000
G1 X153.786 Y145.03 Z3.8
G1 Z3.4
G1 E1.3 F1800
;TYPE:Inner wall
;WIDTH:0.449999
G1 F7757.448
G1 X153.71 Y144.933 E.00395
G1 X153.108 Y144.496 E.02391
G1 X152.49 Y144.246 E.02144
G1 X151.827 Y144.153 E.02154
G1 X148.249 Y144.148 E.11503
G1 X147.586 Y144.23 E.02149
G1 X147.381 Y144.294 E.00692
G1 X146.761 Y144.572 E.02185
G1 X146.183 Y145.04 E.02391
G1 X145.746 Y145.642 E.02391
G1 X145.48 Y146.336 E.02391
G1 X145.403 Y147.076 E.02391
G1 X145.519 Y147.81 E.02391
G1 X145.822 Y148.489 E.02391
G1 X146.29 Y149.067 E.02391
G1 X146.892 Y149.504 E.02391
;WIDTH:0.487299
G1 F7106.315
G1 X147.121 Y149.611 E.00887
;WIDTH:0.524599
G1 F6556.024
G1 X147.35 Y149.718 E.00962
;WIDTH:0.561898
G1 F6084.834
G1 X147.579 Y149.825 E.01036
G1 X148.249 Y149.887 E.0276
;WIDTH:0.519381
G1 F6627.814
G1 X151.938 Y149.887 E.13884
G1 X152.253 Y149.807 E.01222
;WIDTH:0.48469
G1 F7148.278
G1 X152.568 Y149.727 E.01133
;WIDTH:0.449999
G1 F7757.448
G1 X153.239 Y149.428 E.02365
G1 X153.71 Y149.067 E.01907
G1 X153.96 Y148.773 E.01241
G1 X154.254 Y148.358 E.01635
G1 X154.52 Y147.664 E.02391
G1 X154.597 Y146.924 E.02391
G1 X154.482 Y146.193 E.02379
G1 X154.206 Y145.564 E.02208
G1 X153.81 Y145.061 E.02059
G1 X153.548 Y145.337 F18000
;TYPE:Outer wall
;WIDTH:0.419999
G1 F6000
G1 X153.496 Y145.267 E.00258
G1 X152.986 Y144.873 E.01919
G1 X152.399 Y144.628 E.01896
G1 X151.775 Y144.542 E.01876
G1 X148.225 Y144.542 E.10576
G1 X147.531 Y144.656 E.02095
G1 X146.999 Y144.883 E.01721
G1 X146.494 Y145.279 E.01912
G1 X146.109 Y145.792 E.01912
G1 X145.869 Y146.387 E.01912
G1 X145.792 Y147.025 E.01912
G1 X145.882 Y147.66 E.01912
G1 X146.133 Y148.251 E.01912
G1 X146.529 Y148.756 E.01912
G1 X147.042 Y149.141 E.01912
G1 X147.637 Y149.381 E.01912
G1 X148.249 Y149.46 E.01838
G1 X151.78 Y149.46 E.10517
G1 X152.418 Y149.365 E.0192
G1 X153.001 Y149.117 E.01887
G1 X153.506 Y148.721 E.01912
G1 X153.891 Y148.208 E.01912
G1 X154.131 Y147.613 E.01912
G1 X154.208 Y146.975 E.01912
G1 X154.119 Y146.341 E.01908
G1 X153.904 Y145.818 E.01684
G1 X153.572 Y145.369 E.01664
G1 E-1.3 F1800
G1 Z3.8 F18000
G1 X154.49 Y163.741 Z3.8
G1 Z3.4
G1 E1.3 F1800
;TYPE:Inner wall
;WIDTH:0.449999
G1 F7757.448
G1 X154.52 Y163.664 E.00268
G1 X154.597 Y162.924 E.02391
G1 X154.482 Y162.193 E.02379
G1 X154.239 Y161.614 E.02018
G1 X153.822 Y161.048 E.02263
G1 X153.634 Y160.875 E.0082
G1 X153.149 Y160.516 E.01942
G1 X152.56 Y160.269 E.02054
;WIDTH:0.490352
G1 F7057.828
G1 X152.293 Y160.204 E.00974
;WIDTH:0.530704
G1 F6473.961
G1 X152.025 Y160.138 E.01061
G1 X151.751 Y160.113 E.01061
;WIDTH:0.519381
G1 F6627.814
G1 X148.204 Y160.113 E.1335
;WIDTH:0.561897
G1 F6084.846
G1 X147.579 Y160.175 E.02574
G1 X147.504 Y160.209 E.00338
;WIDTH:0.534419
G1 F6425.034
G1 X147.429 Y160.243 E.0032
;WIDTH:0.50694
G1 F6805.514
G1 X147.095 Y160.408 E.01365
;WIDTH:0.47847
G1 F7250.369
G1 X146.761 Y160.572 E.01281
;WIDTH:0.449999
G1 F7757.448
G1 X146.183 Y161.04 E.02391
G1 X145.746 Y161.642 E.02391
G1 X145.48 Y162.336 E.02391
G1 X145.403 Y162.924 E.01907
G1 X145.434 Y163.31 E.01243
G1 X145.519 Y163.81 E.01633
G1 X145.822 Y164.489 E.02391
G1 X146.29 Y165.067 E.02391
G1 X146.892 Y165.504 E.02391
G1 X147.51 Y165.754 E.02144
G1 X148.173 Y165.847 E.02154
G1 X151.751 Y165.852 E.11503
G1 X152.414 Y165.77 E.02149
G1 X152.619 Y165.706 E.00692
G1 X153.239 Y165.428 E.02185
G1 X153.817 Y164.96 E.02391
G1 X154.254 Y164.358 E.02391
G1 X154.476 Y163.779 E.01994
G1 X154.127 Y163.622 F18000
;TYPE:Outer wall
;WIDTH:0.419999
G1 F6000
G1 X154.131 Y163.613 E.0003
G1 X154.208 Y162.975 E.01912
G1 X154.119 Y162.341 E.01908
G1 X153.891 Y161.798 E.01753
G1 X153.471 Y161.244 E.02072
G1 X152.971 Y160.865 E.01869
G1 X152.418 Y160.635 E.01786
G1 X151.775 Y160.542 E.01933
G1 X148.225 Y160.542 E.10576
G1 X147.59 Y160.632 E.0191
G1 X146.999 Y160.883 E.01912
G1 X146.494 Y161.279 E.01912
G1 X146.109 Y161.792 E.01912
G1 X145.869 Y162.387 E.01912
G1 X145.79 Y163 E.0184
G1 X145.875 Y163.639 E.01921
G1 X146.12 Y164.23 E.01906
G1 X146.505 Y164.734 E.01889
G1 X147.014 Y165.127 E.01914
G1 X147.601 Y165.372 E.01896
G1 X148.225 Y165.458 E.01876
G1 X151.775 Y165.458 E.10576
G1 X152.469 Y165.344 E.02095
G1 X153.001 Y165.117 E.01721
G1 X153.506 Y164.721 E.01912
G1 X153.891 Y164.208 E.01912
G1 X154.112 Y163.659 E.01762
G1 E-1.3 F1800
G1 Z3.8 F18000
G1 X156.251 Y156.753 Z3.8
G1 Z3.4
G1 E1.3 F1800
;TYPE:Inner wall
;WIDTH:0.449999
G1 F7757.448
G1 X156.434 Y156.227 E.01788
G1 X156.557 Y155.638 E.01935
G1 X156.601 Y155.038 E.01935
G1 X156.566 Y154.437 E.01935
G1 X156.454 Y153.846 E.01935
G1 X156.265 Y153.274 E.01935
G1 X156.003 Y152.732 E.01935
G1 X155.673 Y152.229 E.01935
G1 X155.269 Y151.761 E.0199
G1 X154.804 Y151.351 E.01994
G1 X154.276 Y151.001 E.02037
G1 X153.726 Y150.735 E.01965
G1 X153.154 Y150.546 E.01935
G1 X152.563 Y150.434 E.01935
;WIDTH:0.493385
G1 F7010.308
G1 X152.302 Y150.395 E.00938
;WIDTH:0.53677
G1 F6394.441
G1 X152.042 Y150.356 E.01028
G1 X151.751 Y150.363 E.01135
;WIDTH:0.519381
G1 F6627.814
G1 X148.193 Y150.363 E.13389
;WIDTH:0.561898
G1 F6084.834
G1 X147.545 Y150.342 E.02659
G1 X147.426 Y150.359 E.00492
;WIDTH:0.528333
G1 F6505.59
G1 X147.307 Y150.376 E.00461
;WIDTH:0.494767
G1 F6988.858
G1 X146.714 Y150.398 E.02118
;WIDTH:0.449999
G1 F7757.448
G1 X141.999 Y150.398 E.15161
G1 X141.437 Y150.434 E.01811
G1 X140.848 Y150.546 E.0193
G1 X140.274 Y150.735 E.01941
G1 X139.732 Y150.997 E.01935
G1 X139.229 Y151.327 E.01935
G1 X138.774 Y151.72 E.01935
G1 X138.373 Y152.169 E.01935
G1 X138.035 Y152.667 E.01935
G1 X137.764 Y153.204 E.01935
G1 X137.566 Y153.773 E.01935
G1 X137.443 Y154.362 E.01935
G1 X137.399 Y154.962 E.01935
G1 X137.434 Y155.563 E.01935
G1 X137.546 Y156.154 E.01935
G1 X137.735 Y156.726 E.01935
G1 X137.997 Y157.268 E.01935
G1 X138.327 Y157.771 E.01935
G1 X138.72 Y158.226 E.01935
G1 X139.169 Y158.627 E.01935
G1 X139.667 Y158.965 E.01935
G1 X140.204 Y159.236 E.01935
G1 X140.773 Y159.434 E.01935
G1 X141.362 Y159.557 E.01935
G1 X141.961 Y159.601 E.01933
G1 X146.714 Y159.602 E.15283
;WIDTH:0.488273
G1 F7090.773
G1 X146.978 Y159.621 E.00932
;WIDTH:0.526547
G1 F6529.617
G1 X147.243 Y159.64 E.01012
;WIDTH:0.56482
G1 F6050.766
G1 X147.507 Y159.659 E.01092
G1 X148.249 Y159.637 E.03063
;WIDTH:0.519381
G1 F6627.814
G1 X152.072 Y159.637 E.14386
G1 X152.317 Y159.602 E.00934
;WIDTH:0.48469
G1 F7148.278
G1 X152.563 Y159.566 E.00866
;WIDTH:0.449999
G1 F7757.448
G1 X153.154 Y159.454 E.01935
G1 X153.726 Y159.265 E.01935
G1 X154.268 Y159.003 E.01935
G1 X154.771 Y158.673 E.01935
G1 X155.226 Y158.28 E.01935
G1 X155.627 Y157.831 E.01935
G1 X155.965 Y157.333 E.01935
G1 X156.236 Y156.796 E.01935
G1 X156.238 Y156.79 E.00019
G1 X155.885 Y156.622 F18000
;TYPE:Outer wall
;WIDTH:0.419999
G1 F6000
G1 X156.063 Y156.101 E.0164
G1 X156.172 Y155.562 E.0164
G1 X156.21 Y155.012 E.0164
G1 X156.175 Y154.463 E.0164
G1 X156.069 Y153.922 E.0164
G1 X155.894 Y153.4 E.0164
G1 X155.652 Y152.906 E.0164
G1 X155.347 Y152.447 E.0164
G1 X154.985 Y152.032 E.0164
G1 X154.572 Y151.668 E.0164
G1 X154.116 Y151.361 E.0164
G1 X153.622 Y151.116 E.0164
G1 X153.101 Y150.937 E.0164
G1 X152.562 Y150.828 E.0164
G1 X152.013 Y150.79 E.01638
G1 X141.999 Y150.79 E.29827
G1 X141.463 Y150.825 E.01601
G1 X140.924 Y150.93 E.01635
G1 X140.4 Y151.106 E.01645
G1 X139.906 Y151.348 E.0164
G1 X139.447 Y151.653 E.0164
G1 X139.032 Y152.015 E.0164
G1 X138.668 Y152.428 E.0164
G1 X138.361 Y152.885 E.0164
G1 X138.116 Y153.378 E.0164
G1 X137.937 Y153.899 E.0164
G1 X137.828 Y154.438 E.0164
G1 X137.79 Y154.988 E.0164
G1 X137.825 Y155.537 E.0164
G1 X137.931 Y156.078 E.0164
G1 X138.106 Y156.6 E.0164
G1 X138.348 Y157.094 E.0164
G1 X138.653 Y157.553 E.0164
G1 X139.015 Y157.968 E.0164
G1 X139.428 Y158.332 E.0164
G1 X139.884 Y158.639 E.0164
G1 X140.378 Y158.884 E.0164
G1 X140.899 Y159.063 E.0164
G1 X141.438 Y159.172 E.0164
G1 X141.987 Y159.21 E.01638
G1 X152.001 Y159.21 E.29827
G1 X152.537 Y159.175 E.01601
G1 X153.078 Y159.069 E.0164
G1 X153.6 Y158.894 E.0164
G1 X154.094 Y158.652 E.0164
G1 X154.553 Y158.347 E.0164
G1 X154.968 Y157.985 E.0164
G1 X155.332 Y157.572 E.0164
G1 X155.639 Y157.116 E.0164
G1 X155.867 Y156.658 E.01522
G1 E-1.3 F1800
G1 Z3.8 F18000
G1 X150.773 Y183.274 Z3.8
G1 Z3.4
G1 E1.3 F1800
;TYPE:Inner wall
;WIDTH:0.449999
G1 F7757.448
G1 X150.655 Y183.229 E.00406
G1 X149.869 Y183.157 E.02537
G1 X149.19 Y183.269 E.02213
G1 X148.511 Y183.572 E.02391
G1 X147.933 Y184.04 E.02391
G1 X147.496 Y184.642 E.02391
G1 X147.23 Y185.336 E.02391
G1 X147.148 Y185.999 E.02148
G1 X147.153 Y188.077 E.0668
G1 X147.269 Y188.81 E.02388
G1 X147.572 Y189.489 E.02391
G1 X148.04 Y190.067 E.02391
G1 X148.642 Y190.504 E.02391
G1 X149.336 Y190.77 E.0239
G1 X150.076 Y190.847 E.02391
G1 X150.81 Y190.731 E.02391
G1 X151.489 Y190.428 E.02391
G1 X152.067 Y189.96 E.02391
G1 X152.504 Y189.358 E.02391
G1 X152.77 Y188.664 E.02391
G1 X152.852 Y188.001 E.02148
G1 X152.847 Y185.923 E.0668
G1 X152.731 Y185.19 E.02388
G1 X152.428 Y184.511 E.02391
G1 X151.96 Y183.933 E.02391
G1 X151.358 Y183.496 E.02391
G1 X150.81 Y183.288 E.01885
G1 X150.508 Y183.61 F18000
;TYPE:Outer wall
;WIDTH:0.419999
G1 F6000
G1 X149.954 Y183.543 E.01662
G1 X149.375 Y183.621 E.0174
G1 X148.781 Y183.864 E.01912
G1 X148.267 Y184.254 E.01923
G1 X147.874 Y184.763 E.01913
G1 X147.624 Y185.363 E.01938
G1 X147.542 Y185.975 E.01838
G1 X147.542 Y188.025 E.06108
G1 X147.632 Y188.66 E.01909
G1 X147.883 Y189.251 E.01912
G1 X148.279 Y189.756 E.01912
G1 X148.792 Y190.141 E.01912
G1 X149.387 Y190.381 E.01912
G1 X150.025 Y190.458 E.01912
G1 X150.66 Y190.368 E.01912
G1 X151.251 Y190.117 E.01912
G1 X151.756 Y189.721 E.01912
G1 X152.131 Y189.229 E.01842
G1 X152.377 Y188.635 E.01914
G1 X152.458 Y188.025 E.01834
G1 X152.46 Y185.999 E.06035
G1 X152.376 Y185.363 E.01911
G1 X152.134 Y184.777 E.01889
G1 X151.745 Y184.266 E.01913
G1 X151.241 Y183.876 E.01899
G1 X150.647 Y183.627 E.01918
G1 X150.548 Y183.615 E.00297
G1 E-1.3 F1800
G1 Z3.8 F18000
G1 X133.925 Y193.974 Z3.8
G1 Z3.4
G1 E1.3 F1800
SET_VELOCITY_LIMIT ACCEL=2500 ACCEL_TO_DECEL=1250
;TYPE:Internal Bridge
;WIDTH:0.4
;HEIGHT:0.4
G1 F5025.945
M106 S229
G1 X135.661 Y195.709 E.1218
G1 X135.841 Y195.798 E.00999
G1 X136.216 Y195.925 E.01966
G1 X136.587 Y195.999 E.01877
G1 X134.001 Y193.413 E.18153
G1 X133.97 Y192.745 E.03318
G1 X137.255 Y196.03 E.23061
G1 X137.891 Y196.03 E.03159
G1 X133.97 Y192.109 E.27528
G1 X133.97 Y191.472 E.03159
G1 X138.528 Y196.03 E.31995
G1 X139.164 Y196.03 E.03159
G1 X133.97 Y190.836 E.36462
G1 X133.97 Y190.199 E.03159
G1 X139.801 Y196.03 E.40929
G1 X140.437 Y196.03 E.03159
G1 X133.97 Y189.563 E.45396
G1 X133.97 Y188.927 E.03159
G1 X141.073 Y196.03 E.49863
G1 X141.71 Y196.03 E.03159
G1 X133.97 Y188.29 E.5433
G1 X133.97 Y187.654 E.03159
G1 X142.346 Y196.03 E.58797
G1 X142.983 Y196.03 E.03159
G1 X133.97 Y187.017 E.63264
G1 X133.97 Y186.381 E.03159
G1 X143.619 Y196.03 E.67731
G1 X144.255 Y196.03 E.03159
G1 X133.97 Y185.745 E.72198
G1 X133.97 Y185.108 E.03159
G1 X144.892 Y196.03 E.76664
G1 X145.528 Y196.03 E.03159
G1 X133.97 Y184.472 E.81131
G1 X133.97 Y183.835 E.03159
G1 X146.165 Y196.03 E.85598
G1 X146.801 Y196.03 E.03159
G1 X133.97 Y183.199 E.90065
G1 X133.97 Y182.563 E.03159
G1 X147.437 Y196.03 E.94532
G1 X148.074 Y196.03 E.03159
G1 X133.97 Y181.926 E.98999
G1 X133.97 Y181.29 E.03159
G1 X148.71 Y196.03 E1.03466
G1 X149.347 Y196.03 E.03159
G1 X133.97 Y180.653 E1.07933
G1 X133.97 Y180.017 E.03159
G1 X149.983 Y196.03 E1.124
G1 X150.619 Y196.03 E.03159
G1 X133.97 Y179.381 E1.16867
G1 X133.97 Y178.744 E.03159
G1 X151.256 Y196.03 E1.21334
G1 X151.892 Y196.03 E.03159
G1 X133.97 Y178.108 E1.25801
G1 X133.97 Y177.471 E.03159
G1 X152.529 Y196.03 E1.30268
G1 X153.165 Y196.03 E.03159
G1 X133.97 Y176.835 E1.34735
G1 X133.97 Y176.199 E.03159
G1 X147.081 Y189.31 E.92032
G1 X147.161 Y189.508 E.01056
M73 P75 R5
G1 X147.274 Y189.704 E.01127
G1 X147.648 Y190.192 E.0305
G1 X147.808 Y190.352 E.01123
G1 X148.296 Y190.726 E.0305
G1 X148.492 Y190.839 E.01123
G1 X148.694 Y190.923 E.01085
G1 X153.801 Y196.03 E.35852
G1 X154.438 Y196.03 E.03159
G1 X149.576 Y191.169 E.34122
G1 X150 Y191.221 E.02118
G1 X150.235 Y191.192 E.01177
G1 X155.074 Y196.03 E.33963
G1 X155.711 Y196.03 E.03159
G1 X150.796 Y191.116 E.34495
G1 X151.259 Y190.942 E.02453
G1 X156.347 Y196.03 E.35714
G1 X156.983 Y196.03 E.03159
G1 X151.688 Y190.735 E.37167
G1 X152.05 Y190.461 E.02254
G1 X157.62 Y196.03 E.39095
G1 X158.256 Y196.03 E.03159
G1 X152.38 Y190.154 E.41244
G1 X152.653 Y189.791 E.02256
G1 X158.893 Y196.03 E.43795
G1 X159.529 Y196.03 E.03159
G1 X152.883 Y189.385 E.46647
G1 X153.069 Y188.934 E.02419
G1 X160.165 Y196.03 E.4981
G1 X160.802 Y196.03 E.03159
G1 X153.173 Y188.401 E.5355
G1 X153.213 Y188.115 E.01435
G1 X153.214 Y187.806 E.01532
G1 X161.438 Y196.03 E.57727
G1 X162.074 Y196.03 E.03159
G1 X153.216 Y187.172 E.6218
G1 X153.218 Y186.537 E.03149
G1 X162.711 Y196.03 E.66633
G1 X163.324 Y196.007 E.03045
G1 X152.971 Y185.654 E.72667
G1 E-1.3 F1800
G1 Z3.8 F18000
G1 X147.07 Y188.663 Z3.8
G1 Z3.4
G1 E1.3 F1800
G1 F5025.945
G1 X133.97 Y175.562 E.91953
G1 X133.97 Y174.926 E.03159
G1 X146.781 Y187.738 E.89927
G1 X146.783 Y187.103 E.03149
G1 X133.97 Y174.289 E.89941
G1 X133.97 Y173.653 E.03159
G1 X146.785 Y186.469 E.89955
G1 X146.793 Y185.841 E.03118
G1 X133.97 Y173.017 E.90013
G1 X133.97 Y172.38 E.03159
G1 X146.872 Y185.283 E.90567
G1 X146.889 Y185.164 E.00597
G1 X147.038 Y184.812 E.01896
G1 X133.97 Y171.744 E.91728
G1 X133.97 Y171.107 E.03159
G1 X147.227 Y184.365 E.93054
G1 X147.505 Y184.007 E.02251
G1 X133.97 Y170.471 E.9501
G1 X133.97 Y169.835 E.03159
G1 X147.796 Y183.661 E.9705
G1 X148.158 Y183.386 E.02254
G1 X133.97 Y169.198 E.99588
G1 X133.97 Y168.562 E.03159
G1 X148.551 Y183.144 E1.02352
G1 X149.002 Y182.958 E.02418
G1 X133.97 Y167.926 E1.05512
G1 X133.97 Y167.289 E.03159
G1 X149.519 Y182.838 E1.09142
G1 X149.903 Y182.784 E.01928
G1 X150.123 Y182.806 E.01094
G1 X133.97 Y166.653 E1.13382
G1 X133.97 Y166.016 E.03159
G1 X150.853 Y182.9 E1.1851
G1 X151.612 Y183.212 E.04072
G1 X152.25 Y183.696 E.03972
G1 X152.725 Y184.294 E.03794
G1 X152.839 Y184.492 E.01134
G1 X153.105 Y185.152 E.03532
G1 X163.854 Y195.901 E.75448
G1 X164.159 Y195.798 E.01596
G1 X164.312 Y195.722 E.00847
G1 X133.97 Y165.38 E2.12977
G1 X133.97 Y164.744 E.03159
G1 X164.715 Y195.489 E2.15804
G1 X164.843 Y195.403 E.00769
G1 X165.068 Y195.206 E.01482
G1 X133.97 Y164.107 E2.18284
G1 X133.97 Y163.471 E.03159
G1 X165.374 Y194.876 E2.20434
G1 X165.631 Y194.496 E.02274
G1 X133.97 Y162.834 E2.22239
G1 X133.97 Y162.198 E.03159
M73 P75 R4
G1 X165.831 Y194.06 E2.23642
G1 X165.925 Y193.784 E.01447
G1 X165.969 Y193.561 E.01125
G1 X133.97 Y161.562 E2.24611
G1 X133.97 Y160.925 E.03159
G1 X166.029 Y192.985 E2.25031
G1 X166.03 Y192.35 E.03153
M73 P76 R4
G1 X133.97 Y160.289 E2.25039
G1 X133.97 Y159.652 E.03159
G1 X166.03 Y191.713 E2.25039
G1 X166.03 Y191.077 E.03159
G1 X133.97 Y159.016 E2.25039
G1 X133.97 Y158.38 E.03159
G1 X166.03 Y190.44 E2.25039
G1 X166.03 Y189.804 E.03159
G1 X133.97 Y157.743 E2.25039
G1 X133.97 Y157.107 E.03159
G1 X166.03 Y189.168 E2.25039
G1 X166.03 Y188.531 E.03159
G1 X133.97 Y156.47 E2.25039
G1 X133.97 Y155.834 E.03159
G1 X166.03 Y187.895 E2.25039
G1 X166.03 Y187.258 E.03159
G1 X133.97 Y155.198 E2.25039
G1 X133.97 Y154.561 E.03159
G1 X166.03 Y186.622 E2.25039
G1 X166.03 Y185.986 E.03159
G1 X133.97 Y153.925 E2.25039
G1 X133.97 Y153.288 E.03159
G1 X137.321 Y156.64 E.23526
G1 X137.215 Y156.337 E.01594
G1 X137.098 Y155.78 E.02825
G1 X133.97 Y152.652 E.21957
G1 X133.97 Y152.016 E.03159
G1 X137.036 Y155.082 E.21523
G1 X137.068 Y154.478 E.03003
G1 X133.97 Y151.379 E.21749
G1 X133.97 Y150.743 E.03159
G1 X137.158 Y153.932 E.22382
G1 X137.215 Y153.664 E.01359
G1 X137.294 Y153.431 E.01222
G1 X133.97 Y150.106 E.23333
G1 X133.97 Y149.47 E.03159
G1 X137.473 Y152.974 E.24592
G1 X137.681 Y152.546 E.02363
G1 X133.97 Y148.834 E.26054
G1 X133.97 Y148.197 E.03159
G1 X137.933 Y152.161 E.27819
G1 X138.026 Y152.018 E.00847
G1 X138.211 Y151.802 E.01408
G1 X133.97 Y147.561 E.29771
G1 X133.97 Y146.924 E.03159
G1 X138.513 Y151.468 E.31889
G1 X138.848 Y151.167 E.02237
G1 X133.97 Y146.288 E.34245
G1 X133.97 Y145.652 E.03159
G1 X139.218 Y150.9 E.36841
G1 X139.604 Y150.65 E.02284
G1 X133.97 Y145.015 E.39551
G1 X133.97 Y144.379 E.03159
G1 X140.031 Y150.44 E.42543
G1 X140.499 Y150.272 E.02471
G1 X133.97 Y143.742 E.45833
G1 X133.97 Y143.106 E.03159
G1 X141.009 Y150.146 E.49412
G1 X141.403 Y150.067 E.01991
G1 X141.558 Y150.058 E.00771
G1 X133.97 Y142.47 E.53262
G1 X133.97 Y141.833 E.03159
G1 X142.167 Y150.03 E.57537
G1 X142.803 Y150.03 E.03159
G1 X133.97 Y141.197 E.62004
G1 X133.97 Y140.56 E.03159
G1 X143.44 Y150.03 E.66471
G1 X144.076 Y150.03 E.03159
G1 X133.97 Y139.924 E.70938
G1 X133.97 Y139.288 E.03159
G1 X144.712 Y150.03 E.75405
G1 X145.349 Y150.03 E.03159
G1 X133.97 Y138.651 E.79872
G1 X133.97 Y138.015 E.03159
G1 X145.985 Y150.03 E.84339
G1 X146.622 Y150.03 E.03159
G1 X133.97 Y137.379 E.88805
G1 X133.97 Y136.742 E.03159
G1 X145.181 Y147.954 E.78696
G1 X145.117 Y147.722 E.01192
G1 X145.046 Y147.182 E.02703
G1 X133.97 Y136.106 E.77748
G1 X133.97 Y135.469 E.03159
G1 X145.081 Y146.581 E.77992
G1 X145.142 Y146.155 E.02134
G1 X145.185 Y146.049 E.0057
G1 X133.97 Y134.833 E.78724
G1 X133.97 Y134.197 E.03159
G1 X145.369 Y145.596 E.80012
G1 X145.525 Y145.294 E.01684
G1 X145.604 Y145.195 E.00632
G1 X133.97 Y133.56 E.81664
G1 X133.97 Y132.924 E.03159
M73 P77 R4
G1 X145.886 Y144.84 E.83642
G1 X146 Y144.696 E.00912
G1 X146.214 Y144.532 E.01339
G1 X133.97 Y132.287 E.85947
G1 X133.97 Y131.651 E.03159
G1 X146.575 Y144.256 E.88476
G1 X147.01 Y144.055 E.0238
G1 X133.97 Y131.015 E.91533
G1 X133.97 Y130.378 E.03159
G1 X147.471 Y143.879 E.94767
G1 X148.034 Y143.806 E.02817
G1 X133.97 Y129.742 E.98717
G1 X133.97 Y129.105 E.03159
G1 X148.645 Y143.78 E1.03006
G1 X149.281 Y143.78 E.03159
G1 X133.97 Y128.469 E1.07473
G1 X133.97 Y127.833 E.03159
G1 X149.917 Y143.78 E1.1194
G1 X150.554 Y143.78 E.03159
G1 X133.97 Y127.196 E1.16407
G1 X133.97 Y126.56 E.03159
G1 X151.19 Y143.78 E1.20874
G1 X151.835 Y143.789 E.03202
G1 X133.767 Y125.721 E1.26823
G1 E-1.3 F1800
G1 Z3.8 F18000
G1 X139.992 Y159.311 Z3.8
G1 Z3.4
G1 E1.3 F1800
G1 F5025.945
G1 X166.03 Y185.349 E1.82764
G1 X166.03 Y184.713 E.03159
G1 X147.43 Y166.113 E1.30557
G1 X146.612 Y165.773 E.04397
G1 X145.95 Y165.254 E.04173
G1 X145.524 Y164.705 E.03451
G1 X145.411 Y164.508 E.01128
G1 X145.139 Y163.821 E.03667
G1 X141.219 Y159.902 E.27511
G1 X141.348 Y159.927 E.0065
G1 X141.92 Y159.966 E.02848
G1 X145.037 Y163.083 E.21877
G1 X145.037 Y162.887 E.00974
G1 X145.088 Y162.498 E.01947
G1 X142.558 Y159.968 E.17757
G1 X143.195 Y159.968 E.0316
G1 X145.208 Y161.981 E.1413
G1 X145.394 Y161.531 E.02418
G1 X143.832 Y159.969 E.1097
G1 X144.468 Y159.969 E.0316
G1 X145.642 Y161.142 E.08237
G1 X145.921 Y160.785 E.0225
G1 X145.105 Y159.969 E.05729
G1 X145.742 Y159.969 E.0316
G1 X146.263 Y160.491 E.03661
G1 X146.547 Y160.273 E.01778
G1 X146.634 Y160.226 E.00491
G1 X146.176 Y159.767 E.0322
G1 E-1.3 F1800
G1 Z3.8 F18000
G1 X147.932 Y165.978 Z3.8
G1 Z3.4
G1 E1.3 F1800
G1 F5025.945
G1 X166.03 Y184.076 E1.27034
G1 X166.03 Y183.44 E.03159
G1 X148.808 Y166.218 E1.20885
G1 X149.445 Y166.218 E.0316
G1 X166.03 Y182.804 E1.16416
G1 X166.03 Y182.167 E.03159
G1 X150.082 Y166.218 E1.11947
G1 X150.718 Y166.219 E.0316
G1 X166.03 Y181.531 E1.07478
G1 X166.03 Y180.895 E.03159
G1 X151.355 Y166.219 E1.03008
G1 X151.78 Y166.219 E.02111
G1 X151.968 Y166.195 E.00936
G1 X166.03 Y180.258 E.98709
G1 X166.03 Y179.622 E.03159
G1 X152.531 Y166.123 E.94751
G1 X152.99 Y165.945 E.02441
G1 X166.03 Y178.985 E.91534
G1 X166.03 Y178.349 E.03159
G1 X153.425 Y165.743 E.88482
G1 X153.783 Y165.465 E.02251
G1 X166.03 Y177.713 E.85964
G1 X166.03 Y177.076 E.03159
G1 X154.119 Y165.165 E.83607
G1 X154.397 Y164.806 E.02251
G1 X166.03 Y176.44 E.81657
G1 X166.03 Y175.803 E.03159
G1 X154.631 Y164.404 E.80013
G1 X154.814 Y163.951 E.02427
G1 X166.03 Y175.167 E.78729
G1 X166.03 Y174.531 E.03159
G1 X154.92 Y163.42 E.77988
G1 X154.963 Y163.114 E.01533
G1 X154.953 Y162.817 E.01474
G1 X166.03 Y173.894 E.77751
G1 X166.03 Y173.258 E.03159
G1 X154.805 Y162.032 E.78793
G1 X154.615 Y161.546 E.0259
G1 X154.523 Y161.376 E.0096
G1 X154.095 Y160.799 E.03568
G1 X153.94 Y160.647 E.01075
G1 X153.323 Y160.191 E.03808
G1 X152.693 Y159.92 E.03406
G1 X153.219 Y159.81 E.02669
G1 X166.03 Y172.621 E.89924
G1 X166.03 Y171.985 E.03159
G1 X153.702 Y159.657 E.86532
G1 X153.949 Y159.57 E.013
G1 X154.152 Y159.47 E.01121
G1 X166.03 Y171.349 E.83377
G1 X166.03 Y170.712 E.03159
G1 X154.565 Y159.247 E.80474
G1 X154.946 Y158.991 E.02275
G1 X166.03 Y170.076 E.77806
G1 X166.03 Y169.439 E.03159
M73 P78 R4
G1 X155.297 Y158.706 E.75341
G1 X155.52 Y158.509 E.01478
G1 X155.621 Y158.394 E.0076
G1 X166.03 Y168.803 E.73064
G1 X166.03 Y168.167 E.03159
G1 X155.918 Y158.054 E.70981
G1 X156.173 Y157.673 E.02277
G1 X166.03 Y167.53 E.69192
G1 X166.03 Y166.894 E.03159
G1 X156.409 Y157.272 E.67535
G1 X156.614 Y156.841 E.0237
G1 X166.03 Y166.257 E.66095
G1 X166.03 Y165.621 E.03159
G1 X156.771 Y156.362 E.64992
G1 X156.812 Y156.235 E.00659
G1 X156.89 Y155.844 E.01979
G1 X166.03 Y164.985 E.64157
G1 X166.03 Y164.348 E.03159
G1 X156.952 Y155.27 E.6372
G1 X156.968 Y155.052 E.01086
G1 X156.94 Y154.621 E.02141
G1 X166.03 Y163.712 E.63806
G1 X166.03 Y163.075 E.03159
G1 X156.547 Y153.592 E.66563
G1 X153.414 Y150.459 F18000
G1 F5025.945
G1 X152.929 Y149.974 E.03399
G1 X153.368 Y149.777 E.02388
G1 X154.095 Y150.503 E.05103
G1 X154.53 Y150.724 E.02418
G1 X155.029 Y151.059 E.02986
G1 X155.476 Y151.45 E.02949
G1 X155.947 Y151.979 E.03514
G1 X156.329 Y152.562 E.03458
G1 X156.492 Y152.9 E.01864
G1 X166.03 Y162.439 E.66955
G1 X166.03 Y161.803 E.03159
G1 X153.734 Y149.506 E.86312
G1 X153.94 Y149.353 E.01275
G1 X154.08 Y149.216 E.00973
G1 X166.03 Y161.166 E.83882
G1 X166.03 Y160.53 E.03159
G1 X154.357 Y148.857 E.81934
G1 X154.508 Y148.66 E.01228
G1 X154.606 Y148.469 E.01069
G1 X166.03 Y159.893 E.80193
G1 X166.03 Y159.257 E.03159
G1 X154.792 Y148.018 E.78886
G1 X154.88 Y147.74 E.0145
G1 X154.91 Y147.5 E.012
G1 X166.03 Y158.621 E.78058
G1 X166.03 Y157.984 E.03159
G1 X154.725 Y146.678 E.79358
G1 X166.233 Y157.55 F18000
G1 F5025.945
G1 X154.863 Y146.181 E.79804
G1 X154.567 Y145.444 E.03941
G1 X154.111 Y144.82 E.03837
G1 X153.942 Y144.648 E.01195
G1 X153.387 Y144.227 E.03457
G1 X152.693 Y143.927 E.03753
G1 X152.575 Y143.893 E.00609
G1 X133.97 Y125.287 E1.30597
G1 X133.97 Y124.651 E.03159
G1 X166.03 Y156.711 E2.25039
G1 X166.03 Y156.075 E.03159
G1 X133.97 Y124.014 E2.25039
G1 X133.97 Y123.378 E.03159
G1 X166.03 Y155.439 E2.25039
G1 X166.03 Y154.802 E.03159
G1 X133.97 Y122.741 E2.25039
G1 X133.97 Y122.105 E.03159
G1 X166.03 Y154.166 E2.25039
G1 X166.03 Y153.529 E.03159
G1 X133.97 Y121.469 E2.25039
G1 X133.97 Y120.832 E.03159
G1 X166.03 Y152.893 E2.25039
G1 X166.03 Y152.257 E.03159
G1 X133.97 Y120.196 E2.25039
G1 X133.97 Y119.559 E.03159
G1 X166.03 Y151.62 E2.25039
G1 X166.03 Y150.984 E.03159
G1 X133.97 Y118.923 E2.25039
G1 X133.97 Y118.287 E.03159
G1 X166.03 Y150.348 E2.25039
G1 X166.03 Y149.711 E.03159
G1 X133.97 Y117.65 E2.25039
G1 X133.971 Y117.015 E.03153
M73 P79 R4
G1 X166.03 Y149.075 E2.25031
G1 X166.03 Y148.438 E.03159
G1 X134.031 Y116.438 E2.24611
G1 X134.075 Y116.216 E.01125
G1 X134.169 Y115.94 E.01447
G1 X166.03 Y147.802 E2.23642
G1 X166.03 Y147.166 E.03159
G1 X134.369 Y115.504 E2.22238
G1 X134.626 Y115.124 E.02274
G1 X166.03 Y146.529 E2.20434
G1 X166.03 Y145.893 E.03159
G1 X134.932 Y114.794 E2.18283
G1 X135.157 Y114.597 E.01482
G1 X135.285 Y114.511 E.00769
G1 X166.03 Y145.256 E2.15803
G1 X166.03 Y144.62 E.03159
G1 X135.688 Y114.278 E2.12976
G1 X135.841 Y114.202 E.00847
G1 X136.146 Y114.099 E.01596
G1 X146.901 Y124.854 E.75491
G1 X147.23 Y125.642 E.0424
G1 X147.7 Y126.254 E.03826
G1 X148.294 Y126.725 E.03768
G1 X148.492 Y126.84 E.01134
G1 X149.151 Y127.104 E.03525
G1 X166.03 Y143.984 E1.18477
G1 X166.03 Y143.347 E.03159
G1 X149.89 Y127.207 E1.13293
G1 X150 Y127.221 E.00551
G1 X150.478 Y127.158 E.02393
G1 X166.03 Y142.711 E1.09164
G1 X166.03 Y142.074 E.03159
G1 X150.999 Y127.043 E1.0551
G1 X151.449 Y126.857 E.02419
G1 X166.03 Y141.438 E1.02348
G1 X166.03 Y140.802 E.03159
G1 X151.842 Y126.613 E.99589
G1 X152.204 Y126.339 E.02254
G1 X166.03 Y140.165 E.97049
G1 X166.03 Y139.529 E.03159
G1 X152.495 Y125.993 E.9501
G1 X152.773 Y125.635 E.02251
G1 X166.03 Y138.892 E.93054
G1 X166.03 Y138.256 E.03159
G1 X152.962 Y125.188 E.91728
G1 X153.111 Y124.836 E.01896
G1 X153.128 Y124.717 E.00597
G1 X166.03 Y137.62 E.90567
G1 X166.03 Y136.983 E.03159
G1 X153.207 Y124.159 E.90013
G1 X153.215 Y123.531 E.03118
G1 X166.03 Y136.347 E.89955
G1 X166.03 Y135.71 E.03159
G1 X153.217 Y122.897 E.89941
G1 X153.219 Y122.262 E.03149
G1 X166.03 Y135.074 E.89927
G1 X166.03 Y134.438 E.03159
G1 X152.93 Y121.337 E.91953
G1 E-1.3 F1800
G1 Z3.8 F18000
G1 X147.025 Y124.342 Z3.8
G1 Z3.4
G1 E1.3 F1800
G1 F5025.945
G1 X136.677 Y113.994 E.72635
G1 X137.289 Y113.97 E.03041
G1 X146.782 Y123.462 E.66631
G1 X146.784 Y122.828 E.03149
G1 X137.926 Y113.97 E.62178
G1 X138.562 Y113.97 E.03159
G1 X146.786 Y122.194 E.57724
G1 X146.787 Y121.885 E.01532
G1 X146.828 Y121.599 E.01436
G1 X139.199 Y113.97 E.53546
G1 X139.835 Y113.97 E.03159
G1 X146.931 Y121.066 E.49804
G1 X147.117 Y120.615 E.02419
G1 X140.472 Y113.97 E.46641
G1 X141.109 Y113.97 E.03159
G1 X147.347 Y120.209 E.43788
G1 X147.62 Y119.845 E.02256
G1 X141.745 Y113.971 E.41236
G1 X142.382 Y113.971 E.03159
G1 X147.95 Y119.539 E.39085
G1 X148.312 Y119.265 E.02254
G1 X143.018 Y113.971 E.37157
G1 X143.655 Y113.971 E.03159
G1 X148.741 Y119.058 E.35703
G1 X149.204 Y118.884 E.02453
G1 X144.291 Y113.971 E.34483
G1 X144.928 Y113.971 E.03159
G1 X149.758 Y118.801 E.33901
M73 P80 R4
G1 X150.047 Y118.789 E.01438
G1 X150.426 Y118.833 E.0189
G1 X145.564 Y113.972 E.34121
G1 X146.201 Y113.972 E.03159
G1 X151.307 Y119.077 E.35837
G1 X151.508 Y119.161 E.01084
G1 X151.704 Y119.274 E.01123
G1 X152.192 Y119.648 E.0305
G1 X152.352 Y119.808 E.01123
G1 X152.726 Y120.296 E.0305
G1 X152.839 Y120.492 E.01127
G1 X152.919 Y120.689 E.01055
G1 X166.03 Y133.801 E.92033
G1 X166.03 Y133.165 E.03159
G1 X146.837 Y113.972 E1.34718
G1 X147.474 Y113.972 E.03159
G1 X166.03 Y132.528 E1.3025
G1 X166.03 Y131.892 E.03159
G1 X148.111 Y113.972 E1.25782
G1 X148.747 Y113.972 E.03159
G1 X166.03 Y131.256 E1.21314
G1 X166.03 Y130.619 E.03159
G1 X149.384 Y113.972 E1.16846
G1 X150.02 Y113.973 E.03159
G1 X166.03 Y129.983 E1.12378
G1 X166.03 Y129.346 E.03159
G1 X150.657 Y113.973 E1.0791
G1 X151.293 Y113.973 E.03159
G1 X166.03 Y128.71 E1.03442
G1 X166.03 Y128.074 E.03159
G1 X151.93 Y113.973 E.98974
G1 X152.566 Y113.973 E.03159
G1 X166.03 Y127.437 E.94506
G1 X166.03 Y126.801 E.03159
G1 X153.203 Y113.973 E.90038
G1 X153.839 Y113.973 E.03159
G1 X166.03 Y126.164 E.8557
G1 X166.03 Y125.528 E.03159
G1 X154.476 Y113.974 E.81102
G1 X155.112 Y113.974 E.03159
G1 X166.03 Y124.892 E.76634
G1 X166.03 Y124.255 E.03159
G1 X155.749 Y113.974 E.72166
G1 X156.386 Y113.974 E.03159
G1 X166.03 Y123.619 E.67698
G1 X166.03 Y122.982 E.03159
G1 X157.022 Y113.974 E.6323
G1 X157.659 Y113.974 E.03159
G1 X166.03 Y122.346 E.58763
G1 X166.03 Y121.71 E.03159
G1 X158.295 Y113.974 E.54295
G1 X158.932 Y113.975 E.03159
G1 X166.03 Y121.073 E.49827
G1 X166.03 Y120.437 E.03159
G1 X159.568 Y113.975 E.45359
G1 X160.205 Y113.975 E.03159
G1 X166.03 Y119.8 E.40891
G1 X166.03 Y119.164 E.03159
G1 X160.841 Y113.975 E.36423
G1 X161.478 Y113.975 E.03159
G1 X166.03 Y118.528 E.31955
G1 X166.03 Y117.891 E.03159
G1 X162.114 Y113.975 E.27487
G1 X162.751 Y113.975 E.03159
G1 X166.03 Y117.255 E.23019
G1 X165.999 Y116.587 E.03319
G1 X163.413 Y114.001 E.18151
G1 X163.784 Y114.075 E.01876
G1 X164.159 Y114.202 E.01966
G1 X164.34 Y114.291 E.01
G1 X166.075 Y116.026 E.12177
;LAYER_CHANGE
;Z:3.6
;HEIGHT:0.2

G1 E-1.3 F1800
G92 E0
;_SET_FAN_SPEED_CHANGING_LAYER
G1 Z4 F18000
G1 X165.942 Y115.302 Z4
G1 Z3.6
G1 E1.3 F1800
SET_VELOCITY_LIMIT ACCEL=5000 ACCEL_TO_DECEL=2500
;TYPE:Inner wall
;WIDTH:0.449999
G1 F7757.448
M106 S102
G1 X166.209 Y115.911 E.02139
G1 X166.368 Y116.557 E.02139
G1 X166.398 Y117.135 E.01863
G1 X166.398 Y193.031 E2.44053
G1 X166.324 Y193.661 E.0204
G1 X166.138 Y194.3 E.02139
G1 X165.818 Y194.883 E.02139
G1 X165.402 Y195.402 E.02139
G1 X164.883 Y195.818 E.02139
G1 X164.3 Y196.138 E.02139
G1 X163.661 Y196.324 E.02139
G1 X162.98 Y196.398 E.02202
G1 X136.969 Y196.398 E.83643
G1 X136.339 Y196.324 E.0204
G1 X135.7 Y196.138 E.02139
G1 X135.117 Y195.818 E.02139
G1 X134.598 Y195.402 E.02139
G1 X134.182 Y194.883 E.02139
G1 X133.862 Y194.3 E.02139
G1 X133.676 Y193.661 E.02139
G1 X133.602 Y192.98 E.02202
G1 X133.602 Y116.969 E2.44425
G1 X133.676 Y116.339 E.0204
M73 P80 R3
G1 X133.862 Y115.7 E.02139
G1 X134.182 Y115.117 E.02139
G1 X134.598 Y114.598 E.02139
G1 X135.117 Y114.182 E.02138
G1 X135.7 Y113.862 E.0214
G1 X136.339 Y113.676 E.02139
G1 X137.02 Y113.602 E.02202
G1 X163.147 Y113.606 E.84015
G1 X163.879 Y113.719 E.02383
G1 X164.499 Y113.96 E.02138
G1 X165.068 Y114.305 E.02139
G1 X165.548 Y114.765 E.0214
G1 X165.918 Y115.269 E.0201
G1 X166.282 Y115.105 F18000
;TYPE:Outer wall
;WIDTH:0.419999
G1 F6000
G1 X166.581 Y115.784 E.0221
G1 X166.757 Y116.505 E.02211
G1 X166.79 Y117.135 E.01878
G1 X166.79 Y193.139 E2.26389
G1 X166.66 Y193.981 E.02537
G1 X166.392 Y194.672 E.0221
G1 X166.006 Y195.307 E.02211
G1 X165.493 Y195.843 E.02211
G1 X164.895 Y196.282 E.0221
G1 X164.216 Y196.581 E.0221
G1 X163.495 Y196.757 E.02211
G1 X162.993 Y196.79 E.01497
G1 X136.861 Y196.79 E.77839
G1 X136.019 Y196.66 E.02537
G1 X135.328 Y196.392 E.0221
G1 X134.693 Y196.006 E.02211
G1 X134.157 Y195.493 E.02211
G1 X133.718 Y194.895 E.0221
G1 X133.419 Y194.216 E.0221
G1 X133.243 Y193.495 E.02211
G1 X133.21 Y192.993 E.01497
G1 X133.21 Y116.861 E2.26772
G1 X133.34 Y116.019 E.02537
G1 X133.608 Y115.328 E.0221
G1 X133.994 Y114.693 E.02211
G1 X134.507 Y114.157 E.02211
G1 X135.105 Y113.718 E.0221
G1 X135.784 Y113.419 E.0221
G1 X136.505 Y113.243 E.02211
G1 X137.007 Y113.21 E.01497
G1 X163.167 Y113.214 E.77922
G1 X163.981 Y113.34 E.02453
G1 X164.672 Y113.608 E.0221
G1 X165.307 Y113.994 E.02211
G1 X165.843 Y114.507 E.02211
G1 X166.258 Y115.073 E.02091
G1 E-1.3 F1800
G1 Z4 F18000
G1 X148.587 Y119.538 Z4
G1 Z3.6
G1 E1.3 F1800
;TYPE:Inner wall
;WIDTH:0.449999
G1 F7757.448
G1 X148.511 Y119.572 E.00268
G1 X147.933 Y120.04 E.02391
G1 X147.496 Y120.642 E.02391
G1 X147.23 Y121.336 E.02391
G1 X147.148 Y121.999 E.02148
G1 X147.153 Y124.077 E.0668
G1 X147.269 Y124.81 E.02388
G1 X147.572 Y125.489 E.02391
G1 X148.04 Y126.067 E.02391
M73 P81 R3
G1 X148.573 Y126.469 E.02146
G1 X149.19 Y126.731 E.02155
G1 X149.388 Y126.777 E.00655
G1 X150.076 Y126.847 E.02222
G1 X150.81 Y126.731 E.02391
G1 X151.489 Y126.428 E.02391
G1 X152.067 Y125.96 E.02391
G1 X152.504 Y125.358 E.02391
G1 X152.766 Y124.688 E.02313
G1 X152.852 Y124.001 E.02228
G1 X152.847 Y121.923 E.0668
G1 X152.731 Y121.19 E.02388
G1 X152.428 Y120.511 E.02391
G1 X151.96 Y119.933 E.02391
G1 X151.358 Y119.496 E.02391
G1 X150.657 Y119.229 E.02411
G1 X149.885 Y119.156 E.02495
G1 X149.19 Y119.269 E.02264
G1 X148.623 Y119.522 E.01995
G1 X148.75 Y119.883 F18000
;TYPE:Outer wall
;WIDTH:0.419999
G1 F6000
G1 X148.749 Y119.883 E.00002
G1 X148.244 Y120.279 E.01912
G1 X147.869 Y120.771 E.01842
G1 X147.623 Y121.365 E.01914
G1 X147.542 Y121.975 E.01834
G1 X147.54 Y124.001 E.06035
G1 X147.624 Y124.637 E.01911
G1 X147.866 Y125.223 E.01889
G1 X148.255 Y125.734 E.01913
G1 X148.759 Y126.124 E.01899
G1 X149.353 Y126.373 E.01918
G1 X149.992 Y126.46 E.0192
G1 X150.624 Y126.379 E.01899
G1 X151.219 Y126.136 E.01914
G1 X151.733 Y125.746 E.01923
G1 X152.126 Y125.237 E.01913
G1 X152.376 Y124.637 E.01938
G1 X152.458 Y124.025 E.01838
G1 X152.458 Y121.975 E.06108
G1 X152.368 Y121.34 E.01909
G1 X152.117 Y120.749 E.01912
G1 X151.721 Y120.244 E.01912
G1 X151.208 Y119.859 E.01912
G1 X150.61 Y119.619 E.01918
G1 X149.938 Y119.544 E.02016
G1 X149.34 Y119.632 E.01799
G1 X148.787 Y119.867 E.01791
G1 E-1.3 F1800
G1 Z4 F18000
G1 X153.785 Y145.028 Z4
G1 Z3.6
G1 E1.3 F1800
;TYPE:Inner wall
;WIDTH:0.449999
G1 F7757.448
G1 X153.71 Y144.933 E.00389
G1 X153.108 Y144.496 E.02391
G1 X152.49 Y144.246 E.02144
G1 X151.827 Y144.153 E.02154
G1 X148.249 Y144.148 E.11503
G1 X147.586 Y144.23 E.02149
G1 X147.381 Y144.294 E.00692
G1 X146.761 Y144.572 E.02185
G1 X146.183 Y145.04 E.02391
G1 X145.746 Y145.642 E.02391
G1 X145.48 Y146.336 E.02391
G1 X145.403 Y147.076 E.02391
G1 X145.519 Y147.81 E.02391
G1 X145.822 Y148.489 E.02391
G1 X146.29 Y149.067 E.02391
G1 X146.892 Y149.504 E.02391
;WIDTH:0.487299
G1 F7106.32
G1 X147.121 Y149.611 E.00887
;WIDTH:0.524598
G1 F6556.033
G1 X147.35 Y149.718 E.00962
;WIDTH:0.561897
G1 F6084.846
G1 X147.579 Y149.825 E.01036
G1 X148.249 Y149.887 E.0276
;WIDTH:0.519381
G1 F6627.814
G1 X151.938 Y149.887 E.13884
G1 X152.253 Y149.807 E.01222
;WIDTH:0.48469
G1 F7148.278
G1 X152.568 Y149.727 E.01133
;WIDTH:0.449999
G1 F7757.448
G1 X153.239 Y149.428 E.02365
G1 X153.71 Y149.067 E.01907
G1 X153.96 Y148.773 E.01241
G1 X154.254 Y148.358 E.01635
G1 X154.52 Y147.664 E.02391
G1 X154.597 Y146.924 E.02391
G1 X154.481 Y146.192 E.02383
G1 X154.198 Y145.549 E.0226
G1 X153.81 Y145.059 E.02011
G1 X153.55 Y145.34 F18000
;TYPE:Outer wall
;WIDTH:0.419999
G1 F6000
G1 X153.496 Y145.267 E.00272
G1 X152.986 Y144.873 E.01918
G1 X152.399 Y144.628 E.01896
G1 X151.775 Y144.542 E.01876
G1 X148.225 Y144.542 E.10576
G1 X147.531 Y144.656 E.02095
G1 X146.999 Y144.883 E.01721
G1 X146.494 Y145.279 E.01912
G1 X146.109 Y145.792 E.01912
G1 X145.869 Y146.387 E.01912
G1 X145.792 Y147.025 E.01912
G1 X145.882 Y147.66 E.01912
G1 X146.133 Y148.251 E.01912
G1 X146.529 Y148.756 E.01912
G1 X147.042 Y149.141 E.01912
G1 X147.637 Y149.381 E.01912
G1 X148.249 Y149.46 E.01838
G1 X151.78 Y149.46 E.10517
G1 X152.418 Y149.365 E.0192
G1 X153.001 Y149.117 E.01887
G1 X153.504 Y148.723 E.01903
G1 X153.881 Y148.229 E.01851
G1 X154.128 Y147.631 E.01929
G1 X154.21 Y147 E.01894
G1 X154.126 Y146.363 E.01912
G1 X153.897 Y145.804 E.018
G1 X153.574 Y145.372 E.01606
G1 E-1.3 F1800
G1 Z4 F18000
G1 X156.251 Y156.753 Z4
G1 Z3.6
G1 E1.3 F1800
;TYPE:Inner wall
;WIDTH:0.449999
G1 F7757.448
G1 X156.434 Y156.227 E.01788
G1 X156.557 Y155.638 E.01935
G1 X156.601 Y155.038 E.01935
G1 X156.566 Y154.437 E.01935
G1 X156.454 Y153.846 E.01935
G1 X156.265 Y153.274 E.01935
G1 X156.003 Y152.732 E.01935
G1 X155.673 Y152.229 E.01935
G1 X155.269 Y151.761 E.0199
G1 X154.804 Y151.351 E.01994
G1 X154.276 Y151.001 E.02037
G1 X153.726 Y150.735 E.01965
G1 X153.154 Y150.546 E.01935
G1 X152.563 Y150.434 E.01935
;WIDTH:0.493385
G1 F7010.308
G1 X152.302 Y150.395 E.00938
;WIDTH:0.53677
G1 F6394.441
G1 X152.042 Y150.356 E.01028
G1 X151.751 Y150.363 E.01135
;WIDTH:0.519381
G1 F6627.814
G1 X148.193 Y150.363 E.13389
;WIDTH:0.561897
G1 F6084.846
G1 X147.545 Y150.342 E.02659
G1 X147.426 Y150.359 E.00492
;WIDTH:0.528332
G1 F6505.603
G1 X147.307 Y150.376 E.00461
;WIDTH:0.494766
G1 F6988.874
G1 X146.714 Y150.398 E.02118
;WIDTH:0.449999
G1 F7757.448
G1 X141.999 Y150.398 E.15161
G1 X141.437 Y150.434 E.01811
G1 X140.848 Y150.546 E.0193
G1 X140.274 Y150.735 E.01941
G1 X139.732 Y150.997 E.01935
G1 X139.229 Y151.327 E.01935
G1 X138.774 Y151.72 E.01935
G1 X138.373 Y152.169 E.01935
G1 X138.035 Y152.667 E.01935
G1 X137.764 Y153.204 E.01935
G1 X137.566 Y153.773 E.01935
G1 X137.443 Y154.362 E.01935
G1 X137.399 Y154.962 E.01935
G1 X137.434 Y155.563 E.01935
G1 X137.546 Y156.154 E.01935
G1 X137.735 Y156.726 E.01935
G1 X137.997 Y157.268 E.01935
G1 X138.327 Y157.771 E.01935
G1 X138.72 Y158.226 E.01935
G1 X139.169 Y158.627 E.01935
G1 X139.667 Y158.965 E.01935
G1 X140.204 Y159.236 E.01935
G1 X140.773 Y159.434 E.01935
G1 X141.362 Y159.557 E.01935
G1 X141.961 Y159.601 E.01933
G1 X146.714 Y159.602 E.15283
;WIDTH:0.488273
G1 F7090.773
G1 X146.978 Y159.621 E.00932
;WIDTH:0.526547
G1 F6529.617
G1 X147.243 Y159.64 E.01012
;WIDTH:0.56482
G1 F6050.766
G1 X147.507 Y159.659 E.01092
G1 X148.249 Y159.637 E.03063
;WIDTH:0.519381
G1 F6627.814
G1 X152.072 Y159.637 E.14386
G1 X152.317 Y159.602 E.00934
;WIDTH:0.48469
G1 F7148.278
G1 X152.563 Y159.566 E.00866
;WIDTH:0.449999
G1 F7757.448
G1 X153.154 Y159.454 E.01935
G1 X153.726 Y159.265 E.01935
G1 X154.268 Y159.003 E.01935
G1 X154.771 Y158.673 E.01935
G1 X155.226 Y158.28 E.01935
G1 X155.627 Y157.831 E.01935
G1 X155.965 Y157.333 E.01935
G1 X156.236 Y156.796 E.01935
G1 X156.238 Y156.79 E.00019
G1 X155.885 Y156.622 F18000
;TYPE:Outer wall
;WIDTH:0.419999
G1 F6000
G1 X156.063 Y156.101 E.01639
G1 X156.172 Y155.562 E.0164
G1 X156.21 Y155.012 E.0164
G1 X156.175 Y154.463 E.0164
G1 X156.069 Y153.922 E.0164
G1 X155.894 Y153.4 E.0164
G1 X155.652 Y152.906 E.0164
G1 X155.347 Y152.447 E.0164
G1 X154.985 Y152.032 E.0164
G1 X154.572 Y151.668 E.0164
G1 X154.116 Y151.361 E.0164
G1 X153.622 Y151.116 E.0164
G1 X153.101 Y150.937 E.0164
G1 X152.562 Y150.828 E.0164
G1 X152.013 Y150.79 E.01638
G1 X141.999 Y150.79 E.29827
G1 X141.463 Y150.825 E.01601
G1 X140.924 Y150.93 E.01635
G1 X140.4 Y151.106 E.01645
G1 X139.906 Y151.348 E.0164
G1 X139.447 Y151.653 E.0164
G1 X139.032 Y152.015 E.0164
G1 X138.668 Y152.428 E.0164
G1 X138.361 Y152.884 E.0164
G1 X138.116 Y153.378 E.0164
G1 X137.937 Y153.899 E.0164
G1 X137.828 Y154.438 E.0164
G1 X137.79 Y154.988 E.0164
G1 X137.825 Y155.537 E.0164
G1 X137.931 Y156.078 E.0164
G1 X138.106 Y156.6 E.0164
G1 X138.348 Y157.094 E.0164
G1 X138.653 Y157.553 E.0164
G1 X139.015 Y157.968 E.0164
G1 X139.428 Y158.332 E.0164
G1 X139.884 Y158.639 E.0164
G1 X140.378 Y158.884 E.0164
G1 X140.899 Y159.063 E.0164
G1 X141.438 Y159.172 E.0164
G1 X141.987 Y159.21 E.01638
G1 X152.001 Y159.21 E.29827
G1 X152.537 Y159.175 E.01601
G1 X153.078 Y159.069 E.0164
G1 X153.6 Y158.894 E.0164
G1 X154.094 Y158.652 E.0164
G1 X154.553 Y158.347 E.0164
G1 X154.968 Y157.985 E.0164
G1 X155.332 Y157.572 E.0164
G1 X155.639 Y157.116 E.0164
G1 X155.867 Y156.658 E.01522
G1 E-1.3 F1800
G1 Z4 F18000
G1 X154.49 Y163.741 Z4
G1 Z3.6
G1 E1.3 F1800
;TYPE:Inner wall
;WIDTH:0.449999
G1 F7757.448
G1 X154.52 Y163.664 E.00268
G1 X154.597 Y162.924 E.02391
G1 X154.481 Y162.192 E.02383
G1 X154.234 Y161.604 E.02053
G1 X153.821 Y161.046 E.02233
G1 X153.634 Y160.875 E.00812
G1 X153.108 Y160.496 E.02086
G1 X152.493 Y160.246 E.02135
;WIDTH:0.491053
G1 F7046.788
G1 X152.122 Y160.18 E.01335
;WIDTH:0.532106
G1 F6455.407
G1 X151.751 Y160.113 E.01457
;WIDTH:0.519381
G1 F6627.814
G1 X148.204 Y160.113 E.1335
;WIDTH:0.561897
G1 F6084.846
G1 X147.579 Y160.175 E.02574
G1 X147.504 Y160.209 E.00338
;WIDTH:0.534418
G1 F6425.041
G1 X147.429 Y160.243 E.0032
;WIDTH:0.506939
G1 F6805.529
G1 X147.095 Y160.408 E.01365
;WIDTH:0.478469
G1 F7250.377
G1 X146.761 Y160.572 E.01281
;WIDTH:0.449999
G1 F7757.448
G1 X146.183 Y161.04 E.02391
G1 X145.746 Y161.642 E.02391
G1 X145.48 Y162.336 E.02391
G1 X145.403 Y162.924 E.01907
G1 X145.434 Y163.31 E.01243
G1 X145.519 Y163.81 E.01633
G1 X145.822 Y164.489 E.02391
G1 X146.29 Y165.067 E.02391
G1 X146.892 Y165.504 E.02391
G1 X147.51 Y165.754 E.02144
G1 X148.173 Y165.847 E.02154
G1 X151.751 Y165.852 E.11503
G1 X152.414 Y165.77 E.02149
G1 X152.619 Y165.706 E.00692
G1 X153.239 Y165.428 E.02185
G1 X153.817 Y164.96 E.02391
G1 X154.254 Y164.358 E.02391
G1 X154.476 Y163.779 E.01994
G1 X154.127 Y163.622 F18000
;TYPE:Outer wall
;WIDTH:0.419999
G1 F6000
G1 X154.131 Y163.613 E.0003
G1 X154.208 Y162.975 E.01912
G1 X154.119 Y162.341 E.01909
G1 X153.884 Y161.784 E.01798
G1 X153.471 Y161.244 E.02026
G1 X152.971 Y160.865 E.01869
G1 X152.41 Y160.632 E.0181
G1 X151.775 Y160.542 E.0191
G1 X148.225 Y160.542 E.10576
G1 X147.59 Y160.632 E.0191
G1 X146.999 Y160.883 E.01912
G1 X146.494 Y161.279 E.01912
G1 X146.109 Y161.792 E.01912
G1 X145.869 Y162.387 E.01912
G1 X145.79 Y163 E.0184
G1 X145.875 Y163.639 E.01921
G1 X146.12 Y164.23 E.01906
G1 X146.505 Y164.734 E.01889
G1 X147.014 Y165.127 E.01914
G1 X147.601 Y165.372 E.01896
G1 X148.225 Y165.458 E.01876
G1 X151.775 Y165.458 E.10576
G1 X152.469 Y165.344 E.02095
G1 X153.001 Y165.117 E.01721
G1 X153.506 Y164.721 E.01912
G1 X153.891 Y164.208 E.01912
G1 X154.112 Y163.659 E.01762
G1 E-1.3 F1800
G1 Z4 F18000
G1 X150.773 Y183.274 Z4
G1 Z3.6
G1 E1.3 F1800
;TYPE:Inner wall
;WIDTH:0.449999
G1 F7757.448
G1 X150.657 Y183.229 E.004
G1 X149.885 Y183.156 E.02495
G1 X149.19 Y183.269 E.02264
G1 X148.511 Y183.572 E.02391
G1 X147.933 Y184.04 E.02391
G1 X147.496 Y184.642 E.02391
G1 X147.23 Y185.336 E.02391
G1 X147.148 Y185.999 E.02148
G1 X147.153 Y188.077 E.0668
G1 X147.269 Y188.81 E.02388
G1 X147.572 Y189.489 E.02391
G1 X148.04 Y190.067 E.02391
G1 X148.642 Y190.504 E.02391
G1 X149.336 Y190.77 E.0239
G1 X150.076 Y190.847 E.02391
G1 X150.81 Y190.731 E.02391
G1 X151.489 Y190.428 E.02391
G1 X152.067 Y189.96 E.02391
G1 X152.504 Y189.358 E.02391
G1 X152.77 Y188.664 E.02391
G1 X152.852 Y188.001 E.02148
G1 X152.847 Y185.923 E.0668
G1 X152.731 Y185.19 E.02388
G1 X152.428 Y184.511 E.02391
G1 X151.96 Y183.933 E.02391
G1 X151.358 Y183.496 E.02391
G1 X150.811 Y183.288 E.01883
G1 X150.501 Y183.609 F18000
;TYPE:Outer wall
;WIDTH:0.419999
G1 F6000
G1 X149.97 Y183.542 E.01594
G1 X149.375 Y183.621 E.01786
G1 X148.781 Y183.864 E.01912
G1 X148.267 Y184.254 E.01923
G1 X147.874 Y184.763 E.01913
G1 X147.624 Y185.363 E.01938
G1 X147.542 Y185.975 E.01838
G1 X147.542 Y188.025 E.06108
G1 X147.632 Y188.66 E.01909
G1 X147.883 Y189.251 E.01912
G1 X148.279 Y189.756 E.01912
G1 X148.792 Y190.141 E.01912
G1 X149.387 Y190.381 E.01912
G1 X150.025 Y190.458 E.01912
G1 X150.66 Y190.368 E.01912
G1 X151.251 Y190.117 E.01912
G1 X151.756 Y189.721 E.01912
G1 X152.131 Y189.229 E.01842
G1 X152.377 Y188.635 E.01914
G1 X152.458 Y188.025 E.01834
G1 X152.46 Y185.999 E.06035
G1 X152.376 Y185.363 E.01911
G1 X152.134 Y184.777 E.01889
G1 X151.745 Y184.266 E.01913
G1 X151.241 Y183.876 E.01899
G1 X150.647 Y183.627 E.01918
G1 X150.54 Y183.614 E.0032
G1 E-1.3 F1800
G1 Z4 F18000
G1 X166.215 Y193.304 Z4
G1 Z3.6
G1 E1.3 F1800
;TYPE:Internal solid infill
;WIDTH:0.419999
G1 F8374.623
G1 X163.5 Y196.019 E.11438
G1 X162.918 Y196.067 E.01737
G1 X166.067 Y192.918 E.13263
G1 X166.067 Y192.385 E.01588
G1 X162.385 Y196.067 E.15509
G1 X161.852 Y196.067 E.01588
G1 X166.067 Y191.852 E.17755
G1 X166.067 Y191.319 E.01588
G1 X161.319 Y196.067 E.20002
G1 X160.785 Y196.067 E.01588
G1 X166.067 Y190.785 E.22248
G1 X166.067 Y190.252 E.01588
G1 X160.252 Y196.067 E.24494
G1 X159.719 Y196.067 E.01588
G1 X166.067 Y189.719 E.26741
G1 X166.067 Y189.186 E.01588
G1 X159.186 Y196.067 E.28987
G1 X158.652 Y196.067 E.01588
G1 X166.067 Y188.652 E.31234
G1 X166.067 Y188.119 E.01588
G1 X158.119 Y196.067 E.3348
G1 X157.586 Y196.067 E.01588
G1 X166.067 Y187.586 E.35726
G1 X166.067 Y187.053 E.01588
G1 X157.053 Y196.067 E.37973
G1 X156.519 Y196.067 E.01588
G1 X166.067 Y186.519 E.40219
G1 X166.067 Y185.986 E.01588
G1 X155.986 Y196.067 E.42465
G1 X155.453 Y196.067 E.01588
G1 X166.067 Y185.453 E.44712
G1 X166.067 Y184.919 E.01588
G1 X154.919 Y196.067 E.46958
G1 X154.386 Y196.067 E.01588
G1 X166.067 Y184.386 E.49205
G1 X166.067 Y183.853 E.01588
G1 X153.853 Y196.067 E.51451
G1 X153.32 Y196.067 E.01588
G1 X166.067 Y183.32 E.53697
G1 X166.067 Y182.786 E.01588
G1 X152.786 Y196.067 E.55944
G1 X152.253 Y196.067 E.01588
G1 X166.067 Y182.253 E.5819
G1 X166.067 Y181.72 E.01588
G1 X151.72 Y196.067 E.60436
G1 X151.187 Y196.067 E.01588
G1 X166.067 Y181.187 E.62683
G1 X166.067 Y180.653 E.01588
G1 X150.653 Y196.067 E.64929
G1 X150.12 Y196.067 E.01588
G1 X166.067 Y180.12 E.67176
G1 X166.067 Y179.587 E.01588
G1 X149.587 Y196.067 E.69422
G1 X149.053 Y196.067 E.01588
G1 X166.067 Y179.053 E.71668
G1 X166.067 Y178.52 E.01588
G1 X148.52 Y196.067 E.73915
G1 X147.987 Y196.067 E.01588
G1 X166.067 Y177.987 E.76161
G1 X166.067 Y177.454 E.01588
G1 X147.454 Y196.067 E.78407
G1 X146.92 Y196.067 E.01588
G1 X166.067 Y176.92 E.80654
G1 X166.067 Y176.387 E.01588
G1 X146.387 Y196.067 E.829
G1 X145.854 Y196.067 E.01588
G1 X150.862 Y191.059 E.21096
G1 X150.749 Y191.092 E.00349
G1 X150.232 Y191.155 E.01552
G1 X145.321 Y196.067 E.20689
G1 X144.787 Y196.067 E.01588
G1 X149.706 Y191.148 E.2072
G1 X149.237 Y191.084 E.0141
G1 X144.254 Y196.067 E.2099
G1 X143.721 Y196.067 E.01588
G1 X148.843 Y190.945 E.21576
G1 X148.47 Y190.784 E.01209
G1 X143.187 Y196.067 E.22252
G1 X142.654 Y196.067 E.01588
G1 X148.152 Y190.569 E.23158
G1 X147.85 Y190.338 E.01133
G1 X142.121 Y196.067 E.24133
G1 X141.588 Y196.067 E.01588
G1 X147.594 Y190.061 E.253
G1 X147.362 Y189.759 E.01133
G1 X141.054 Y196.067 E.26571
G1 X140.521 Y196.067 E.01588
G1 X147.166 Y189.422 E.27989
G1 X147.013 Y189.042 E.01221
G1 X139.988 Y196.067 E.29592
G1 X139.455 Y196.067 E.01588
G1 X146.897 Y188.624 E.31352
G1 X146.836 Y188.153 E.01417
M73 P82 R3
G1 X138.921 Y196.067 E.33339
G1 X138.388 Y196.067 E.01588
G1 X146.818 Y187.637 E.35511
G1 X146.82 Y187.102 E.01594
G1 X137.855 Y196.067 E.37765
G1 X137.322 Y196.067 E.01588
G1 X146.821 Y186.567 E.40018
G1 X146.823 Y186.032 E.01594
G1 X136.803 Y196.052 E.42209
G1 X136.6 Y196.039 E.00606
G1 X136.336 Y195.986 E.00802
G1 X147.088 Y185.234 E.45292
G1 E-1.3 F1800
G1 Z4 F18000
G1 X152.747 Y189.173 Z4
G1 Z3.6
G1 E1.3 F1800
G1 F8374.623
G1 X166.067 Y175.854 E.56108
G1 X166.067 Y175.321 E.01588
G1 X153.16 Y188.227 E.54369
G1 X153.176 Y188.112 E.00346
G1 X153.178 Y187.676 E.01298
G1 X166.067 Y174.787 E.54295
G1 X166.067 Y174.254 E.01588
G1 X153.179 Y187.141 E.54288
G1 X153.181 Y186.607 E.01594
G1 X166.067 Y173.721 E.54281
G1 X166.067 Y173.188 E.01588
G1 X153.183 Y186.072 E.54273
G1 X153.13 Y185.591 E.0144
G1 X166.067 Y172.654 E.54495
G1 X166.067 Y172.121 E.01588
G1 X153.057 Y185.13 E.54802
G1 X152.904 Y184.75 E.01221
G1 X166.067 Y171.588 E.55447
G1 X166.067 Y171.054 E.01588
G1 X152.736 Y184.386 E.56157
G1 X152.508 Y184.08 E.01135
G1 X166.067 Y170.521 E.57115
G1 X166.067 Y169.988 E.01588
G1 X152.272 Y183.783 E.5811
G1 X152.224 Y183.722 E.0023
G1 X151.983 Y183.539 E.00903
G1 X166.067 Y169.455 E.59329
G1 X166.067 Y168.921 E.01588
G1 X151.68 Y183.309 E.60606
G1 X151.594 Y183.244 E.0032
G1 X151.325 Y183.13 E.00869
G1 X166.067 Y168.388 E.62098
G1 X166.067 Y167.855 E.01588
G1 X150.951 Y182.971 E.63675
G1 X150.708 Y182.902 E.00753
G1 X150.507 Y182.881 E.006
G1 X166.067 Y167.322 E.65543
G1 X166.067 Y166.788 E.01588
G1 X150.025 Y182.83 E.67576
G1 X149.921 Y182.819 E.0031
G1 X149.434 Y182.888 E.01465
G1 X166.067 Y166.255 E.70064
G1 X166.067 Y165.722 E.01588
G1 X148.643 Y183.145 E.73395
G1 X148.406 Y183.243 E.00764
G1 X147.776 Y183.722 E.02359
G1 X147.262 Y184.376 E.02478
G1 X147.151 Y184.637 E.00844
G1 X135.924 Y195.865 E.47294
G1 X135.557 Y195.698 E.012
G1 X166.067 Y165.188 E1.28522
G1 X166.067 Y164.655 E.01588
G1 X135.228 Y195.494 E1.29908
G1 X134.933 Y195.255 E.01129
G1 X166.067 Y164.122 E1.31148
G1 X166.067 Y163.589 E.01588
G1 X134.672 Y194.984 E1.3225
G1 X134.568 Y194.866 E.00467
G1 X134.444 Y194.679 E.0067
G1 X166.067 Y163.055 E1.33212
G1 X166.067 Y162.522 E.01588
G1 X134.25 Y194.339 E1.34026
G1 X134.168 Y194.173 E.00551
G1 X134.096 Y193.96 E.00671
G1 X166.067 Y161.989 E1.34676
G1 X166.067 Y161.456 E.01588
G1 X133.988 Y193.534 E1.35131
G1 X133.961 Y193.4 E.00408
G1 X133.938 Y193.051 E.01043
G1 X166.067 Y160.922 E1.3534
G1 X166.067 Y160.389 E.01588
G1 X133.933 Y192.523 E1.35362
G1 X133.933 Y191.99 E.01588
G1 X166.067 Y159.856 E1.35362
G1 X166.067 Y159.322 E.01588
G1 X133.933 Y191.456 E1.35362
G1 X133.933 Y190.923 E.01588
G1 X166.067 Y158.789 E1.35362
G1 X166.067 Y158.256 E.01588
G1 X133.933 Y190.39 E1.35362
G1 X133.933 Y189.856 E.01588
G1 X166.067 Y157.723 E1.35362
G1 X166.067 Y157.189 E.01588
G1 X133.933 Y189.323 E1.35362
G1 X133.933 Y188.79 E.01588
G1 X166.067 Y156.656 E1.35362
G1 X166.067 Y156.123 E.01588
G1 X133.933 Y188.257 E1.35362
G1 X133.933 Y187.723 E.01588
G1 X166.067 Y155.59 E1.35362
G1 X166.067 Y155.056 E.01588
G1 X133.933 Y187.19 E1.35362
G1 X133.933 Y186.657 E.01588
G1 X166.067 Y154.523 E1.35362
G1 X166.067 Y153.99 E.01588
M73 P83 R3
G1 X133.933 Y186.124 E1.35362
G1 X133.933 Y185.59 E.01588
G1 X166.067 Y153.457 E1.35362
G1 X166.067 Y152.923 E.01588
G1 X154.596 Y164.394 E.48321
G1 X154.445 Y164.684 E.00973
G1 X154.024 Y165.228 E.02049
G1 X153.435 Y165.695 E.02239
G1 X153.146 Y165.844 E.00969
G1 X133.933 Y185.057 E.80933
G1 X133.933 Y184.524 E.01588
G1 X152.347 Y166.11 E.77568
G1 X151.741 Y166.183 E.01819
G1 X133.933 Y183.99 E.75014
G1 X133.933 Y183.457 E.01588
G1 X151.208 Y166.183 E.72769
G1 X150.675 Y166.182 E.01588
G1 X133.933 Y182.924 E.70523
G1 X133.933 Y182.391 E.01588
G1 X150.142 Y166.182 E.68278
G1 X149.609 Y166.182 E.01588
G1 X133.933 Y181.857 E.66033
G1 X133.933 Y181.324 E.01588
G1 X149.076 Y166.182 E.63787
G1 X148.543 Y166.181 E.01588
G1 X133.933 Y180.791 E.61542
G1 X133.933 Y180.258 E.01588
G1 X148.031 Y166.16 E.59387
G1 X147.563 Y166.094 E.01407
G1 X133.933 Y179.724 E.57415
G1 X133.933 Y179.191 E.01588
G1 X147.16 Y165.964 E.55718
G1 X146.785 Y165.806 E.01213
G1 X133.933 Y178.658 E.54137
G1 X133.933 Y178.125 E.01588
G1 X146.454 Y165.603 E.52746
G1 X146.155 Y165.369 E.01131
G1 X133.933 Y177.591 E.51486
G1 X133.933 Y177.058 E.01588
G1 X145.883 Y165.108 E.50338
G1 X145.65 Y164.808 E.01132
G1 X133.933 Y176.525 E.49358
G1 X133.933 Y175.991 E.01588
G1 X145.44 Y164.484 E.48474
G1 X145.287 Y164.105 E.0122
G1 X133.933 Y175.458 E.47826
G1 X133.933 Y174.925 E.01588
G1 X145.158 Y163.7 E.47285
G1 X145.091 Y163.234 E.01403
G1 X133.933 Y174.392 E.47003
G1 X133.933 Y173.858 E.01588
G1 X145.1 Y162.692 E.47038
G1 X145.153 Y162.285 E.01223
G1 X145.227 Y162.031 E.00786
G1 X133.933 Y173.325 E.47574
G1 X133.933 Y172.792 E.01588
G1 X146.784 Y159.94 E.54136
G1 X146.259 Y159.933 E.01566
G1 X133.933 Y172.259 E.51921
G1 X133.933 Y171.725 E.01588
G1 X145.726 Y159.933 E.49675
G1 X145.193 Y159.933 E.01588
G1 X133.933 Y171.192 E.4743
G1 X133.933 Y170.659 E.01588
G1 X144.659 Y159.932 E.45184
G1 X144.126 Y159.932 E.01588
G1 X133.933 Y170.125 E.42939
G1 X133.933 Y169.592 E.01588
G1 X143.593 Y159.932 E.40693
G1 X143.06 Y159.932 E.01588
G1 X133.933 Y169.059 E.38448
G1 X133.933 Y168.526 E.01588
G1 X142.527 Y159.932 E.36202
G1 X141.994 Y159.931 E.01588
G1 X133.933 Y167.992 E.33956
G1 X133.933 Y167.459 E.01588
G1 X141.492 Y159.9 E.31841
G1 X141.353 Y159.891 E.00416
G1 X141.031 Y159.828 E.00975
G1 X133.933 Y166.926 E.29901
G1 X133.933 Y166.393 E.01588
G1 X140.604 Y159.722 E.28101
G1 X140.202 Y159.59 E.01259
G1 X133.933 Y165.859 E.26409
G1 X133.933 Y165.326 E.01588
G1 X139.838 Y159.421 E.24874
G1 X139.488 Y159.238 E.01176
G1 X133.933 Y164.793 E.23401
G1 X133.933 Y164.259 E.01588
G1 X139.166 Y159.027 E.22042
G1 X138.865 Y158.795 E.01132
G1 X133.933 Y163.726 E.20774
G1 X133.933 Y163.193 E.01588
G1 X138.578 Y158.548 E.19565
G1 X138.322 Y158.27 E.01124
G1 X133.933 Y162.66 E.1849
G1 X133.933 Y162.126 E.01588
G1 X138.077 Y157.982 E.17457
G1 X137.861 Y157.666 E.01143
G1 X133.933 Y161.593 E.16545
G1 X133.933 Y161.06 E.01588
G1 X137.663 Y157.33 E.15713
G1 X137.484 Y156.976 E.01182
G1 X133.933 Y160.527 E.14958
G1 X133.933 Y159.993 E.01588
G1 X137.341 Y156.586 E.14355
G1 X137.25 Y156.327 E.00816
G1 X137.218 Y156.175 E.00463
G1 X133.933 Y159.46 E.13837
G1 X133.933 Y158.927 E.01588
G1 X137.125 Y155.734 E.13447
G1 X137.084 Y155.242 E.01471
G1 X133.933 Y158.394 E.13274
G1 X133.933 Y157.86 E.01588
G1 X137.088 Y154.705 E.1329
G1 X137.117 Y154.304 E.01198
G1 X137.16 Y154.1 E.00622
G1 X133.933 Y157.327 E.13594
G1 X133.933 Y156.794 E.01588
G1 X137.654 Y153.072 E.15676
G1 E-1.3 F1800
G1 Z4 F18000
G1 X143.157 Y150.237 Z4
G1 Z3.6
G1 E1.3 F1800
G1 F8374.623
G1 X145.285 Y148.108 E.08965
G1 X145.21 Y147.929 E.00578
G1 X145.152 Y147.708 E.00682
G1 X142.793 Y150.067 E.09938
G1 X142.26 Y150.067 E.01588
G1 X145.09 Y147.236 E.11923
G1 X145.074 Y146.889 E.01038
G1 X145.102 Y146.691 E.00593
G1 X141.527 Y150.266 E.15058
G1 E-1.3 F1800
G1 Z4 F18000
G1 X154.649 Y163.807 Z4
G1 Z3.6
G1 E1.3 F1800
G1 F8374.623
G1 X166.067 Y152.39 E.48095
G1 X166.067 Y151.857 E.01588
G1 X154.926 Y162.997 E.46929
G1 X154.875 Y162.515 E.01444
G1 X166.067 Y151.323 E.47145
G1 X166.067 Y150.79 E.01588
G1 X154.782 Y162.075 E.47536
G1 X154.632 Y161.692 E.01226
G1 X166.067 Y150.257 E.48169
G1 X166.067 Y149.724 E.01588
G1 X154.453 Y161.338 E.48925
G1 X154.224 Y161.033 E.01135
G1 X166.067 Y149.19 E.49886
G1 X166.067 Y148.657 E.01588
G1 X153.984 Y160.74 E.50901
G1 X153.686 Y160.504 E.01131
G1 X166.067 Y148.124 E.52152
G1 X166.067 Y147.591 E.01588
G1 X156.353 Y157.305 E.4092
G1 X156.297 Y157.421 E.00384
G1 X155.881 Y158.043 E.02229
G1 X155.493 Y158.484 E.0175
G1 X155.043 Y158.881 E.01787
G1 X154.441 Y159.287 E.02164
G1 X154.302 Y159.355 E.0046
G1 X153.258 Y160.399 E.04397
G1 X156.453 Y156.671 F18000
G1 F8374.623
G1 X166.067 Y147.057 E.405
G1 X166.067 Y146.524 E.01588
G1 X156.879 Y155.712 E.38703
G1 X156.926 Y155.132 E.01733
G1 X166.067 Y145.991 E.38506
G1 X166.067 Y145.457 E.01588
G1 X156.904 Y154.621 E.386
G1 X156.883 Y154.305 E.00944
G1 X156.849 Y154.142 E.00494
G1 X166.067 Y144.924 E.38831
G1 X166.067 Y144.391 E.01588
G1 X156.756 Y153.702 E.39221
G1 X156.624 Y153.301 E.01257
G1 X166.067 Y143.858 E.39779
G1 X166.067 Y143.324 E.01588
G1 X156.464 Y152.927 E.40451
G1 X156.29 Y152.568 E.01189
M73 P84 R3
G1 X166.067 Y142.791 E.41186
G1 X166.067 Y142.258 E.01588
G1 X156.078 Y152.246 E.42076
G1 X155.858 Y151.934 E.0114
G1 X166.067 Y141.725 E.43006
G1 X166.067 Y141.191 E.01588
G1 X155.607 Y151.652 E.44064
G1 X155.343 Y151.382 E.01123
G1 X166.067 Y140.658 E.45175
G1 X166.067 Y140.125 E.01588
G1 X155.058 Y151.134 E.46374
G1 X154.745 Y150.913 E.0114
G1 X166.067 Y139.591 E.47691
G1 X166.067 Y139.058 E.01588
G1 X154.417 Y150.708 E.49073
G1 X154.063 Y150.528 E.01182
G1 X166.067 Y138.525 E.50564
G1 X166.067 Y137.992 E.01588
G1 X153.683 Y150.376 E.52168
G1 X153.286 Y150.239 E.01249
G1 X166.067 Y137.458 E.53837
G1 X166.067 Y136.925 E.01588
G1 X154.784 Y148.208 E.47529
G1 X154.706 Y148.13 E.00328
G1 X154.799 Y147.905 E.00725
G1 X154.861 Y147.598 E.00934
G1 X166.067 Y136.392 E.47205
G1 X166.067 Y135.859 E.01588
G1 X154.933 Y146.992 E.469
G1 X154.871 Y146.521 E.01416
G1 X166.067 Y135.325 E.47161
G1 X166.067 Y134.792 E.01588
G1 X154.784 Y146.075 E.47528
G1 X154.629 Y145.696 E.01218
G1 X166.067 Y134.259 E.48181
G1 X166.067 Y133.726 E.01588
G1 X154.45 Y145.342 E.48935
G1 X154.224 Y145.035 E.01136
G1 X166.067 Y133.192 E.49887
G1 X166.067 Y132.659 E.01588
G1 X153.984 Y144.742 E.509
G1 X153.69 Y144.503 E.01129
G1 X166.067 Y132.126 E.52137
G1 X166.067 Y131.592 E.01588
G1 X153.387 Y144.272 E.53414
G1 X153.019 Y144.107 E.01202
G1 X166.067 Y131.059 E.54965
G1 X166.067 Y130.526 E.01588
G1 X152.643 Y143.95 E.56549
G1 X152.495 Y143.908 E.00458
G1 X152.19 Y143.87 E.00916
G1 X166.067 Y129.993 E.58457
G1 X166.067 Y129.459 E.01588
G1 X151.709 Y143.817 E.60481
G1 X151.176 Y143.817 E.01588
G1 X166.067 Y128.926 E.62727
G1 X166.067 Y128.393 E.01588
G1 X150.643 Y143.817 E.64973
G1 X150.11 Y143.817 E.01588
G1 X166.067 Y127.86 E.6722
G1 X166.067 Y127.326 E.01588
G1 X149.576 Y143.817 E.69466
G1 X149.043 Y143.817 E.01588
G1 X166.067 Y126.793 E.71712
G1 X166.067 Y126.26 E.01588
G1 X148.51 Y143.817 E.73959
G1 X148.241 Y143.817 E.00799
G1 X147.939 Y143.854 E.00907
G1 X166.067 Y125.726 E.76362
G1 X166.067 Y125.193 E.01588
G1 X147.284 Y143.976 E.79124
G1 X146.631 Y144.259 E.02119
G1 X146.026 Y144.722 E.0227
G1 X145.555 Y145.315 E.02255
G1 X145.444 Y145.508 E.00664
G1 X145.233 Y146.027 E.01667
G1 X141.094 Y150.166 E.17437
G1 X140.673 Y150.25 E.01278
G1 X140.371 Y150.356 E.00955
G1 X166.067 Y124.66 E1.08244
G1 X166.067 Y124.127 E.01588
G1 X133.933 Y156.26 E1.35362
G1 X133.933 Y155.727 E.01588
G1 X166.067 Y123.593 E1.35362
G1 X166.067 Y123.06 E.01588
G1 X133.933 Y155.194 E1.35362
G1 X133.933 Y154.661 E.01588
G1 X166.067 Y122.527 E1.35362
G1 X166.067 Y121.994 E.01588
G1 X133.933 Y154.127 E1.35362
G1 X133.933 Y153.594 E.01588
G1 X166.067 Y121.46 E1.35362
G1 X166.067 Y120.927 E.01588
G1 X133.933 Y153.061 E1.35362
G1 X133.933 Y152.528 E.01588
G1 X166.067 Y120.394 E1.35362
G1 X166.067 Y119.86 E.01588
G1 X133.933 Y151.994 E1.35362
G1 X133.933 Y151.461 E.01588
G1 X166.067 Y119.327 E1.35362
G1 X166.067 Y118.794 E.01588
G1 X133.933 Y150.928 E1.35362
G1 X133.933 Y150.394 E.01588
G1 X166.067 Y118.261 E1.35362
G1 X166.067 Y117.727 E.01588
G1 X133.933 Y149.861 E1.35362
G1 X133.933 Y149.328 E.01588
G1 X166.067 Y117.194 E1.35362
G1 X166.044 Y116.684 E.01522
G1 X133.933 Y148.795 E1.35266
G1 X133.933 Y148.261 E.01588
G1 X165.965 Y116.23 E1.34933
G1 X165.96 Y116.207 E.00069
G1 X165.832 Y115.829 E.01188
G1 X133.933 Y147.728 E1.34374
G1 X133.933 Y147.195 E.01588
M73 P85 R3
G1 X165.656 Y115.472 E1.33632
G1 X165.443 Y115.152 E.01146
G1 X133.933 Y146.662 E1.32734
G1 X133.933 Y146.128 E.01588
G1 X165.196 Y114.866 E1.31693
G1 X164.916 Y114.612 E.01125
G1 X133.933 Y145.595 E1.30513
G1 X133.933 Y145.062 E.01588
G1 X164.602 Y114.392 E1.29193
G1 X164.253 Y114.208 E.01175
G1 X133.933 Y144.529 E1.27723
G1 X133.933 Y143.995 E.01588
G1 X150.874 Y127.055 E.71362
G1 X150.82 Y127.077 E.00174
G1 X150.243 Y127.152 E.01734
G1 X133.933 Y143.462 E.68703
G1 X133.933 Y142.929 E.01588
G1 X149.715 Y127.147 E.6648
G1 X149.243 Y127.085 E.01416
G1 X133.933 Y142.395 E.64494
G1 X133.933 Y141.862 E.01588
G1 X148.851 Y126.944 E.62841
G1 X148.475 Y126.787 E.01214
G1 X133.933 Y141.329 E.61256
G1 X133.933 Y140.796 E.01588
G1 X148.158 Y126.571 E.59922
G1 X147.861 Y126.335 E.01131
G1 X133.933 Y140.262 E.58669
G1 X133.933 Y139.729 E.01588
G1 X147.599 Y126.063 E.57568
G1 X147.367 Y125.761 E.01133
G1 X133.933 Y139.196 E.56592
G1 X133.933 Y138.663 E.01588
G1 X147.174 Y125.422 E.55777
G1 X147.013 Y125.05 E.01208
G1 X133.933 Y138.129 E.55097
G1 X133.933 Y137.596 E.01588
G1 X146.894 Y124.635 E.54598
G1 X146.836 Y124.16 E.01425
G1 X133.933 Y137.063 E.54351
G1 X133.933 Y136.529 E.01588
G1 X146.818 Y123.645 E.54277
G1 X146.82 Y123.11 E.01594
G1 X133.933 Y135.996 E.54284
G1 X133.933 Y135.463 E.01588
G1 X146.821 Y122.575 E.54292
G1 X146.823 Y122.04 E.01594
G1 X133.933 Y134.93 E.54299
G1 X133.933 Y134.396 E.01588
G1 X147.086 Y121.244 E.55404
G1 E-1.3 F1800
G1 Z4 F18000
G1 X152.737 Y125.192 Z4
G1 Z3.6
G1 E1.3 F1800
G1 F8374.623
G1 X163.865 Y114.064 E.46876
G1 X163.428 Y113.967 E.01332
G1 X153.159 Y124.236 E.43259
G1 X153.176 Y124.112 E.00373
G1 X153.178 Y123.684 E.01276
G1 X162.924 Y113.937 E.41058
G1 X162.391 Y113.937 E.01588
G1 X153.179 Y123.149 E.38804
G1 X153.181 Y122.614 E.01594
M73 P85 R2
G1 X161.858 Y113.937 E.36551
G1 X161.325 Y113.937 E.01588
G1 X153.183 Y122.079 E.34298
G1 X153.132 Y121.597 E.01444
G1 X160.792 Y113.937 E.32268
G1 X160.259 Y113.937 E.01588
G1 X153.059 Y121.136 E.30328
G1 X152.906 Y120.756 E.01221
G1 X159.725 Y113.937 E.28726
G1 X159.192 Y113.937 E.01588
G1 X152.739 Y120.39 E.27186
G1 X152.515 Y120.081 E.01138
G1 X158.659 Y113.937 E.25881
G1 X158.126 Y113.937 E.01588
G1 X152.277 Y119.785 E.24637
G1 X151.99 Y119.539 E.01127
G1 X157.593 Y113.936 E.23601
G1 X157.059 Y113.936 E.01588
G1 X151.688 Y119.308 E.22626
G1 X151.492 Y119.194 E.00675
G1 X151.334 Y119.128 E.00509
G1 X156.526 Y113.936 E.21871
G1 X155.993 Y113.936 E.01588
G1 X150.957 Y118.972 E.21214
G1 X150.705 Y118.902 E.00779
G1 X150.517 Y118.879 E.00565
G1 X155.46 Y113.936 E.20823
G1 X154.927 Y113.936 E.01588
G1 X150.038 Y118.825 E.20595
G1 X149.848 Y118.827 E.00565
G1 X149.448 Y118.881 E.01203
G1 X154.394 Y113.936 E.20832
G1 X153.86 Y113.936 E.01588
G1 X148.669 Y119.127 E.21866
G1 X148.508 Y119.194 E.00521
G1 X148.316 Y119.304 E.0066
G1 X147.832 Y119.676 E.01816
G1 X147.675 Y119.833 E.00661
G1 X147.24 Y120.412 E.02158
G1 X147.139 Y120.657 E.0079
G1 X133.933 Y133.863 E.55629
G1 X133.933 Y133.33 E.01588
G1 X153.327 Y113.936 E.81697
G1 X152.794 Y113.936 E.01588
G1 X133.933 Y132.797 E.79451
G1 X133.933 Y132.263 E.01588
G1 X152.261 Y113.936 E.77205
G1 X151.728 Y113.936 E.01588
G1 X133.933 Y131.73 E.74959
G1 X133.933 Y131.197 E.01588
G1 X151.194 Y113.935 E.72713
G1 X150.661 Y113.935 E.01588
G1 X133.933 Y130.663 E.70467
G1 X133.933 Y130.13 E.01588
G1 X150.128 Y113.935 E.68221
G1 X149.595 Y113.935 E.01588
G1 X133.933 Y129.597 E.65974
G1 X133.933 Y129.064 E.01588
G1 X149.062 Y113.935 E.63728
G1 X148.529 Y113.935 E.01588
G1 X133.933 Y128.53 E.61482
G1 X133.933 Y127.997 E.01588
G1 X147.995 Y113.935 E.59236
G1 X147.462 Y113.935 E.01588
G1 X133.933 Y127.464 E.5699
G1 X133.933 Y126.931 E.01588
G1 X146.929 Y113.935 E.54744
G1 X146.396 Y113.935 E.01588
G1 X133.933 Y126.397 E.52498
G1 X133.933 Y125.864 E.01588
G1 X145.863 Y113.935 E.50252
G1 X145.329 Y113.934 E.01588
G1 X133.933 Y125.331 E.48006
G1 X133.933 Y124.798 E.01588
G1 X144.796 Y113.934 E.4576
G1 X144.263 Y113.934 E.01588
G1 X133.933 Y124.264 E.43514
G1 X133.933 Y123.731 E.01588
G1 X143.73 Y113.934 E.41268
G1 X143.197 Y113.934 E.01588
G1 X133.933 Y123.198 E.39022
G1 X133.933 Y122.664 E.01588
M73 P86 R2
G1 X142.664 Y113.934 E.36776
G1 X142.13 Y113.934 E.01588
G1 X133.933 Y122.131 E.3453
G1 X133.933 Y121.598 E.01588
G1 X141.597 Y113.934 E.32284
G1 X141.064 Y113.934 E.01588
G1 X133.933 Y121.065 E.30038
G1 X133.933 Y120.531 E.01588
G1 X140.531 Y113.934 E.27792
G1 X139.998 Y113.934 E.01588
G1 X133.933 Y119.998 E.25546
G1 X133.933 Y119.465 E.01588
G1 X139.464 Y113.933 E.233
G1 X138.931 Y113.933 E.01588
G1 X133.933 Y118.932 E.21054
G1 X133.933 Y118.398 E.01588
G1 X138.398 Y113.933 E.18808
G1 X137.865 Y113.933 E.01588
G1 X133.933 Y117.865 E.16562
G1 X133.933 Y117.332 E.01588
G1 X137.332 Y113.933 E.14316
G1 X136.78 Y113.952 E.01645
G1 X133.949 Y116.782 E.11922
G1 X133.961 Y116.6 E.00544
G1 X134.064 Y116.134 E.01421
G1 X136.363 Y113.835 E.09683
G1 X149.262 Y118.931 F18000
;TYPE:Gap infill
;WIDTH:0.141407
G1 F1800
G1 X148.964 Y119.118 E.00274
G1 X149.31 Y119.027 F18000
;WIDTH:0.0923694
G1 F1800
G1 X149.125 Y118.938 E.0008
G1 E-1.3
G1 Z4 F18000
G1 X152.821 Y125.276 Z4
G1 Z3.6
G1 E1.3 F1800
;WIDTH:0.140505
G1 X152.748 Y125.386 E.00101
;WIDTH:0.123059
G1 X152.674 Y125.495 E.00083
G1 X156.539 Y156.758 F18000
;WIDTH:0.149446
G1 F1800
G1 X156.504 Y156.813 E.00055
;WIDTH:0.131642
G1 X156.448 Y156.893 E.00068
;WIDTH:0.117151
G1 X156.392 Y156.972 E.00057
G1 E-1.3
G1 Z4 F18000
G1 X153.304 Y149.955 Z4
G1 Z3.6
G1 E1.3 F1800
;WIDTH:0.214362
G1 X152.547 Y150.205 E.0108
G1 X154.662 Y148.353 F18000
;WIDTH:0.326133
G1 F1800
G1 X154.563 Y148.501 E.00398
;WIDTH:0.292951
G1 X154.459 Y148.64 E.00343
;WIDTH:0.246917
G1 X154.242 Y148.888 E.0053
;WIDTH:0.19456
G1 X153.875 Y149.285 E.00648
;WIDTH:0.201108
G1 X153.689 Y149.445 E.00307
;WIDTH:0.237655
G1 X153.502 Y149.606 E.00378
;WIDTH:0.276686
G1 X153.292 Y149.785 E.00511
;WIDTH:0.320602
G1 X153.206 Y149.842 E.00226
;WIDTH:0.360351
G1 X153.121 Y149.899 E.00258
;WIDTH:0.413964
G1 X153.035 Y149.957 E.00301
G1 X152.907 Y150.092 E.00549
;WIDTH:0.406622
G1 X152.945 Y150.15 E.00199
;WIDTH:0.360314
G1 X152.984 Y150.207 E.00173
;WIDTH:0.314006
G1 X153.023 Y150.264 E.00148
;WIDTH:0.290852
G1 X153.062 Y150.321 E.00135
G1 X140.195 Y150.43 F18000
;WIDTH:0.224785
G1 F1800
G1 X140.076 Y150.505 E.00201
;WIDTH:0.192926
G1 X139.966 Y150.584 E.00161
;WIDTH:0.151024
G1 X139.855 Y150.663 E.00116
;WIDTH:0.130073
G1 X139.744 Y150.743 E.00094
G1 X137.746 Y152.741 F18000
;WIDTH:0.106673
G1 F1800
G1 X137.658 Y152.865 E.00076
;WIDTH:0.125176
G1 X137.571 Y152.988 E.00098
G1 X137.377 Y153.641 F18000
;WIDTH:0.103532
G1 F1800
G1 X137.215 Y153.915 E.00152
G1 X137.198 Y154.862 F18000
;WIDTH:0.152786
G1 F1800
G1 X137.138 Y155.001 E.00131
G1 X137.198 Y155.084 E.00089
G1 E-1.3
G1 Z4 F18000
G1 X145.645 Y161.374 Z4
G1 Z3.6
G1 E1.3 F1800
;WIDTH:0.112644
G1 X145.518 Y161.541 E.00116
;WIDTH:0.137118
G1 X145.296 Y161.85 E.00284
G1 E-1.3
G1 Z4 F18000
G1 X153.946 Y159.444 Z4
G1 Z3.6
G1 E1.3 F1800
;WIDTH:0.404738
G1 X153.308 Y159.817 E.02113
G1 X152.923 Y160.201 E.01553
G1 E-1.3
G1 Z4 F18000
G1 X147.143 Y184.938 Z4
G1 Z3.6
G1 E1.3 F1800
;WIDTH:0.104797
G1 X147.072 Y185.043 E.00062
;WIDTH:0.121425
G1 X147.002 Y185.148 E.00078
G1 E-1.3
G1 Z4 F18000
G1 X150.032 Y191.067 Z4
G1 Z3.6
G1 E1.3 F1800
;WIDTH:0.0930747
G1 X149.897 Y191.125 E.00058
G1 E-1.3
G1 Z4 F18000
G1 X135.866 Y114.033 Z4
G1 Z3.6
G1 E1.3 F1800
;WIDTH:0.141018
G1 X135.729 Y114.131 E.0013
;WIDTH:0.18596
G1 X135.593 Y114.229 E.0019
;WIDTH:0.230902
G1 X135.456 Y114.326 E.00249
;WIDTH:0.273125
G1 X135.301 Y114.454 E.00367
;WIDTH:0.312627
G1 X135.145 Y114.582 E.00429
;WIDTH:0.345401
G1 X134.854 Y114.854 E.00951
G1 X134.582 Y115.145 E.00951
;WIDTH:0.312626
G1 X134.454 Y115.301 E.00429
;WIDTH:0.273124
G1 X134.326 Y115.456 E.00367
;WIDTH:0.230901
G1 X134.229 Y115.593 E.00249
;WIDTH:0.185959
G1 X134.131 Y115.729 E.0019
;WIDTH:0.163488
G1 X134.033 Y115.866 E.0016
G1 E-1.3
G1 Z4 F18000
G1 X146.986 Y149.985 Z4
G1 Z3.6
G1 E1.3 F1800
;TYPE:Internal solid infill
;WIDTH:0.419999
G1 F8374.624
G1 X146.517 Y149.735 E.01582
G1 X145.872 Y149.198 E.02499
G1 X145.49 Y148.692 E.0189
G1 X145.325 Y148.335 E.01171
G1 X143.654 Y150.006 E.07037
G1 X146.71 Y150.006 E.09103
G1 X146.946 Y149.988 E.00705
G1 X145.692 Y149.592 F18000
;WIDTH:0.493218
G1 F7012.9
G1 X145.219 Y149.026 E.02624
G1 X144.653 Y149.592 E.02847
G1 X145.652 Y149.592 E.03554
G1 X152.696 Y150.034 F18000
;WIDTH:0.389906
G1 F9100.929
G1 X152.631 Y150.072 E.00206
G1 X152.698 Y150.107 E.00206
G1 X154.661 Y148.171 F18000
;WIDTH:0.38292
G1 F9287.925
G1 X154.597 Y148.208 E.00198
G1 X154.662 Y148.243 E.00198
G1 E-1.3 F1800
G1 Z4 F18000
G1 X152.891 Y159.89 Z4
G1 Z3.6
G1 E1.3 F1800
;WIDTH:0.49433
G1 F6995.624
G1 X152.834 Y159.89 E.00201
G1 X152.806 Y159.939 E.00201
G1 X152.834 Y159.988 E.00201
G1 X152.891 Y159.988 E.00201
G1 X152.899 Y159.973 E.00059
G1 E-1.3 F1800
G1 Z4 F18000
G1 X145.577 Y161.31 Z4
G1 Z3.6
G1 E1.3 F1800
;WIDTH:0.38292
G1 F9287.925
G1 X146.12 Y160.712 E.02171
G1 X146.581 Y160.308 E.01645
G1 X146.927 Y160.045 E.01167
G1 E-1.3 F1800
G1 Z4 F18000
G1 X165.89 Y193.869 Z4
G1 Z3.6
G1 E1.3 F1800
;WIDTH:0.382604
G1 F9296.584
G1 X163.869 Y195.89 E.0767
G1 X164.503 Y195.621 E.01849
G1 X164.848 Y195.391 E.01114
G1 X165.391 Y194.848 E.02058
G1 X165.621 Y194.503 E.01114
G1 X165.874 Y193.906 E.01742
;LAYER_CHANGE
;Z:3.8
;HEIGHT:0.2

G1 E-1.3 F1800
G92 E0
;_SET_FAN_SPEED_CHANGING_LAYER
G1 Z4.2 F18000
G1 X165.942 Y115.302 Z4.2
G1 Z3.8
G1 E1.3 F1800
;TYPE:Inner wall
;WIDTH:0.449999
G1 F7757.448
G1 X166.209 Y115.911 E.02139
G1 X166.368 Y116.557 E.02139
G1 X166.398 Y117.135 E.01863
G1 X166.398 Y193.031 E2.44053
G1 X166.324 Y193.661 E.0204
G1 X166.138 Y194.3 E.02139
G1 X165.818 Y194.883 E.02139
G1 X165.402 Y195.402 E.02139
G1 X164.883 Y195.818 E.02138
G1 X164.3 Y196.138 E.0214
G1 X163.661 Y196.324 E.02139
G1 X162.98 Y196.398 E.02202
G1 X136.969 Y196.398 E.83643
G1 X136.339 Y196.324 E.0204
G1 X135.7 Y196.138 E.02139
G1 X135.117 Y195.818 E.02139
G1 X134.598 Y195.402 E.02139
G1 X134.182 Y194.883 E.02139
G1 X133.862 Y194.3 E.02139
G1 X133.676 Y193.661 E.02139
G1 X133.602 Y192.98 E.02202
G1 X133.602 Y116.969 E2.44425
G1 X133.676 Y116.339 E.0204
G1 X133.862 Y115.7 E.02139
G1 X134.182 Y115.117 E.02139
G1 X134.598 Y114.598 E.02139
G1 X135.117 Y114.182 E.02138
G1 X135.7 Y113.862 E.0214
G1 X136.339 Y113.676 E.02139
G1 X137.02 Y113.602 E.02202
G1 X163.136 Y113.605 E.83979
G1 X163.879 Y113.719 E.02419
G1 X164.499 Y113.96 E.02138
G1 X165.068 Y114.305 E.02139
G1 X165.548 Y114.765 E.0214
G1 X165.918 Y115.269 E.0201
G1 X166.282 Y115.105 F18000
;TYPE:Outer wall
;WIDTH:0.419999
G1 F6000
G1 X166.581 Y115.784 E.0221
G1 X166.757 Y116.505 E.02211
G1 X166.79 Y117.135 E.01879
G1 X166.79 Y193.139 E2.26389
G1 X166.66 Y193.981 E.02537
G1 X166.392 Y194.672 E.0221
G1 X166.006 Y195.307 E.02211
G1 X165.493 Y195.843 E.02211
G1 X164.895 Y196.282 E.0221
G1 X164.216 Y196.581 E.0221
G1 X163.495 Y196.757 E.02211
G1 X162.993 Y196.79 E.01497
G1 X136.861 Y196.79 E.77839
G1 X136.019 Y196.66 E.02537
G1 X135.328 Y196.392 E.0221
G1 X134.693 Y196.006 E.02211
G1 X134.157 Y195.493 E.02211
G1 X133.718 Y194.895 E.0221
G1 X133.419 Y194.216 E.0221
G1 X133.243 Y193.495 E.02211
G1 X133.21 Y192.993 E.01497
G1 X133.21 Y116.861 E2.26772
G1 X133.34 Y116.019 E.02537
G1 X133.608 Y115.328 E.0221
G1 X133.994 Y114.693 E.02211
G1 X134.507 Y114.157 E.02211
G1 X135.105 Y113.718 E.0221
G1 X135.784 Y113.419 E.0221
G1 X136.505 Y113.243 E.02211
G1 X137.007 Y113.21 E.01497
G1 X163.156 Y113.213 E.77889
G1 X163.981 Y113.34 E.02486
G1 X164.672 Y113.608 E.0221
G1 X165.307 Y113.994 E.02211
G1 X165.843 Y114.507 E.02211
G1 X166.258 Y115.073 E.02091
G1 E-1.3 F1800
G1 Z4.2 F18000
G1 X148.587 Y119.538 Z4.2
G1 Z3.8
G1 E1.3 F1800
;TYPE:Inner wall
;WIDTH:0.449999
G1 F7757.448
G1 X148.511 Y119.572 E.00268
G1 X147.933 Y120.04 E.02391
G1 X147.496 Y120.642 E.02391
G1 X147.23 Y121.336 E.02391
G1 X147.148 Y121.999 E.02148
G1 X147.153 Y124.077 E.0668
G1 X147.245 Y124.739 E.0215
G1 X147.572 Y125.489 E.02632
G1 X148.04 Y126.067 E.02391
G1 X148.573 Y126.469 E.02146
G1 X149.19 Y126.731 E.02155
G1 X149.388 Y126.777 E.00655
G1 X150.076 Y126.847 E.02222
G1 X150.81 Y126.731 E.02391
G1 X151.489 Y126.428 E.02391
G1 X152.067 Y125.96 E.02391
G1 X152.504 Y125.358 E.02391
G1 X152.766 Y124.688 E.02313
G1 X152.852 Y124.001 E.02228
G1 X152.847 Y121.923 E.0668
G1 X152.731 Y121.19 E.02388
G1 X152.428 Y120.511 E.02391
G1 X151.96 Y119.933 E.02391
G1 X151.358 Y119.496 E.02391
G1 X150.66 Y119.23 E.02403
G1 X149.901 Y119.154 E.02453
G1 X149.19 Y119.269 E.02315
G1 X148.623 Y119.522 E.01995
G1 X148.75 Y119.883 F18000
;TYPE:Outer wall
;WIDTH:0.419999
G1 F6000
G1 X148.749 Y119.883 E.00002
G1 X148.244 Y120.279 E.01912
G1 X147.869 Y120.771 E.01842
G1 X147.623 Y121.365 E.01914
G1 X147.542 Y121.975 E.01834
G1 X147.54 Y124.001 E.06035
G1 X147.62 Y124.62 E.01861
G1 X147.866 Y125.223 E.01939
G1 X148.255 Y125.734 E.01913
G1 X148.759 Y126.124 E.01899
G1 X149.353 Y126.373 E.01918
G1 X149.992 Y126.46 E.0192
G1 X150.624 Y126.379 E.01899
G1 X151.219 Y126.136 E.01914
G1 X151.733 Y125.746 E.01923
G1 X152.126 Y125.237 E.01913
G1 X152.376 Y124.637 E.01938
G1 X152.458 Y124.025 E.01838
G1 X152.458 Y121.975 E.06108
G1 X152.368 Y121.34 E.01909
M73 P87 R2
G1 X152.117 Y120.749 E.01912
G1 X151.721 Y120.244 E.01912
G1 X151.208 Y119.859 E.01912
G1 X150.611 Y119.619 E.01915
G1 X149.953 Y119.543 E.01974
G1 X149.34 Y119.632 E.01844
G1 X148.787 Y119.867 E.01791
G1 E-1.3 F1800
G1 Z4.2 F18000
G1 X153.951 Y145.235 Z4.2
G1 Z3.8
G1 E1.3 F1800
;TYPE:Inner wall
;WIDTH:0.449999
G1 F7757.448
G1 X153.71 Y144.933 E.01241
G1 X153.108 Y144.496 E.02391
G1 X152.49 Y144.246 E.02144
G1 X151.827 Y144.153 E.02154
G1 X148.249 Y144.148 E.11503
G1 X147.586 Y144.23 E.02149
G1 X147.381 Y144.294 E.00692
G1 X146.761 Y144.572 E.02185
G1 X146.183 Y145.04 E.02391
G1 X145.746 Y145.642 E.02391
G1 X145.48 Y146.336 E.02391
G1 X145.403 Y147.076 E.02391
G1 X145.519 Y147.81 E.02391
G1 X145.822 Y148.489 E.02391
G1 X146.29 Y149.067 E.02391
G1 X146.892 Y149.504 E.02391
;WIDTH:0.487299
G1 F7106.32
G1 X147.121 Y149.611 E.00887
;WIDTH:0.524598
G1 F6556.033
G1 X147.35 Y149.718 E.00962
;WIDTH:0.561897
G1 F6084.846
G1 X147.579 Y149.825 E.01036
G1 X148.249 Y149.887 E.0276
;WIDTH:0.519381
G1 F6627.814
G1 X151.938 Y149.887 E.13884
G1 X152.253 Y149.807 E.01222
;WIDTH:0.48469
G1 F7148.278
G1 X152.568 Y149.727 E.01133
;WIDTH:0.449999
G1 F7757.448
G1 X153.239 Y149.428 E.02365
G1 X153.71 Y149.067 E.01907
G1 X153.96 Y148.773 E.01241
G1 X154.254 Y148.358 E.01635
G1 X154.52 Y147.664 E.02391
G1 X154.597 Y146.924 E.02391
G1 X154.481 Y146.191 E.02386
G1 X154.19 Y145.534 E.02312
G1 X153.976 Y145.266 E.01104
G1 X153.553 Y145.343 F18000
;TYPE:Outer wall
;WIDTH:0.419999
G1 F6000
G1 X153.495 Y145.267 E.00285
G1 X152.986 Y144.873 E.01916
G1 X152.399 Y144.628 E.01896
G1 X151.775 Y144.542 E.01876
G1 X148.225 Y144.542 E.10576
G1 X147.531 Y144.656 E.02095
G1 X146.999 Y144.883 E.01721
G1 X146.494 Y145.279 E.01912
G1 X146.109 Y145.792 E.01912
G1 X145.869 Y146.387 E.01912
G1 X145.792 Y147.025 E.01912
G1 X145.882 Y147.66 E.01912
G1 X146.133 Y148.251 E.01912
G1 X146.529 Y148.756 E.01912
G1 X147.042 Y149.141 E.01912
G1 X147.637 Y149.381 E.01912
G1 X148.249 Y149.46 E.01838
G1 X151.78 Y149.46 E.10517
G1 X152.418 Y149.365 E.0192
G1 X153.001 Y149.117 E.01887
G1 X153.504 Y148.723 E.01903
G1 X153.881 Y148.229 E.01851
G1 X154.128 Y147.631 E.01929
G1 X154.21 Y147 E.01894
G1 X154.126 Y146.363 E.01913
G1 X153.891 Y145.79 E.01846
G1 X153.577 Y145.375 E.0155
G1 E-1.3 F1800
G1 Z4.2 F18000
G1 X154.481 Y163.765 Z4.2
G1 Z3.8
G1 E1.3 F1800
;TYPE:Inner wall
;WIDTH:0.449999
G1 F7757.448
G1 X154.52 Y163.664 E.00349
G1 X154.597 Y162.924 E.02391
G1 X154.481 Y162.191 E.02386
G1 X154.229 Y161.593 E.02089
G1 X153.819 Y161.044 E.02203
G1 X153.634 Y160.875 E.00804
G1 X153.149 Y160.516 E.01942
G1 X152.56 Y160.269 E.02054
;WIDTH:0.490352
G1 F7057.82
G1 X152.293 Y160.204 E.00974
;WIDTH:0.530705
G1 F6473.947
G1 X152.025 Y160.138 E.01061
G1 X151.751 Y160.113 E.01061
;WIDTH:0.519381
G1 F6627.814
G1 X148.204 Y160.113 E.1335
;WIDTH:0.561898
G1 F6084.834
G1 X147.579 Y160.175 E.02574
G1 X147.504 Y160.209 E.00338
;WIDTH:0.534419
G1 F6425.028
G1 X147.429 Y160.243 E.0032
;WIDTH:0.50694
G1 F6805.514
G1 X147.095 Y160.408 E.01365
;WIDTH:0.47847
G1 F7250.369
G1 X146.761 Y160.572 E.01281
;WIDTH:0.449999
G1 F7757.448
G1 X146.183 Y161.04 E.02391
G1 X145.746 Y161.642 E.02391
G1 X145.48 Y162.336 E.02391
G1 X145.403 Y162.924 E.01907
G1 X145.434 Y163.31 E.01243
G1 X145.519 Y163.81 E.01633
G1 X145.822 Y164.489 E.02391
G1 X146.29 Y165.067 E.02391
G1 X146.892 Y165.504 E.02391
G1 X147.565 Y165.766 E.02322
G1 X148.245 Y165.852 E.02203
G1 X151.827 Y165.847 E.11518
G1 X152.564 Y165.729 E.02401
G1 X153.259 Y165.415 E.02453
G1 X153.817 Y164.96 E.02315
G1 X154.254 Y164.358 E.02391
G1 X154.467 Y163.802 E.01913
G1 X154.128 Y163.622 F18000
;TYPE:Outer wall
;WIDTH:0.419999
G1 F6000
G1 X154.21 Y163 E.0187
G1 X154.119 Y162.34 E.01983
G1 X153.877 Y161.77 E.01844
G1 X153.471 Y161.244 E.0198
G1 X152.971 Y160.865 E.01869
G1 X152.388 Y160.624 E.01879
G1 X151.775 Y160.542 E.01842
G1 X148.225 Y160.542 E.10576
G1 X147.59 Y160.632 E.0191
G1 X146.999 Y160.883 E.01912
G1 X146.494 Y161.279 E.01912
G1 X146.109 Y161.792 E.01912
G1 X145.869 Y162.387 E.01912
G1 X145.79 Y163 E.0184
G1 X145.875 Y163.639 E.01921
G1 X146.12 Y164.23 E.01906
G1 X146.505 Y164.734 E.01889
G1 X147.014 Y165.127 E.01914
G1 X147.601 Y165.372 E.01896
G1 X148.225 Y165.458 E.01876
G1 X151.738 Y165.46 E.10464
G1 X152.376 Y165.379 E.01917
G1 X152.991 Y165.122 E.01985
G1 X153.483 Y164.745 E.01845
G1 X153.88 Y164.23 E.01937
G1 X154.116 Y163.66 E.01838
G1 E-1.3 F1800
G1 Z4.2 F18000
G1 X156.251 Y156.753 Z4.2
G1 Z3.8
G1 E1.3 F1800
;TYPE:Inner wall
;WIDTH:0.449999
G1 F7757.448
G1 X156.434 Y156.227 E.01788
G1 X156.557 Y155.638 E.01935
G1 X156.601 Y155.038 E.01935
G1 X156.566 Y154.437 E.01935
G1 X156.454 Y153.846 E.01935
G1 X156.265 Y153.274 E.01935
G1 X156.003 Y152.732 E.01935
G1 X155.673 Y152.229 E.01935
G1 X155.269 Y151.761 E.0199
G1 X154.804 Y151.351 E.01994
G1 X154.276 Y151.001 E.02037
G1 X153.726 Y150.735 E.01965
G1 X153.154 Y150.546 E.01935
G1 X152.563 Y150.434 E.01935
;WIDTH:0.493385
G1 F7010.308
G1 X152.302 Y150.395 E.00938
;WIDTH:0.53677
G1 F6394.441
G1 X152.042 Y150.356 E.01028
G1 X151.751 Y150.363 E.01135
;WIDTH:0.519381
G1 F6627.814
G1 X148.193 Y150.363 E.13389
;WIDTH:0.561897
G1 F6084.846
G1 X147.545 Y150.342 E.02659
G1 X147.426 Y150.359 E.00492
;WIDTH:0.528332
G1 F6505.603
G1 X147.307 Y150.376 E.00461
;WIDTH:0.494766
G1 F6988.874
G1 X146.714 Y150.398 E.02118
;WIDTH:0.449999
G1 F7757.448
G1 X141.999 Y150.398 E.15161
G1 X141.437 Y150.434 E.01811
G1 X140.847 Y150.546 E.0193
G1 X140.274 Y150.735 E.01941
G1 X139.732 Y150.997 E.01935
G1 X139.229 Y151.327 E.01935
G1 X138.774 Y151.72 E.01935
G1 X138.373 Y152.169 E.01935
G1 X138.035 Y152.667 E.01935
G1 X137.764 Y153.204 E.01935
G1 X137.566 Y153.773 E.01935
G1 X137.443 Y154.362 E.01935
G1 X137.399 Y154.962 E.01935
G1 X137.434 Y155.563 E.01935
G1 X137.546 Y156.154 E.01935
G1 X137.735 Y156.726 E.01935
G1 X137.997 Y157.268 E.01935
G1 X138.327 Y157.771 E.01935
G1 X138.72 Y158.226 E.01935
G1 X139.169 Y158.627 E.01935
G1 X139.667 Y158.965 E.01935
G1 X140.204 Y159.236 E.01935
G1 X140.773 Y159.434 E.01935
G1 X141.362 Y159.557 E.01935
G1 X141.961 Y159.601 E.01933
G1 X146.714 Y159.602 E.15283
;WIDTH:0.488273
G1 F7090.773
G1 X146.978 Y159.621 E.00932
;WIDTH:0.526547
G1 F6529.617
G1 X147.243 Y159.64 E.01012
;WIDTH:0.56482
G1 F6050.766
G1 X147.507 Y159.659 E.01092
G1 X148.249 Y159.637 E.03063
;WIDTH:0.519381
G1 F6627.814
G1 X152.072 Y159.637 E.14386
G1 X152.317 Y159.602 E.00934
;WIDTH:0.48469
G1 F7148.278
G1 X152.563 Y159.566 E.00866
;WIDTH:0.449999
G1 F7757.448
G1 X153.154 Y159.454 E.01935
G1 X153.726 Y159.265 E.01935
G1 X154.268 Y159.003 E.01935
G1 X154.771 Y158.673 E.01935
G1 X155.226 Y158.28 E.01935
G1 X155.627 Y157.831 E.01935
G1 X155.965 Y157.333 E.01935
G1 X156.236 Y156.796 E.01935
G1 X156.238 Y156.79 E.00019
G1 X155.885 Y156.622 F18000
;TYPE:Outer wall
;WIDTH:0.419999
G1 F6000
G1 X156.063 Y156.101 E.01639
G1 X156.172 Y155.562 E.0164
G1 X156.21 Y155.012 E.0164
G1 X156.175 Y154.463 E.0164
G1 X156.069 Y153.922 E.0164
G1 X155.894 Y153.4 E.0164
G1 X155.652 Y152.906 E.0164
G1 X155.347 Y152.447 E.0164
G1 X154.985 Y152.032 E.0164
G1 X154.572 Y151.668 E.0164
G1 X154.116 Y151.361 E.0164
G1 X153.622 Y151.116 E.0164
G1 X153.101 Y150.937 E.0164
G1 X152.562 Y150.828 E.0164
G1 X152.013 Y150.79 E.01638
G1 X141.999 Y150.79 E.29827
G1 X141.463 Y150.825 E.01601
G1 X140.924 Y150.93 E.01635
G1 X140.4 Y151.106 E.01645
G1 X139.906 Y151.348 E.0164
G1 X139.447 Y151.653 E.0164
G1 X139.032 Y152.015 E.0164
G1 X138.668 Y152.428 E.0164
G1 X138.361 Y152.885 E.0164
G1 X138.116 Y153.378 E.0164
G1 X137.937 Y153.899 E.0164
G1 X137.828 Y154.438 E.0164
G1 X137.79 Y154.988 E.0164
G1 X137.825 Y155.537 E.0164
G1 X137.931 Y156.078 E.0164
G1 X138.106 Y156.6 E.0164
G1 X138.348 Y157.094 E.0164
G1 X138.653 Y157.553 E.0164
G1 X139.015 Y157.968 E.0164
G1 X139.428 Y158.332 E.0164
G1 X139.884 Y158.639 E.0164
G1 X140.378 Y158.884 E.0164
G1 X140.899 Y159.063 E.0164
G1 X141.438 Y159.172 E.0164
G1 X141.987 Y159.21 E.01638
G1 X152.001 Y159.21 E.29827
G1 X152.537 Y159.175 E.01601
G1 X153.078 Y159.069 E.0164
G1 X153.6 Y158.894 E.0164
G1 X154.094 Y158.652 E.0164
G1 X154.553 Y158.347 E.0164
G1 X154.968 Y157.985 E.0164
G1 X155.332 Y157.572 E.0164
G1 X155.639 Y157.116 E.0164
G1 X155.867 Y156.658 E.01522
G1 E-1.3 F1800
G1 Z4.2 F18000
G1 X150.774 Y183.273 Z4.2
G1 Z3.8
G1 E1.3 F1800
;TYPE:Inner wall
;WIDTH:0.449999
G1 F7757.448
G1 X150.66 Y183.23 E.00393
G1 X149.901 Y183.154 E.02453
G1 X149.19 Y183.269 E.02315
G1 X148.511 Y183.572 E.02391
G1 X147.933 Y184.04 E.02391
G1 X147.496 Y184.642 E.02391
G1 X147.23 Y185.336 E.02391
G1 X147.148 Y185.999 E.02148
G1 X147.153 Y188.077 E.0668
G1 X147.269 Y188.81 E.02388
G1 X147.572 Y189.489 E.02391
G1 X148.04 Y190.067 E.02391
G1 X148.642 Y190.504 E.02391
G1 X149.336 Y190.77 E.0239
G1 X150.076 Y190.847 E.02391
G1 X150.81 Y190.731 E.02391
G1 X151.489 Y190.428 E.02391
G1 X152.067 Y189.96 E.02391
G1 X152.504 Y189.358 E.02391
G1 X152.756 Y188.734 E.02163
G1 X152.852 Y188.001 E.0238
G1 X152.847 Y185.923 E.0668
G1 X152.731 Y185.19 E.02388
G1 X152.428 Y184.511 E.02391
G1 X151.96 Y183.933 E.02391
G1 X151.358 Y183.496 E.02391
G1 X150.811 Y183.288 E.01881
G1 X150.494 Y183.607 F18000
;TYPE:Outer wall
;WIDTH:0.419999
G1 F6000
G1 X149.985 Y183.542 E.01528
G1 X149.375 Y183.621 E.01831
G1 X148.781 Y183.864 E.01913
G1 X148.267 Y184.254 E.01923
G1 X147.874 Y184.763 E.01913
G1 X147.624 Y185.363 E.01938
G1 X147.542 Y185.975 E.01838
G1 X147.542 Y188.025 E.06108
G1 X147.632 Y188.66 E.01909
G1 X147.883 Y189.251 E.01912
G1 X148.279 Y189.756 E.01912
G1 X148.792 Y190.141 E.01912
G1 X149.387 Y190.381 E.01912
G1 X150.025 Y190.458 E.01912
G1 X150.66 Y190.368 E.01912
G1 X151.251 Y190.117 E.01912
G1 X151.756 Y189.721 E.01912
G1 X152.131 Y189.229 E.01842
G1 X152.377 Y188.635 E.01914
G1 X152.458 Y188.025 E.01834
G1 X152.46 Y185.999 E.06035
G1 X152.376 Y185.363 E.01911
G1 X152.134 Y184.777 E.01889
G1 X151.745 Y184.266 E.01913
G1 X151.241 Y183.876 E.01899
G1 X150.647 Y183.627 E.01918
G1 X150.533 Y183.612 E.00341
G1 E-1.3 F1800
G1 Z4.2 F18000
G1 X154.654 Y161.741 Z4.2
G1 Z3.8
G1 E1.3 F1800
;TYPE:Internal solid infill
;WIDTH:0.38292
G1 F9287.925
G1 X154.59 Y161.778 E.00198
G1 X154.655 Y161.813 E.00198
G1 X152.697 Y159.882 F18000
G1 F9287.925
G1 X152.633 Y159.919 E.00198
G1 X152.698 Y159.954 E.00198
G1 X146.963 Y160.019 F18000
;WIDTH:0.419999
G1 F8374.624
G1 X146.432 Y159.994 E.01586
G1 X143.653 Y159.993 E.08276
G1 X145.325 Y161.665 E.07042
G1 X145.515 Y161.267 E.01313
G1 X146.052 Y160.622 E.02499
G1 X146.547 Y160.245 E.01854
G1 X146.928 Y160.038 E.01292
G1 X145.683 Y160.409 F18000
;WIDTH:0.49632
G1 F6964.92
G1 X144.656 Y160.409 E.03679
G1 X145.22 Y160.973 E.02856
G1 X145.658 Y160.44 E.0247
G1 E-1.3 F1800
G1 Z4.2 F18000
G1 X145.585 Y148.69 Z4.2
G1 Z3.8
G1 E1.3 F1800
;WIDTH:0.38292
G1 F9287.925
G1 X145.974 Y149.142 E.016
G1 X146.583 Y149.693 E.02205
G1 X146.933 Y149.955 E.01175
G1 X152.907 Y150.008 F18000
;WIDTH:0.497452
G1 F6947.574
G1 X152.85 Y150.008 E.00204
G1 X152.822 Y150.058 E.00204
G1 X152.85 Y150.107 E.00204
G1 X152.907 Y150.107 E.00204
G1 X152.916 Y150.092 E.0006
G1 E-1.3 F1800
G1 Z4.2 F18000
G1 X166.215 Y116.696 Z4.2
G1 Z3.8
G1 E1.3 F1800
;WIDTH:0.419999
G1 F8374.623
G1 X163.5 Y113.981 E.11438
G1 X162.921 Y113.936 E.01729
G1 X166.067 Y117.082 E.13252
G1 X166.067 Y117.615 E.01588
G1 X162.388 Y113.936 E.15498
G1 X161.854 Y113.936 E.01589
G1 X166.067 Y118.148 E.17745
G1 X166.067 Y118.681 E.01588
G1 X161.321 Y113.935 E.19992
G1 X160.788 Y113.935 E.01589
G1 X166.067 Y119.215 E.22238
G1 X166.067 Y119.748 E.01588
G1 X160.254 Y113.935 E.24485
G1 X159.721 Y113.935 E.01589
G1 X166.067 Y120.281 E.26731
G1 X166.067 Y120.814 E.01588
G1 X159.188 Y113.935 E.28978
G1 X158.654 Y113.935 E.01589
G1 X166.067 Y121.348 E.31225
G1 X166.067 Y121.881 E.01588
G1 X158.121 Y113.935 E.33471
G1 X157.588 Y113.935 E.01589
G1 X166.067 Y122.414 E.35718
G1 X166.067 Y122.947 E.01588
G1 X157.055 Y113.935 E.37964
G1 X156.521 Y113.935 E.01589
G1 X166.067 Y123.481 E.40211
G1 X166.067 Y124.014 E.01588
G1 X155.988 Y113.935 E.42458
G1 X155.455 Y113.935 E.01589
G1 X166.067 Y124.547 E.44704
G1 X166.067 Y125.081 E.01588
G1 X154.921 Y113.935 E.46951
G1 X154.388 Y113.935 E.01589
G1 X166.067 Y125.614 E.49197
G1 X166.067 Y126.147 E.01588
G1 X153.855 Y113.935 E.51444
G1 X153.321 Y113.935 E.01589
G1 X166.067 Y126.68 E.53691
G1 X166.067 Y127.214 E.01588
G1 X152.788 Y113.935 E.55937
G1 X152.255 Y113.935 E.01589
G1 X166.067 Y127.747 E.58184
G1 X166.067 Y128.28 E.01588
G1 X151.721 Y113.935 E.6043
G1 X151.188 Y113.934 E.01589
G1 X166.067 Y128.813 E.62677
G1 X166.067 Y129.347 E.01588
G1 X150.655 Y113.934 E.64923
G1 X150.121 Y113.934 E.01589
G1 X166.067 Y129.88 E.6717
G1 X166.067 Y130.413 E.01588
G1 X149.588 Y113.934 E.69417
G1 X149.055 Y113.934 E.01589
G1 X166.067 Y130.947 E.71663
G1 X166.067 Y131.48 E.01588
G1 X148.521 Y113.934 E.7391
G1 X147.988 Y113.934 E.01589
G1 X166.067 Y132.013 E.76156
G1 X166.067 Y132.546 E.01588
G1 X147.455 Y113.934 E.78403
G1 X146.921 Y113.934 E.01589
G1 X166.067 Y133.08 E.8065
G1 X166.067 Y133.613 E.01588
G1 X146.388 Y113.934 E.82896
G1 X145.855 Y113.934 E.01589
G1 X150.864 Y118.943 E.21101
G1 X150.709 Y118.902 E.00477
G1 X150.23 Y118.843 E.01438
G1 X145.321 Y113.934 E.20678
G1 X144.788 Y113.934 E.01589
G1 X149.702 Y118.847 E.20698
G1 X149.234 Y118.913 E.01406
G1 X144.255 Y113.934 E.20975
G1 X143.721 Y113.934 E.01589
G1 X148.843 Y119.055 E.21573
G1 X148.47 Y119.216 E.01209
G1 X143.188 Y113.934 E.22249
G1 X142.655 Y113.934 E.01589
G1 X148.152 Y119.431 E.23155
M73 P88 R2
G1 X147.85 Y119.662 E.01133
G1 X142.121 Y113.934 E.24131
G1 X141.588 Y113.934 E.01589
G1 X147.595 Y119.94 E.25302
G1 X147.366 Y120.245 E.01134
G1 X141.055 Y113.933 E.26585
G1 X140.521 Y113.933 E.01589
G1 X147.17 Y120.582 E.28006
G1 X147.014 Y120.959 E.01216
G1 X139.988 Y113.933 E.29597
G1 X139.455 Y113.933 E.01589
G1 X146.896 Y121.374 E.31345
G1 X146.83 Y121.842 E.01406
G1 X138.922 Y113.933 E.33315
G1 X138.388 Y113.933 E.01589
G1 X146.822 Y122.367 E.35527
G1 X146.82 Y122.899 E.01583
G1 X137.855 Y113.933 E.37767
G1 X137.322 Y113.933 E.01589
G1 X146.819 Y123.43 E.40006
G1 X146.817 Y123.962 E.01583
G1 X136.806 Y113.951 E.42172
G1 X136.599 Y113.961 E.00616
G1 X136.336 Y114.014 E.008
G1 X147.091 Y124.769 E.45305
G1 E-1.3 F1800
G1 Z4.2 F18000
G1 X152.754 Y120.834 Z4.2
G1 Z3.8
G1 E1.3 F1800
G1 F8374.623
G1 X166.067 Y134.146 E.56078
G1 X166.067 Y134.679 E.01588
G1 X153.154 Y121.766 E.54396
G1 X153.183 Y121.991 E.00676
G1 X153.182 Y122.328 E.01003
G1 X166.067 Y135.213 E.54277
G1 X166.067 Y135.746 E.01588
G1 X153.18 Y122.859 E.54284
G1 X153.179 Y123.391 E.01583
G1 X166.067 Y136.279 E.54291
G1 X166.067 Y136.813 E.01588
G1 X153.177 Y123.923 E.54298
G1 X153.176 Y124.112 E.00565
G1 X153.134 Y124.413 E.00903
G1 X166.067 Y137.346 E.5448
G1 X166.067 Y137.879 E.01588
G1 X153.057 Y124.869 E.54804
G1 X152.899 Y125.244 E.01212
G1 X166.067 Y138.412 E.5547
G1 X166.067 Y138.946 E.01588
G1 X152.74 Y125.619 E.56137
G1 X152.507 Y125.919 E.01132
G1 X166.067 Y139.479 E.57122
G1 X166.067 Y140.012 E.01588
G1 X152.272 Y126.217 E.58111
G1 X152.224 Y126.278 E.0023
G1 X151.983 Y126.461 E.00904
G1 X166.067 Y140.545 E.5933
G1 X166.067 Y141.079 E.01588
G1 X151.679 Y126.691 E.60607
G1 X151.589 Y126.759 E.00336
G1 X151.324 Y126.869 E.00856
G1 X166.067 Y141.612 E.62105
G1 X166.067 Y142.145 E.01588
G1 X150.946 Y127.025 E.63695
G1 X150.82 Y127.077 E.00407
G1 X150.506 Y127.118 E.00942
G1 X166.067 Y142.678 E.65548
G1 X166.067 Y143.212 E.01588
G1 X150.035 Y127.18 E.67534
G1 X149.432 Y127.11 E.01809
G1 X166.067 Y143.745 E.70075
G1 X166.067 Y144.278 E.01588
G1 X148.654 Y126.865 E.73352
G1 X148.508 Y126.807 E.00467
G1 X148.315 Y126.695 E.00665
G1 X147.726 Y126.228 E.0224
G1 X147.262 Y125.624 E.0227
G1 X147.146 Y125.358 E.00864
G1 X135.924 Y114.135 E.47273
G1 X135.557 Y114.302 E.012
G1 X166.067 Y144.812 E1.28522
G1 X166.067 Y145.345 E.01588
G1 X135.228 Y114.506 E1.29908
G1 X134.933 Y114.745 E.01129
G1 X166.067 Y145.878 E1.31148
G1 X166.067 Y146.411 E.01588
G1 X134.672 Y115.016 E1.3225
G1 X134.568 Y115.134 E.00467
G1 X134.444 Y115.321 E.0067
G1 X166.067 Y146.945 E1.33212
G1 X166.067 Y147.478 E.01588
G1 X134.25 Y115.661 E1.34026
G1 X134.168 Y115.827 E.00551
G1 X134.096 Y116.04 E.00671
G1 X166.067 Y148.011 E1.34676
G1 X166.067 Y148.544 E.01588
G1 X133.988 Y116.466 E1.35131
G1 X133.961 Y116.6 E.00408
G1 X133.938 Y116.949 E.01043
G1 X166.067 Y149.078 E1.3534
G1 X166.067 Y149.611 E.01588
G1 X133.933 Y117.477 E1.35362
G1 X133.933 Y118.01 E.01588
G1 X166.067 Y150.144 E1.35362
G1 X166.067 Y150.678 E.01588
G1 X133.933 Y118.544 E1.35362
G1 X133.933 Y119.077 E.01588
G1 X166.067 Y151.211 E1.35362
G1 X166.067 Y151.744 E.01588
G1 X133.933 Y119.61 E1.35362
G1 X133.933 Y120.144 E.01588
G1 X166.067 Y152.277 E1.35362
G1 X166.067 Y152.811 E.01588
G1 X133.933 Y120.677 E1.35362
G1 X133.933 Y121.21 E.01588
G1 X166.067 Y153.344 E1.35362
G1 X166.067 Y153.877 E.01588
G1 X133.933 Y121.743 E1.35362
G1 X133.933 Y122.277 E.01588
G1 X166.067 Y154.41 E1.35362
G1 X166.067 Y154.944 E.01588
M73 P89 R2
G1 X133.933 Y122.81 E1.35362
G1 X133.933 Y123.343 E.01588
G1 X166.067 Y155.477 E1.35362
G1 X166.067 Y156.01 E.01588
G1 X133.933 Y123.876 E1.35362
G1 X133.933 Y124.41 E.01588
G1 X166.067 Y156.544 E1.35362
G1 X166.067 Y157.077 E.01588
G1 X154.588 Y145.597 E.48356
G1 X154.519 Y145.431 E.00538
G1 X154.079 Y144.837 E.022
G1 X153.918 Y144.676 E.0068
G1 X153.369 Y144.259 E.02053
G1 X153.157 Y144.167 E.00687
G1 X133.933 Y124.943 E.80981
G1 X133.933 Y125.476 E.01588
G1 X152.346 Y143.889 E.77563
G1 X151.741 Y143.817 E.01816
G1 X133.933 Y126.01 E.75013
G1 X133.933 Y126.543 E.01588
G1 X151.207 Y143.817 E.72767
G1 X150.674 Y143.817 E.01588
G1 X133.933 Y127.076 E.7052
G1 X133.933 Y127.609 E.01588
G1 X150.141 Y143.817 E.68274
G1 X149.607 Y143.817 E.01588
G1 X133.933 Y128.143 E.66027
G1 X133.933 Y128.676 E.01588
G1 X149.074 Y143.817 E.63781
G1 X148.541 Y143.817 E.01588
G1 X133.933 Y129.209 E.61535
G1 X133.933 Y129.742 E.01588
G1 X148.033 Y143.843 E.59396
G1 X147.558 Y143.901 E.01425
G1 X133.933 Y130.276 E.57396
G1 X133.933 Y130.809 E.01588
G1 X147.156 Y144.032 E.557
G1 X146.784 Y144.193 E.01208
G1 X133.933 Y131.342 E.54132
G1 X133.933 Y131.875 E.01588
G1 X146.453 Y144.395 E.52739
G1 X146.151 Y144.627 E.01133
G1 X133.933 Y132.409 E.51467
G1 X133.933 Y132.942 E.01588
G1 X145.888 Y144.896 E.50358
G1 X145.651 Y145.194 E.01131
G1 X133.933 Y133.475 E.49363
G1 X133.933 Y134.009 E.01588
G1 X145.44 Y145.516 E.48474
G1 X145.287 Y145.895 E.0122
G1 X133.933 Y134.542 E.47826
G1 X133.933 Y135.075 E.01588
G1 X145.158 Y146.3 E.47285
G1 X145.091 Y146.766 E.01403
G1 X133.933 Y135.608 E.47003
G1 X133.933 Y136.142 E.01588
G1 X145.1 Y147.308 E.47038
G1 X145.153 Y147.715 E.01223
G1 X145.227 Y147.969 E.00786
G1 X133.933 Y136.675 E.47574
G1 X133.933 Y137.208 E.01588
G1 X146.786 Y150.061 E.54142
G1 X146.259 Y150.067 E.01571
G1 X133.933 Y137.741 E.5192
G1 X133.933 Y138.275 E.01588
G1 X145.725 Y150.067 E.49674
G1 X145.192 Y150.067 E.01588
G1 X133.933 Y138.808 E.47428
G1 X133.933 Y139.341 E.01588
G1 X144.659 Y150.067 E.45181
G1 X144.125 Y150.067 E.01588
G1 X133.933 Y139.875 E.42935
G1 X133.933 Y140.408 E.01588
G1 X143.592 Y150.067 E.40689
G1 X143.059 Y150.067 E.01588
G1 X133.933 Y140.941 E.38442
G1 X133.933 Y141.474 E.01588
G1 X142.526 Y150.067 E.36196
G1 X141.993 Y150.067 E.01588
G1 X133.933 Y142.008 E.3395
G1 X133.933 Y142.541 E.01588
G1 X141.491 Y150.099 E.31836
G1 X141.036 Y150.177 E.01373
G1 X133.933 Y143.074 E.29923
G1 X133.933 Y143.607 E.01588
G1 X140.601 Y150.275 E.28088
G1 X140.206 Y150.414 E.01246
G1 X133.933 Y144.141 E.26425
G1 X133.933 Y144.674 E.01588
G1 X139.836 Y150.577 E.24864
G1 X139.489 Y150.763 E.01173
G1 X133.933 Y145.207 E.23404
G1 X133.933 Y145.74 E.01588
G1 X139.169 Y150.977 E.22058
G1 X138.863 Y151.203 E.01136
G1 X133.933 Y146.274 E.20765
G1 X133.933 Y146.807 E.01588
G1 X138.581 Y151.455 E.1958
G1 X138.322 Y151.729 E.01124
G1 X133.933 Y147.34 E.18487
G1 X133.933 Y147.874 E.01588
G1 X138.076 Y152.016 E.1745
G1 X137.862 Y152.336 E.01145
G1 X133.933 Y148.407 E.1655
G1 X133.933 Y148.94 E.01588
G1 X137.661 Y152.668 E.15702
G1 X137.488 Y153.028 E.01191
G1 X133.933 Y149.473 E.14973
G1 X133.933 Y150.007 E.01588
G1 X137.339 Y153.412 E.14345
G1 X137.218 Y153.825 E.01281
G1 X133.933 Y150.54 E.13837
G1 X133.933 Y151.073 E.01588
G1 X137.125 Y154.266 E.13447
G1 X137.084 Y154.758 E.01471
G1 X133.933 Y151.606 E.13274
G1 X133.933 Y152.14 E.01588
G1 X137.088 Y155.295 E.1329
G1 X137.117 Y155.696 E.01198
G1 X137.16 Y155.9 E.00622
G1 X133.933 Y152.673 E.13594
G1 X133.933 Y153.206 E.01588
G1 X137.645 Y156.918 E.15637
G1 E-1.3 F1800
G1 Z4.2 F18000
G1 X143.155 Y159.762 Z4.2
G1 Z3.8
G1 E1.3 F1800
G1 F8374.623
G1 X145.285 Y161.892 E.0897
G1 X145.21 Y162.071 E.00578
G1 X145.152 Y162.292 E.00682
G1 X142.792 Y159.932 E.09944
G1 X142.258 Y159.932 E.01589
G1 X145.09 Y162.764 E.1193
G1 X145.074 Y163.111 E.01038
G1 X145.102 Y163.309 E.00593
G1 X141.526 Y159.733 E.15063
G1 E-1.3 F1800
G1 Z4.2 F18000
G1 X154.649 Y146.192 Z4.2
G1 Z3.8
G1 E1.3 F1800
G1 F8374.623
G1 X166.067 Y157.61 E.48098
G1 X166.067 Y158.143 E.01588
G1 X154.933 Y147.009 E.46901
G1 X154.875 Y147.484 E.01426
G1 X166.067 Y158.677 E.47146
G1 X166.067 Y159.21 E.01588
G1 X154.788 Y147.931 E.47511
G1 X154.632 Y148.308 E.01216
G1 X166.067 Y159.743 E.48168
G1 X166.067 Y160.276 E.01588
G1 X154.457 Y148.666 E.48906
G1 X154.226 Y148.969 E.01133
G1 X166.067 Y160.81 E.49879
G1 X166.067 Y161.343 E.01588
G1 X153.984 Y149.26 E.50901
G1 X153.686 Y149.496 E.01131
G1 X166.067 Y161.876 E.52152
G1 X166.067 Y162.409 E.01588
G1 X156.353 Y152.695 E.4092
G1 X156.297 Y152.58 E.00383
G1 X155.918 Y152.001 E.0206
G1 X155.451 Y151.476 E.02094
G1 X155.006 Y151.088 E.01756
G1 X154.511 Y150.755 E.01778
G1 X154.311 Y150.654 E.00666
G1 X153.258 Y149.601 E.04436
G1 X156.453 Y153.329 F18000
G1 F8374.623
G1 X166.067 Y162.943 E.405
G1 X166.067 Y163.476 E.01588
G1 X156.88 Y154.289 E.38701
G1 X156.919 Y154.862 E.01711
G1 X166.067 Y164.009 E.38534
G1 X166.067 Y164.543 E.01588
M73 P90 R2
G1 X156.908 Y155.383 E.38583
G1 X156.886 Y155.678 E.00879
G1 X156.85 Y155.859 E.00551
G1 X166.067 Y165.076 E.38826
G1 X166.067 Y165.609 E.01588
G1 X156.754 Y156.296 E.3923
G1 X156.623 Y156.698 E.01259
G1 X166.067 Y166.142 E.39784
G1 X166.067 Y166.676 E.01588
G1 X156.464 Y157.073 E.40451
G1 X156.29 Y157.432 E.01189
G1 X166.067 Y167.209 E.41186
G1 X166.067 Y167.742 E.01588
G1 X156.076 Y157.751 E.42086
G1 X155.859 Y158.068 E.01143
G1 X166.067 Y168.275 E.42999
G1 X166.067 Y168.809 E.01588
G1 X155.61 Y158.351 E.44051
G1 X155.342 Y158.617 E.01123
G1 X166.067 Y169.342 E.45178
G1 X166.067 Y169.875 E.01588
G1 X155.059 Y158.867 E.46371
G1 X154.742 Y159.084 E.01143
G1 X166.067 Y170.409 E.47705
G1 X166.067 Y170.942 E.01588
G1 X154.422 Y159.296 E.49056
G1 X154.064 Y159.473 E.01186
G1 X166.067 Y171.475 E.5056
G1 X166.067 Y172.008 E.01588
G1 X153.683 Y159.625 E.52165
G1 X153.284 Y159.759 E.01254
G1 X166.067 Y172.542 E.53846
G1 X166.067 Y173.075 E.01588
G1 X154.77 Y161.778 E.47588
G1 X154.695 Y161.853 E.00317
G1 X154.832 Y162.202 E.01118
G1 X154.859 Y162.401 E.00596
G1 X166.067 Y173.608 E.47211
G1 X166.067 Y174.141 E.01588
G1 X154.926 Y163.001 E.46929
G1 X154.874 Y163.482 E.01441
G1 X166.067 Y174.675 E.4715
G1 X166.067 Y175.208 E.01588
G1 X154.785 Y163.926 E.47526
G1 X154.632 Y164.306 E.01221
G1 X166.067 Y175.741 E.48171
G1 X166.067 Y176.274 E.01588
G1 X154.457 Y164.664 E.48907
G1 X154.226 Y164.967 E.01133
G1 X166.067 Y176.808 E.49878
G1 X166.067 Y177.341 E.01588
G1 X153.985 Y165.259 E.50895
G1 X153.688 Y165.496 E.0113
G1 X166.067 Y177.874 E.52145
G1 X166.067 Y178.408 E.01588
G1 X153.383 Y165.724 E.53431
G1 X153.265 Y165.792 E.00405
G1 X153.017 Y165.891 E.00796
G1 X166.067 Y178.941 E.54971
G1 X166.067 Y179.474 E.01588
G1 X152.636 Y166.044 E.56575
G1 X152.53 Y166.086 E.00342
G1 X152.189 Y166.13 E.01022
G1 X166.067 Y180.007 E.58458
G1 X166.067 Y180.541 E.01588
M73 P90 R1
G1 X151.709 Y166.183 E.60482
G1 X151.176 Y166.183 E.01589
G1 X166.067 Y181.074 E.62729
G1 X166.067 Y181.607 E.01588
G1 X150.642 Y166.182 E.64977
G1 X150.109 Y166.182 E.01589
G1 X166.067 Y182.14 E.67224
G1 X166.067 Y182.674 E.01588
G1 X149.575 Y166.182 E.69471
G1 X149.041 Y166.182 E.01589
G1 X166.067 Y183.207 E.71719
G1 X166.067 Y183.74 E.01588
G1 X148.508 Y166.181 E.73966
G1 X148.186 Y166.181 E.0096
G1 X147.94 Y166.147 E.00737
G1 X166.067 Y184.274 E.76357
G1 X166.067 Y184.807 E.01588
G1 X147.271 Y166.011 E.79176
G1 X146.631 Y165.741 E.0207
G1 X145.976 Y165.228 E.02477
G1 X145.555 Y164.684 E.0205
G1 X145.444 Y164.492 E.00662
G1 X145.233 Y163.973 E.01667
G1 X141.102 Y159.841 E.17405
G1 X140.774 Y159.777 E.00994
G1 X140.372 Y159.646 E.01258
G1 X166.067 Y185.34 E1.08237
G1 X166.067 Y185.873 E.01588
G1 X133.933 Y153.74 E1.35362
G1 X133.933 Y154.273 E.01588
G1 X166.067 Y186.407 E1.35362
G1 X166.067 Y186.94 E.01588
G1 X133.933 Y154.806 E1.35362
G1 X133.933 Y155.339 E.01588
G1 X166.067 Y187.473 E1.35362
G1 X166.067 Y188.006 E.01588
G1 X133.933 Y155.873 E1.35362
G1 X133.933 Y156.406 E.01588
G1 X166.067 Y188.54 E1.35362
G1 X166.067 Y189.073 E.01588
G1 X133.933 Y156.939 E1.35362
G1 X133.933 Y157.472 E.01588
G1 X166.067 Y189.606 E1.35362
G1 X166.067 Y190.14 E.01588
G1 X133.933 Y158.006 E1.35362
G1 X133.933 Y158.539 E.01588
G1 X166.067 Y190.673 E1.35362
G1 X166.067 Y191.206 E.01588
G1 X133.933 Y159.072 E1.35362
G1 X133.933 Y159.606 E.01588
G1 X166.067 Y191.739 E1.35362
G1 X166.067 Y192.273 E.01588
G1 X133.933 Y160.139 E1.35362
G1 X133.933 Y160.672 E.01588
G1 X166.067 Y192.806 E1.35362
G1 X166.044 Y193.316 E.01522
G1 X133.933 Y161.205 E1.35266
G1 X133.933 Y161.739 E.01588
M73 P91 R1
G1 X165.965 Y193.771 E1.34933
G1 X165.96 Y193.793 E.00069
G1 X165.832 Y194.171 E.01188
G1 X133.933 Y162.272 E1.34374
G1 X133.933 Y162.805 E.01588
G1 X165.656 Y194.528 E1.33632
G1 X165.443 Y194.848 E.01146
G1 X133.933 Y163.338 E1.32734
G1 X133.933 Y163.872 E.01588
G1 X165.196 Y195.134 E1.31693
G1 X164.916 Y195.388 E.01125
G1 X133.933 Y164.405 E1.30513
G1 X133.933 Y164.938 E.01588
G1 X164.602 Y195.608 E1.29193
G1 X164.253 Y195.792 E.01175
G1 X133.933 Y165.471 E1.27723
G1 X133.933 Y166.005 E.01588
G1 X150.873 Y182.945 E.7136
G1 X150.729 Y182.905 E.00446
G1 X150.247 Y182.852 E.01445
G1 X133.933 Y166.538 E.68722
G1 X133.933 Y167.071 E.01588
G1 X149.711 Y182.85 E.66466
G1 X149.243 Y182.915 E.01409
G1 X133.933 Y167.605 E.64493
G1 X133.933 Y168.138 E.01588
G1 X148.854 Y183.058 E.62852
G1 X148.476 Y183.214 E.01216
G1 X133.933 Y168.671 E.61262
G1 X133.933 Y169.204 E.01588
G1 X148.16 Y183.431 E.59928
G1 X147.856 Y183.661 E.01134
G1 X133.933 Y169.738 E.58652
G1 X133.933 Y170.271 E.01588
G1 X147.604 Y183.941 E.57586
G1 X147.369 Y184.24 E.01131
G1 X133.933 Y170.804 E.56597
G1 X133.933 Y171.337 E.01588
G1 X147.176 Y184.58 E.55783
G1 X147.017 Y184.955 E.01212
G1 X133.933 Y171.871 E.55116
G1 X133.933 Y172.404 E.01588
G1 X146.897 Y185.368 E.54611
G1 X146.831 Y185.835 E.01405
G1 X133.933 Y172.937 E.54332
G1 X133.933 Y173.471 E.01588
G1 X146.822 Y186.36 E.54295
G1 X146.82 Y186.891 E.01583
G1 X133.933 Y174.004 E.54287
G1 X133.933 Y174.537 E.01588
G1 X146.819 Y187.423 E.5428
G1 X146.817 Y187.954 E.01583
G1 X133.933 Y175.07 E.54273
G1 X133.933 Y175.604 E.01588
G1 X147.086 Y188.756 E.55405
G1 E-1.3 F1800
G1 Z4.2 F18000
G1 X152.75 Y184.822 Z4.2
G1 Z3.8
G1 E1.3 F1800
G1 F8374.623
G1 X163.865 Y195.936 E.4682
G1 X163.428 Y196.033 E.01332
G1 X153.152 Y185.757 E.43287
G1 X153.183 Y185.991 E.00703
G1 X153.182 Y186.32 E.0098
G1 X162.929 Y196.067 E.41057
G1 X162.395 Y196.067 E.01588
G1 X153.18 Y186.852 E.38818
G1 X153.179 Y187.383 E.01583
G1 X161.862 Y196.067 E.36579
G1 X161.329 Y196.067 E.01588
G1 X153.177 Y187.915 E.3434
G1 X153.176 Y188.112 E.00588
G1 X153.135 Y188.406 E.00884
G1 X160.796 Y196.067 E.3227
G1 X160.262 Y196.067 E.01588
G1 X153.059 Y188.863 E.30345
G1 X152.903 Y189.241 E.01216
G1 X159.729 Y196.067 E.28754
G1 X159.196 Y196.067 E.01588
G1 X152.741 Y189.613 E.27189
G1 X152.513 Y189.917 E.01134
G1 X158.663 Y196.067 E.25906
G1 X158.129 Y196.067 E.01588
G1 X152.277 Y190.215 E.24651
G1 X151.99 Y190.461 E.01127
G1 X157.596 Y196.067 E.23615
G1 X157.063 Y196.067 E.01588
G1 X151.688 Y190.692 E.2264
G1 X151.492 Y190.806 E.00675
G1 X151.334 Y190.872 E.00509
G1 X156.529 Y196.067 E.21884
G1 X155.996 Y196.067 E.01588
G1 X150.957 Y191.028 E.21227
G1 X150.749 Y191.092 E.00648
G1 X150.516 Y191.12 E.00699
G1 X155.463 Y196.067 E.20837
G1 X154.93 Y196.067 E.01588
G1 X150.042 Y191.179 E.2059
G1 X149.446 Y191.117 E.01784
G1 X154.396 Y196.067 E.20853
G1 X153.863 Y196.067 E.01588
G1 X148.669 Y190.873 E.21878
G1 X148.508 Y190.806 E.00521
G1 X148.316 Y190.696 E.0066
G1 X147.832 Y190.324 E.01816
G1 X147.676 Y190.168 E.00659
G1 X147.304 Y189.684 E.01816
G1 X147.193 Y189.492 E.00662
G1 X147.13 Y189.334 E.00507
G1 X133.933 Y176.137 E.55591
G1 X133.933 Y176.67 E.01588
G1 X153.33 Y196.067 E.81708
G1 X152.797 Y196.067 E.01588
G1 X133.933 Y177.203 E.79461
G1 X133.933 Y177.737 E.01588
G1 X152.263 Y196.067 E.77215
G1 X151.73 Y196.067 E.01588
G1 X133.933 Y178.27 E.74969
G1 X133.933 Y178.803 E.01588
G1 X151.197 Y196.067 E.72722
G1 X150.663 Y196.067 E.01588
G1 X133.933 Y179.337 E.70476
G1 X133.933 Y179.87 E.01588
G1 X150.13 Y196.067 E.6823
G1 X149.597 Y196.067 E.01588
G1 X133.933 Y180.403 E.65983
G1 X133.933 Y180.936 E.01588
G1 X149.064 Y196.067 E.63737
G1 X148.53 Y196.067 E.01588
G1 X133.933 Y181.47 E.6149
G1 X133.933 Y182.003 E.01588
G1 X147.997 Y196.067 E.59244
G1 X147.464 Y196.067 E.01588
G1 X133.933 Y182.536 E.56998
G1 X133.933 Y183.069 E.01588
G1 X146.931 Y196.067 E.54751
G1 X146.397 Y196.067 E.01588
G1 X133.933 Y183.603 E.52505
G1 X133.933 Y184.136 E.01588
G1 X145.864 Y196.067 E.50259
G1 X145.331 Y196.067 E.01588
G1 X133.933 Y184.669 E.48012
G1 X133.933 Y185.202 E.01588
M73 P92 R1
G1 X144.798 Y196.067 E.45766
G1 X144.264 Y196.067 E.01588
G1 X133.933 Y185.736 E.43519
G1 X133.933 Y186.269 E.01588
G1 X143.731 Y196.067 E.41273
G1 X143.198 Y196.067 E.01588
G1 X133.933 Y186.802 E.39027
G1 X133.933 Y187.336 E.01588
G1 X142.664 Y196.067 E.3678
G1 X142.131 Y196.067 E.01588
G1 X133.933 Y187.869 E.34534
G1 X133.933 Y188.402 E.01588
G1 X141.598 Y196.067 E.32288
G1 X141.065 Y196.067 E.01588
G1 X133.933 Y188.935 E.30041
G1 X133.933 Y189.469 E.01588
G1 X140.531 Y196.067 E.27795
G1 X139.998 Y196.067 E.01588
G1 X133.933 Y190.002 E.25548
G1 X133.933 Y190.535 E.01588
G1 X139.465 Y196.067 E.23302
G1 X138.932 Y196.067 E.01588
G1 X133.933 Y191.068 E.21056
G1 X133.933 Y191.602 E.01588
G1 X138.398 Y196.067 E.18809
G1 X137.865 Y196.067 E.01588
G1 X133.933 Y192.135 E.16563
G1 X133.933 Y192.668 E.01588
G1 X137.332 Y196.067 E.14317
G1 X136.782 Y196.051 E.01638
G1 X133.949 Y193.218 E.11933
G1 X133.961 Y193.4 E.00544
G1 X134.064 Y193.866 E.01421
G1 X136.363 Y196.165 E.09683
G1 X149.261 Y191.067 F18000
;TYPE:Gap infill
;WIDTH:0.141959
G1 F1800
G1 X148.964 Y190.882 E.00273
G1 E-1.3
G1 Z4.2 F18000
G1 X152.84 Y184.731 Z4.2
G1 Z3.8
G1 E1.3 F1800
;WIDTH:0.0924541
G1 X152.691 Y184.524 E.001
G1 X151.485 Y183.316 F18000
;WIDTH:0.107425
G1 F1800
G1 X151.375 Y183.242 E.00067
;WIDTH:0.145934
G1 X151.266 Y183.168 E.00107
;WIDTH:0.184442
G1 X151.157 Y183.094 E.00147
;WIDTH:0.203697
G1 X151.048 Y183.021 E.00167
G1 X156.539 Y153.242 F18000
;WIDTH:0.149445
G1 F1800
G1 X156.504 Y153.187 E.00055
;WIDTH:0.131641
G1 X156.448 Y153.107 E.00068
;WIDTH:0.117151
G1 X156.392 Y153.028 E.00057
G1 E-1.3
G1 Z4.2 F18000
G1 X153.302 Y160.043 Z4.2
G1 Z3.8
G1 E1.3 F1800
;WIDTH:0.215172
G1 X152.542 Y159.794 E.01088
G1 X153.057 Y159.677 F18000
;WIDTH:0.252869
G1 F1800
G1 X153.019 Y159.734 E.00114
;WIDTH:0.302813
G1 X152.98 Y159.791 E.00142
;WIDTH:0.352756
G1 X152.941 Y159.848 E.00169
;WIDTH:0.416193
G1 X152.903 Y159.905 E.00203
G1 X153.035 Y160.043 E.00564
;WIDTH:0.400097
G1 X153.121 Y160.101 E.0029
;WIDTH:0.360349
G1 X153.206 Y160.158 E.00258
;WIDTH:0.315085
G1 X153.316 Y160.234 E.00287
;WIDTH:0.274198
G1 X153.502 Y160.394 E.00449
;WIDTH:0.237653
G1 X153.689 Y160.555 E.00378
;WIDTH:0.191946
G1 X154.026 Y160.865 E.00539
;WIDTH:0.204657
G1 X154.247 Y161.12 E.00431
;WIDTH:0.251555
G1 X154.469 Y161.374 E.00556
;WIDTH:0.278479
G1 X154.571 Y161.511 E.00319
G1 E-1.3
G1 Z4.2 F18000
G1 X142.07 Y159.892 Z4.2
G1 Z3.8
G1 E1.3 F1800
;WIDTH:0.112546
G1 X141.861 Y159.801 E.00126
G1 X140.194 Y159.575 F18000
;WIDTH:0.210546
G1 F1800
G1 X140.043 Y159.468 E.00245
;WIDTH:0.161595
G1 X139.892 Y159.361 E.00174
;WIDTH:0.13712
G1 X139.741 Y159.254 E.00138
G1 X137.752 Y157.265 F18000
;WIDTH:0.107134
G1 F1800
G1 X137.657 Y157.133 E.00082
;WIDTH:0.126099
G1 X137.561 Y157.002 E.00107
G1 X137.378 Y156.359 F18000
;WIDTH:0.103375
G1 F1800
G1 X137.215 Y156.085 E.00152
G1 X137.198 Y154.916 F18000
;WIDTH:0.15389
G1 F1800
G1 X137.138 Y154.999 E.00089
G1 X137.198 Y155.138 E.00133
G1 E-1.3
G1 Z4.2 F18000
G1 X145.645 Y148.626 Z4.2
G1 Z3.8
G1 E1.3 F1800
;WIDTH:0.112643
G1 X145.518 Y148.459 E.00116
;WIDTH:0.137117
G1 X145.296 Y148.15 E.00284
G1 E-1.3
G1 Z4.2 F18000
G1 X152.851 Y144.154 Z4.2
G1 Z3.8
G1 E1.3 F1800
;WIDTH:0.107452
G1 X152.757 Y144.089 E.00058
;WIDTH:0.14902
G1 X152.53 Y143.942 E.00227
G1 X147.132 Y125.051 F18000
;WIDTH:0.102177
G1 F1800
G1 X147.083 Y124.979 E.0004
;WIDTH:0.128844
G1 X147.004 Y124.856 E.001
G1 E-1.3
G1 Z4.2 F18000
G1 X135.866 Y195.967 Z4.2
G1 Z3.8
G1 E1.3 F1800
;WIDTH:0.141014
G1 X135.729 Y195.869 E.0013
;WIDTH:0.185957
G1 X135.593 Y195.771 E.0019
;WIDTH:0.230899
G1 X135.456 Y195.674 E.00249
;WIDTH:0.27312
G1 X135.301 Y195.546 E.00367
;WIDTH:0.312621
G1 X135.145 Y195.418 E.00429
;WIDTH:0.345396
G1 X134.854 Y195.146 E.00951
G1 X134.582 Y194.855 E.00951
;WIDTH:0.312622
G1 X134.454 Y194.699 E.00429
;WIDTH:0.273121
G1 X134.326 Y194.544 E.00367
;WIDTH:0.230899
G1 X134.229 Y194.407 E.00249
;WIDTH:0.185958
G1 X134.131 Y194.271 E.0019
;WIDTH:0.163488
G1 X134.033 Y194.134 E.0016
G1 E-1.3
G1 Z4.2 F18000
G1 X165.89 Y116.131 Z4.2
G1 Z3.8
G1 E1.3 F1800
;TYPE:Internal solid infill
;WIDTH:0.3826
G1 F9296.675
G1 X165.621 Y115.497 E.01849
G1 X165.391 Y115.152 E.01114
G1 X164.848 Y114.609 E.02058
G1 X164.503 Y114.379 E.01114
G1 X163.869 Y114.11 E.01849
G1 X165.862 Y116.103 E.07562
;LAYER_CHANGE
;Z:4
;HEIGHT:0.2

G1 E-1.3 F1800
G92 E0
;_SET_FAN_SPEED_CHANGING_LAYER
G1 Z4.4 F18000
G1 X165.942 Y115.302 Z4.4
G1 Z4
G1 E1.3 F1800
;TYPE:Inner wall
;WIDTH:0.449999
G1 F7757.448
G1 X166.211 Y115.914 E.0215
G1 X166.365 Y116.545 E.02089
G1 X166.398 Y117.142 E.01924
G1 X166.398 Y193.031 E2.44031
G1 X166.324 Y193.661 E.0204
G1 X166.138 Y194.3 E.02139
G1 X165.818 Y194.883 E.02139
G1 X165.402 Y195.402 E.02139
G1 X164.883 Y195.818 E.02138
G1 X164.3 Y196.138 E.0214
G1 X163.661 Y196.324 E.02139
G1 X162.98 Y196.398 E.02202
G1 X136.969 Y196.398 E.83644
G1 X136.336 Y196.324 E.02049
G1 X135.701 Y196.138 E.02126
G1 X135.114 Y195.816 E.02153
G1 X134.598 Y195.402 E.02128
G1 X134.181 Y194.882 E.02142
G1 X133.862 Y194.3 E.02136
G1 X133.678 Y193.666 E.02122
G1 X133.602 Y192.98 E.02218
G1 X133.602 Y116.969 E2.44425
G1 X133.676 Y116.339 E.0204
G1 X133.862 Y115.7 E.02139
G1 X134.182 Y115.117 E.02139
G1 X134.598 Y114.598 E.02139
G1 X135.117 Y114.182 E.02138
G1 X135.7 Y113.862 E.0214
G1 X136.339 Y113.676 E.02139
G1 X137.02 Y113.602 E.02202
G1 X163.125 Y113.603 E.83946
G1 X163.879 Y113.719 E.02453
G1 X164.517 Y113.97 E.02205
G1 X165.068 Y114.305 E.02073
G1 X165.549 Y114.766 E.02141
G1 X165.918 Y115.269 E.02008
G1 X166.282 Y115.105 F18000
;TYPE:Outer wall
;WIDTH:0.419999
G1 F6000
G1 X166.582 Y115.788 E.02221
G1 X166.755 Y116.493 E.02163
G1 X166.79 Y117.142 E.01937
G1 X166.79 Y193.139 E2.26369
G1 X166.66 Y193.981 E.02537
G1 X166.392 Y194.672 E.0221
G1 X166.006 Y195.307 E.02211
G1 X165.493 Y195.843 E.02211
G1 X164.895 Y196.282 E.0221
G1 X164.216 Y196.581 E.0221
G1 X163.495 Y196.757 E.02211
G1 X162.993 Y196.79 E.01497
G1 X136.881 Y196.79 E.7778
G1 X136.259 Y196.708 E.01867
G1 X135.55 Y196.501 E.022
G1 X135.095 Y196.275 E.01515
G1 X134.506 Y195.842 E.02176
G1 X133.994 Y195.307 E.02207
G1 X133.607 Y194.669 E.02221
G1 X133.344 Y193.993 E.02162
G1 X133.243 Y193.494 E.01515
G1 X133.21 Y192.993 E.01496
G1 X133.21 Y116.861 E2.26772
G1 X133.34 Y116.019 E.02537
G1 X133.608 Y115.328 E.0221
G1 X133.994 Y114.693 E.02211
G1 X134.507 Y114.157 E.02211
G1 X135.105 Y113.718 E.0221
G1 X135.784 Y113.419 E.0221
G1 X136.505 Y113.243 E.02211
G1 X137.007 Y113.21 E.01497
G1 X162.878 Y113.211 E.77062
G1 X163.495 Y113.243 E.01838
G1 X164.213 Y113.418 E.02202
G1 X164.692 Y113.619 E.01547
G1 X165.307 Y113.994 E.02145
G1 X165.843 Y114.507 E.02213
G1 X166.258 Y115.073 E.02089
G1 E-1.3 F1800
G1 Z4.4 F18000
G1 X148.587 Y119.538 Z4.4
G1 Z4
G1 E1.3 F1800
;TYPE:Inner wall
;WIDTH:0.449999
G1 F7757.448
G1 X148.511 Y119.572 E.00268
G1 X147.933 Y120.04 E.02391
G1 X147.496 Y120.642 E.02391
G1 X147.23 Y121.336 E.02391
G1 X147.148 Y121.999 E.02148
G1 X147.153 Y124.077 E.0668
G1 X147.245 Y124.739 E.0215
G1 X147.572 Y125.489 E.02632
G1 X148.04 Y126.067 E.02391
G1 X148.573 Y126.469 E.02146
G1 X149.19 Y126.731 E.02156
G1 X149.388 Y126.777 E.00655
G1 X150.076 Y126.847 E.02222
G1 X150.81 Y126.731 E.02391
G1 X151.489 Y126.428 E.02391
G1 X152.067 Y125.96 E.02391
G1 X152.504 Y125.358 E.02391
G1 X152.766 Y124.688 E.02313
G1 X152.852 Y124.001 E.02228
G1 X152.847 Y121.923 E.0668
G1 X152.731 Y121.19 E.02388
G1 X152.428 Y120.511 E.02391
G1 X151.96 Y119.933 E.02391
G1 X151.358 Y119.496 E.02391
G1 X150.662 Y119.23 E.02395
G1 X149.916 Y119.153 E.02412
G1 X149.19 Y119.269 E.02365
G1 X148.623 Y119.522 E.01995
G1 X148.75 Y119.883 F18000
;TYPE:Outer wall
;WIDTH:0.419999
G1 F6000
G1 X148.749 Y119.883 E.00002
G1 X148.244 Y120.279 E.01912
G1 X147.869 Y120.771 E.01842
G1 X147.623 Y121.365 E.01914
G1 X147.542 Y121.975 E.01834
G1 X147.54 Y124.001 E.06035
G1 X147.62 Y124.62 E.01861
G1 X147.866 Y125.223 E.01939
G1 X148.255 Y125.734 E.01913
G1 X148.759 Y126.124 E.01899
G1 X149.353 Y126.373 E.01918
G1 X149.992 Y126.46 E.0192
G1 X150.624 Y126.379 E.01899
G1 X151.219 Y126.136 E.01914
G1 X151.733 Y125.746 E.01923
G1 X152.126 Y125.237 E.01913
G1 X152.376 Y124.637 E.01938
G1 X152.458 Y124.025 E.01838
G1 X152.458 Y121.975 E.06108
G1 X152.368 Y121.34 E.01909
G1 X152.117 Y120.749 E.01912
G1 X151.721 Y120.244 E.01912
G1 X151.208 Y119.859 E.01912
G1 X150.612 Y119.619 E.01913
G1 X149.968 Y119.542 E.01933
G1 X149.34 Y119.632 E.01889
G1 X148.787 Y119.867 E.0179
G1 E-1.3 F1800
G1 Z4.4 F18000
G1 X153.777 Y145.019 Z4.4
G1 Z4
G1 E1.3 F1800
;TYPE:Inner wall
;WIDTH:0.449999
G1 F7757.448
G1 X153.704 Y144.928 E.00375
G1 X153.108 Y144.496 E.02366
G1 X152.49 Y144.246 E.02144
G1 X151.827 Y144.153 E.02154
G1 X148.249 Y144.148 E.11503
G1 X147.586 Y144.23 E.02149
G1 X147.381 Y144.294 E.00692
G1 X146.761 Y144.572 E.02185
G1 X146.183 Y145.04 E.02391
G1 X145.746 Y145.642 E.02391
G1 X145.48 Y146.336 E.02391
G1 X145.403 Y147.076 E.02391
G1 X145.519 Y147.81 E.02391
G1 X145.822 Y148.489 E.02389
G1 X146.284 Y149.06 E.02364
G1 X146.892 Y149.504 E.02419
;WIDTH:0.487299
G1 F7106.32
G1 X147.121 Y149.611 E.00887
;WIDTH:0.524598
G1 F6556.033
G1 X147.35 Y149.718 E.00962
;WIDTH:0.561897
G1 F6084.846
G1 X147.579 Y149.825 E.01036
G1 X148.249 Y149.887 E.0276
;WIDTH:0.519381
G1 F6627.814
G1 X151.938 Y149.887 E.13884
G1 X152.253 Y149.807 E.01222
;WIDTH:0.48469
G1 F7148.278
G1 X152.568 Y149.727 E.01133
;WIDTH:0.449999
G1 F7757.448
G1 X153.239 Y149.428 E.02365
G1 X153.71 Y149.067 E.01907
G1 X153.96 Y148.773 E.01241
G1 X154.254 Y148.358 E.01635
G1 X154.52 Y147.664 E.02391
G1 X154.597 Y146.924 E.02391
G1 X154.481 Y146.19 E.02389
G1 X154.181 Y145.517 E.02369
G1 X153.802 Y145.05 E.01935
G1 X153.554 Y145.346 F18000
;TYPE:Outer wall
;WIDTH:0.419999
G1 F6000
G1 X153.489 Y145.261 E.00319
G1 X152.986 Y144.873 E.01892
G1 X152.399 Y144.628 E.01896
G1 X151.775 Y144.542 E.01876
G1 X148.225 Y144.542 E.10576
G1 X147.531 Y144.656 E.02095
G1 X146.999 Y144.883 E.01721
G1 X146.494 Y145.279 E.01912
G1 X146.109 Y145.792 E.01912
G1 X145.869 Y146.387 E.01912
G1 X145.792 Y147.025 E.01912
G1 X145.882 Y147.66 E.01912
G1 X146.133 Y148.25 E.01911
G1 X146.524 Y148.75 E.01889
G1 X147.042 Y149.141 E.01935
G1 X147.637 Y149.381 E.01912
G1 X148.249 Y149.46 E.01838
G1 X151.763 Y149.46 E.10466
G1 X152.418 Y149.365 E.0197
M73 P93 R1
G1 X153.001 Y149.117 E.01887
G1 X153.504 Y148.723 E.01903
G1 X153.881 Y148.229 E.01851
G1 X154.128 Y147.631 E.01929
G1 X154.21 Y147 E.01894
G1 X154.126 Y146.363 E.01913
G1 X153.884 Y145.776 E.01892
G1 X153.579 Y145.378 E.01494
G1 E-1.3 F1800
G1 Z4.4 F18000
G1 X156.251 Y156.753 Z4.4
G1 Z4
G1 E1.3 F1800
;TYPE:Inner wall
;WIDTH:0.449999
G1 F7757.448
G1 X156.434 Y156.227 E.01788
G1 X156.557 Y155.638 E.01935
G1 X156.601 Y155.038 E.01935
G1 X156.566 Y154.437 E.01935
G1 X156.454 Y153.846 E.01935
G1 X156.265 Y153.274 E.01935
G1 X156.003 Y152.732 E.01935
G1 X155.673 Y152.229 E.01935
G1 X155.269 Y151.761 E.0199
G1 X154.804 Y151.351 E.01994
G1 X154.276 Y151.001 E.02037
G1 X153.726 Y150.735 E.01965
G1 X153.154 Y150.546 E.01935
G1 X152.563 Y150.434 E.01935
;WIDTH:0.493384
G1 F7010.315
G1 X152.302 Y150.395 E.00938
;WIDTH:0.536769
G1 F6394.454
G1 X152.042 Y150.356 E.01028
G1 X151.751 Y150.363 E.01135
;WIDTH:0.519381
G1 F6627.814
G1 X148.193 Y150.363 E.13389
;WIDTH:0.561897
G1 F6084.846
G1 X147.545 Y150.342 E.02659
G1 X147.426 Y150.359 E.00492
;WIDTH:0.528332
G1 F6505.603
G1 X147.307 Y150.376 E.00461
;WIDTH:0.494766
G1 F6988.874
G1 X146.714 Y150.398 E.02118
;WIDTH:0.449999
G1 F7757.448
G1 X141.999 Y150.398 E.15161
G1 X141.379 Y150.44 E.02001
G1 X140.773 Y150.566 E.0199
G1 X140.204 Y150.764 E.01935
G1 X139.667 Y151.035 E.01935
G1 X139.169 Y151.373 E.01935
G1 X138.72 Y151.774 E.01935
G1 X138.327 Y152.229 E.01935
G1 X138.035 Y152.667 E.01692
G1 X137.764 Y153.204 E.01935
G1 X137.566 Y153.773 E.01935
G1 X137.443 Y154.362 E.01935
G1 X137.399 Y154.962 E.01935
G1 X137.434 Y155.563 E.01935
G1 X137.546 Y156.154 E.01935
G1 X137.735 Y156.726 E.01935
G1 X137.997 Y157.268 E.01935
G1 X138.327 Y157.771 E.01935
G1 X138.72 Y158.226 E.01935
G1 X139.169 Y158.627 E.01935
G1 X139.667 Y158.965 E.01935
G1 X140.204 Y159.236 E.01935
G1 X140.773 Y159.434 E.01935
G1 X141.362 Y159.557 E.01935
G1 X141.961 Y159.601 E.01933
G1 X146.714 Y159.602 E.15283
;WIDTH:0.488273
G1 F7090.773
G1 X146.978 Y159.621 E.00932
;WIDTH:0.526547
G1 F6529.617
G1 X147.243 Y159.64 E.01012
;WIDTH:0.56482
G1 F6050.766
G1 X147.507 Y159.659 E.01092
G1 X148.249 Y159.637 E.03062
;WIDTH:0.519381
G1 F6627.814
G1 X152.072 Y159.637 E.14386
G1 X152.317 Y159.602 E.00934
;WIDTH:0.48469
G1 F7148.278
G1 X152.563 Y159.566 E.00866
;WIDTH:0.449999
G1 F7757.448
G1 X153.154 Y159.454 E.01935
G1 X153.726 Y159.265 E.01935
G1 X154.268 Y159.003 E.01935
G1 X154.771 Y158.673 E.01935
G1 X155.226 Y158.28 E.01935
G1 X155.627 Y157.831 E.01935
G1 X155.965 Y157.333 E.01935
G1 X156.236 Y156.796 E.01935
G1 X156.238 Y156.79 E.00019
G1 X155.885 Y156.622 F18000
;TYPE:Outer wall
;WIDTH:0.419999
G1 F6000
G1 X156.063 Y156.101 E.01639
G1 X156.172 Y155.562 E.0164
G1 X156.21 Y155.012 E.0164
G1 X156.175 Y154.463 E.0164
G1 X156.069 Y153.922 E.0164
G1 X155.894 Y153.4 E.0164
G1 X155.652 Y152.906 E.0164
G1 X155.347 Y152.447 E.0164
G1 X154.985 Y152.032 E.0164
G1 X154.572 Y151.668 E.0164
G1 X154.116 Y151.361 E.0164
G1 X153.622 Y151.116 E.0164
G1 X153.101 Y150.937 E.0164
G1 X152.562 Y150.828 E.0164
G1 X152.013 Y150.79 E.01638
G1 X141.999 Y150.79 E.29828
G1 X141.463 Y150.825 E.01601
G1 X140.924 Y150.93 E.01635
G1 X140.4 Y151.106 E.01645
G1 X139.906 Y151.348 E.0164
G1 X139.447 Y151.653 E.0164
G1 X139.032 Y152.015 E.0164
G1 X138.653 Y152.447 E.01714
G1 X138.361 Y152.884 E.01567
G1 X138.116 Y153.378 E.0164
G1 X137.937 Y153.899 E.0164
G1 X137.828 Y154.438 E.0164
G1 X137.79 Y154.988 E.0164
G1 X137.825 Y155.537 E.0164
G1 X137.931 Y156.078 E.0164
G1 X138.106 Y156.6 E.0164
G1 X138.348 Y157.094 E.0164
G1 X138.653 Y157.553 E.0164
G1 X139.015 Y157.968 E.0164
G1 X139.428 Y158.332 E.0164
G1 X139.884 Y158.639 E.0164
G1 X140.378 Y158.884 E.0164
G1 X140.899 Y159.063 E.0164
G1 X141.438 Y159.172 E.0164
G1 X141.987 Y159.21 E.01638
G1 X152.001 Y159.21 E.29828
G1 X152.537 Y159.175 E.01601
G1 X153.078 Y159.069 E.0164
G1 X153.6 Y158.894 E.0164
G1 X154.094 Y158.652 E.0164
G1 X154.553 Y158.347 E.0164
G1 X154.968 Y157.985 E.0164
G1 X155.332 Y157.572 E.0164
G1 X155.639 Y157.115 E.0164
G1 X155.867 Y156.658 E.01522
G1 E-1.3 F1800
G1 Z4.4 F18000
G1 X154.49 Y163.741 Z4.4
G1 Z4
G1 E1.3 F1800
;TYPE:Inner wall
;WIDTH:0.449999
G1 F7757.448
G1 X154.52 Y163.664 E.00268
G1 X154.597 Y162.924 E.02391
G1 X154.488 Y162.208 E.02331
G1 X154.224 Y161.582 E.02183
G1 X153.811 Y161.035 E.02202
G1 X153.635 Y160.875 E.00766
G1 X153.149 Y160.516 E.01943
G1 X152.56 Y160.269 E.02054
;WIDTH:0.490352
G1 F7057.828
G1 X152.293 Y160.204 E.00974
;WIDTH:0.530704
G1 F6473.961
G1 X152.025 Y160.138 E.01061
G1 X151.751 Y160.113 E.01061
;WIDTH:0.519381
G1 F6627.814
G1 X148.204 Y160.113 E.1335
;WIDTH:0.561896
G1 F6084.857
G1 X147.579 Y160.175 E.02573
G1 X147.504 Y160.209 E.00338
;WIDTH:0.534418
G1 F6425.047
G1 X147.429 Y160.243 E.0032
;WIDTH:0.506939
G1 F6805.529
G1 X147.095 Y160.408 E.01365
;WIDTH:0.478469
G1 F7250.377
G1 X146.761 Y160.572 E.01281
;WIDTH:0.449999
G1 F7757.448
G1 X146.183 Y161.04 E.02391
G1 X145.746 Y161.642 E.02391
G1 X145.48 Y162.336 E.02391
G1 X145.403 Y162.924 E.01907
G1 X145.434 Y163.31 E.01243
G1 X145.519 Y163.81 E.01633
G1 X145.822 Y164.489 E.02389
G1 X146.284 Y165.06 E.02364
G1 X146.892 Y165.504 E.02419
G1 X147.51 Y165.754 E.02144
G1 X148.173 Y165.847 E.02154
G1 X151.751 Y165.852 E.11503
G1 X152.414 Y165.77 E.02149
G1 X152.597 Y165.715 E.00615
G1 X153.246 Y165.423 E.02287
G1 X153.817 Y164.96 E.02366
G1 X154.254 Y164.358 E.02391
G1 X154.476 Y163.779 E.01995
G1 X154.127 Y163.622 F18000
;TYPE:Outer wall
;WIDTH:0.419999
G1 F6000
G1 X154.131 Y163.613 E.0003
G1 X154.208 Y162.975 E.01912
G1 X154.118 Y162.34 E.01911
G1 X153.87 Y161.756 E.0189
G1 X153.465 Y161.239 E.01955
G1 X152.971 Y160.865 E.01846
G1 X152.388 Y160.624 E.01879
G1 X151.775 Y160.542 E.01842
G1 X148.225 Y160.542 E.10576
G1 X147.59 Y160.632 E.01909
G1 X146.999 Y160.883 E.01912
G1 X146.494 Y161.279 E.01912
G1 X146.109 Y161.792 E.01912
G1 X145.869 Y162.387 E.01912
G1 X145.79 Y163 E.0184
G1 X145.875 Y163.639 E.01921
G1 X146.12 Y164.23 E.01906
G1 X146.5 Y164.728 E.01867
G1 X147.013 Y165.126 E.01935
G1 X147.601 Y165.372 E.01897
G1 X148.225 Y165.458 E.01876
G1 X151.775 Y165.458 E.10576
G1 X152.446 Y165.353 E.02023
G1 X153.007 Y165.113 E.01817
G1 X153.506 Y164.721 E.01889
G1 X153.891 Y164.208 E.01912
G1 X154.112 Y163.659 E.01763
G1 E-1.3 F1800
G1 Z4.4 F18000
G1 X150.77 Y183.277 Z4.4
G1 Z4
G1 E1.3 F1800
;TYPE:Inner wall
;WIDTH:0.449999
G1 F7757.448
G1 X150.632 Y183.226 E.00472
G1 X149.916 Y183.153 E.02314
G1 X149.19 Y183.269 E.02365
G1 X148.511 Y183.572 E.02391
G1 X147.933 Y184.04 E.02391
G1 X147.496 Y184.642 E.02391
G1 X147.23 Y185.336 E.02391
G1 X147.148 Y185.999 E.02148
G1 X147.153 Y188.077 E.0668
G1 X147.269 Y188.81 E.02388
G1 X147.572 Y189.489 E.02391
G1 X148.04 Y190.067 E.02391
G1 X148.642 Y190.504 E.02391
G1 X149.336 Y190.77 E.02391
G1 X150.076 Y190.847 E.02391
G1 X150.81 Y190.731 E.02391
G1 X151.489 Y190.428 E.02391
G1 X152.067 Y189.96 E.02391
G1 X152.504 Y189.358 E.02391
G1 X152.756 Y188.734 E.02163
G1 X152.852 Y188.001 E.0238
G1 X152.847 Y185.923 E.0668
G1 X152.731 Y185.19 E.02388
G1 X152.428 Y184.511 E.02391
G1 X151.96 Y183.933 E.02391
G1 X151.358 Y183.496 E.02391
G1 X150.807 Y183.291 E.01889
G1 X150.487 Y183.606 F18000
;TYPE:Outer wall
;WIDTH:0.419999
G1 F6000
G1 X150.001 Y183.541 E.01463
G1 X149.376 Y183.621 E.01877
G1 X148.781 Y183.864 E.01913
G1 X148.267 Y184.254 E.01923
G1 X147.874 Y184.763 E.01913
G1 X147.624 Y185.363 E.01938
G1 X147.542 Y185.975 E.01838
G1 X147.542 Y188.025 E.06108
G1 X147.632 Y188.66 E.01909
G1 X147.883 Y189.251 E.01912
G1 X148.279 Y189.756 E.01912
G1 X148.792 Y190.141 E.01912
G1 X149.387 Y190.381 E.01912
G1 X150.025 Y190.458 E.01912
G1 X150.66 Y190.368 E.01912
G1 X151.251 Y190.117 E.01912
G1 X151.756 Y189.721 E.01912
G1 X152.131 Y189.229 E.01842
G1 X152.377 Y188.635 E.01914
G1 X152.458 Y188.025 E.01834
G1 X152.46 Y185.999 E.06035
G1 X152.376 Y185.363 E.01911
G1 X152.134 Y184.777 E.01889
G1 X151.745 Y184.266 E.01913
G1 X151.241 Y183.876 E.01899
G1 X150.647 Y183.627 E.01918
G1 X150.527 Y183.611 E.0036
G1 E-1.3 F1800
G1 Z4.4 F18000
G1 X164.45 Y195.884 Z4.4
G1 Z4
G1 E1.3 F1800
;TYPE:Top surface
;WIDTH:0.42096
G1 F6000
G1 X165.168 Y195.166 E.03034
G1 X165.432 Y194.866 E.01192
G1 X165.654 Y194.532 E.01197
G1 X165.832 Y194.173 E.01197
G1 X165.937 Y193.863 E.00978
G1 X163.863 Y195.937 E.0876
G1 X163.4 Y196.039 E.01415
G1 X163.214 Y196.051 E.00557
G1 X166.051 Y193.214 E.11981
G1 X166.067 Y192.663 E.01645
G1 X162.663 Y196.067 E.14374
G1 X162.129 Y196.067 E.01597
G1 X166.067 Y192.129 E.16632
G1 X166.067 Y191.594 E.01597
G1 X161.594 Y196.067 E.18889
G1 X161.06 Y196.067 E.01597
G1 X166.067 Y191.06 E.21147
G1 X166.067 Y190.525 E.01597
G1 X160.525 Y196.067 E.23405
G1 X159.99 Y196.067 E.01597
G1 X166.067 Y189.99 E.25663
G1 X166.067 Y189.456 E.01597
G1 X159.456 Y196.067 E.27921
G1 X158.921 Y196.067 E.01597
G1 X166.067 Y188.921 E.30179
G1 X166.067 Y188.386 E.01597
G1 X158.386 Y196.067 E.32436
G1 X157.852 Y196.067 E.01597
G1 X166.067 Y187.852 E.34694
G1 X166.067 Y187.317 E.01597
G1 X157.317 Y196.067 E.36952
G1 X156.782 Y196.067 E.01597
G1 X166.067 Y186.782 E.3921
G1 X166.067 Y186.248 E.01597
G1 X156.248 Y196.067 E.41468
G1 X155.713 Y196.067 E.01597
G1 X166.067 Y185.713 E.43726
G1 X166.067 Y185.179 E.01597
G1 X155.179 Y196.067 E.45983
G1 X154.644 Y196.067 E.01597
G1 X166.067 Y184.644 E.48241
G1 X166.067 Y184.109 E.01597
G1 X154.109 Y196.067 E.50499
G1 X153.575 Y196.067 E.01597
G1 X166.067 Y183.575 E.52757
G1 X166.067 Y183.04 E.01597
G1 X153.04 Y196.067 E.55015
G1 X152.505 Y196.067 E.01597
G1 X166.067 Y182.505 E.57273
G1 X166.067 Y181.971 E.01597
G1 X151.971 Y196.067 E.5953
G1 X151.436 Y196.067 E.01597
G1 X166.067 Y181.436 E.61788
G1 X166.067 Y180.902 E.01597
G1 X150.902 Y196.067 E.64046
G1 X150.367 Y196.067 E.01597
G1 X166.067 Y180.367 E.66304
G1 X166.067 Y179.832 E.01597
G1 X149.832 Y196.067 E.68562
G1 X149.298 Y196.067 E.01597
G1 X166.067 Y179.298 E.7082
G1 X166.067 Y178.763 E.01597
G1 X148.763 Y196.067 E.73077
G1 X148.228 Y196.067 E.01597
G1 X166.067 Y178.228 E.75335
G1 X166.067 Y177.694 E.01597
G1 X147.694 Y196.067 E.77593
G1 X147.159 Y196.067 E.01597
G1 X166.067 Y177.159 E.79851
G1 X166.067 Y176.625 E.01597
G1 X146.625 Y196.067 E.82109
G1 X146.09 Y196.067 E.01597
G1 X151.25 Y190.906 E.21793
G1 X151.492 Y190.806 E.00782
G1 X151.684 Y190.696 E.00662
G1 X152.168 Y190.324 E.01821
G1 X152.325 Y190.167 E.00663
G1 X152.76 Y189.588 E.02163
G1 X152.894 Y189.263 E.01051
G1 X166.067 Y176.09 E.55631
G1 X166.067 Y175.555 E.01597
G1 X153.122 Y188.5 E.5467
G1 X153.176 Y188.112 E.01171
G1 X153.177 Y187.911 E.00602
G1 X166.067 Y175.021 E.54437
G1 X166.067 Y174.486 E.01597
G1 X153.179 Y187.374 E.54429
G1 X153.18 Y186.838 E.01602
G1 X166.067 Y173.951 E.54422
G1 X166.067 Y173.417 E.01597
G1 X153.182 Y186.302 E.54415
G1 X153.183 Y185.991 E.00927
G1 X153.157 Y185.792 E.00599
G1 X166.067 Y172.882 E.54521
G1 X166.067 Y172.347 E.01597
G1 X153.095 Y185.32 E.54785
G1 X153.076 Y185.176 E.00434
G1 X152.969 Y184.911 E.00852
G1 X166.067 Y171.813 E.55315
G1 X166.067 Y171.278 E.01597
M73 P94 R1
G1 X152.815 Y184.53 E.55964
G1 X152.695 Y184.315 E.00735
G1 X152.607 Y184.204 E.00424
G1 X166.067 Y170.744 E.56845
G1 X166.067 Y170.209 E.01597
G1 X152.37 Y183.906 E.57845
G1 X152.224 Y183.722 E.00701
G1 X152.108 Y183.634 E.00437
G1 X166.067 Y169.674 E.58953
G1 X166.067 Y169.14 E.01597
G1 X151.804 Y183.403 E.60236
G1 X151.594 Y183.244 E.00786
G1 X151.478 Y183.194 E.00377
G1 X166.067 Y168.605 E.61612
G1 X166.067 Y168.07 E.01597
G1 X151.103 Y183.034 E.63196
G1 X150.93 Y182.961 E.00561
G1 X150.701 Y182.902 E.00707
G1 X166.067 Y167.536 E.64893
G1 X166.067 Y167.001 E.01597
G1 X150.221 Y182.847 E.66921
G1 X149.956 Y182.817 E.00796
G1 X149.678 Y182.855 E.00836
G1 X166.237 Y166.297 E.69929
G1 E-1.3 F1800
G1 Z4.4 F18000
G1 X146.988 Y149.725 Z4.4
G1 Z4
G1 E1.3 F1800
G1 F6000
G1 X146.646 Y150.067 E.01443
G1 X146.112 Y150.067 E.01597
G1 X146.519 Y149.66 E.01721
G1 X146.217 Y149.427 E.01138
G1 X145.577 Y150.067 E.02704
G1 X145.043 Y150.067 E.01597
G1 X145.934 Y149.175 E.03765
G1 X145.7 Y148.874 E.01138
G1 X144.508 Y150.067 E.05036
G1 X143.973 Y150.067 E.01597
G1 X145.482 Y148.558 E.06371
G1 X145.318 Y148.188 E.0121
G1 X143.439 Y150.067 E.07936
G1 X142.904 Y150.067 E.01597
G1 X145.175 Y147.796 E.0959
G1 X145.106 Y147.33 E.01406
G1 X142.369 Y150.067 E.11558
G1 X141.824 Y150.078 E.01629
G1 X145.091 Y146.811 E.13797
G1 X145.173 Y146.194 E.01859
G1 X141.012 Y150.355 E.17577
G1 E-1.3 F1800
G1 Z4.4 F18000
G1 X150.695 Y190.927 Z4.4
G1 Z4
G1 E1.3 F1800
G1 F6000
G1 X145.555 Y196.067 E.21705
G1 X145.021 Y196.067 E.01597
G1 X149.914 Y191.174 E.20665
G1 X149.437 Y191.116 E.01434
G1 X144.486 Y196.067 E.20911
G1 X143.951 Y196.067 E.01597
G1 X149.006 Y191.013 E.21346
G1 X148.628 Y190.856 E.01222
G1 X143.417 Y196.067 E.22007
G1 X142.882 Y196.067 E.01597
G1 X148.281 Y190.668 E.22799
G1 X147.978 Y190.436 E.01139
G1 X142.347 Y196.067 E.23779
G1 X141.813 Y196.067 E.01597
G1 X147.694 Y190.186 E.24836
G1 X147.459 Y189.886 E.01137
G1 X141.278 Y196.067 E.26104
G1 X140.744 Y196.067 E.01597
G1 X147.239 Y189.571 E.27433
G1 X147.076 Y189.2 E.01212
G1 X140.209 Y196.067 E.29001
G1 X139.674 Y196.067 E.01597
G1 X146.923 Y188.818 E.30612
G1 X146.861 Y188.346 E.01424
G1 X139.14 Y196.067 E.32608
G1 X138.605 Y196.067 E.01597
G1 X146.817 Y187.855 E.34682
G1 X146.819 Y187.318 E.01602
G1 X138.07 Y196.067 E.36947
G1 X137.536 Y196.067 E.01597
G1 X146.821 Y186.782 E.39212
G1 X146.823 Y186.246 E.01602
G1 X137.003 Y196.065 E.4147
G1 X136.512 Y196.021 E.01471
G1 X147.053 Y185.481 E.44514
G1 E-1.3 F1800
G1 Z4.4 F18000
G1 X135.947 Y196.052 Z4.4
G1 Z4
G1 E1.3 F1800
G1 F6000
G1 X146.998 Y185.001 E.46669
G1 X147.262 Y184.376 E.02025
G1 X147.776 Y183.722 E.02484
G1 X148.406 Y183.243 E.02365
G1 X149.002 Y182.997 E.01925
G1 X166.067 Y165.932 E.72068
G1 X166.067 Y165.397 E.01597
G1 X135.697 Y195.767 E1.28256
G1 X135.352 Y195.577 E.01176
G1 X166.067 Y164.863 E1.29713
G1 X166.067 Y164.328 E.01597
G1 X135.043 Y195.352 E1.31019
G1 X134.833 Y195.167 E.00836
G1 X134.768 Y195.093 E.00296
G1 X166.067 Y163.793 E1.32183
G1 X166.067 Y163.259 E.01597
G1 X134.525 Y194.801 E1.33207
G1 X134.317 Y194.474 E.01156
G1 X166.067 Y162.724 E1.34086
G1 X166.067 Y162.19 E.01597
G1 X134.147 Y194.11 E1.34804
G1 X134.022 Y193.7 E.01279
G1 X166.067 Y161.655 E1.35331
G1 X166.067 Y161.12 E.01597
G1 X133.951 Y193.237 E1.35633
G1 X133.933 Y192.719 E.01545
G1 X166.067 Y160.586 E1.35707
G1 X166.067 Y160.051 E.01597
G1 X133.933 Y192.185 E1.35707
G1 X133.933 Y191.65 E.01597
G1 X166.067 Y159.516 E1.35707
G1 X166.067 Y158.982 E.01597
M73 P95 R1
G1 X133.933 Y191.116 E1.35707
G1 X133.933 Y190.581 E.01597
G1 X166.067 Y158.447 E1.35707
G1 X166.067 Y157.912 E.01597
G1 X133.933 Y190.046 E1.35707
G1 X133.933 Y189.512 E.01597
G1 X166.067 Y157.378 E1.35707
G1 X166.067 Y156.843 E.01597
G1 X133.933 Y188.977 E1.35707
G1 X133.933 Y188.442 E.01597
M73 P95 R0
G1 X166.067 Y156.309 E1.35707
G1 X166.067 Y155.774 E.01597
G1 X133.933 Y187.908 E1.35707
G1 X133.933 Y187.373 E.01597
G1 X166.067 Y155.239 E1.35707
G1 X166.067 Y154.705 E.01597
G1 X133.933 Y186.839 E1.35707
G1 X133.933 Y186.304 E.01597
G1 X166.067 Y154.17 E1.35707
G1 X166.067 Y153.635 E.01597
G1 X133.933 Y185.769 E1.35707
G1 X133.933 Y185.235 E.01597
G1 X166.067 Y153.101 E1.35707
G1 X166.067 Y152.566 E.01597
G1 X154.828 Y163.805 E.47463
G1 X154.909 Y163.189 E.01855
G1 X166.067 Y152.032 E.47121
G1 X166.067 Y151.497 E.01597
G1 X154.894 Y162.67 E.47187
G1 X154.827 Y162.202 E.01412
G1 X166.067 Y150.962 E.47467
G1 X166.067 Y150.428 E.01597
G1 X154.68 Y161.814 E.48088
G1 X154.521 Y161.439 E.01218
G1 X166.067 Y149.893 E.48759
G1 X166.067 Y149.358 E.01597
G1 X154.296 Y161.129 E.49711
G1 X154.066 Y160.824 E.0114
G1 X166.067 Y148.824 E.5068
G1 X166.067 Y148.289 E.01597
G1 X153.782 Y160.574 E.51882
G1 X153.474 Y160.347 E.01142
G1 X166.067 Y147.755 E.53181
G1 X166.067 Y147.22 E.01597
G1 X156.642 Y156.645 E.39802
G1 X156.75 Y156.326 E.01005
G1 X156.831 Y155.921 E.01232
G1 X166.067 Y146.685 E.39005
G1 X166.067 Y146.151 E.01597
G1 X156.914 Y155.303 E.38653
G1 X156.933 Y155 E.00907
G1 X156.919 Y154.764 E.00705
G1 X166.067 Y145.616 E.38635
G1 X166.067 Y145.081 E.01597
G1 X156.871 Y154.278 E.38838
G1 X156.782 Y153.832 E.01358
G1 X166.067 Y144.547 E.39213
G1 X166.067 Y144.012 E.01597
G1 X156.661 Y153.418 E.39724
G1 X156.518 Y153.027 E.01245
G1 X166.067 Y143.478 E.40328
G1 X166.067 Y142.943 E.01597
G1 X156.341 Y152.669 E.41074
G1 X156.136 Y152.339 E.01159
G1 X166.067 Y142.408 E.41938
G1 X166.067 Y141.874 E.01597
G1 X155.922 Y152.018 E.42843
G1 X155.679 Y151.727 E.01133
G1 X166.067 Y141.339 E.43871
G1 X166.067 Y140.804 E.01597
G1 X155.42 Y151.451 E.44964
G1 X155.136 Y151.201 E.01131
G1 X166.067 Y140.27 E.46163
G1 X166.067 Y139.735 E.01597
G1 X154.828 Y150.974 E.47465
G1 X154.508 Y150.759 E.01151
G1 X166.067 Y139.2 E.48816
G1 X166.067 Y138.666 E.01597
G1 X154.159 Y150.574 E.5029
G1 X153.787 Y150.411 E.01213
G1 X166.067 Y138.131 E.51862
G1 X166.067 Y137.597 E.01597
G1 X153.391 Y150.272 E.53532
G1 X152.957 Y150.172 E.01331
G1 X166.067 Y137.062 E.55367
G1 X166.067 Y136.527 E.01597
G1 X154.838 Y147.757 E.47424
G1 X154.916 Y147.144 E.01845
G1 X166.067 Y135.993 E.47093
G1 X166.067 Y135.458 E.01597
G1 X154.887 Y146.638 E.47217
G1 X154.822 Y146.168 E.01418
M73 P96 R0
G1 X166.067 Y134.923 E.47487
G1 X166.067 Y134.389 E.01597
G1 X154.666 Y145.79 E.48148
G1 X154.509 Y145.412 E.01221
G1 X166.067 Y133.854 E.48811
G1 X166.067 Y133.32 E.01597
G1 X154.279 Y145.107 E.49781
G1 X154.047 Y144.805 E.01138
G1 X166.067 Y132.785 E.50764
G1 X166.067 Y132.25 E.01597
G1 X153.761 Y144.556 E.5197
G1 X153.457 Y144.326 E.0114
G1 X166.067 Y131.716 E.53254
G1 X166.067 Y131.181 E.01597
G1 X153.104 Y144.144 E.54745
G1 X152.731 Y143.983 E.01214
G1 X166.067 Y130.646 E.56321
G1 X166.067 Y130.112 E.01597
G1 X152.297 Y143.882 E.58154
G1 X151.824 Y143.82 E.01424
G1 X166.067 Y129.577 E.60151
G1 X166.067 Y129.043 E.01597
G1 X151.291 Y143.818 E.624
G1 X150.757 Y143.817 E.01594
G1 X166.067 Y128.508 E.64655
G1 X166.067 Y127.973 E.01597
G1 X150.223 Y143.817 E.66911
G1 X149.688 Y143.818 E.01598
G1 X166.067 Y127.439 E.69171
G1 X166.067 Y126.904 E.01597
G1 X149.153 Y143.818 E.71431
G1 X148.618 Y143.818 E.01598
G1 X166.067 Y126.369 E.73691
G1 X166.067 Y125.835 E.01597
G1 X148.067 Y143.834 E.76015
G1 X147.442 Y143.925 E.01888
G1 X166.067 Y125.3 E.78657
G1 X166.067 Y124.765 E.01597
G1 X140.256 Y150.576 E1.09003
G1 E-1.3 F1800
G1 Z4.4 F18000
G1 X153.006 Y160.281 Z4.4
G1 Z4
G1 E1.3 F1800
G1 F6000
G1 X153.652 Y159.634 E.02731
G1 X153.267 Y159.768 E.01217
G1 X152.913 Y159.839 E.01078
G1 X152.629 Y160.123 E.01201
G1 E-1.3 F1800
G1 Z4.4 F18000
G1 X152.855 Y165.778 Z4.4
G1 Z4
G1 E1.3 F1800
G1 F6000
G1 X133.933 Y184.7 E.79911
G1 X133.933 Y184.165 E.01597
G1 X151.935 Y166.163 E.76027
G1 X151.778 Y166.183 E.00474
G1 X151.382 Y166.182 E.01183
G1 X133.933 Y183.631 E.73689
G1 X133.933 Y183.096 E.01597
G1 X150.848 Y166.181 E.71435
G1 X150.314 Y166.18 E.01594
G1 X133.933 Y182.561 E.69181
G1 X133.933 Y182.027 E.01597
G1 X149.781 Y166.179 E.66927
G1 X149.247 Y166.178 E.01594
G1 X133.933 Y181.492 E.64673
G1 X133.933 Y180.958 E.01597
G1 X148.713 Y166.177 E.6242
G1 X148.18 Y166.176 E.01594
G1 X133.933 Y180.423 E.60166
G1 X133.933 Y179.888 E.01597
G1 X147.706 Y166.115 E.58167
G1 X147.423 Y166.075 E.00854
G1 X147.273 Y166.014 E.00485
G1 X133.933 Y179.354 E.56336
G1 X133.933 Y178.819 E.01597
G1 X146.892 Y165.86 E.54727
G1 X146.758 Y165.807 E.0043
G1 X146.541 Y165.676 E.00755
G1 X133.933 Y178.284 E.53247
G1 X133.933 Y177.75 E.01597
G1 X146.244 Y165.439 E.5199
G1 X145.951 Y165.197 E.01134
G1 X133.933 Y177.215 E.50755
G1 X133.933 Y176.681 E.01597
G1 X145.718 Y164.896 E.4977
G1 X145.496 Y164.583 E.01145
G1 X133.933 Y176.146 E.48833
G1 X133.933 Y175.611 E.01597
G1 X145.331 Y164.214 E.48135
G1 X145.177 Y163.833 E.01227
G1 X133.933 Y175.077 E.47486
G1 X133.933 Y174.542 E.01597
G1 X145.11 Y163.365 E.47202
G1 X145.074 Y163.111 E.00765
G1 X145.077 Y162.864 E.0074
G1 X133.933 Y174.007 E.47063
G1 X133.933 Y173.473 E.01597
G1 X145.436 Y161.97 E.48579
G1 E-1.3 F1800
G1 Z4.4 F18000
G1 X147.074 Y159.798 Z4.4
G1 Z4
G1 E1.3 F1800
G1 F6000
G1 X133.933 Y172.938 E.55495
G1 X133.933 Y172.404 E.01597
G1 X146.404 Y159.933 E.52665
G1 X145.869 Y159.933 E.01597
G1 X133.933 Y171.869 E.50407
G1 X133.933 Y171.334 E.01597
G1 X145.334 Y159.933 E.48149
G1 X144.8 Y159.933 E.01597
G1 X133.933 Y170.8 E.45891
G1 X133.933 Y170.265 E.01597
G1 X144.265 Y159.933 E.43634
G1 X143.73 Y159.933 E.01597
G1 X133.933 Y169.73 E.41376
G1 X133.933 Y169.196 E.01597
G1 X143.196 Y159.933 E.39118
G1 X142.661 Y159.933 E.01597
G1 X133.933 Y168.661 E.3686
M73 P97 R0
G1 X133.933 Y168.127 E.01597
G1 X142.127 Y159.933 E.34602
G1 X141.616 Y159.909 E.01527
G1 X133.933 Y167.592 E.32445
G1 X133.933 Y167.057 E.01597
G1 X141.146 Y159.844 E.30462
G1 X140.7 Y159.756 E.01358
G1 X133.933 Y166.523 E.28578
G1 X133.933 Y165.988 E.01597
G1 X140.301 Y159.62 E.26895
G1 X139.921 Y159.466 E.01226
G1 X133.933 Y165.453 E.25288
G1 X133.933 Y164.919 E.01597
G1 X139.565 Y159.287 E.23783
G1 X139.244 Y159.073 E.01151
G1 X133.933 Y164.384 E.22429
G1 X133.933 Y163.849 E.01597
G1 X138.928 Y158.855 E.21092
G1 X138.646 Y158.602 E.01131
G1 X133.933 Y163.315 E.19902
G1 X133.933 Y162.78 E.01597
G1 X138.378 Y158.336 E.1877
G1 X138.131 Y158.048 E.01132
G1 X133.933 Y162.246 E.17727
G1 X133.933 Y161.711 E.01597
G1 X137.909 Y157.736 E.16789
G1 X137.698 Y157.411 E.01154
G1 X133.933 Y161.176 E.15901
G1 X133.933 Y160.642 E.01597
G1 X137.522 Y157.053 E.15155
G1 X137.37 Y156.67 E.01231
G1 X133.933 Y160.107 E.14516
G1 X133.933 Y159.572 E.01597
G1 X137.238 Y156.268 E.13955
G1 X137.145 Y155.826 E.01348
G1 X133.933 Y159.038 E.13563
G1 X133.933 Y158.503 E.01597
G1 X137.092 Y155.345 E.13339
G1 X137.067 Y155.001 E.0103
G1 X137.078 Y154.824 E.00529
G1 X133.933 Y157.969 E.1328
G1 X133.933 Y157.434 E.01597
G1 X137.137 Y154.23 E.13531
G1 X137.223 Y153.774 E.01384
G1 X137.303 Y153.529 E.0077
G1 X133.933 Y156.899 E.14232
G1 X133.933 Y156.365 E.01597
G1 X137.689 Y152.609 E.1586
G1 X138.055 Y152.04 E.02024
G1 X138.476 Y151.55 E.01927
G1 X138.956 Y151.119 E.01927
G1 X139.489 Y150.755 E.01926
G1 X139.598 Y150.7 E.00366
G1 X166.067 Y124.231 E1.11784
G1 X166.067 Y123.696 E.01597
G1 X133.933 Y155.83 E1.35707
G1 X133.933 Y155.295 E.01597
G1 X166.067 Y123.162 E1.35707
G1 X166.067 Y122.627 E.01597
G1 X133.933 Y154.761 E1.35707
G1 X133.933 Y154.226 E.01597
G1 X166.067 Y122.092 E1.35707
G1 X166.067 Y121.558 E.01597
G1 X133.933 Y153.692 E1.35707
G1 X133.933 Y153.157 E.01597
G1 X166.067 Y121.023 E1.35707
G1 X166.067 Y120.488 E.01597
G1 X133.933 Y152.622 E1.35707
G1 X133.933 Y152.088 E.01597
G1 X166.067 Y119.954 E1.35707
G1 X166.067 Y119.419 E.01597
G1 X133.933 Y151.553 E1.35707
G1 X133.933 Y151.018 E.01597
G1 X166.067 Y118.885 E1.35707
G1 X166.067 Y118.35 E.01597
G1 X133.933 Y150.484 E1.35707
G1 X133.933 Y149.949 E.01597
G1 X166.067 Y117.815 E1.35707
G1 X166.067 Y117.281 E.01597
G1 X133.933 Y149.414 E1.35707
G1 X133.933 Y148.88 E.01597
G1 X166.049 Y116.764 E1.35629
G1 X166.036 Y116.589 E.00526
G1 X165.979 Y116.299 E.0088
G1 X133.933 Y148.345 E1.35335
G1 X133.933 Y147.811 E.01597
G1 X165.853 Y115.891 E1.34804
G1 X165.683 Y115.526 E.01201
G1 X133.933 Y147.276 E1.34086
G1 X133.933 Y146.741 E.01597
G1 X165.475 Y115.199 E1.33208
G1 X165.233 Y114.907 E.01134
G1 X133.933 Y146.207 E1.32183
G1 X133.933 Y145.672 E.01597
G1 X164.957 Y114.648 E1.31019
G1 X164.648 Y114.423 E.01143
M73 P98 R0
G1 X133.933 Y145.137 E1.29714
G1 X133.933 Y144.603 E.01597
G1 X164.303 Y114.233 E1.28257
G1 X164.171 Y114.168 E.00438
G1 X163.919 Y114.082 E.00796
G1 X153.002 Y124.999 E.46104
G1 X152.738 Y125.624 E.02025
G1 X152.224 Y126.278 E.02484
G1 X151.589 Y126.759 E.0238
G1 X150.998 Y127.003 E.01911
G1 X133.933 Y144.068 E.72068
G1 X133.933 Y143.534 E.01597
G1 X150.325 Y127.142 E.69226
G1 X150 Y127.184 E.00979
G1 X149.777 Y127.155 E.00672
G1 X133.933 Y142.999 E.66912
G1 X133.933 Y142.464 E.01597
G1 X149.304 Y127.093 E.64915
G1 X149.181 Y127.077 E.00372
G1 X148.899 Y126.964 E.00906
G1 X133.933 Y141.93 E.63204
G1 X133.933 Y141.395 E.01597
G1 X148.518 Y126.81 E.61594
G1 X148.315 Y126.695 E.00697
G1 X148.194 Y126.599 E.0046
G1 X133.933 Y140.86 E.60227
G1 X133.933 Y140.326 E.01597
G1 X147.896 Y126.363 E.58968
G1 X147.726 Y126.228 E.00649
G1 X147.626 Y126.098 E.00489
G1 X133.933 Y139.791 E.57828
G1 X133.933 Y139.257 E.01597
G1 X147.394 Y125.796 E.56847
G1 X147.262 Y125.624 E.00648
G1 X147.192 Y125.463 E.00523
G1 X133.933 Y138.722 E.55995
G1 X133.933 Y138.187 E.01597
G1 X147.03 Y125.09 E.55312
G1 X146.961 Y124.931 E.00517
G1 X146.9 Y124.685 E.00757
G1 X133.933 Y137.653 E.54763
G1 X133.933 Y137.118 E.01597
G1 X146.842 Y124.209 E.54515
G1 X146.817 Y124.008 E.00605
G1 X146.818 Y123.699 E.00925
G1 X133.933 Y136.583 E.54415
G1 X133.933 Y136.049 E.01597
G1 X146.82 Y123.162 E.54422
G1 X146.821 Y122.626 E.01602
G1 X133.933 Y135.514 E.54429
G1 X133.933 Y134.979 E.01597
G1 X146.823 Y122.09 E.54437
G1 X146.824 Y121.888 E.00603
G1 X146.878 Y121.5 E.0117
G1 X133.763 Y134.615 E.55386
G1 E-1.3 F1800
G1 Z4.4 F18000
G1 X152.947 Y124.519 Z4.4
G1 Z4
G1 E1.3 F1800
G1 F6000
G1 X163.488 Y113.979 E.44515
G1 X162.997 Y113.935 E.01471
G1 X153.177 Y123.755 E.4147
G1 X153.179 Y123.218 E.01602
G1 X162.463 Y113.934 E.39209
G1 X161.929 Y113.934 E.01596
G1 X153.181 Y122.682 E.36944
G1 X153.183 Y122.146 E.01602
G1 X161.394 Y113.934 E.34679
G1 X160.86 Y113.934 E.01596
G1 X153.139 Y121.654 E.32605
G1 X153.077 Y121.182 E.01424
G1 X160.325 Y113.934 E.30609
G1 X159.79 Y113.934 E.01596
G1 X152.924 Y120.8 E.28998
G1 X152.761 Y120.429 E.01212
G1 X159.256 Y113.934 E.2743
G1 X158.721 Y113.934 E.01596
G1 X152.541 Y120.114 E.26101
G1 X152.306 Y119.814 E.01137
G1 X158.187 Y113.934 E.24834
G1 X157.652 Y113.934 E.01596
G1 X152.022 Y119.564 E.23776
G1 X151.72 Y119.332 E.01139
G1 X157.117 Y113.934 E.22796
G1 X156.583 Y113.934 E.01596
G1 X151.372 Y119.144 E.22004
G1 X150.994 Y118.988 E.01222
G1 X156.048 Y113.934 E.21343
G1 X155.514 Y113.934 E.01596
G1 X150.564 Y118.884 E.20904
G1 X150.089 Y118.824 E.01429
G1 X154.979 Y113.934 E.20652
G1 X154.444 Y113.934 E.01596
G1 X149.306 Y119.072 E.21701
G1 E-1.3 F1800
G1 Z4.4 F18000
G1 X154.079 Y113.764 Z4.4
G1 Z4
G1 E1.3 F1800
G1 F6000
G1 X148.75 Y119.093 E.22507
G1 X148.508 Y119.194 E.00783
G1 X148.316 Y119.304 E.00662
G1 X147.832 Y119.676 E.01821
G1 X147.675 Y119.833 E.00663
G1 X147.24 Y120.412 E.02163
G1 X147.106 Y120.737 E.01052
G1 X133.933 Y133.91 E.55631
G1 X133.933 Y133.376 E.01597
G1 X153.375 Y113.934 E.82107
G1 X152.84 Y113.934 E.01596
G1 X133.933 Y132.841 E.79849
G1 X133.933 Y132.306 E.01597
G1 X152.306 Y113.934 E.77592
G1 X151.771 Y113.934 E.01596
G1 X133.933 Y131.772 E.75334
G1 X133.933 Y131.237 E.01597
G1 X151.237 Y113.934 E.73076
G1 X150.702 Y113.934 E.01596
G1 X133.933 Y130.702 E.70818
G1 X133.933 Y130.168 E.01597
G1 X150.167 Y113.934 E.6856
G1 X149.633 Y113.934 E.01596
G1 X133.933 Y129.633 E.66303
G1 X133.933 Y129.099 E.01597
G1 X149.098 Y113.933 E.64045
G1 X148.564 Y113.933 E.01596
G1 X133.933 Y128.564 E.61787
G1 X133.933 Y128.029 E.01597
G1 X148.029 Y113.933 E.59529
G1 X147.494 Y113.933 E.01596
G1 X133.933 Y127.495 E.57272
G1 X133.933 Y126.96 E.01597
G1 X146.96 Y113.933 E.55014
G1 X146.425 Y113.933 E.01596
M73 P99 R0
G1 X133.933 Y126.425 E.52756
G1 X133.933 Y125.891 E.01597
G1 X145.891 Y113.933 E.50498
G1 X145.356 Y113.933 E.01596
G1 X133.933 Y125.356 E.48241
G1 X133.933 Y124.822 E.01597
G1 X144.821 Y113.933 E.45983
G1 X144.287 Y113.933 E.01596
G1 X133.933 Y124.287 E.43725
G1 X133.933 Y123.752 E.01597
G1 X143.752 Y113.933 E.41467
G1 X143.217 Y113.933 E.01596
G1 X133.933 Y123.218 E.3921
G1 X133.933 Y122.683 E.01597
G1 X142.683 Y113.933 E.36952
G1 X142.148 Y113.933 E.01596
G1 X133.933 Y122.148 E.34694
G1 X133.933 Y121.614 E.01597
G1 X141.614 Y113.933 E.32436
G1 X141.079 Y113.933 E.01596
G1 X133.933 Y121.079 E.30178
G1 X133.933 Y120.545 E.01597
G1 X140.544 Y113.933 E.27921
G1 X140.01 Y113.933 E.01596
G1 X133.933 Y120.01 E.25663
G1 X133.933 Y119.475 E.01597
G1 X139.475 Y113.933 E.23405
G1 X138.941 Y113.933 E.01596
G1 X133.933 Y118.941 E.21147
G1 X133.933 Y118.406 E.01597
G1 X138.406 Y113.933 E.1889
G1 X137.871 Y113.933 E.01596
G1 X133.933 Y117.871 E.16632
G1 X133.933 Y117.337 E.01597
G1 X137.337 Y113.933 E.14374
G1 X136.783 Y113.952 E.01653
G1 X133.949 Y116.786 E.1197
G1 X133.961 Y116.6 E.00557
G1 X134.063 Y116.138 E.01414
G1 X136.138 Y114.063 E.08761
G1 X135.827 Y114.168 E.00979
G1 X135.468 Y114.346 E.01197
G1 X135.134 Y114.568 E.01197
G1 X134.835 Y114.831 E.01187
G1 X134.116 Y115.55 E.03039
G1 E-1.3 F1800
G1 Z4.4 F18000
G1 X149.936 Y118.948 Z4.4
G1 Z4
G1 E1.3 F1800
;TYPE:Gap infill
;WIDTH:0.106514
G1 X149.788 Y118.857 E.00087
G1 X149.215 Y118.981 F18000
;WIDTH:0.10488
G1 F1800
G1 X149.048 Y119.088 E.00097
G1 E-1.3
G1 Z4.4 F18000
G1 X147.091 Y121.028 Z4.4
G1 Z4
G1 E1.3 F1800
;WIDTH:0.153684
G1 X146.927 Y121.313 E.00287
G1 E-1.3
G1 Z4.4 F18000
G1 X156.57 Y156.822 Z4.4
G1 Z4
G1 E1.3 F1800
;WIDTH:0.220079
G1 X156.488 Y156.938 E.00199
;WIDTH:0.18239
G1 X156.405 Y157.054 E.00157
;WIDTH:0.144702
G1 X156.323 Y157.17 E.00114
;WIDTH:0.125858
G1 X156.241 Y157.286 E.00093
G1 E-1.3
G1 Z4.4 F18000
G1 X153.086 Y149.762 Z4.4
G1 Z4
G1 E1.3 F1800
;WIDTH:0.269124
G1 X152.66 Y150.035 E.00903
;WIDTH:0.29324
G1 X152.629 Y150.061 E.0008
;WIDTH:0.323614
G1 X152.599 Y150.087 E.00089
;WIDTH:0.321184
G1 X152.617 Y150.107 E.00058
;WIDTH:0.28595
G1 X152.634 Y150.126 E.00051
;WIDTH:0.250716
G1 X152.652 Y150.145 E.00043
;WIDTH:0.202576
G1 X152.786 Y150.26 E.00222
G1 E-1.3
G1 Z4.4 F18000
G1 X147.266 Y143.998 Z4.4
G1 Z4
G1 E1.3 F1800
;WIDTH:0.212035
G1 X147.127 Y144.091 E.00224
;WIDTH:0.162489
G1 X146.987 Y144.184 E.00158
;WIDTH:0.137716
G1 X146.848 Y144.277 E.00125
G1 E-1.3
G1 Z4.4 F18000
G1 X140.17 Y150.49 Z4.4
G1 Z4
G1 E1.3 F1800
;WIDTH:0.145817
G1 X140.093 Y150.539 E.00074
;WIDTH:0.137514
G1 X139.948 Y150.644 E.00134
G1 E-1.3
G1 Z4.4 F18000
G1 X137.649 Y152.943 Z4.4
G1 Z4
G1 E1.3 F1800
;WIDTH:0.110691
G1 X137.565 Y153.061 E.00078
;WIDTH:0.159431
G1 X137.37 Y153.349 E.0032
G1 E-1.3
G1 Z4.4 F18000
G1 X147.159 Y159.848 Z4.4
G1 Z4
G1 E1.3 F1800
;WIDTH:0.144411
G1 X147.263 Y159.916 E.00099
;WIDTH:0.175186
G1 X147.258 Y159.987 E.00075
;WIDTH:0.17654
G1 X147.154 Y160.065 E.00138
;WIDTH:0.141191
G1 X147.049 Y160.144 E.00101
;WIDTH:0.123517
G1 X146.944 Y160.222 E.00083
G1 E-1.3
G1 Z4.4 F18000
G1 X153.165 Y165.709 Z4.4
G1 Z4
G1 E1.3 F1800
;WIDTH:0.105954
G1 X153.052 Y165.786 E.00068
;WIDTH:0.123739
G1 X152.94 Y165.863 E.00087
G1 E-1.3
G1 Z4.4 F18000
G1 X154.753 Y163.979 Z4.4
G1 Z4
G1 E1.3 F1800
;WIDTH:0.223114
G1 X154.681 Y164.087 E.00185
;WIDTH:0.184558
G1 X154.609 Y164.194 E.00145
;WIDTH:0.146003
G1 X154.537 Y164.302 E.00106
;WIDTH:0.126725
G1 X154.465 Y164.41 E.00086
G1 E-1.3
G1 Z4.4 F18000
G1 X154.294 Y159.233 Z4.4
G1 Z4
G1 E1.3 F1800
;WIDTH:0.110801
G1 X154.171 Y159.322 E.00081
;WIDTH:0.156063
G1 X154.049 Y159.411 E.00135
;WIDTH:0.201325
G1 X153.927 Y159.499 E.00189
;WIDTH:0.228257
G1 X153.829 Y159.561 E.00169
G1 E-1.3
G1 Z4.4 F18000
G1 X150.952 Y190.912 Z4.4
G1 Z4
G1 E1.3 F1800
;WIDTH:0.0989014
G1 X150.786 Y191.018 E.00087
G1 E-1.3
G1 Z4.4 F18000
G1 X153.073 Y188.687 Z4.4
G1 Z4
G1 E1.3 F1800
;WIDTH:0.161453
G1 X152.909 Y188.972 E.00308
G1 E-1.3
G1 Z4.4 F18000
G1 X134.2 Y115.634 Z4.4
G1 Z4
G1 E1.3 F1800
;WIDTH:0.163505
G1 X134.032 Y115.868 E.00274
G1 E-1.3
G1 Z4.4 F18000
G1 X164.366 Y195.8 Z4.4
G1 Z4
G1 E1.3 F1800
;WIDTH:0.163504
G1 X164.132 Y195.968 E.00274
G1 E-1.3 F1800
M106 S0
;TYPE:Custom
; filament end gcode 
G91 ;Relative positioning
G1 E-1 F2700 ;Retract a bit
G1 E-1 Z0.2 F2400 ;Retract and raise Z
G1 X5 Y5 F3000 ;Wipe out
G1 Z1 ;Raise Z more
G90 ;Absolute positionning
G1 X-5 Y305 F3000 ;Wipe out
M106 S0 ;Turn-off fan
M104 S0 ;Turn-off hotend
M140 S0 ;Turn-off bed
M84 X Y E ;Disable all steppers but Z
M73 P100 R0
; EXECUTABLE_BLOCK_END

; filament used [mm] = 2876.48
; filament used [cm3] = 6.92
; filament used [g] = 8.79
; filament cost = 0.26
; total filament used [g] = 8.79
; total filament cost = 0.26
; total layers count = 20
; estimated printing time (normal mode) = 20m 41s
; estimated first layer printing time (normal mode) = 28s

; CONFIG_BLOCK_START
; accel_to_decel_enable = 1
; accel_to_decel_factor = 50%
; activate_air_filtration = 0
; activate_air_filtration_during_print = 1
; activate_air_filtration_on_completion = 1
; activate_chamber_temp_control = 0
; adaptive_bed_mesh_margin = 0
; adaptive_pressure_advance = 0
; adaptive_pressure_advance_bridges = 0
; adaptive_pressure_advance_model = "0,0,0\n0,0,0"
; adaptive_pressure_advance_overhangs = 0
; additional_cooling_fan_speed = 0
; additional_fan_full_speed_layer = 0
; align_infill_direction_to_model = 0
; alternate_extra_wall = 0
; auxiliary_fan = 0
; bbl_calib_mark_logo = 1
; bbl_use_printhost = 0
; bed_custom_model = 
; bed_custom_texture = 
; bed_exclude_area = 0x0
; bed_mesh_max = 99999,99999
; bed_mesh_min = -99999,-99999
; bed_mesh_probe_distance = 50,50
; bed_temperature_formula = by_highest_temp
; before_layer_change_gcode = \n
; best_object_pos = 0.5,0.5
; bottom_shell_layers = 7
; bottom_shell_thickness = 0
; bottom_solid_infill_flow_ratio = 1
; bottom_surface_density = 100%
; bottom_surface_filament_id = 0
; bottom_surface_pattern = monotonic
; bridge_acceleration = 50%
; bridge_angle = 0
; bridge_density = 100%
; bridge_flow = 1
; bridge_line_width = 100%
; bridge_no_support = 0
; bridge_speed = 70
; brim_ears_detection_length = 1
; brim_ears_max_angle = 125
; brim_flow_ratio = 1
; brim_object_gap = 0
; brim_type = no_brim
; brim_use_efc_outline = 0
; brim_width = 0
; calib_flowrate_topinfill_special_order = 0
; chamber_minimal_temperature = 0
; chamber_temperature = 0
; change_extrusion_role_gcode = 
; change_filament_gcode = 
; close_additional_fan_first_x_layers = 1
; close_fan_the_first_x_layers = 3
; combine_brims = 0
; compatible_printers_condition = 
; complete_print_exhaust_fan_speed = 80
; cool_plate_temp = 60
; cool_plate_temp_initial_layer = 60
; cooling_tube_length = 5
; cooling_tube_retraction = 91.5
; counterbore_hole_bridging = none
; curr_bed_type = Cool Plate
; default_acceleration = 5000
; default_filament_colour = ""
; default_filament_profile = "Artillery PLA Basic"
; default_jerk = 0
; default_junction_deviation = 0
; default_print_profile = 0.20mm Standard @Artillery Genius
; deretraction_speed = 0
; detect_narrow_internal_solid_infill = 1
; detect_overhang_wall = 1
; detect_thin_wall = 1
; different_settings_to_system = ;;
; disable_m73 = 0
; dont_filter_internal_bridges = disabled
; dont_slow_down_outer_wall = 0
; draft_shield = disabled
; during_print_exhaust_fan_speed = 60
; elefant_foot_compensation = 0
; elefant_foot_compensation_layers = 1
; elefant_foot_layers_density = 100%
; emit_machine_limits_to_gcode = 0
; enable_arc_fitting = 0
; enable_extra_bridge_layer = disabled
; enable_filament_ramming = 1
; enable_long_retraction_when_cut = 0
; enable_overhang_bridge_fan = 1
; enable_overhang_speed = 1
; enable_power_loss_recovery = printer_configuration
; enable_pressure_advance = 0
; enable_prime_tower = 0
; enable_support = 1
; enable_tower_interface_cooldown_during_tower = 0
; enable_tower_interface_features = 0
; enable_wrapping_detection = 0
; enforce_support_layers = 0
; eng_plate_temp = 0
; eng_plate_temp_initial_layer = 0
; ensure_vertical_shell_thickness = ensure_all
; exclude_object = 0
; extra_loading_move = -2
; extra_perimeters_on_overhangs = 0
; extra_solid_infills = 
; extruder_ams_count = 
; extruder_clearance_height_to_lid = 140
; extruder_clearance_height_to_rod = 36
; extruder_clearance_radius = 65
; extruder_colour = #F2754E
; extruder_offset = 0x0
; extruder_printable_area = 
; extruder_printable_height = 0
; extruder_type = Direct Drive
; extrusion_rate_smoothing_external_perimeter_only = 0
; fan_cooling_layer_time = 30
; fan_kickstart = 0
; fan_max_speed = 90
; fan_min_speed = 40
; fan_speedup_overhangs = 1
; fan_speedup_time = 0
; filament_adaptive_volumetric_speed = 0
; filament_adhesiveness_category = 0
; filament_change_extrusion_role_gcode = ""
; filament_change_length = 10
; filament_colour = #F2754E
; filament_cooling_before_tower = 10
; filament_cooling_final_speed = 3.4
; filament_cooling_initial_speed = 2.2
; filament_cooling_moves = 4
; filament_cost = 30
; filament_density = 1.27
; filament_diameter = 1.75
; filament_end_gcode = "; filament end gcode \n"
; filament_extruder_variant = "Direct Drive Standard"
; filament_flow_ratio = 0.95
; filament_flush_temp = 0
; filament_flush_volumetric_speed = 0
; filament_ids = GFG99
; filament_is_support = 0
; filament_loading_speed = 28
; filament_loading_speed_start = 3
; filament_map = 1
; filament_map_mode = Auto For Flush
; filament_max_volumetric_speed = 10
; filament_minimal_purge_on_wipe_tower = 15
; filament_multitool_ramming = 0
; filament_multitool_ramming_flow = 10
; filament_multitool_ramming_volume = 10
; filament_notes = ""
; filament_printable = 3
; filament_ramming_parameters = "120 100 6.6 6.8 7.2 7.6 7.9 8.2 8.7 9.4 9.9 10.0| 0.05 6.6 0.45 6.8 0.95 7.8 1.45 8.3 1.95 9.7 2.45 10 2.95 7.6 3.45 7.6 3.95 7.6 4.45 7.6 4.95 7.6"
; filament_self_index = 1
; filament_settings_id = "Artillery Generic PETG"
; filament_shrink = 100%
; filament_shrinkage_compensation_z = 100%
; filament_soluble = 0
; filament_stamping_distance = 0
; filament_stamping_loading_speed = 0
; filament_start_gcode = "; filament start gcode\n"
; filament_toolchange_delay = 0
; filament_tower_interface_pre_extrusion_dist = 10
; filament_tower_interface_pre_extrusion_length = 0
; filament_tower_interface_print_temp = -1
; filament_tower_interface_purge_volume = 20
; filament_tower_ironing_area = 4
; filament_type = PETG
; filament_unloading_speed = 90
; filament_unloading_speed_start = 100
; filament_vendor = Generic
; file_start_gcode = 
; filename_format = {input_filename_base}_{filament_type[initial_tool]}_X4Plus.gcode
; fill_multiline = 1
; filter_out_gap_fill = 0
; first_layer_flow_ratio = 1
; first_layer_print_sequence = 0
; first_x_layer_fan_speed = 0
; flush_into_infill = 0
; flush_into_objects = 0
; flush_into_support = 1
; flush_multiplier = 0.3
; flush_volumes_matrix = 0,280,280,280,280,0,280,280,280,280,0,280,280,280,280,0
; flush_volumes_vector = 140,140,140,140,140,140,140,140
; full_fan_speed_layer = 0
; fuzzy_skin = none
; fuzzy_skin_first_layer = 0
; fuzzy_skin_layers_between_ripple_offset = 1
; fuzzy_skin_mode = displacement
; fuzzy_skin_noise_type = classic
; fuzzy_skin_octaves = 4
; fuzzy_skin_persistence = 0.5
; fuzzy_skin_point_distance = 0.8
; fuzzy_skin_ripple_offset = 50%
; fuzzy_skin_ripples_per_layer = 15
; fuzzy_skin_scale = 1
; fuzzy_skin_thickness = 0.3
; gap_fill_flow_ratio = 1
; gap_fill_target = everywhere
; gap_infill_speed = 30
; gcode_add_line_number = 0
; gcode_comments = 0
; gcode_flavor = klipper
; gcode_label_objects = 0
; grab_length = 0
; gyroid_optimized = 0
; has_scarf_joint_seam = 0
; head_wrap_detect_zone = 
; high_current_on_filament_swap = 0
; hole_to_polyhole = 0
; hole_to_polyhole_threshold = 0.01
; hole_to_polyhole_twisted = 1
; host_type = octoprint
; hot_plate_temp = 80
; hot_plate_temp_initial_layer = 80
; idle_temperature = 0
; independent_support_layer_height = 1
; infill_anchor = 400%
; infill_anchor_max = 20
; infill_combination = 0
; infill_combination_max_layer_height = 100%
; infill_direction = 45
; infill_jerk = 9
; infill_lock_depth = 1
; infill_overhang_angle = 60
; infill_shift_step = 0.4
; infill_wall_overlap = 15%
; inherits_group = ;;
; initial_layer_acceleration = 0
; initial_layer_infill_speed = 30
; initial_layer_jerk = 9
; initial_layer_line_width = 0.5
; initial_layer_min_bead_width = 85%
; initial_layer_print_height = 0.2
; initial_layer_speed = 30
; initial_layer_travel_acceleration = 100%
; initial_layer_travel_jerk = 100%
; initial_layer_travel_speed = 100%
; inner_wall_acceleration = 0
; inner_wall_filament_id = 0
; inner_wall_flow_ratio = 1
; inner_wall_jerk = 9
; inner_wall_line_width = 0.45
; inner_wall_speed = 200
; input_shaping_damp_x = 0.1
; input_shaping_damp_y = 0.1
; input_shaping_emit = 0
; input_shaping_freq_x = 0
; input_shaping_freq_y = 0
; input_shaping_type = Default
; interface_shells = 0
; interlocking_beam = 0
; interlocking_beam_layer_count = 2
; interlocking_beam_width = 0.8
; interlocking_boundary_avoidance = 2
; interlocking_depth = 2
; interlocking_orientation = 22.5
; internal_bridge_angle = 0
; internal_bridge_density = 100%
; internal_bridge_fan_speed = -1
; internal_bridge_flow = 1
; internal_bridge_speed = 150%
; internal_solid_filament_id = 0
; internal_solid_infill_acceleration = 100%
; internal_solid_infill_flow_ratio = 1
; internal_solid_infill_line_width = 0.42
; internal_solid_infill_pattern = monotonic
; internal_solid_infill_speed = 300
; ironing_angle = 0
; ironing_angle_fixed = 0
; ironing_fan_speed = -1
; ironing_flow = 15%
; ironing_inset = 0
; ironing_pattern = rectilinear
; ironing_spacing = 0.1
; ironing_speed = 15
; ironing_type = no ironing
; is_infill_first = 0
; lateral_lattice_angle_1 = -45
; lateral_lattice_angle_2 = 45
; layer_change_gcode = G92 E0
; layer_height = 0.2
; lightning_overhang_angle = 45
; lightning_prune_angle = 45
; lightning_straightening_angle = 45
; line_width = 0.42
; long_retractions_when_cut = 0
; long_retractions_when_ec = 0
; machine_end_gcode = G91 ;Relative positioning\nG1 E-1 F2700 ;Retract a bit\nG1 E-1 Z0.2 F2400 ;Retract and raise Z\nG1 X5 Y5 F3000 ;Wipe out\nG1 Z1 ;Raise Z more\nG90 ;Absolute positionning\nG1 X-5 Y305 F3000 ;Wipe out\nM106 S0 ;Turn-off fan\nM104 S0 ;Turn-off hotend\nM140 S0 ;Turn-off bed\nM84 X Y E ;Disable all steppers but Z
; machine_load_filament_time = 0
; machine_max_acceleration_e = 6000,5000
; machine_max_acceleration_extruding = 6000,1250
; machine_max_acceleration_retracting = 6000,1250
; machine_max_acceleration_travel = 1000,1250
; machine_max_acceleration_x = 6000,1000
; machine_max_acceleration_y = 6000,1000
; machine_max_acceleration_z = 500,200
; machine_max_jerk_e = 3,2.5
; machine_max_jerk_x = 7,10
; machine_max_jerk_y = 7,10
; machine_max_jerk_z = 0.2,0.4
; machine_max_junction_deviation = 0.01
; machine_max_speed_e = 120,120
; machine_max_speed_x = 500,200
; machine_max_speed_y = 500,200
; machine_max_speed_z = 12,12
; machine_min_extruding_rate = 0,0
; machine_min_travel_rate = 0,0
; machine_pause_gcode = M600
; machine_start_gcode = M104 S140\nM190 S[first_layer_bed_temperature]\nM109 S{temperature_vitrification[0]}\nG28;\nG1 X230 Y300 Z10 F5000\nSET_KINEMATIC_POSITION Y=0\nG1 Y20  F4000\nG1 X230 F4000\nG1 Z-1  F600 \nG1 X270 F4000\nG1 Y25  F4000\nG1 X230 F4000\nG92 E0\nG1 Z10 F1200\nG1 Y0 F5000\nG1 E-1 F3000\nM400\nSET_KINEMATIC_POSITION Y=300\nG92 E-1\nM140 S[first_layer_bed_temperature];\nM109 S[first_layer_temperature];\nG1 X0 Y0.8 Z0.8 F18000\nG92 E0\nG1 X0 Y0.8 Z0.3 E8 F600\nG92 E0\nG1 X200 Y0.8 Z0.3 F1800.0 E20.0;draw line\nG92 E0\nG1 X200 Y0 Z0.3 F1800.0 E0.08;draw line\nG92 E0\nG1 X100 Y0 Z0.3 F1800.0 E10.0;draw line\nG92 E0\nG1 X100 Y1.6 Z0.3 F1800.0 E0.16;draw line\nG92 E0\nG1 X180 Y1.6 Z0.3 F1800.0 E8;draw line\nG92 E0\nG1 X180 Y0 Z0.3 F1800.0 E0.16;draw line\nG92 E0\nG1 E-1 Z5 F18000\nG92 E0
; machine_tool_change_time = 0
; machine_unload_filament_time = 0
; make_overhang_printable = 0
; make_overhang_printable_angle = 55
; make_overhang_printable_hole_size = 0
; manual_filament_change = 0
; master_extruder_id = 1
; max_bridge_length = 10
; max_layer_height = 0.32
; max_resonance_avoidance_speed = 120
; max_travel_detour_distance = 0
; max_volumetric_extrusion_rate_slope = 0
; max_volumetric_extrusion_rate_slope_segment_length = 3
; min_bead_width = 85%
; min_feature_size = 25%
; min_layer_height = 0.08
; min_length_factor = 0.5
; min_resonance_avoidance_speed = 70
; min_skirt_length = 0
; min_width_top_surface = 300%
; minimum_sparse_infill_area = 10
; mmu_segmented_region_interlocking_depth = 0
; mmu_segmented_region_max_width = 0
; notes = 
; nozzle_diameter = 0.4
; nozzle_flush_dataset = 0
; nozzle_height = 2.5
; nozzle_hrc = 0
; nozzle_temperature = 255
; nozzle_temperature_initial_layer = 255
; nozzle_temperature_range_high = 260
; nozzle_temperature_range_low = 220
; nozzle_type = brass
; nozzle_volume = 0
; nozzle_volume_type = Standard
; only_one_wall_first_layer = 0
; only_one_wall_top = 0
; ooze_prevention = 0
; other_layers_print_sequence = 0
; other_layers_print_sequence_nums = 0
; outer_wall_acceleration = 5000
; outer_wall_filament_id = 0
; outer_wall_flow_ratio = 1
; outer_wall_jerk = 9
; outer_wall_line_width = 0.42
; outer_wall_speed = 100
; overhang_1_4_speed = 0
; overhang_2_4_speed = 20
; overhang_3_4_speed = 15
; overhang_4_4_speed = 10
; overhang_fan_speed = 90
; overhang_fan_threshold = 25%
; overhang_flow_ratio = 1
; overhang_reverse = 0
; overhang_reverse_internal_only = 0
; overhang_reverse_threshold = 50%
; parallel_printheads_bed_exclude_areas = 
; parallel_printheads_count = 1
; parking_pos_retraction = 92
; part_cooling_fan_min_pwm = 0
; physical_extruder_map = 0
; post_process = 
; precise_outer_wall = 0
; precise_z_height = 0
; preferred_orientation = 0
; preheat_steps = 1
; preheat_time = 30
; pressure_advance = 0.02
; prime_tower_brim_width = 3
; prime_tower_enable_framework = 0
; prime_tower_flat_ironing = 0
; prime_tower_infill_gap = 150%
; prime_tower_skip_points = 1
; prime_tower_width = 60
; prime_volume = 45
; print_compatible_printers = "Artillery Sidewinder X4 Plus 0.4 nozzle"
; print_extruder_id = 1
; print_extruder_variant = "Direct Drive Standard"
; print_flow_ratio = 1
; print_order = default
; print_sequence = by layer
; print_settings_id = 0.20mm Standard @Artillery X4Plus 0.4 nozzle
; printable_area = 0x0,300x0,300x310,0x310
; printable_height = 400
; printer_extruder_id = 1
; printer_extruder_variant = "Direct Drive Standard"
; printer_model = Artillery Sidewinder X4 Plus
; printer_notes = 
; printer_settings_id = Artillery Sidewinder X4 Plus 0.4 nozzle
; printer_structure = undefine
; printer_technology = FFF
; printer_variant = 0.4
; printhost_authorization_type = key
; printhost_ssl_ignore_revoke = 0
; printing_by_object_gcode = 
; process_change_extrusion_role_gcode = 
; purge_in_prime_tower = 1
; raft_contact_distance = 0.1
; raft_expansion = 1.5
; raft_first_layer_density = 90%
; raft_first_layer_expansion = 2
; raft_layers = 0
; reduce_crossing_wall = 0
; reduce_fan_stop_start_freq = 1
; reduce_infill_retraction = 1
; relative_bridge_angle = 0
; required_nozzle_HRC = 0
; resolution = 0.012
; resonance_avoidance = 0
; retract_before_wipe = 0%
; retract_length_toolchange = 10
; retract_lift_above = 0
; retract_lift_below = 0
; retract_lift_enforce = All Surfaces
; retract_restart_extra = 0
; retract_restart_extra_toolchange = 0
; retract_when_changing_layer = 1
; retraction_distances_when_cut = 18
; retraction_distances_when_ec = 10
; retraction_length = 1.3
; retraction_minimum_travel = 2
; retraction_speed = 30
; role_based_wipe_speed = 1
; scan_first_layer = 0
; scarf_angle_threshold = 155
; scarf_joint_flow_ratio = 1
; scarf_joint_speed = 100%
; scarf_overhang_threshold = 40%
; seam_gap = 10%
; seam_position = aligned
; seam_slope_conditional = 0
; seam_slope_entire_loop = 0
; seam_slope_inner_walls = 0
; seam_slope_min_length = 20
; seam_slope_start_height = 0
; seam_slope_steps = 10
; seam_slope_type = none
; set_other_flow_ratios = 0
; silent_mode = 0
; single_extruder_multi_material = 1
; single_extruder_multi_material_priming = 1
; single_loop_draft_shield = 0
; skeleton_infill_density = 25%
; skeleton_infill_line_width = 100%
; skin_infill_density = 25%
; skin_infill_depth = 2
; skin_infill_line_width = 100%
; skirt_distance = 2
; skirt_height = 1
; skirt_loops = 0
; skirt_speed = 50
; skirt_start_angle = -135
; skirt_type = combined
; slice_closing_radius = 0.049
; slicing_mode = regular
; slow_down_for_layer_cooling = 1
; slow_down_layer_time = 8
; slow_down_layers = 0
; slow_down_min_speed = 10
; slowdown_for_curled_perimeters = 0
; small_area_infill_flow_compensation = 0
; small_area_infill_flow_compensation_model = 0,0;"\n0.2,0.4444";"\n0.4,0.6145";"\n0.6,0.7059";"\n0.8,0.7619";"\n1.5,0.8571";"\n2,0.8889";"\n3,0.9231";"\n5,0.9520";"\n10,1"
; small_perimeter_speed = 50%
; small_perimeter_threshold = 0
; solid_infill_direction = 45
; solid_infill_rotate_template = 
; sparse_infill_acceleration = 100%
; sparse_infill_density = 15%
; sparse_infill_filament_id = 0
; sparse_infill_flow_ratio = 1
; sparse_infill_line_width = 0.45
; sparse_infill_pattern = crosshatch
; sparse_infill_rotate_template = 
; sparse_infill_speed = 200
; spiral_finishing_flow_ratio = 0
; spiral_mode = 0
; spiral_mode_max_xy_smoothing = 200%
; spiral_mode_smooth = 0
; spiral_starting_flow_ratio = 0
; staggered_inner_seams = 0
; standby_temperature_delta = -5
; start_end_points = 30x-3,54x245
; supertack_plate_temp = 35
; supertack_plate_temp_initial_layer = 35
; support_air_filtration = 1
; support_angle = 0
; support_base_pattern = rectilinear
; support_base_pattern_spacing = 2.5
; support_bottom_interface_spacing = 0.5
; support_bottom_z_distance = 0.2
; support_chamber_temp_control = 1
; support_critical_regions_only = 0
; support_expansion = 0
; support_filament = 0
; support_flow_ratio = 1
; support_interface_bottom_layers = -1
; support_interface_filament = 0
; support_interface_flow_ratio = 1
; support_interface_loop_pattern = 1
; support_interface_not_for_body = 1
; support_interface_pattern = auto
; support_interface_spacing = 1
; support_interface_speed = 80
; support_interface_top_layers = 3
; support_ironing = 0
; support_ironing_flow = 10%
; support_ironing_pattern = rectilinear
; support_ironing_spacing = 0.1
; support_line_width = 0.42
; support_material_interface_fan_speed = -1
; support_multi_bed_types = 0
; support_object_first_layer_gap = 0.2
; support_object_skip_flush = 0
; support_object_xy_distance = 0.35
; support_on_build_plate_only = 0
; support_parallel_printheads = 0
; support_remove_small_overhang = 1
; support_speed = 60
; support_style = tree_slim
; support_threshold_angle = 30
; support_threshold_overlap = 50%
; support_top_z_distance = 0.2
; support_type = tree(auto)
; symmetric_infill_y_axis = 0
; temperature_vitrification = 80
; template_custom_gcode = 
; textured_cool_plate_temp = 40
; textured_cool_plate_temp_initial_layer = 40
; textured_plate_temp = 45
; textured_plate_temp_initial_layer = 45
; thick_bridges = 0
; thick_internal_bridges = 1
; thumbnails = 300x300/PNG
; thumbnails_format = PNG
; time_cost = 0
; time_lapse_gcode = 
; timelapse_type = 0
; tool_change_on_wipe_tower = 0
; top_bottom_infill_wall_overlap = 15%
; top_shell_layers = 4
; top_shell_thickness = 0.8
; top_solid_infill_flow_ratio = 1
; top_surface_acceleration = 0
; top_surface_density = 100%
; top_surface_filament_id = 0
; top_surface_jerk = 9
; top_surface_line_width = 0.42
; top_surface_pattern = monotonic
; top_surface_speed = 100
; travel_acceleration = 0
; travel_jerk = 12
; travel_slope = 3
; travel_speed = 300
; travel_speed_z = 0
; tree_support_angle_slow = 25
; tree_support_auto_brim = 1
; tree_support_branch_angle = 40
; tree_support_branch_angle_organic = 40
; tree_support_branch_diameter = 5
; tree_support_branch_diameter_angle = 5
; tree_support_branch_diameter_organic = 2
; tree_support_branch_distance = 5
; tree_support_branch_distance_organic = 1
; tree_support_brim_width = 3
; tree_support_tip_diameter = 0.8
; tree_support_top_rate = 30%
; tree_support_wall_count = 0
; upward_compatible_machine = 
; use_3mf = 0
; use_firmware_retraction = 0
; use_relative_e_distances = 1
; volumetric_speed_coefficients = ""
; wall_direction = ccw
; wall_distribution_count = 1
; wall_generator = arachne
; wall_loops = 2
; wall_maximum_deviation = 0.025
; wall_maximum_resolution = 0.5
; wall_sequence = inner wall/outer wall
; wall_transition_angle = 10
; wall_transition_filter_deviation = 25%
; wall_transition_length = 100%
; wipe = 0
; wipe_before_external_loop = 0
; wipe_distance = 1
; wipe_on_loops = 0
; wipe_speed = 80%
; wipe_tower_bridging = 10
; wipe_tower_cone_angle = 0
; wipe_tower_extra_flow = 100%
; wipe_tower_extra_rib_length = 0
; wipe_tower_extra_spacing = 100%
; wipe_tower_filament = 0
; wipe_tower_fillet_wall = 1
; wipe_tower_max_purge_speed = 90
; wipe_tower_no_sparse_layers = 0
; wipe_tower_rib_width = 8
; wipe_tower_rotation_angle = 0
; wipe_tower_type = type2
; wipe_tower_wall_type = rib
; wipe_tower_x = 15.000
; wipe_tower_x = 15
; wipe_tower_y = 220.000
; wipe_tower_y = 220
; wiping_volumes_extruders = 70,70,70,70,70,70,70,70,70,70
; wrapping_detection_gcode = 
; wrapping_detection_layers = 20
; wrapping_exclude_area = 
; xy_contour_compensation = 0
; xy_hole_compensation = 0
; z_hop = 0.4
; z_hop_types = Normal Lift
; z_offset = 0
; zaa_dont_alternate_fill_direction = 0
; zaa_enabled = 0
; zaa_min_z = 0.05
; zaa_minimize_perimeter_height = 35
; first_layer_bed_temperature = 60
; bed_shape = 0x0,300x0,300x310,0x310
; first_layer_temperature = 255
; first_layer_height = 0.200
; CONFIG_BLOCK_END


